customer_id,first_seen_date,acquisition_channel,region,is_test_account
11935,2024-01-01,Organic Search,Northeast,0
8146,2024-01-01,Paid Search,Southwest,0
11736,2024-01-01,Referral,Northeast,0
808,2024-01-01,Referral,Northeast,0
9377,2024-01-01,Paid Social,Northeast,0
7856,2024-01-01,Paid Social,Midwest,0
2998,2024-01-01,Paid Social,Northeast,0
3835,2024-01-02,Affiliate,West,0
4950,2024-01-02,Paid Search,West,0
2843,2024-01-02,Paid Social,West,0
5911,2024-01-02,Referral,Southeast,0
8329,2024-01-03,Paid Search,West,0
1121,2024-01-03,Paid Social,West,0
1186,2024-01-03,Paid Social,West,0
5204,2024-01-03,Organic Search,West,0
2145,2024-01-03,Paid Search,Southeast,0
11311,2024-01-03,Paid Social,Southwest,0
6782,2024-01-03,Paid Search,West,0
2713,2024-01-03,Paid Search,Midwest,0
5333,2024-01-03,Paid Social,West,0
3960,2024-01-03,Organic Search,Southeast,0
3025,2024-01-03,Organic Search,Southeast,0
3011,2024-01-03,Paid Social,Southwest,0
5517,2024-01-03,Paid Social,Midwest,0
4475,2024-01-03,Paid Social,Midwest,0
2243,2024-01-03,Paid Social,West,0
1650,2024-01-04,Paid Search,West,0
4561,2024-01-04,Paid Social,Northeast,0
3655,2024-01-04,Affiliate,Southwest,0
6053,2024-01-04,Paid Social,Southwest,0
2404,2024-01-04,Affiliate,Northeast,0
3955,2024-01-04,Organic Search,Midwest,0
10672,2024-01-04,Paid Search,West,0
215,2024-01-04,Paid Social,Northeast,0
2350,2024-01-04,Affiliate,Southeast,0
11972,2024-01-04,Paid Search,Midwest,0
3529,2024-01-04,Organic Search,West,0
10084,2024-01-05,Organic Search,West,0
5067,2024-01-05,Organic Search,Southeast,0
7425,2024-01-05,Paid Search,Northeast,0
10105,2024-01-05,Paid Search,Southeast,0
7687,2024-01-05,Email,Southeast,0
466,2024-01-05,Paid Social,Northeast,0
4962,2024-01-05,Paid Search,West,0
10275,2024-01-05,Paid Social,Northeast,0
4365,2024-01-05,Paid Social,Midwest,0
10781,2024-01-05,Organic Search,Midwest,0
3847,2024-01-05,Paid Social,West,0
7489,2024-01-06,Affiliate,Southwest,0
6996,2024-01-06,Email,Midwest,0
5365,2024-01-06,Paid Search,Southeast,0
1193,2024-01-06,Paid Social,Midwest,0
2877,2024-01-06,Paid Social,Southwest,0
4776,2024-01-06,Organic Search,Southwest,0
3066,2024-01-06,Email,Midwest,0
7948,2024-01-06,Organic Search,Southeast,0
2891,2024-01-06,Paid Social,West,0
5907,2024-01-06,Email,Northeast,0
5722,2024-01-06,Paid Search,Southwest,0
7000,2024-01-06,Organic Search,Southeast,0
8834,2024-01-06,Organic Search,Southwest,0
8843,2024-01-06,Paid Search,Northeast,0
6590,2024-01-06,Organic Search,West,0
9097,2024-01-07,Organic Search,Southwest,0
11937,2024-01-07,Paid Search,Northeast,0
5397,2024-01-07,Affiliate,Southwest,0
697,2024-01-07,Paid Social,Southeast,0
7179,2024-01-07,Paid Social,Southeast,1
1480,2024-01-07,Paid Social,Midwest,0
2701,2024-01-07,Paid Social,Midwest,0
281,2024-01-07,Paid Search,Northeast,0
8158,2024-01-07,Paid Social,West,0
4984,2024-01-07,Organic Search,West,0
11479,2024-01-07,Organic Search,Midwest,0
4096,2024-01-07,Referral,West,0
10689,2024-01-07,Affiliate,Southeast,0
7184,2024-01-08,Organic Search,Southeast,0
2543,2024-01-08,Paid Social,Southeast,0
1394,2024-01-08,Organic Search,West,0
11970,2024-01-08,Paid Social,West,0
11077,2024-01-08,Paid Social,Midwest,0
7673,2024-01-08,Paid Social,Northeast,0
3331,2024-01-08,Paid Social,West,0
11919,2024-01-08,Email,Southwest,0
8971,2024-01-08,Paid Search,Southeast,0
4831,2024-01-09,Paid Social,Northeast,0
1837,2024-01-09,Affiliate,Northeast,0
8624,2024-01-09,Affiliate,West,0
1360,2024-01-09,Affiliate,West,0
10095,2024-01-09,Affiliate,Northeast,0
2573,2024-01-09,Paid Search,Northeast,0
7810,2024-01-09,Affiliate,Northeast,0
5546,2024-01-09,Paid Search,Northeast,0
10858,2024-01-09,Paid Search,Midwest,0
524,2024-01-09,Paid Search,Northeast,0
10822,2024-01-09,Paid Search,West,0
7500,2024-01-10,Organic Search,Southeast,0
4456,2024-01-10,Paid Social,Southwest,0
5227,2024-01-10,Referral,Southeast,0
1882,2024-01-10,Paid Search,West,0
836,2024-01-10,Organic Search,Northeast,0
6256,2024-01-10,Referral,West,0
478,2024-01-10,Organic Search,Midwest,0
5275,2024-01-10,Paid Social,Southeast,0
7904,2024-01-10,Paid Social,West,0
5553,2024-01-11,Organic Search,Midwest,0
2656,2024-01-11,Paid Search,Northeast,0
6171,2024-01-11,Paid Social,Southeast,0
6338,2024-01-11,Referral,West,0
7163,2024-01-11,Paid Search,Northeast,0
7343,2024-01-11,Paid Search,Southeast,0
2596,2024-01-11,Paid Search,Southeast,0
3517,2024-01-11,Organic Search,Midwest,0
9329,2024-01-11,Paid Search,Northeast,0
5817,2024-01-11,Organic Search,Northeast,0
9230,2024-01-11,Paid Search,Southeast,0
5185,2024-01-11,Email,Midwest,0
8773,2024-01-12,Referral,Southeast,0
8714,2024-01-12,Paid Search,Northeast,0
5005,2024-01-12,Paid Social,West,0
4692,2024-01-12,Paid Social,West,0
2831,2024-01-12,Referral,Northeast,0
6069,2024-01-12,Email,Northeast,0
6424,2024-01-12,Organic Search,Northeast,0
7596,2024-01-12,Email,Southwest,0
2109,2024-01-12,Paid Social,Southwest,0
11028,2024-01-13,Affiliate,Southeast,0
8176,2024-01-13,Organic Search,West,0
10607,2024-01-13,Paid Social,West,0
1268,2024-01-13,Paid Search,Southwest,0
8266,2024-01-13,Email,West,0
1071,2024-01-13,Email,Midwest,0
8574,2024-01-13,Paid Search,Southeast,0
5519,2024-01-13,Paid Social,Northeast,0
2856,2024-01-13,Paid Social,Southeast,0
10108,2024-01-13,Paid Search,West,0
10018,2024-01-13,Referral,Northeast,0
9697,2024-01-14,Organic Search,Southwest,0
6914,2024-01-14,Paid Social,Northeast,0
11063,2024-01-14,Paid Search,Southeast,0
9729,2024-01-14,Affiliate,Northeast,0
736,2024-01-14,Organic Search,Northeast,0
348,2024-01-14,Paid Social,Southeast,0
9322,2024-01-14,Paid Social,Southwest,0
3135,2024-01-14,Referral,West,0
9118,2024-01-14,Paid Social,Northeast,0
8589,2024-01-14,Affiliate,West,0
3653,2024-01-14,Organic Search,Southwest,0
4148,2024-01-14,Paid Social,Midwest,0
7930,2024-01-14,Paid Search,Southeast,0
613,2024-01-14,Organic Search,Northeast,0
5092,2024-01-14,Paid Social,Southwest,0
554,2024-01-15,Organic Search,Northeast,0
5437,2024-01-15,Paid Social,West,0
7060,2024-01-15,Paid Search,Midwest,0
9221,2024-01-15,Paid Social,Northeast,0
1942,2024-01-15,Organic Search,Midwest,0
3820,2024-01-15,Affiliate,Southeast,0
1363,2024-01-15,Organic Search,Southwest,0
9664,2024-01-15,Paid Search,West,0
9597,2024-01-15,Paid Social,Midwest,0
1633,2024-01-15,Paid Social,Southeast,0
8085,2024-01-15,Referral,Southwest,0
5122,2024-01-15,Affiliate,Midwest,0
3701,2024-01-15,Paid Social,Northeast,0
7791,2024-01-15,Email,Southeast,0
3361,2024-01-15,Paid Social,Southeast,0
5751,2024-01-15,Organic Search,Midwest,0
9194,2024-01-15,Email,Northeast,0
7969,2024-01-16,Paid Social,Southeast,0
507,2024-01-16,Paid Search,West,0
8024,2024-01-16,Organic Search,Southeast,0
9271,2024-01-16,Organic Search,Midwest,0
6441,2024-01-16,Paid Social,West,0
9818,2024-01-16,Paid Social,Midwest,0
8254,2024-01-16,Email,Southeast,0
10573,2024-01-16,Paid Search,Southwest,0
5982,2024-01-16,Referral,Southwest,0
640,2024-01-16,Paid Social,Midwest,0
8930,2024-01-16,Paid Social,Northeast,0
11623,2024-01-16,Email,Southwest,0
3541,2024-01-16,Paid Social,West,0
162,2024-01-16,Paid Social,Southeast,0
7363,2024-01-16,Email,Southwest,0
10679,2024-01-17,Paid Social,Northeast,0
4642,2024-01-17,Paid Social,Southeast,0
5244,2024-01-17,Paid Social,West,0
9145,2024-01-17,Email,West,0
3754,2024-01-17,Affiliate,Midwest,0
3493,2024-01-17,Paid Social,West,0
3522,2024-01-17,Paid Search,Southwest,0
11861,2024-01-17,Organic Search,Northeast,0
3830,2024-01-17,Paid Search,Southeast,0
2544,2024-01-17,Paid Search,Southwest,0
4188,2024-01-17,Organic Search,Southeast,0
10709,2024-01-17,Organic Search,Southeast,0
25,2024-01-17,Paid Search,Midwest,0
4402,2024-01-18,Paid Search,Southeast,0
5731,2024-01-18,Paid Social,Southwest,0
6673,2024-01-18,Email,Southeast,0
2741,2024-01-18,Referral,Southeast,0
4827,2024-01-18,Paid Social,West,0
6526,2024-01-18,Organic Search,Southwest,0
10338,2024-01-18,Email,Southeast,0
7314,2024-01-18,Affiliate,Northeast,0
7192,2024-01-18,Paid Social,West,0
4513,2024-01-18,Organic Search,Northeast,0
1436,2024-01-18,Organic Search,Midwest,0
2273,2024-01-18,Paid Social,West,0
8847,2024-01-18,Paid Social,West,0
866,2024-01-18,Organic Search,West,0
3697,2024-01-18,Affiliate,Midwest,0
3098,2024-01-19,Paid Social,Northeast,0
1284,2024-01-19,Email,West,0
945,2024-01-19,Organic Search,Midwest,0
2358,2024-01-19,Email,Northeast,0
8010,2024-01-19,Affiliate,Midwest,0
11720,2024-01-19,Paid Search,Southeast,0
7381,2024-01-19,Organic Search,Northeast,0
5665,2024-01-19,Paid Social,Midwest,0
5252,2024-01-19,Organic Search,Northeast,0
9881,2024-01-19,Paid Search,West,0
11251,2024-01-19,Paid Social,West,0
10098,2024-01-19,Affiliate,Northeast,0
9763,2024-01-19,Paid Search,Southwest,0
4785,2024-01-20,Paid Social,Southeast,0
1653,2024-01-20,Referral,Midwest,0
565,2024-01-20,Organic Search,Northeast,0
8061,2024-01-20,Affiliate,West,0
11361,2024-01-20,Referral,West,0
3052,2024-01-20,Organic Search,Midwest,0
6017,2024-01-20,Organic Search,Northeast,0
1586,2024-01-20,Paid Social,Midwest,0
7073,2024-01-20,Email,West,0
10584,2024-01-20,Paid Social,West,0
7868,2024-01-20,Paid Social,Northeast,0
9467,2024-01-20,Affiliate,Southwest,0
1997,2024-01-20,Affiliate,Midwest,0
8576,2024-01-20,Paid Social,Northeast,0
197,2024-01-20,Paid Search,Southeast,0
6488,2024-01-20,Paid Social,Northeast,0
3669,2024-01-21,Affiliate,Southeast,0
4003,2024-01-21,Paid Social,Northeast,0
9512,2024-01-21,Paid Social,Southwest,0
8272,2024-01-21,Paid Search,Southeast,0
2236,2024-01-21,Organic Search,West,0
1232,2024-01-21,Paid Search,Northeast,0
7667,2024-01-21,Organic Search,Northeast,0
4187,2024-01-21,Email,Northeast,0
1977,2024-01-21,Paid Search,Northeast,0
8467,2024-01-21,Organic Search,West,0
9177,2024-01-21,Organic Search,Midwest,0
1924,2024-01-22,Paid Search,West,0
9139,2024-01-22,Referral,Northeast,0
11383,2024-01-22,Paid Social,Northeast,0
5457,2024-01-22,Affiliate,Southeast,0
11727,2024-01-22,Paid Search,Northeast,0
10837,2024-01-22,Paid Social,West,0
11286,2024-01-22,Email,Southwest,0
2128,2024-01-22,Organic Search,Midwest,0
2698,2024-01-22,Organic Search,Northeast,0
10168,2024-01-22,Paid Social,Northeast,0
11925,2024-01-22,Paid Social,Southwest,0
3796,2024-01-22,Organic Search,Midwest,0
4732,2024-01-23,Paid Search,Southeast,0
6672,2024-01-23,Affiliate,West,0
1807,2024-01-23,Organic Search,Southeast,0
1149,2024-01-23,Paid Search,West,0
4480,2024-01-23,Organic Search,Southeast,0
7443,2024-01-23,Affiliate,Southeast,0
11887,2024-01-23,Paid Social,Midwest,0
8324,2024-01-23,Paid Search,Southwest,0
11175,2024-01-24,Paid Search,Southwest,0
11452,2024-01-24,Paid Social,West,0
11186,2024-01-24,Paid Search,Midwest,0
11888,2024-01-24,Paid Search,West,0
7748,2024-01-24,Referral,Northeast,0
988,2024-01-24,Paid Search,Southeast,0
1697,2024-01-24,Paid Search,Southwest,0
2396,2024-01-24,Paid Social,Southeast,0
5344,2024-01-25,Organic Search,Northeast,0
7416,2024-01-25,Paid Search,Southwest,0
8282,2024-01-25,Paid Social,Midwest,0
7532,2024-01-25,Paid Search,Midwest,0
1591,2024-01-25,Paid Social,Southwest,0
8173,2024-01-25,Referral,Midwest,0
1291,2024-01-25,Organic Search,Southwest,0
11792,2024-01-25,Paid Social,West,0
1872,2024-01-25,Paid Social,Southwest,0
11561,2024-01-25,Paid Search,Southwest,0
4247,2024-01-25,Referral,Midwest,0
10295,2024-01-25,Email,Midwest,0
11547,2024-01-25,Affiliate,Midwest,0
4821,2024-01-26,Email,Northeast,0
6622,2024-01-26,Affiliate,Northeast,0
7451,2024-01-26,Organic Search,Northeast,0
3516,2024-01-26,Paid Search,Southwest,0
1160,2024-01-26,Email,West,0
8780,2024-01-26,Paid Social,Southwest,0
8289,2024-01-27,Paid Search,Midwest,0
1959,2024-01-27,Paid Social,Southeast,0
5371,2024-01-27,Paid Social,Northeast,0
487,2024-01-27,Paid Search,Northeast,0
158,2024-01-27,Paid Social,West,0
4720,2024-01-27,Paid Social,Southeast,0
6926,2024-01-27,Affiliate,Southeast,0
3139,2024-01-27,Referral,West,0
4225,2024-01-27,Paid Search,West,0
5246,2024-01-27,Email,Midwest,0
5124,2024-01-27,Paid Search,Northeast,0
1725,2024-01-27,Affiliate,Midwest,0
9538,2024-01-27,Paid Social,Southeast,0
9129,2024-01-27,Email,West,0
2989,2024-01-27,Organic Search,Southeast,0
9087,2024-01-28,Organic Search,Midwest,0
9212,2024-01-28,Paid Social,Midwest,0
8995,2024-01-28,Paid Social,Southwest,0
249,2024-01-28,Paid Social,Southeast,0
11199,2024-01-28,Affiliate,Midwest,0
5914,2024-01-28,Paid Social,West,0
3131,2024-01-28,Email,Southeast,0
3892,2024-01-28,Referral,Northeast,0
5844,2024-01-28,Referral,West,0
10348,2024-01-28,Organic Search,West,0
9840,2024-01-28,Organic Search,West,0
7983,2024-01-28,Paid Search,Southwest,0
7994,2024-01-28,Paid Social,Midwest,0
10284,2024-01-29,Paid Search,Southwest,0
2253,2024-01-29,Affiliate,West,0
9450,2024-01-29,Organic Search,Southeast,0
3457,2024-01-29,Affiliate,Southeast,0
5335,2024-01-29,Paid Search,Southeast,0
4330,2024-01-29,Paid Social,Northeast,0
11254,2024-01-29,Email,West,0
5071,2024-01-29,Paid Search,Southwest,0
10207,2024-01-29,Paid Social,West,0
11809,2024-01-30,Organic Search,Southeast,0
7701,2024-01-30,Paid Social,Southwest,0
11074,2024-01-30,Paid Search,Midwest,0
6011,2024-01-30,Email,Northeast,0
11732,2024-01-30,Referral,Southeast,0
11778,2024-01-30,Paid Social,West,0
3262,2024-01-30,Paid Search,Midwest,0
10800,2024-01-30,Paid Search,Southeast,0
4025,2024-01-30,Paid Search,Southeast,0
485,2024-01-30,Paid Social,West,0
3710,2024-01-30,Organic Search,Northeast,0
3806,2024-01-31,Referral,West,0
637,2024-01-31,Email,Northeast,0
9719,2024-01-31,Paid Search,Midwest,0
11812,2024-01-31,Paid Social,West,0
8372,2024-01-31,Referral,Northeast,0
5116,2024-02-01,Organic Search,Midwest,0
2072,2024-02-01,Paid Social,West,0
7368,2024-02-01,Paid Social,West,0
9584,2024-02-01,Paid Search,Northeast,0
11630,2024-02-01,Paid Search,Southeast,0
5512,2024-02-01,Paid Social,Midwest,0
11652,2024-02-01,Organic Search,Southwest,0
11984,2024-02-01,Email,Southwest,0
6662,2024-02-01,Paid Search,Northeast,0
682,2024-02-01,Paid Search,Southwest,0
6287,2024-02-01,Affiliate,West,0
8053,2024-02-02,Paid Social,West,0
10631,2024-02-02,Organic Search,West,0
7244,2024-02-02,Organic Search,Midwest,0
6701,2024-02-02,Paid Search,Southeast,0
473,2024-02-02,Paid Search,Southeast,0
5995,2024-02-02,Paid Search,Northeast,0
2096,2024-02-02,Organic Search,Midwest,0
7486,2024-02-02,Organic Search,Southeast,0
7864,2024-02-03,Paid Search,Southeast,0
8496,2024-02-03,Organic Search,Southwest,0
8100,2024-02-03,Paid Social,Northeast,0
3479,2024-02-03,Paid Search,Southwest,0
6642,2024-02-03,Affiliate,Midwest,0
8477,2024-02-03,Paid Social,Southeast,0
11608,2024-02-03,Paid Search,Northeast,0
6796,2024-02-03,Email,Northeast,0
7404,2024-02-03,Paid Search,Southeast,0
1356,2024-02-03,Paid Social,West,0
2876,2024-02-03,Paid Social,Southeast,0
8722,2024-02-03,Referral,West,0
11678,2024-02-03,Paid Social,West,0
185,2024-02-03,Paid Search,West,0
6880,2024-02-03,Organic Search,Midwest,0
8228,2024-02-04,Email,Northeast,0
1110,2024-02-04,Paid Search,Northeast,0
6481,2024-02-04,Paid Search,Midwest,0
4593,2024-02-04,Affiliate,Midwest,0
6120,2024-02-04,Organic Search,West,0
11193,2024-02-04,Organic Search,Southeast,0
4088,2024-02-04,Paid Social,Midwest,0
2250,2024-02-04,Affiliate,Northeast,0
8383,2024-02-04,Email,Southeast,0
4027,2024-02-04,Email,West,0
3822,2024-02-04,Paid Social,West,0
5516,2024-02-04,Referral,Midwest,0
392,2024-02-04,Email,Midwest,0
8476,2024-02-05,Email,Midwest,0
441,2024-02-05,Paid Social,West,0
4270,2024-02-05,Organic Search,Southwest,0
71,2024-02-05,Paid Social,Southeast,0
9397,2024-02-05,Organic Search,Midwest,0
364,2024-02-05,Paid Search,West,0
9243,2024-02-06,Paid Search,Midwest,0
467,2024-02-06,Paid Social,Southeast,0
11359,2024-02-06,Organic Search,Southeast,0
9047,2024-02-06,Paid Social,Southeast,0
1526,2024-02-06,Paid Social,Northeast,0
6146,2024-02-06,Paid Social,Southeast,0
6811,2024-02-06,Paid Search,Southeast,0
9732,2024-02-06,Paid Social,Northeast,0
11752,2024-02-06,Email,Southeast,0
2730,2024-02-06,Email,Southeast,0
230,2024-02-06,Paid Search,Midwest,0
2953,2024-02-06,Email,West,0
6739,2024-02-06,Organic Search,Midwest,0
4004,2024-02-06,Email,West,0
516,2024-02-06,Paid Search,Midwest,0
8490,2024-02-06,Paid Search,Southwest,0
11066,2024-02-06,Organic Search,Northeast,0
11215,2024-02-06,Paid Social,West,0
6213,2024-02-07,Paid Social,Southeast,0
4751,2024-02-07,Organic Search,Midwest,0
2068,2024-02-07,Paid Social,Northeast,0
7660,2024-02-07,Paid Search,Southwest,0
11879,2024-02-07,Organic Search,Southeast,0
1239,2024-02-07,Organic Search,Southeast,0
7975,2024-02-07,Organic Search,Southeast,0
7331,2024-02-07,Paid Social,Northeast,0
3477,2024-02-08,Organic Search,Southwest,0
9388,2024-02-08,Organic Search,Southeast,0
2739,2024-02-08,Paid Social,Northeast,0
4832,2024-02-08,Email,Southwest,0
11920,2024-02-08,Referral,Southwest,0
3392,2024-02-08,Organic Search,Northeast,0
9986,2024-02-08,Paid Social,West,0
4338,2024-02-08,Affiliate,Southeast,0
9996,2024-02-08,Paid Social,Southwest,0
11431,2024-02-08,Organic Search,Northeast,0
5351,2024-02-08,Email,Midwest,0
10963,2024-02-08,Paid Search,Midwest,0
1461,2024-02-08,Email,Southeast,0
7482,2024-02-08,Paid Search,West,0
7575,2024-02-08,Paid Search,Southeast,0
7273,2024-02-08,Paid Social,Northeast,0
4099,2024-02-09,Paid Search,Southwest,0
9807,2024-02-09,Paid Search,Midwest,0
5710,2024-02-09,Paid Social,Southeast,0
10850,2024-02-09,Organic Search,West,0
7294,2024-02-09,Paid Search,Midwest,0
6040,2024-02-09,Organic Search,Southeast,0
2990,2024-02-09,Affiliate,West,0
2263,2024-02-09,Organic Search,Northeast,0
8870,2024-02-09,Email,Southwest,0
7035,2024-02-10,Organic Search,West,0
1265,2024-02-10,Referral,Southeast,0
11886,2024-02-10,Paid Search,Southwest,0
2477,2024-02-10,Organic Search,West,0
5318,2024-02-10,Paid Social,West,0
10049,2024-02-10,Organic Search,Midwest,0
1064,2024-02-10,Paid Search,Southwest,0
7297,2024-02-10,Paid Social,Southeast,0
1641,2024-02-10,Referral,Southeast,0
5090,2024-02-10,Organic Search,Southeast,0
36,2024-02-11,Organic Search,Northeast,0
2585,2024-02-11,Paid Social,West,0
10291,2024-02-11,Organic Search,Midwest,0
10368,2024-02-11,Paid Social,Southeast,0
11226,2024-02-11,Paid Social,Southwest,0
7353,2024-02-11,Paid Social,Midwest,0
6489,2024-02-11,Paid Social,Northeast,0
10158,2024-02-11,Paid Search,West,0
1685,2024-02-11,Paid Search,Northeast,0
8056,2024-02-11,Organic Search,West,0
9024,2024-02-12,Paid Social,West,0
5987,2024-02-12,Referral,Northeast,0
8204,2024-02-12,Paid Search,Midwest,0
8093,2024-02-12,Organic Search,Southeast,0
6583,2024-02-12,Paid Search,Northeast,0
4758,2024-02-12,Paid Social,Southeast,0
2537,2024-02-12,Email,Northeast,0
5471,2024-02-12,Paid Search,Northeast,0
3327,2024-02-13,Paid Social,West,0
2646,2024-02-13,Email,West,0
10330,2024-02-13,Organic Search,Northeast,0
5877,2024-02-13,Paid Social,Southwest,0
5909,2024-02-13,Paid Social,Northeast,0
8440,2024-02-13,Paid Social,West,0
9004,2024-02-13,Paid Search,West,0
6163,2024-02-13,Referral,Northeast,0
10439,2024-02-13,Paid Search,Southwest,0
460,2024-02-13,Organic Search,Northeast,0
2822,2024-02-13,Email,Southeast,0
292,2024-02-13,Referral,Southeast,0
7337,2024-02-13,Affiliate,West,0
841,2024-02-14,Paid Social,Midwest,0
4763,2024-02-14,Paid Social,Southwest,0
9575,2024-02-14,Paid Search,Midwest,0
8352,2024-02-14,Paid Social,Southeast,0
11794,2024-02-14,Paid Social,West,0
1388,2024-02-14,Paid Social,West,0
1953,2024-02-14,Paid Search,Southeast,0
8878,2024-02-14,Paid Social,Southwest,0
4592,2024-02-14,Paid Search,Southwest,0
2816,2024-02-14,Email,Midwest,0
5040,2024-02-15,Referral,Southeast,0
10258,2024-02-15,Email,Northeast,0
2549,2024-02-15,Paid Search,Southeast,0
4726,2024-02-15,Referral,West,0
10643,2024-02-15,Referral,Southwest,0
7691,2024-02-15,Paid Search,West,0
9179,2024-02-15,Email,Northeast,0
11513,2024-02-15,Affiliate,Midwest,0
3639,2024-02-15,Organic Search,Midwest,0
329,2024-02-15,Paid Search,Southeast,0
2229,2024-02-15,Paid Social,Southeast,0
7743,2024-02-15,Paid Social,Southwest,0
1615,2024-02-15,Email,Southeast,0
6028,2024-02-15,Referral,Northeast,0
6532,2024-02-16,Paid Social,West,0
3765,2024-02-16,Organic Search,Southwest,0
5059,2024-02-16,Paid Social,Northeast,0
6486,2024-02-16,Paid Search,West,0
4706,2024-02-16,Paid Search,Northeast,0
7430,2024-02-16,Paid Social,Southeast,0
9956,2024-02-16,Paid Social,Northeast,0
8421,2024-02-16,Affiliate,Southeast,0
3999,2024-02-16,Organic Search,Southeast,0
7503,2024-02-16,Paid Social,Southeast,0
11051,2024-02-17,Paid Social,West,0
5771,2024-02-17,Referral,Southwest,0
3047,2024-02-17,Paid Search,Southwest,0
3455,2024-02-17,Paid Social,West,0
2570,2024-02-17,Paid Social,West,0
1700,2024-02-17,Affiliate,Midwest,0
9043,2024-02-17,Paid Search,West,0
9475,2024-02-17,Affiliate,Southeast,0
7260,2024-02-17,Paid Social,Midwest,0
3728,2024-02-17,Paid Social,Southwest,0
6449,2024-02-17,Paid Social,Northeast,0
2738,2024-02-17,Organic Search,Northeast,0
9670,2024-02-17,Paid Search,Northeast,0
9913,2024-02-17,Referral,Northeast,0
536,2024-02-17,Paid Social,Southeast,0
849,2024-02-17,Paid Search,West,0
1907,2024-02-17,Email,Northeast,0
4808,2024-02-17,Paid Social,West,0
9972,2024-02-18,Affiliate,Northeast,0
9559,2024-02-18,Email,West,0
8575,2024-02-18,Paid Search,Northeast,0
4021,2024-02-18,Email,Southwest,0
7955,2024-02-18,Organic Search,Southwest,0
9480,2024-02-18,Paid Social,Midwest,0
9995,2024-02-18,Paid Social,Midwest,0
3993,2024-02-18,Organic Search,Southwest,0
1296,2024-02-18,Referral,Northeast,0
9596,2024-02-18,Email,Midwest,0
7253,2024-02-18,Paid Social,Southeast,0
3783,2024-02-18,Paid Social,Northeast,0
3840,2024-02-18,Email,Southwest,0
3681,2024-02-19,Affiliate,Southeast,0
6328,2024-02-19,Organic Search,West,0
6966,2024-02-19,Paid Social,Midwest,0
9771,2024-02-19,Organic Search,Northeast,0
6671,2024-02-19,Email,West,0
11133,2024-02-19,Organic Search,Midwest,0
3691,2024-02-19,Referral,Midwest,0
4332,2024-02-19,Organic Search,Southeast,0
10519,2024-02-19,Paid Search,Northeast,0
9007,2024-02-19,Paid Social,Midwest,0
6496,2024-02-19,Referral,Northeast,0
5131,2024-02-19,Paid Social,West,0
6228,2024-02-20,Organic Search,Southeast,0
9781,2024-02-20,Email,Midwest,0
176,2024-02-20,Affiliate,Southwest,0
2200,2024-02-20,Email,Northeast,0
6997,2024-02-20,Referral,Northeast,0
10940,2024-02-20,Paid Search,Midwest,0
4871,2024-02-20,Paid Social,Southwest,0
4074,2024-02-21,Paid Social,Midwest,0
1810,2024-02-21,Affiliate,Southwest,0
5570,2024-02-21,Email,Southeast,0
6922,2024-02-21,Referral,Southeast,0
2467,2024-02-21,Organic Search,West,0
1470,2024-02-21,Organic Search,Midwest,0
11545,2024-02-21,Referral,Southeast,0
844,2024-02-21,Paid Social,Southeast,0
854,2024-02-21,Referral,Southeast,0
687,2024-02-21,Organic Search,Southwest,0
1834,2024-02-21,Email,Southwest,0
4071,2024-02-21,Paid Social,Southwest,0
3731,2024-02-22,Organic Search,Midwest,0
2481,2024-02-22,Paid Social,Northeast,0
4251,2024-02-22,Paid Social,Northeast,0
5569,2024-02-22,Referral,West,0
2515,2024-02-22,Organic Search,Southeast,0
6882,2024-02-22,Referral,West,0
2228,2024-02-22,Organic Search,Southwest,0
7884,2024-02-22,Paid Search,Southeast,1
3515,2024-02-22,Referral,Northeast,0
5119,2024-02-23,Paid Social,Midwest,0
6386,2024-02-23,Paid Social,Midwest,0
2499,2024-02-23,Organic Search,Southeast,0
8663,2024-02-23,Referral,Southwest,0
8984,2024-02-23,Referral,Southwest,0
9703,2024-02-23,Organic Search,Southwest,0
6528,2024-02-23,Affiliate,Northeast,0
8391,2024-02-23,Referral,West,0
11352,2024-02-23,Paid Search,Midwest,0
11027,2024-02-23,Paid Social,Southeast,0
10360,2024-02-23,Organic Search,Southwest,0
357,2024-02-23,Paid Search,Northeast,0
10784,2024-02-24,Referral,Southwest,0
6994,2024-02-24,Affiliate,Northeast,0
6574,2024-02-24,Paid Search,Southwest,0
9069,2024-02-24,Paid Search,Southeast,0
7767,2024-02-24,Affiliate,West,0
1273,2024-02-24,Affiliate,West,0
749,2024-02-24,Paid Social,Southeast,0
8541,2024-02-24,Affiliate,Southwest,0
5522,2024-02-24,Paid Social,Northeast,0
3708,2024-02-24,Paid Social,West,0
584,2024-02-25,Paid Social,Midwest,0
6857,2024-02-25,Organic Search,Northeast,0
9335,2024-02-25,Referral,West,0
5759,2024-02-25,Paid Social,Midwest,0
2702,2024-02-25,Organic Search,Northeast,0
11198,2024-02-25,Paid Social,West,0
539,2024-02-26,Paid Social,Northeast,0
6311,2024-02-26,Paid Social,Southeast,0
2456,2024-02-26,Email,Southeast,0
11103,2024-02-26,Paid Social,Southeast,0
8509,2024-02-26,Paid Social,West,0
3511,2024-02-26,Affiliate,West,0
7777,2024-02-26,Referral,Southwest,0
2783,2024-02-26,Paid Social,Midwest,0
9104,2024-02-26,Referral,Midwest,0
2349,2024-02-26,Referral,Northeast,0
7848,2024-02-27,Email,Southwest,0
4274,2024-02-27,Organic Search,Midwest,0
6932,2024-02-27,Paid Search,West,0
11933,2024-02-27,Paid Search,Northeast,0
7029,2024-02-27,Referral,Southeast,0
5776,2024-02-27,Organic Search,Southwest,0
10294,2024-02-28,Email,Southwest,0
3067,2024-02-28,Paid Search,Southwest,0
4246,2024-02-28,Paid Search,Southeast,0
5440,2024-02-28,Paid Search,West,0
7071,2024-02-28,Organic Search,Midwest,0
2390,2024-02-28,Paid Search,Midwest,0
9121,2024-02-28,Organic Search,West,0
11038,2024-02-28,Paid Social,Northeast,0
928,2024-02-28,Paid Social,West,0
563,2024-02-28,Email,Northeast,0
113,2024-02-28,Affiliate,West,0
560,2024-02-28,Paid Search,Southwest,0
728,2024-02-28,Affiliate,Southwest,0
11225,2024-02-28,Organic Search,Northeast,0
9339,2024-02-28,Paid Social,West,0
9442,2024-02-28,Paid Social,Southeast,0
2486,2024-02-29,Paid Search,Northeast,0
2331,2024-02-29,Paid Search,West,0
8215,2024-02-29,Paid Social,West,0
3332,2024-02-29,Paid Search,Northeast,0
10833,2024-02-29,Paid Search,West,0
2722,2024-02-29,Paid Search,Southwest,0
4755,2024-02-29,Paid Social,Northeast,0
10638,2024-02-29,Paid Social,Southeast,0
10490,2024-02-29,Paid Social,Southeast,0
10324,2024-03-01,Referral,West,0
7004,2024-03-01,Referral,Southwest,0
717,2024-03-01,Paid Social,Northeast,0
2134,2024-03-01,Referral,West,0
10925,2024-03-01,Organic Search,West,0
5256,2024-03-01,Organic Search,Southeast,0
4470,2024-03-01,Organic Search,Southwest,0
11742,2024-03-01,Referral,Southeast,0
9060,2024-03-01,Email,West,0
2215,2024-03-02,Organic Search,West,0
5309,2024-03-02,Paid Social,Southwest,0
4527,2024-03-02,Paid Social,Southwest,0
4560,2024-03-02,Referral,West,0
9503,2024-03-02,Paid Social,West,0
9827,2024-03-02,Referral,West,0
7757,2024-03-02,Paid Social,West,0
8612,2024-03-02,Email,West,0
4320,2024-03-02,Paid Search,Midwest,0
8594,2024-03-02,Paid Search,West,0
8765,2024-03-02,Paid Social,Southeast,0
812,2024-03-02,Paid Social,Northeast,0
8795,2024-03-02,Affiliate,Northeast,0
11218,2024-03-02,Paid Social,Southwest,0
3391,2024-03-02,Paid Social,Midwest,0
8698,2024-03-02,Paid Social,West,0
4833,2024-03-03,Paid Social,Southwest,0
1207,2024-03-03,Paid Social,West,0
11899,2024-03-03,Paid Social,Northeast,0
7201,2024-03-03,Organic Search,West,0
422,2024-03-03,Organic Search,Midwest,0
7306,2024-03-03,Email,Northeast,0
3850,2024-03-03,Paid Search,Northeast,0
6600,2024-03-03,Paid Social,Southeast,0
8856,2024-03-03,Paid Search,West,0
4816,2024-03-03,Organic Search,Northeast,0
7292,2024-03-03,Affiliate,Northeast,0
907,2024-03-03,Referral,Southeast,0
3964,2024-03-03,Paid Social,West,0
10304,2024-03-03,Paid Search,Midwest,0
10762,2024-03-04,Paid Search,Southeast,0
5069,2024-03-04,Paid Search,Northeast,0
9038,2024-03-04,Affiliate,Southwest,0
11529,2024-03-04,Email,Southwest,0
9440,2024-03-04,Paid Search,Southeast,0
7745,2024-03-04,Affiliate,Northeast,0
11394,2024-03-04,Referral,West,0
4825,2024-03-04,Paid Social,Northeast,0
1358,2024-03-05,Paid Search,Southwest,0
264,2024-03-05,Paid Social,West,0
1823,2024-03-05,Paid Social,Southeast,0
3512,2024-03-05,Paid Social,Midwest,0
10623,2024-03-05,Paid Social,Southeast,0
4901,2024-03-05,Paid Social,Southeast,0
1902,2024-03-05,Paid Search,West,0
3194,2024-03-05,Paid Search,West,0
1142,2024-03-05,Organic Search,Southeast,0
6899,2024-03-05,Organic Search,West,0
117,2024-03-05,Paid Search,West,0
7577,2024-03-05,Organic Search,Southeast,0
3761,2024-03-05,Paid Social,Southwest,0
8785,2024-03-05,Affiliate,Southwest,0
3862,2024-03-05,Email,Northeast,0
6237,2024-03-06,Organic Search,West,0
4766,2024-03-06,Organic Search,Southeast,0
4011,2024-03-06,Affiliate,West,0
1568,2024-03-06,Paid Social,Southeast,0
5835,2024-03-06,Paid Social,Southeast,0
2083,2024-03-06,Paid Search,West,0
6856,2024-03-06,Paid Search,Southwest,0
5705,2024-03-06,Paid Social,Northeast,0
6780,2024-03-06,Paid Search,Midwest,0
2531,2024-03-07,Paid Search,West,0
7117,2024-03-07,Organic Search,West,0
11022,2024-03-07,Organic Search,Midwest,0
4652,2024-03-07,Organic Search,Southeast,0
9939,2024-03-07,Organic Search,West,0
1600,2024-03-07,Paid Social,Midwest,0
23,2024-03-07,Organic Search,Southeast,0
3308,2024-03-07,Paid Search,West,0
3481,2024-03-07,Organic Search,West,0
8237,2024-03-07,Paid Social,Southeast,0
7397,2024-03-07,Referral,Midwest,0
8419,2024-03-07,Paid Social,Southeast,0
4988,2024-03-07,Organic Search,Southeast,0
773,2024-03-08,Paid Social,West,0
4116,2024-03-08,Paid Search,Southwest,0
4852,2024-03-08,Paid Social,Midwest,0
6650,2024-03-08,Paid Search,Midwest,0
8357,2024-03-08,Paid Search,Northeast,0
1711,2024-03-08,Paid Social,West,0
7478,2024-03-08,Email,Southeast,0
4981,2024-03-08,Referral,Midwest,0
6921,2024-03-08,Paid Social,Southeast,0
6327,2024-03-08,Paid Search,Northeast,0
1519,2024-03-08,Affiliate,Southwest,0
3182,2024-03-08,Paid Search,Southeast,0
9726,2024-03-08,Organic Search,Southeast,0
3019,2024-03-08,Referral,Midwest,0
5015,2024-03-08,Paid Search,Southeast,0
1862,2024-03-08,Email,Southwest,0
4749,2024-03-08,Email,West,0
7137,2024-03-08,Paid Social,Southwest,0
3844,2024-03-08,Paid Social,Midwest,0
1941,2024-03-08,Organic Search,Southeast,0
4163,2024-03-09,Paid Social,Southeast,0
6510,2024-03-09,Email,West,0
10132,2024-03-09,Referral,Midwest,0
395,2024-03-09,Paid Search,Southeast,0
9668,2024-03-09,Paid Search,Southeast,0
5418,2024-03-09,Organic Search,Midwest,0
2209,2024-03-09,Organic Search,Northeast,0
277,2024-03-09,Paid Social,Southeast,0
8891,2024-03-09,Referral,Southeast,0
2566,2024-03-09,Paid Search,West,0
1130,2024-03-09,Affiliate,Southeast,0
8159,2024-03-09,Paid Social,Northeast,0
5495,2024-03-09,Paid Search,Southwest,0
509,2024-03-09,Referral,Midwest,0
2391,2024-03-10,Paid Search,Midwest,0
4097,2024-03-10,Paid Search,Southeast,0
4305,2024-03-10,Paid Search,Southwest,0
132,2024-03-10,Organic Search,Midwest,0
4319,2024-03-10,Paid Social,Southeast,0
3696,2024-03-10,Organic Search,West,0
11035,2024-03-10,Paid Search,Midwest,0
4949,2024-03-10,Affiliate,Northeast,0
10565,2024-03-10,Paid Social,West,0
11321,2024-03-10,Paid Social,West,0
5535,2024-03-10,Email,Southeast,0
10530,2024-03-10,Organic Search,West,0
6791,2024-03-10,Organic Search,Midwest,0
11316,2024-03-10,Paid Search,West,0
9619,2024-03-10,Organic Search,West,0
3953,2024-03-11,Paid Search,Midwest,0
1339,2024-03-11,Paid Social,West,0
5000,2024-03-11,Email,Midwest,0
4518,2024-03-11,Affiliate,Southeast,0
1081,2024-03-11,Referral,Southeast,0
11061,2024-03-11,Paid Search,Midwest,0
8471,2024-03-11,Email,West,0
4085,2024-03-11,Paid Social,Northeast,0
1253,2024-03-11,Paid Search,West,0
4075,2024-03-12,Paid Social,Southeast,0
8374,2024-03-12,Email,Southeast,0
7629,2024-03-12,Organic Search,Southeast,0
9201,2024-03-12,Paid Social,Northeast,0
10945,2024-03-12,Organic Search,Northeast,0
3795,2024-03-12,Paid Search,Southwest,0
9831,2024-03-12,Paid Search,West,0
5571,2024-03-12,Paid Search,Northeast,0
334,2024-03-12,Affiliate,Midwest,0
4570,2024-03-12,Paid Search,Southwest,0
589,2024-03-12,Paid Social,West,0
2459,2024-03-12,Paid Social,Southwest,0
1126,2024-03-12,Paid Search,West,0
1971,2024-03-12,Paid Social,Midwest,0
4854,2024-03-12,Referral,West,0
1654,2024-03-12,Paid Search,Southwest,0
10887,2024-03-13,Organic Search,West,0
11989,2024-03-13,Paid Search,Southeast,0
5288,2024-03-13,Paid Search,Northeast,0
8038,2024-03-13,Email,West,0
6779,2024-03-13,Organic Search,West,0
10976,2024-03-13,Paid Search,Southwest,0
2291,2024-03-13,Organic Search,Southwest,0
6078,2024-03-13,Paid Search,Southeast,0
11071,2024-03-13,Email,West,0
7382,2024-03-13,Referral,Southeast,0
2855,2024-03-13,Paid Search,Northeast,0
3316,2024-03-13,Paid Search,West,0
3744,2024-03-13,Paid Search,Midwest,0
2613,2024-03-13,Organic Search,Southeast,0
8539,2024-03-13,Organic Search,Southwest,0
472,2024-03-13,Paid Social,West,0
4358,2024-03-13,Paid Social,Southeast,0
11789,2024-03-14,Paid Social,West,0
6984,2024-03-14,Paid Search,Northeast,0
8526,2024-03-14,Paid Social,West,0
8869,2024-03-14,Paid Social,Northeast,0
4500,2024-03-14,Email,Midwest,0
7093,2024-03-14,Organic Search,Southwest,0
9945,2024-03-14,Paid Search,Southwest,0
11906,2024-03-14,Paid Social,Southwest,0
8368,2024-03-14,Organic Search,Southwest,0
3495,2024-03-14,Paid Search,West,0
1877,2024-03-14,Email,Midwest,0
11403,2024-03-14,Paid Search,Northeast,0
9873,2024-03-14,Paid Social,West,0
7878,2024-03-14,Affiliate,Southwest,0
4430,2024-03-14,Paid Social,Midwest,0
10637,2024-03-15,Organic Search,Midwest,0
96,2024-03-15,Paid Social,Midwest,0
7871,2024-03-15,Organic Search,Southeast,0
4573,2024-03-15,Paid Search,Southwest,0
4864,2024-03-15,Email,Southeast,0
4818,2024-03-15,Affiliate,West,0
285,2024-03-15,Affiliate,Midwest,0
11884,2024-03-15,Referral,Southeast,0
685,2024-03-16,Email,Midwest,0
5115,2024-03-16,Paid Social,West,0
949,2024-03-16,Paid Social,Northeast,0
7982,2024-03-16,Paid Social,West,0
40,2024-03-16,Referral,Midwest,0
3452,2024-03-16,Referral,Northeast,0
4897,2024-03-16,Paid Social,Northeast,0
11257,2024-03-16,Paid Search,Midwest,0
2149,2024-03-16,Email,West,0
8170,2024-03-16,Paid Social,West,0
2352,2024-03-16,Referral,Southeast,0
8713,2024-03-16,Affiliate,Southeast,0
8993,2024-03-17,Paid Social,Northeast,0
272,2024-03-17,Paid Search,West,0
3464,2024-03-17,Paid Search,Northeast,0
10232,2024-03-17,Referral,Southeast,0
5394,2024-03-17,Affiliate,Southeast,0
6126,2024-03-17,Organic Search,Northeast,0
863,2024-03-17,Paid Search,Southwest,0
11405,2024-03-17,Paid Social,Southeast,0
4682,2024-03-17,Organic Search,West,0
2493,2024-03-17,Paid Social,Southeast,0
4647,2024-03-17,Paid Social,Northeast,0
10101,2024-03-17,Referral,Northeast,0
4302,2024-03-18,Referral,Southeast,0
1097,2024-03-18,Referral,Midwest,0
10890,2024-03-18,Paid Social,Midwest,0
469,2024-03-18,Organic Search,Midwest,0
3976,2024-03-18,Paid Social,Southeast,0
2297,2024-03-18,Paid Social,Southwest,0
10525,2024-03-18,Paid Search,Midwest,0
3244,2024-03-18,Paid Search,West,0
1627,2024-03-18,Referral,Southwest,0
1365,2024-03-18,Paid Social,Southwest,0
10531,2024-03-19,Referral,Southeast,0
260,2024-03-19,Paid Social,Southeast,0
8482,2024-03-19,Paid Social,West,0
10614,2024-03-19,Organic Search,West,0
10471,2024-03-19,Referral,West,0
6081,2024-03-20,Referral,Southwest,0
7846,2024-03-20,Paid Social,West,0
7474,2024-03-20,Organic Search,Northeast,0
8465,2024-03-20,Paid Search,West,0
7655,2024-03-20,Referral,Northeast,0
4030,2024-03-20,Paid Social,Midwest,0
10234,2024-03-20,Organic Search,Midwest,0
9019,2024-03-20,Affiliate,Midwest,0
204,2024-03-20,Organic Search,Southwest,0
3168,2024-03-20,Organic Search,Midwest,0
3823,2024-03-20,Paid Search,Southeast,0
4435,2024-03-21,Paid Search,Southwest,0
10443,2024-03-21,Organic Search,Midwest,0
6868,2024-03-21,Email,Southeast,0
5107,2024-03-21,Affiliate,West,0
11959,2024-03-21,Organic Search,Northeast,0
3939,2024-03-21,Organic Search,West,0
5880,2024-03-21,Paid Search,Southeast,0
1921,2024-03-21,Paid Search,Midwest,0
5712,2024-03-21,Organic Search,Northeast,0
11707,2024-03-21,Organic Search,Northeast,0
8027,2024-03-21,Paid Social,Northeast,0
1189,2024-03-21,Paid Search,Midwest,0
10596,2024-03-21,Referral,Midwest,0
6955,2024-03-22,Email,Southeast,0
5808,2024-03-22,Paid Search,Northeast,0
9745,2024-03-22,Paid Social,West,0
10041,2024-03-22,Paid Social,Southwest,0
8098,2024-03-22,Referral,Midwest,0
4026,2024-03-22,Affiliate,West,0
9834,2024-03-22,Affiliate,Southeast,0
9940,2024-03-22,Paid Social,West,0
5395,2024-03-22,Referral,West,0
6157,2024-03-22,Paid Social,Southwest,0
3557,2024-03-22,Paid Social,Southeast,0
7721,2024-03-22,Paid Search,Southwest,0
9561,2024-03-22,Paid Social,Southwest,0
10178,2024-03-22,Paid Social,Midwest,0
8514,2024-03-22,Paid Search,Southeast,0
6458,2024-03-22,Paid Search,Southeast,0
11581,2024-03-22,Email,West,0
450,2024-03-22,Paid Social,West,0
7364,2024-03-22,Paid Search,Midwest,0
9279,2024-03-22,Paid Social,Northeast,0
4119,2024-03-22,Paid Social,West,0
9675,2024-03-22,Organic Search,Midwest,0
4112,2024-03-22,Paid Social,Southwest,0
7300,2024-03-22,Organic Search,Southwest,0
6224,2024-03-22,Paid Search,West,0
11747,2024-03-23,Affiliate,Southwest,0
1140,2024-03-23,Organic Search,West,0
7814,2024-03-23,Paid Social,Southeast,0
9547,2024-03-23,Paid Social,Southeast,0
7312,2024-03-23,Organic Search,Southwest,0
9838,2024-03-23,Referral,Midwest,0
6595,2024-03-23,Paid Social,Southeast,0
2408,2024-03-23,Organic Search,Southeast,0
4784,2024-03-23,Email,Southeast,0
4056,2024-03-23,Referral,Midwest,0
8588,2024-03-23,Paid Social,Northeast,0
11808,2024-03-23,Organic Search,Southeast,0
4678,2024-03-23,Paid Search,West,0
2306,2024-03-24,Paid Search,Southwest,0
10622,2024-03-24,Email,Northeast,0
1866,2024-03-24,Paid Social,Midwest,0
5377,2024-03-24,Organic Search,Northeast,0
3249,2024-03-24,Paid Social,Northeast,0
10079,2024-03-24,Referral,Midwest,0
6808,2024-03-24,Email,Northeast,0
295,2024-03-24,Paid Search,Southeast,0
3396,2024-03-24,Paid Search,West,0
8156,2024-03-24,Email,West,0
8346,2024-03-25,Email,Midwest,0
3295,2024-03-25,Organic Search,Northeast,0
7287,2024-03-25,Referral,Southwest,0
707,2024-03-25,Organic Search,Northeast,0
5801,2024-03-25,Organic Search,Midwest,0
1432,2024-03-25,Paid Social,Southwest,0
4761,2024-03-25,Organic Search,Southeast,0
10371,2024-03-25,Paid Search,Southeast,0
6933,2024-03-25,Paid Search,Northeast,0
10169,2024-03-25,Referral,West,0
9045,2024-03-25,Paid Social,Midwest,0
8724,2024-03-25,Paid Search,Southwest,0
7237,2024-03-25,Paid Search,West,0
6099,2024-03-25,Organic Search,West,0
5111,2024-03-26,Paid Search,Northeast,0
3151,2024-03-26,Organic Search,Midwest,0
7334,2024-03-26,Paid Social,Northeast,0
5196,2024-03-26,Paid Search,Southwest,0
10995,2024-03-26,Paid Search,Midwest,0
8340,2024-03-26,Referral,Southeast,0
3343,2024-03-26,Paid Social,Northeast,0
233,2024-03-26,Paid Social,Southeast,0
913,2024-03-26,Paid Search,West,0
6580,2024-03-26,Referral,Southeast,0
1878,2024-03-26,Affiliate,West,0
2742,2024-03-26,Organic Search,Northeast,0
6239,2024-03-26,Referral,West,0
801,2024-03-26,Paid Search,Northeast,0
9876,2024-03-26,Affiliate,West,0
4212,2024-03-26,Paid Social,Midwest,0
8737,2024-03-26,Paid Search,Southeast,0
10766,2024-03-26,Paid Social,Northeast,0
2745,2024-03-27,Paid Social,Northeast,0
3554,2024-03-27,Paid Social,Southeast,0
32,2024-03-27,Organic Search,West,0
6845,2024-03-27,Referral,West,0
799,2024-03-27,Paid Search,Midwest,0
9800,2024-03-27,Paid Social,Northeast,0
9196,2024-03-27,Paid Social,Northeast,0
4775,2024-03-27,Paid Search,Southeast,0
10002,2024-03-27,Paid Social,West,0
4620,2024-03-27,Organic Search,West,0
11797,2024-03-27,Affiliate,Northeast,0
3952,2024-03-27,Paid Social,Southeast,0
9153,2024-03-28,Affiliate,Midwest,0
643,2024-03-28,Paid Search,West,0
495,2024-03-28,Paid Social,West,0
1379,2024-03-28,Paid Social,Midwest,0
3946,2024-03-28,Organic Search,Southwest,0
4041,2024-03-28,Paid Social,Southeast,0
1032,2024-03-28,Paid Search,Southeast,0
8257,2024-03-28,Paid Social,Northeast,0
4268,2024-03-28,Email,Midwest,0
3572,2024-03-28,Paid Social,Southeast,0
10076,2024-03-28,Paid Social,West,0
2262,2024-03-28,Paid Search,Southeast,0
11087,2024-03-28,Paid Search,Northeast,0
10745,2024-03-28,Referral,Midwest,0
4714,2024-03-28,Paid Social,Northeast,0
5388,2024-03-28,Affiliate,Northeast,0
6916,2024-03-28,Paid Social,Midwest,0
8252,2024-03-28,Paid Search,Midwest,0
2516,2024-03-29,Paid Social,Southwest,0
10064,2024-03-29,Paid Social,Midwest,0
3923,2024-03-29,Paid Search,Southeast,0
5331,2024-03-29,Referral,Midwest,0
3497,2024-03-29,Affiliate,Northeast,0
8635,2024-03-29,Organic Search,Southeast,0
1498,2024-03-29,Paid Social,West,0
791,2024-03-29,Paid Search,West,0
745,2024-03-29,Referral,West,0
6169,2024-03-29,Referral,Southwest,0
10461,2024-03-29,Organic Search,West,0
771,2024-03-29,Organic Search,Northeast,0
1663,2024-03-29,Paid Search,Northeast,0
8566,2024-03-29,Email,West,0
11277,2024-03-29,Email,West,0
11487,2024-03-29,Referral,Midwest,0
8243,2024-03-29,Paid Search,Southeast,0
1726,2024-03-30,Paid Social,West,0
10578,2024-03-30,Affiliate,Southwest,0
9811,2024-03-30,Organic Search,Northeast,0
9476,2024-03-30,Paid Search,Northeast,0
10195,2024-03-30,Paid Search,West,0
5035,2024-03-30,Paid Social,Southeast,0
1777,2024-03-30,Paid Social,Southeast,0
10924,2024-03-30,Paid Social,Northeast,0
923,2024-03-30,Organic Search,Midwest,0
11143,2024-03-30,Organic Search,Midwest,0
3338,2024-03-30,Referral,Southwest,0
2636,2024-03-30,Paid Social,Southwest,0
4865,2024-03-30,Paid Social,Midwest,0
6601,2024-03-30,Paid Social,Southwest,0
11072,2024-03-30,Paid Search,Northeast,0
7943,2024-03-30,Paid Social,Midwest,0
2577,2024-03-31,Paid Search,West,0
1506,2024-03-31,Paid Search,Southwest,0
9068,2024-03-31,Paid Social,West,0
3191,2024-03-31,Organic Search,Southwest,0
10448,2024-03-31,Paid Social,Northeast,0
8710,2024-03-31,Paid Social,Northeast,0
8630,2024-03-31,Referral,West,0
7092,2024-03-31,Paid Social,Southeast,0
6973,2024-04-01,Paid Social,Northeast,0
7031,2024-04-01,Paid Social,Southeast,0
2328,2024-04-01,Paid Search,Northeast,0
10391,2024-04-01,Organic Search,Northeast,0
8923,2024-04-01,Referral,Southeast,0
3094,2024-04-01,Affiliate,Northeast,0
1884,2024-04-01,Paid Social,West,0
1000,2024-04-01,Affiliate,Southwest,0
5989,2024-04-01,Organic Search,Northeast,0
4217,2024-04-01,Paid Search,Northeast,0
3315,2024-04-01,Paid Search,Northeast,0
4331,2024-04-01,Paid Social,West,0
7537,2024-04-02,Referral,Northeast,0
7372,2024-04-02,Referral,West,0
9332,2024-04-02,Organic Search,Midwest,0
7993,2024-04-02,Organic Search,Northeast,0
5480,2024-04-02,Email,Midwest,0
5497,2024-04-02,Paid Social,Midwest,0
4951,2024-04-02,Paid Social,Northeast,0
1347,2024-04-02,Affiliate,Northeast,0
9170,2024-04-02,Paid Social,West,0
9532,2024-04-02,Affiliate,West,0
6296,2024-04-02,Affiliate,West,0
5,2024-04-02,Paid Search,Northeast,1
6697,2024-04-02,Organic Search,Midwest,0
7542,2024-04-03,Organic Search,Southwest,0
9812,2024-04-03,Paid Search,West,0
7617,2024-04-03,Organic Search,Midwest,0
4723,2024-04-03,Paid Social,West,0
4429,2024-04-03,Organic Search,Northeast,0
7409,2024-04-03,Paid Social,Northeast,0
389,2024-04-03,Paid Search,Southeast,0
842,2024-04-03,Paid Social,Southwest,0
11128,2024-04-03,Referral,Northeast,0
3020,2024-04-03,Email,Northeast,0
1610,2024-04-03,Paid Search,Southeast,0
1029,2024-04-03,Paid Social,Midwest,0
6648,2024-04-03,Paid Social,Northeast,0
11244,2024-04-03,Organic Search,Northeast,0
8260,2024-04-03,Organic Search,West,0
2918,2024-04-03,Organic Search,Southeast,0
8645,2024-04-03,Paid Social,Midwest,0
4781,2024-04-03,Paid Search,Midwest,0
4254,2024-04-03,Organic Search,Southeast,0
2199,2024-04-04,Organic Search,Northeast,0
483,2024-04-04,Paid Social,West,0
7972,2024-04-04,Email,Southeast,0
1309,2024-04-04,Paid Search,West,0
9119,2024-04-04,Paid Social,Northeast,0
7081,2024-04-04,Paid Social,Midwest,0
11366,2024-04-04,Paid Social,Southwest,0
7108,2024-04-04,Affiliate,Southeast,0
3122,2024-04-04,Email,Southeast,0
11769,2024-04-04,Paid Search,Southeast,0
7366,2024-04-04,Organic Search,Southwest,0
5874,2024-04-04,Paid Social,Midwest,0
9206,2024-04-05,Paid Social,Northeast,0
11382,2024-04-05,Paid Social,Southwest,0
11459,2024-04-05,Paid Search,Northeast,0
5774,2024-04-05,Paid Social,West,0
4298,2024-04-05,Paid Social,West,0
11348,2024-04-05,Referral,Southwest,0
6180,2024-04-05,Paid Social,Southwest,0
5780,2024-04-05,Affiliate,Northeast,0
8399,2024-04-05,Referral,Southwest,0
3485,2024-04-05,Email,Northeast,0
634,2024-04-05,Paid Social,Northeast,0
11728,2024-04-05,Organic Search,Northeast,0
4880,2024-04-05,Paid Social,Southeast,0
2997,2024-04-05,Paid Search,Southwest,0
7761,2024-04-06,Paid Search,Northeast,0
7952,2024-04-06,Referral,Southeast,0
2507,2024-04-06,Referral,Southeast,0
3415,2024-04-06,Referral,Southwest,0
8550,2024-04-06,Referral,Northeast,0
1397,2024-04-06,Paid Search,West,0
1888,2024-04-06,Paid Social,West,0
2431,2024-04-06,Paid Search,Northeast,0
9192,2024-04-06,Paid Social,Midwest,0
1776,2024-04-07,Paid Social,West,0
11178,2024-04-07,Organic Search,Southeast,0
535,2024-04-07,Paid Search,Northeast,0
2920,2024-04-07,Paid Social,Midwest,0
2928,2024-04-07,Paid Search,Northeast,0
11475,2024-04-07,Email,Southwest,0
11064,2024-04-07,Paid Social,West,0
9207,2024-04-07,Paid Search,Southwest,0
6503,2024-04-08,Organic Search,West,0
5120,2024-04-08,Referral,West,0
6643,2024-04-08,Referral,Northeast,0
6783,2024-04-08,Paid Social,Southeast,0
7818,2024-04-08,Referral,Northeast,0
5013,2024-04-08,Paid Social,West,0
9757,2024-04-08,Organic Search,West,0
2348,2024-04-08,Organic Search,Northeast,0
2912,2024-04-08,Paid Search,Northeast,0
592,2024-04-08,Organic Search,Southeast,0
722,2024-04-08,Affiliate,Southeast,0
9700,2024-04-09,Email,Southeast,0
6480,2024-04-09,Paid Social,West,0
9319,2024-04-09,Paid Search,Southeast,0
6546,2024-04-09,Paid Search,Midwest,0
9909,2024-04-09,Paid Search,Southwest,0
1804,2024-04-09,Organic Search,Midwest,0
10244,2024-04-09,Referral,Midwest,0
4608,2024-04-09,Paid Search,Midwest,0
9224,2024-04-09,Affiliate,Southeast,0
2967,2024-04-09,Referral,West,0
5042,2024-04-09,Email,Northeast,0
2703,2024-04-09,Paid Social,Southwest,0
8089,2024-04-09,Paid Search,Southeast,0
10481,2024-04-10,Paid Search,Southwest,0
7622,2024-04-10,Organic Search,Midwest,0
5718,2024-04-10,Paid Search,Midwest,0
2552,2024-04-10,Paid Search,Midwest,0
2395,2024-04-10,Referral,Southwest,0
1890,2024-04-10,Paid Search,Northeast,0
7556,2024-04-10,Paid Search,Midwest,0
3333,2024-04-10,Referral,Northeast,0
6764,2024-04-10,Paid Social,Southwest,0
820,2024-04-10,Paid Search,Southwest,0
4575,2024-04-10,Paid Social,Northeast,0
8126,2024-04-10,Email,West,0
2031,2024-04-11,Paid Search,Northeast,0
5208,2024-04-11,Paid Search,Southeast,0
9163,2024-04-11,Referral,Southeast,0
11537,2024-04-11,Organic Search,Southeast,0
6310,2024-04-11,Paid Search,Midwest,0
8637,2024-04-11,Paid Search,West,0
3579,2024-04-11,Paid Social,Southwest,0
490,2024-04-11,Email,Midwest,0
6714,2024-04-11,Organic Search,Midwest,0
500,2024-04-11,Paid Search,Southeast,0
8450,2024-04-11,Paid Social,Northeast,0
324,2024-04-12,Email,West,0
2384,2024-04-12,Email,Northeast,0
3110,2024-04-12,Referral,West,0
11006,2024-04-12,Paid Search,Northeast,0
5754,2024-04-12,Organic Search,West,0
9558,2024-04-12,Organic Search,Northeast,0
3540,2024-04-12,Organic Search,West,0
3569,2024-04-12,Paid Social,Northeast,0
9198,2024-04-12,Email,Midwest,0
1068,2024-04-12,Referral,Midwest,0
11568,2024-04-13,Paid Search,Southeast,0
4149,2024-04-13,Organic Search,West,0
8756,2024-04-13,Affiliate,Southwest,0
1732,2024-04-13,Organic Search,Northeast,0
1349,2024-04-13,Organic Search,Southwest,0
9886,2024-04-13,Organic Search,Southeast,0
2719,2024-04-13,Paid Social,Midwest,0
1084,2024-04-13,Referral,Midwest,0
10372,2024-04-13,Email,Southeast,0
4630,2024-04-13,Organic Search,Northeast,0
10008,2024-04-13,Paid Search,Midwest,0
4638,2024-04-13,Paid Social,West,0
5948,2024-04-13,Referral,Southwest,0
4886,2024-04-13,Organic Search,West,0
1150,2024-04-14,Referral,Northeast,0
1909,2024-04-14,Organic Search,West,0
8101,2024-04-14,Paid Search,Northeast,0
1054,2024-04-14,Paid Social,Northeast,1
6713,2024-04-14,Paid Search,Southeast,0
5452,2024-04-14,Paid Social,Midwest,0
7487,2024-04-14,Paid Search,Northeast,0
388,2024-04-14,Paid Social,Midwest,0
11314,2024-04-14,Paid Social,West,0
10738,2024-04-14,Paid Search,Northeast,0
6332,2024-04-14,Paid Search,Northeast,0
2415,2024-04-14,Paid Search,Northeast,0
11570,2024-04-15,Organic Search,West,0
5748,2024-04-15,Paid Search,Midwest,0
9071,2024-04-15,Organic Search,Southeast,0
953,2024-04-15,Paid Social,Northeast,0
11759,2024-04-15,Referral,Southwest,0
11965,2024-04-15,Paid Search,Northeast,0
2451,2024-04-15,Referral,Midwest,0
3284,2024-04-15,Email,Southwest,0
1103,2024-04-16,Email,Southwest,0
6092,2024-04-16,Email,Midwest,0
7709,2024-04-16,Paid Social,Southwest,0
5201,2024-04-16,Paid Search,Southeast,0
2192,2024-04-16,Paid Social,Midwest,0
1857,2024-04-16,Organic Search,Northeast,0
1676,2024-04-16,Paid Social,Southeast,0
10935,2024-04-16,Email,Southeast,0
6784,2024-04-16,Email,Southeast,0
10388,2024-04-16,Affiliate,West,0
10020,2024-04-17,Paid Social,Midwest,0
6772,2024-04-17,Paid Search,Southeast,0
436,2024-04-17,Paid Social,Northeast,0
3544,2024-04-17,Referral,West,0
9728,2024-04-17,Affiliate,Southwest,0
8205,2024-04-17,Email,West,0
10678,2024-04-17,Affiliate,Southeast,0
1053,2024-04-17,Paid Social,West,0
9988,2024-04-17,Affiliate,Midwest,0
1695,2024-04-17,Paid Social,Southeast,0
3089,2024-04-17,Paid Search,Midwest,0
7118,2024-04-17,Referral,Midwest,0
8916,2024-04-17,Paid Search,Southeast,0
8752,2024-04-17,Organic Search,Northeast,0
321,2024-04-17,Paid Search,Southeast,0
11176,2024-04-18,Organic Search,Midwest,0
10152,2024-04-18,Paid Social,Southeast,0
9398,2024-04-18,Email,Midwest,0
6793,2024-04-18,Paid Social,Southeast,0
10920,2024-04-18,Paid Social,Southwest,0
3833,2024-04-18,Email,West,0
10288,2024-04-18,Paid Search,Southeast,0
7887,2024-04-18,Paid Social,Northeast,0
9802,2024-04-18,Affiliate,Midwest,0
2678,2024-04-18,Email,Midwest,0
9791,2024-04-18,Organic Search,West,0
4431,2024-04-18,Organic Search,Northeast,0
5459,2024-04-19,Paid Search,Midwest,0
2640,2024-04-19,Organic Search,West,0
3307,2024-04-19,Paid Search,Midwest,0
647,2024-04-19,Paid Search,Southwest,0
7308,2024-04-19,Paid Search,Midwest,0
1483,2024-04-19,Organic Search,Southwest,0
11043,2024-04-19,Referral,West,0
6940,2024-04-19,Affiliate,Southeast,0
5627,2024-04-19,Organic Search,Northeast,0
6354,2024-04-19,Organic Search,Northeast,0
9313,2024-04-19,Email,Northeast,0
3694,2024-04-19,Organic Search,Northeast,0
5565,2024-04-19,Paid Search,Northeast,0
8665,2024-04-20,Paid Search,Northeast,0
10872,2024-04-20,Referral,Southwest,0
8527,2024-04-20,Affiliate,West,0
9421,2024-04-20,Referral,Southwest,0
7940,2024-04-20,Paid Search,Midwest,0
9622,2024-04-20,Paid Social,West,0
11240,2024-04-20,Referral,West,0
10792,2024-04-20,Organic Search,Northeast,0
3621,2024-04-20,Organic Search,Northeast,0
9416,2024-04-20,Organic Search,Southeast,0
3778,2024-04-21,Paid Search,Southeast,0
1458,2024-04-21,Paid Social,West,0
2298,2024-04-21,Paid Social,Northeast,0
1859,2024-04-21,Paid Search,Southwest,0
4711,2024-04-21,Paid Social,Southeast,0
7998,2024-04-21,Email,Northeast,0
9639,2024-04-21,Referral,Northeast,0
5253,2024-04-21,Paid Social,West,0
2429,2024-04-21,Paid Search,West,0
11046,2024-04-21,Paid Social,Northeast,0
11799,2024-04-21,Paid Social,Southeast,0
9356,2024-04-21,Paid Social,Midwest,0
10765,2024-04-21,Organic Search,West,0
9815,2024-04-22,Paid Search,Northeast,0
2590,2024-04-22,Organic Search,Southwest,0
6681,2024-04-22,Organic Search,Southeast,0
5334,2024-04-22,Paid Social,Northeast,0
6584,2024-04-22,Paid Social,Southwest,0
7961,2024-04-22,Organic Search,Southeast,0
8051,2024-04-22,Paid Search,Northeast,0
6931,2024-04-22,Organic Search,Midwest,0
2292,2024-04-22,Referral,Southwest,0
5539,2024-04-22,Referral,Southeast,0
3412,2024-04-22,Paid Social,Northeast,0
2667,2024-04-22,Paid Search,Northeast,0
7573,2024-04-22,Organic Search,West,0
5238,2024-04-22,Paid Social,West,0
4598,2024-04-22,Paid Social,Southeast,0
3930,2024-04-23,Paid Search,Midwest,0
9469,2024-04-23,Referral,West,0
10955,2024-04-23,Paid Social,Northeast,0
10431,2024-04-23,Affiliate,Midwest,0
8349,2024-04-23,Organic Search,Northeast,0
7384,2024-04-23,Paid Search,Northeast,0
6066,2024-04-23,Email,Northeast,0
11390,2024-04-23,Email,Southeast,0
11092,2024-04-23,Paid Social,Southeast,0
9106,2024-04-23,Organic Search,Northeast,0
6445,2024-04-23,Paid Search,Southwest,0
8080,2024-04-23,Affiliate,Southwest,0
2129,2024-04-23,Organic Search,West,0
5681,2024-04-23,Paid Search,Midwest,0
9315,2024-04-23,Email,West,0
6738,2024-04-24,Paid Search,West,0
10184,2024-04-24,Paid Social,Southwest,0
1324,2024-04-24,Referral,Northeast,0
658,2024-04-24,Affiliate,West,0
1422,2024-04-24,Paid Social,Midwest,0
183,2024-04-24,Paid Social,Midwest,0
3661,2024-04-24,Paid Social,Midwest,0
9644,2024-04-24,Organic Search,West,0
9993,2024-04-24,Paid Social,Southwest,0
2943,2024-04-24,Paid Social,Midwest,0
3241,2024-04-24,Email,West,0
10077,2024-04-24,Organic Search,Midwest,0
9530,2024-04-24,Paid Search,Southeast,0
10106,2024-04-24,Referral,Midwest,0
11758,2024-04-25,Paid Search,Southeast,0
4522,2024-04-25,Affiliate,West,0
10188,2024-04-25,Affiliate,Southeast,0
1661,2024-04-25,Organic Search,Northeast,0
5033,2024-04-25,Organic Search,Southeast,0
10512,2024-04-25,Paid Search,Northeast,0
5229,2024-04-25,Paid Social,West,0
11279,2024-04-25,Paid Search,West,0
9428,2024-04-25,Referral,Southeast,0
1675,2024-04-25,Organic Search,Southeast,0
8547,2024-04-26,Email,Southeast,0
4223,2024-04-26,Paid Social,Southeast,0
1672,2024-04-26,Paid Search,Southeast,0
344,2024-04-26,Paid Social,Southwest,0
5884,2024-04-26,Paid Search,Southwest,0
10996,2024-04-26,Paid Social,Southwest,0
7216,2024-04-26,Paid Social,Northeast,0
7450,2024-04-26,Paid Search,Southeast,0
11633,2024-04-26,Paid Social,West,0
10238,2024-04-26,Paid Social,Southwest,0
4036,2024-04-26,Paid Search,Southwest,0
5194,2024-04-26,Organic Search,Midwest,0
3292,2024-04-26,Paid Search,West,0
7147,2024-04-26,Paid Social,West,0
11806,2024-04-26,Email,Northeast,0
3961,2024-04-26,Organic Search,West,0
6384,2024-04-27,Paid Social,Southwest,0
6647,2024-04-27,Email,West,0
2785,2024-04-27,Email,West,0
4691,2024-04-27,Referral,Midwest,0
3299,2024-04-27,Paid Social,Northeast,0
9531,2024-04-27,Paid Search,West,0
10849,2024-04-27,Paid Search,Midwest,0
6351,2024-04-27,Affiliate,Southeast,0
8906,2024-04-27,Paid Search,Southwest,0
5445,2024-04-28,Affiliate,West,0
8766,2024-04-28,Email,West,0
8696,2024-04-28,Paid Search,Southeast,0
960,2024-04-28,Organic Search,Southwest,0
4893,2024-04-28,Paid Social,Northeast,0
228,2024-04-28,Email,Northeast,0
2558,2024-04-28,Organic Search,Southwest,0
10296,2024-04-28,Paid Social,Southwest,0
11640,2024-04-28,Paid Search,West,0
7800,2024-04-28,Paid Social,Midwest,0
10905,2024-04-28,Paid Social,West,0
5172,2024-04-28,Paid Social,Southeast,0
8354,2024-04-29,Paid Social,Southeast,0
708,2024-04-29,Paid Social,Southwest,0
10075,2024-04-29,Paid Social,Midwest,0
8738,2024-04-29,Paid Social,Southeast,0
3746,2024-04-29,Paid Social,Southwest,0
5501,2024-04-29,Referral,Southeast,0
2266,2024-04-29,Paid Social,West,0
3459,2024-04-29,Email,Northeast,0
9560,2024-04-29,Paid Search,Southwest,0
700,2024-04-29,Organic Search,Midwest,0
3991,2024-04-29,Referral,Northeast,0
10271,2024-04-29,Affiliate,Northeast,0
5149,2024-04-30,Paid Social,Northeast,0
10160,2024-04-30,Paid Social,Southeast,0
5875,2024-04-30,Paid Search,West,0
5886,2024-04-30,Email,Southwest,0
7106,2024-04-30,Referral,Midwest,0
5802,2024-04-30,Paid Search,West,0
2624,2024-04-30,Organic Search,Midwest,0
8543,2024-04-30,Paid Search,Southeast,0
11670,2024-04-30,Organic Search,Midwest,0
9944,2024-04-30,Organic Search,Northeast,0
11149,2024-04-30,Paid Social,Southwest,0
11999,2024-04-30,Referral,Northeast,0
1230,2024-04-30,Email,West,0
5531,2024-04-30,Paid Social,Midwest,0
10022,2024-04-30,Paid Social,West,0
8552,2024-04-30,Referral,West,0
7476,2024-05-01,Paid Search,Northeast,0
2042,2024-05-01,Organic Search,West,0
6715,2024-05-01,Paid Social,Midwest,0
1712,2024-05-01,Paid Social,Northeast,0
5917,2024-05-01,Organic Search,Southeast,0
9445,2024-05-01,Paid Search,West,0
4242,2024-05-01,Paid Social,Northeast,0
8625,2024-05-01,Affiliate,Northeast,0
2575,2024-05-01,Email,Southwest,0
3932,2024-05-02,Organic Search,Southwest,0
5700,2024-05-02,Paid Social,Southeast,0
11524,2024-05-02,Organic Search,West,0
7726,2024-05-02,Organic Search,West,0
11302,2024-05-02,Affiliate,West,0
1632,2024-05-02,Affiliate,Southwest,0
8652,2024-05-02,Paid Search,Midwest,0
7188,2024-05-02,Referral,Southwest,0
11173,2024-05-02,Paid Social,Southwest,0
3989,2024-05-02,Paid Social,West,0
7207,2024-05-02,Affiliate,West,0
10200,2024-05-02,Referral,Southwest,0
1599,2024-05-02,Organic Search,Northeast,0
2293,2024-05-02,Paid Social,West,0
9595,2024-05-02,Paid Social,Southeast,0
957,2024-05-02,Organic Search,Northeast,0
11785,2024-05-02,Organic Search,Southeast,0
8063,2024-05-02,Paid Search,Southwest,0
6440,2024-05-02,Paid Social,Southwest,0
3879,2024-05-03,Paid Search,Northeast,0
11036,2024-05-03,Paid Social,West,0
852,2024-05-03,Email,West,0
9709,2024-05-03,Paid Social,Northeast,0
10493,2024-05-03,Referral,Midwest,0
3718,2024-05-03,Email,West,0
2289,2024-05-04,Paid Search,Southeast,0
11419,2024-05-04,Paid Social,Northeast,0
8817,2024-05-04,Email,Midwest,0
1762,2024-05-04,Referral,West,0
6615,2024-05-04,Email,Northeast,0
3187,2024-05-04,Paid Search,Northeast,0
4510,2024-05-04,Paid Social,Southeast,0
3016,2024-05-04,Referral,Northeast,0
9519,2024-05-04,Paid Search,Southeast,0
6548,2024-05-04,Organic Search,Southwest,0
7446,2024-05-04,Affiliate,Midwest,0
5458,2024-05-04,Referral,Northeast,0
8758,2024-05-05,Paid Social,Midwest,0
6012,2024-05-05,Paid Search,Southeast,0
608,2024-05-05,Paid Social,Northeast,0
7769,2024-05-05,Affiliate,Midwest,0
780,2024-05-05,Paid Social,Northeast,0
8965,2024-05-05,Referral,Midwest,0
1464,2024-05-05,Affiliate,Northeast,0
3180,2024-05-05,Organic Search,Midwest,0
273,2024-05-05,Paid Search,Midwest,0
3086,2024-05-05,Organic Search,Northeast,0
4028,2024-05-05,Paid Search,West,0
545,2024-05-05,Paid Search,Northeast,0
3137,2024-05-05,Paid Social,Southeast,0
5310,2024-05-05,Paid Search,Northeast,0
11153,2024-05-06,Paid Search,Southeast,0
488,2024-05-06,Affiliate,Midwest,0
833,2024-05-06,Paid Search,Midwest,0
7999,2024-05-06,Organic Search,Northeast,0
10884,2024-05-06,Paid Search,West,0
1703,2024-05-06,Paid Search,Northeast,0
11832,2024-05-06,Paid Search,West,0
10778,2024-05-06,Paid Search,Southeast,0
7119,2024-05-06,Paid Social,West,0
7770,2024-05-06,Paid Search,West,0
5679,2024-05-06,Organic Search,West,0
4644,2024-05-06,Organic Search,Midwest,0
4260,2024-05-06,Email,Midwest,0
777,2024-05-07,Paid Social,Midwest,0
3318,2024-05-07,Paid Search,Southeast,0
1546,2024-05-07,Paid Social,Midwest,0
765,2024-05-07,Organic Search,West,0
5359,2024-05-07,Paid Search,Northeast,0
7415,2024-05-07,Affiliate,West,0
3972,2024-05-07,Paid Search,Northeast,0
10699,2024-05-07,Paid Search,Midwest,0
7026,2024-05-07,Organic Search,Southeast,0
955,2024-05-07,Paid Social,West,0
4340,2024-05-07,Paid Search,West,0
11856,2024-05-08,Referral,Northeast,0
6636,2024-05-08,Email,Midwest,0
9872,2024-05-08,Organic Search,Southwest,0
11535,2024-05-08,Paid Social,West,0
3888,2024-05-08,Paid Social,Southeast,0
5112,2024-05-08,Paid Social,Southeast,0
5255,2024-05-08,Paid Social,Northeast,0
3116,2024-05-08,Referral,West,0
609,2024-05-08,Paid Search,Southwest,0
8931,2024-05-08,Referral,Northeast,0
1236,2024-05-08,Organic Search,Southeast,0
386,2024-05-08,Referral,West,0
7716,2024-05-09,Email,Southeast,0
510,2024-05-09,Paid Social,Southwest,0
10012,2024-05-09,Affiliate,Northeast,0
8253,2024-05-09,Organic Search,Midwest,0
6315,2024-05-09,Paid Social,Midwest,0
10424,2024-05-09,Email,Southwest,0
3859,2024-05-09,Referral,Northeast,0
8810,2024-05-09,Paid Social,Midwest,0
5568,2024-05-09,Paid Search,Northeast,0
226,2024-05-09,Organic Search,Midwest,0
5804,2024-05-10,Organic Search,Southwest,0
1976,2024-05-10,Affiliate,West,0
7449,2024-05-10,Paid Social,Midwest,0
8035,2024-05-10,Paid Search,Southwest,0
7901,2024-05-10,Email,Midwest,0
5862,2024-05-10,Email,West,0
5955,2024-05-10,Paid Search,Southwest,0
11330,2024-05-10,Email,Southwest,0
359,2024-05-10,Paid Search,West,0
4010,2024-05-10,Paid Social,Midwest,0
10161,2024-05-10,Organic Search,Southwest,0
11621,2024-05-10,Affiliate,Southwest,0
10078,2024-05-10,Organic Search,Northeast,0
3253,2024-05-10,Paid Search,Northeast,0
7225,2024-05-11,Email,Southeast,0
8297,2024-05-11,Organic Search,West,0
4820,2024-05-11,Paid Social,Northeast,0
4669,2024-05-11,Paid Social,West,0
3634,2024-05-11,Affiliate,Southeast,0
2903,2024-05-11,Referral,Southeast,0
6864,2024-05-11,Paid Search,West,0
7853,2024-05-11,Paid Social,Southeast,0
7376,2024-05-11,Paid Social,West,0
383,2024-05-11,Organic Search,Midwest,0
2832,2024-05-11,Organic Search,Northeast,0
10480,2024-05-11,Paid Social,Southeast,0
9789,2024-05-11,Paid Social,Midwest,0
7145,2024-05-11,Organic Search,Southeast,0
5423,2024-05-11,Paid Search,Southwest,0
8655,2024-05-12,Paid Social,Northeast,0
4933,2024-05-12,Paid Search,West,0
9563,2024-05-12,Paid Search,West,0
1628,2024-05-12,Referral,West,0
205,2024-05-12,Organic Search,West,0
4517,2024-05-12,Email,Southwest,0
11360,2024-05-12,Email,West,0
11819,2024-05-13,Organic Search,Southeast,0
8275,2024-05-13,Affiliate,Southeast,0
973,2024-05-13,Paid Social,Southwest,0
8694,2024-05-13,Paid Search,Northeast,0
4615,2024-05-13,Paid Social,Southwest,0
10621,2024-05-13,Paid Search,Southeast,0
3915,2024-05-13,Organic Search,Southeast,0
8247,2024-05-13,Paid Social,Southwest,0
10021,2024-05-13,Email,Northeast,0
4631,2024-05-13,Paid Social,Midwest,0
7631,2024-05-13,Email,West,0
11755,2024-05-13,Paid Search,Northeast,0
11207,2024-05-13,Referral,Southwest,0
10734,2024-05-13,Paid Search,Southeast,0
3255,2024-05-13,Paid Search,West,0
11015,2024-05-13,Paid Social,Southeast,0
312,2024-05-14,Paid Social,Midwest,0
5010,2024-05-14,Paid Search,Southwest,0
6039,2024-05-14,Referral,Midwest,0
9473,2024-05-14,Paid Social,West,0
10239,2024-05-14,Paid Social,Northeast,0
8988,2024-05-14,Paid Social,Southeast,0
2933,2024-05-14,Paid Search,Northeast,0
11865,2024-05-14,Paid Social,West,0
4341,2024-05-14,Email,Southeast,0
2276,2024-05-14,Organic Search,West,0
4591,2024-05-14,Paid Social,Southeast,0
4991,2024-05-14,Organic Search,Northeast,0
615,2024-05-14,Paid Search,Midwest,0
4956,2024-05-14,Paid Social,Northeast,0
11876,2024-05-15,Affiliate,Southwest,0
4062,2024-05-15,Paid Social,West,0
11272,2024-05-15,Paid Search,Southeast,0
8759,2024-05-15,Paid Social,West,0
8973,2024-05-15,Paid Search,West,0
3973,2024-05-15,Paid Social,Midwest,0
8468,2024-05-15,Paid Social,West,0
153,2024-05-15,Referral,Southeast,0
7317,2024-05-15,Paid Social,Southeast,0
10048,2024-05-15,Referral,Southeast,0
8303,2024-05-15,Paid Search,Southeast,0
11368,2024-05-15,Email,Northeast,0
1967,2024-05-15,Paid Search,West,0
4674,2024-05-15,Paid Search,Midwest,0
3114,2024-05-16,Paid Social,West,0
1928,2024-05-16,Organic Search,Southeast,0
3687,2024-05-16,Paid Social,West,0
5935,2024-05-16,Organic Search,Southeast,0
137,2024-05-16,Organic Search,West,0
3058,2024-05-16,Email,Midwest,0
9746,2024-05-16,Referral,Midwest,0
3711,2024-05-16,Organic Search,Midwest,0
635,2024-05-16,Paid Social,Midwest,0
822,2024-05-16,Paid Social,Midwest,0
3078,2024-05-16,Paid Social,Midwest,0
2671,2024-05-16,Affiliate,Northeast,0
9716,2024-05-16,Paid Social,Southwest,0
10804,2024-05-17,Paid Search,West,0
10312,2024-05-17,Paid Search,West,0
9164,2024-05-17,Organic Search,Southwest,0
3224,2024-05-17,Paid Social,Northeast,0
11866,2024-05-17,Organic Search,West,0
2036,2024-05-17,Referral,West,0
5770,2024-05-17,Paid Social,Northeast,0
1122,2024-05-17,Paid Search,Southeast,0
154,2024-05-17,Referral,Northeast,0
2779,2024-05-17,Referral,Northeast,0
8020,2024-05-17,Paid Search,Southeast,0
651,2024-05-17,Email,Northeast,0
3636,2024-05-17,Organic Search,Northeast,0
8685,2024-05-17,Paid Social,Midwest,0
3519,2024-05-17,Paid Search,Southeast,0
11449,2024-05-18,Paid Social,West,0
6242,2024-05-18,Email,Northeast,0
9912,2024-05-18,Paid Social,Midwest,0
4356,2024-05-18,Referral,Southeast,0
376,2024-05-18,Paid Search,Northeast,0
1047,2024-05-18,Paid Social,Southeast,0
895,2024-05-18,Paid Search,Southeast,0
5444,2024-05-18,Paid Social,West,0
4998,2024-05-18,Paid Social,West,0
355,2024-05-18,Email,Southeast,0
11767,2024-05-18,Paid Search,Southeast,0
6924,2024-05-18,Organic Search,Northeast,0
2790,2024-05-18,Paid Social,Northeast,0
8377,2024-05-18,Organic Search,Southeast,0
11238,2024-05-18,Paid Social,Midwest,0
4997,2024-05-18,Paid Search,Southwest,0
7584,2024-05-18,Paid Social,Midwest,0
8897,2024-05-18,Paid Social,Southeast,0
6442,2024-05-18,Email,West,0
5766,2024-05-19,Email,Northeast,0
421,2024-05-19,Affiliate,Northeast,0
967,2024-05-19,Paid Search,Midwest,0
8672,2024-05-19,Affiliate,West,0
8628,2024-05-19,Referral,Northeast,0
9553,2024-05-19,Paid Search,Midwest,0
5594,2024-05-19,Organic Search,West,0
7214,2024-05-19,Paid Search,West,0
8181,2024-05-19,Paid Social,Southwest,0
8212,2024-05-19,Referral,Southeast,0
7698,2024-05-19,Paid Social,Northeast,0
11946,2024-05-19,Paid Social,West,0
4284,2024-05-19,Affiliate,Northeast,0
10979,2024-05-19,Paid Search,West,0
5057,2024-05-19,Organic Search,Southeast,0
10628,2024-05-19,Referral,Northeast,0
5159,2024-05-19,Paid Search,Midwest,0
8933,2024-05-19,Referral,Northeast,0
9287,2024-05-19,Affiliate,Southwest,0
1175,2024-05-20,Email,West,0
3810,2024-05-20,Organic Search,Southeast,0
11115,2024-05-20,Paid Social,West,0
6891,2024-05-20,Referral,Midwest,0
3643,2024-05-20,Paid Social,Southeast,0
7722,2024-05-20,Referral,Midwest,0
9265,2024-05-20,Paid Social,Northeast,0
9321,2024-05-20,Paid Social,Northeast,0
4335,2024-05-20,Organic Search,Midwest,0
11541,2024-05-20,Email,Southeast,0
7428,2024-05-20,Organic Search,Southwest,0
340,2024-05-20,Paid Social,Northeast,0
7023,2024-05-21,Organic Search,Northeast,0
8683,2024-05-21,Paid Search,Southeast,0
8786,2024-05-21,Paid Search,Southeast,0
1765,2024-05-21,Email,Southwest,0
150,2024-05-21,Paid Search,Southeast,0
11829,2024-05-21,Paid Search,Midwest,0
11473,2024-05-21,Paid Search,Midwest,0
10297,2024-05-21,Email,Northeast,0
2158,2024-05-21,Email,Southeast,0
612,2024-05-21,Paid Social,Southeast,0
10339,2024-05-21,Organic Search,Southwest,0
5152,2024-05-21,Organic Search,Southeast,0
218,2024-05-21,Affiliate,Southeast,0
7209,2024-05-22,Paid Social,West,0
2513,2024-05-22,Affiliate,Southeast,0
11958,2024-05-22,Paid Social,West,0
10488,2024-05-22,Organic Search,Southeast,0
8143,2024-05-22,Paid Social,Southeast,0
5795,2024-05-22,Paid Social,Southwest,0
1400,2024-05-22,Paid Social,Southwest,0
10412,2024-05-22,Paid Social,West,0
3903,2024-05-22,Email,Midwest,0
7484,2024-05-22,Email,West,0
6133,2024-05-22,Email,Northeast,0
10201,2024-05-22,Paid Search,Southeast,0
8072,2024-05-22,Paid Search,Southwest,0
11602,2024-05-22,Paid Social,Northeast,0
9669,2024-05-23,Paid Social,West,0
10499,2024-05-23,Paid Social,Southwest,0
9508,2024-05-23,Paid Social,Midwest,0
5025,2024-05-23,Paid Social,Southeast,0
6487,2024-05-23,Referral,Northeast,0
11409,2024-05-23,Organic Search,Southwest,0
9307,2024-05-23,Referral,West,0
9461,2024-05-23,Paid Search,Southeast,0
9226,2024-05-23,Email,West,0
3445,2024-05-23,Organic Search,Southwest,0
6871,2024-05-23,Paid Social,West,0
10664,2024-05-23,Paid Social,West,0
4109,2024-05-23,Organic Search,Northeast,0
11440,2024-05-23,Paid Social,West,0
7875,2024-05-23,Paid Search,Southwest,0
3007,2024-05-24,Organic Search,Midwest,0
11555,2024-05-24,Paid Search,Northeast,0
9691,2024-05-24,Organic Search,Midwest,0
5038,2024-05-24,Paid Search,Southeast,0
1552,2024-05-24,Email,West,0
1555,2024-05-24,Paid Social,Midwest,0
5602,2024-05-24,Organic Search,West,0
380,2024-05-24,Organic Search,Southeast,0
7933,2024-05-25,Paid Social,Northeast,0
8128,2024-05-25,Paid Social,West,0
5029,2024-05-25,Affiliate,Southwest,0
1061,2024-05-25,Paid Social,West,0
6374,2024-05-25,Organic Search,Southwest,0
3451,2024-05-25,Organic Search,Southwest,0
10915,2024-05-25,Organic Search,Southwest,0
10426,2024-05-25,Referral,Northeast,0
2437,2024-05-25,Paid Social,Southeast,0
5698,2024-05-25,Paid Social,West,0
711,2024-05-26,Paid Social,Southeast,0
7094,2024-05-26,Paid Search,West,0
3743,2024-05-26,Paid Social,West,0
9336,2024-05-26,Organic Search,Southeast,0
8982,2024-05-26,Paid Search,West,0
5123,2024-05-26,Affiliate,Southeast,0
6051,2024-05-26,Organic Search,West,0
10640,2024-05-26,Paid Social,Southwest,0
7193,2024-05-26,Referral,Southwest,0
7772,2024-05-26,Paid Social,Southeast,0
6457,2024-05-26,Paid Social,Southeast,0
8558,2024-05-26,Paid Search,Midwest,0
11986,2024-05-27,Paid Social,West,0
7141,2024-05-27,Paid Search,Southwest,0
3613,2024-05-27,Paid Social,West,0
5260,2024-05-27,Affiliate,Southeast,0
11342,2024-05-27,Paid Social,West,0
10081,2024-05-27,Organic Search,West,0
882,2024-05-27,Referral,Midwest,1
3652,2024-05-27,Paid Search,West,0
6314,2024-05-27,Referral,Midwest,0
8591,2024-05-27,Paid Search,Midwest,0
1769,2024-05-27,Referral,West,0
6451,2024-05-27,Organic Search,Northeast,0
5322,2024-05-27,Referral,Southwest,0
3083,2024-05-28,Paid Search,Midwest,0
10909,2024-05-28,Paid Social,Northeast,0
1738,2024-05-28,Email,Northeast,0
8296,2024-05-28,Email,West,0
3483,2024-05-28,Email,Southwest,0
9352,2024-05-29,Email,Southwest,0
10695,2024-05-29,Organic Search,Southeast,0
9091,2024-05-29,Paid Search,Southeast,0
5441,2024-05-29,Email,Southeast,0
2405,2024-05-29,Paid Search,West,0
6812,2024-05-29,Affiliate,Northeast,0
11691,2024-05-29,Email,Southeast,0
9659,2024-05-29,Paid Social,Midwest,0
9839,2024-05-29,Referral,West,0
9964,2024-05-29,Affiliate,Northeast,0
9498,2024-05-29,Referral,Southwest,0
3240,2024-05-30,Paid Social,Northeast,0
6976,2024-05-30,Organic Search,Southwest,0
4383,2024-05-30,Paid Social,Midwest,0
2270,2024-05-30,Paid Social,Midwest,0
1939,2024-05-30,Organic Search,Southeast,0
5009,2024-05-30,Organic Search,West,0
3421,2024-05-30,Organic Search,Northeast,0
546,2024-05-30,Email,Northeast,0
11408,2024-05-30,Affiliate,Southwest,0
6767,2024-05-30,Paid Social,Southwest,0
2001,2024-05-31,Affiliate,Northeast,0
11662,2024-05-31,Paid Social,Midwest,0
2230,2024-05-31,Paid Social,Midwest,0
3980,2024-05-31,Organic Search,Southwest,0
11008,2024-05-31,Organic Search,Midwest,0
294,2024-05-31,Organic Search,Northeast,0
6230,2024-05-31,Referral,Northeast,0
3612,2024-05-31,Email,Midwest,0
6492,2024-05-31,Paid Search,Northeast,0
8339,2024-05-31,Organic Search,Southwest,0
3596,2024-05-31,Organic Search,Midwest,0
4467,2024-06-01,Paid Search,Southwest,0
6661,2024-06-01,Paid Search,Midwest,0
5034,2024-06-01,Email,Midwest,0
448,2024-06-01,Organic Search,Northeast,0
1299,2024-06-01,Paid Search,Midwest,0
5332,2024-06-02,Referral,Southeast,0
11566,2024-06-02,Paid Social,Northeast,0
5899,2024-06-02,Organic Search,Southeast,0
1786,2024-06-02,Organic Search,Midwest,0
10626,2024-06-02,Email,Northeast,0
3587,2024-06-02,Paid Social,West,0
10138,2024-06-02,Paid Search,Northeast,0
1019,2024-06-02,Paid Social,West,0
11599,2024-06-02,Email,West,0
10331,2024-06-02,Paid Social,Southeast,0
11434,2024-06-02,Affiliate,Northeast,0
10615,2024-06-02,Organic Search,Southeast,0
5079,2024-06-02,Organic Search,Northeast,0
3,2024-06-02,Paid Social,Southwest,0
5200,2024-06-02,Referral,Northeast,0
11339,2024-06-03,Affiliate,Southeast,0
5195,2024-06-03,Paid Social,Southeast,0
491,2024-06-03,Paid Search,West,0
10056,2024-06-03,Affiliate,Southeast,0
3418,2024-06-03,Paid Search,Northeast,0
8828,2024-06-03,Paid Social,Southeast,0
3186,2024-06-03,Paid Search,Southeast,0
5823,2024-06-03,Paid Social,Southeast,0
11413,2024-06-03,Affiliate,West,0
1226,2024-06-04,Referral,Northeast,0
9124,2024-06-04,Organic Search,Midwest,0
5688,2024-06-04,Paid Social,Northeast,0
8894,2024-06-04,Paid Social,West,0
5167,2024-06-04,Paid Social,Midwest,0
11624,2024-06-04,Email,Northeast,0
1624,2024-06-04,Affiliate,Southeast,0
7697,2024-06-04,Affiliate,Midwest,0
9280,2024-06-04,Paid Social,Midwest,0
9750,2024-06-04,Paid Social,Southeast,0
10685,2024-06-04,Referral,Northeast,0
402,2024-06-04,Paid Social,Southeast,0
11598,2024-06-04,Paid Social,West,0
4731,2024-06-05,Organic Search,West,0
11674,2024-06-05,Referral,Southwest,0
6800,2024-06-05,Organic Search,Northeast,0
10337,2024-06-05,Referral,West,0
7964,2024-06-05,Referral,Southeast,0
7222,2024-06-05,Referral,West,0
11229,2024-06-06,Paid Search,Southwest,0
11559,2024-06-06,Paid Social,Southwest,0
5430,2024-06-06,Paid Social,West,0
4488,2024-06-06,Referral,Northeast,0
8227,2024-06-06,Paid Social,Southeast,0
4537,2024-06-06,Paid Social,Southwest,0
9681,2024-06-06,Paid Social,West,0
1063,2024-06-06,Referral,Southeast,0
11146,2024-06-06,Paid Search,Southwest,0
3359,2024-06-06,Paid Search,Midwest,0
8106,2024-06-06,Paid Social,Southeast,0
3593,2024-06-06,Affiliate,Midwest,0
4550,2024-06-06,Paid Search,Midwest,0
9306,2024-06-06,Paid Social,Midwest,0
4717,2024-06-06,Paid Social,Midwest,0
3662,2024-06-07,Affiliate,Midwest,0
6722,2024-06-07,Organic Search,Northeast,0
2046,2024-06-07,Paid Social,Southwest,0
10259,2024-06-07,Affiliate,Northeast,0
11119,2024-06-07,Affiliate,Midwest,0
2065,2024-06-07,Paid Search,Midwest,0
5314,2024-06-07,Paid Social,West,0
5340,2024-06-07,Paid Search,Midwest,0
7552,2024-06-07,Paid Social,Southwest,0
10359,2024-06-07,Paid Search,Midwest,0
9509,2024-06-07,Email,West,0
5925,2024-06-07,Paid Search,West,0
8028,2024-06-07,Paid Social,Southeast,0
6226,2024-06-07,Organic Search,Southwest,0
1796,2024-06-07,Organic Search,Midwest,0
5855,2024-06-07,Email,Northeast,0
4805,2024-06-07,Email,Southeast,0
6446,2024-06-07,Email,Southwest,0
172,2024-06-08,Email,Southeast,0
7245,2024-06-08,Paid Social,Northeast,0
3129,2024-06-08,Affiliate,Midwest,0
1566,2024-06-08,Paid Social,Southeast,0
8140,2024-06-08,Paid Search,Southwest,0
2345,2024-06-08,Organic Search,Southwest,0
1203,2024-06-08,Organic Search,Northeast,0
6369,2024-06-08,Affiliate,Midwest,0
8304,2024-06-08,Affiliate,Northeast,0
787,2024-06-08,Email,Northeast,0
7771,2024-06-08,Paid Search,Southwest,0
10209,2024-06-08,Organic Search,Southeast,0
1303,2024-06-08,Organic Search,Midwest,0
6733,2024-06-08,Paid Social,Northeast,0
1319,2024-06-08,Affiliate,West,0
11120,2024-06-08,Referral,Northeast,0
5845,2024-06-08,Paid Social,Southwest,0
2845,2024-06-08,Organic Search,Northeast,0
3716,2024-06-08,Paid Search,Southeast,0
641,2024-06-08,Organic Search,Southwest,0
7134,2024-06-09,Paid Search,West,0
8293,2024-06-09,Paid Social,Southeast,0
164,2024-06-09,Organic Search,West,0
9963,2024-06-09,Paid Search,West,0
10810,2024-06-09,Paid Search,Midwest,0
10016,2024-06-09,Paid Social,Northeast,0
8455,2024-06-09,Affiliate,Midwest,0
3533,2024-06-09,Paid Social,Northeast,0
350,2024-06-09,Paid Social,Southeast,0
7356,2024-06-10,Referral,Southwest,0
8553,2024-06-10,Affiliate,Southeast,0
5614,2024-06-10,Paid Social,Southeast,0
4380,2024-06-10,Paid Search,West,0
9930,2024-06-10,Paid Social,Northeast,0
5572,2024-06-10,Referral,Southeast,0
3900,2024-06-10,Organic Search,Midwest,0
9534,2024-06-10,Paid Social,Southeast,0
5482,2024-06-10,Organic Search,Northeast,0
5065,2024-06-10,Paid Search,Northeast,0
4121,2024-06-10,Paid Search,West,0
2535,2024-06-10,Referral,Midwest,0
11216,2024-06-10,Paid Search,Southeast,0
7912,2024-06-11,Paid Search,West,0
3467,2024-06-11,Paid Social,Midwest,0
6462,2024-06-11,Paid Social,Southeast,0
6859,2024-06-11,Paid Search,Midwest,0
1176,2024-06-11,Paid Social,Southeast,0
2680,2024-06-11,Email,Northeast,0
160,2024-06-11,Paid Social,Northeast,0
4735,2024-06-11,Affiliate,Midwest,0
9220,2024-06-11,Paid Social,Midwest,0
9723,2024-06-11,Organic Search,Northeast,0
5369,2024-06-11,Organic Search,Northeast,0
2819,2024-06-11,Paid Search,Southwest,0
10373,2024-06-11,Paid Search,Southeast,0
5151,2024-06-11,Paid Search,Northeast,0
3118,2024-06-12,Referral,Northeast,0
3875,2024-06-12,Paid Social,Southeast,0
10534,2024-06-12,Paid Social,Midwest,0
8515,2024-06-12,Paid Search,Southeast,0
7970,2024-06-12,Organic Search,Southwest,0
354,2024-06-12,Organic Search,Midwest,0
6519,2024-06-12,Email,Southeast,0
4294,2024-06-12,Organic Search,Midwest,0
8789,2024-06-12,Affiliate,Northeast,0
309,2024-06-12,Paid Search,Northeast,0
2926,2024-06-12,Email,Southwest,0
10346,2024-06-12,Referral,Northeast,0
11607,2024-06-12,Email,Northeast,0
1547,2024-06-12,Paid Social,Southwest,0
9261,2024-06-12,Referral,Northeast,0
11356,2024-06-13,Paid Social,Southeast,0
4689,2024-06-13,Organic Search,Southwest,0
11325,2024-06-13,Affiliate,West,0
11315,2024-06-13,Paid Social,Northeast,0
5148,2024-06-13,Paid Search,Midwest,0
4823,2024-06-13,Email,West,0
7838,2024-06-13,Paid Social,Southwest,0
9245,2024-06-13,Paid Social,Southeast,0
1279,2024-06-13,Affiliate,Southeast,0
2814,2024-06-13,Paid Social,West,0
8695,2024-06-13,Referral,West,0
2634,2024-06-13,Paid Social,West,0
9828,2024-06-14,Email,Southeast,0
4464,2024-06-14,Organic Search,Northeast,0
4276,2024-06-14,Paid Social,Northeast,0
11878,2024-06-14,Paid Social,Northeast,0
7389,2024-06-14,Paid Social,West,0
9690,2024-06-14,Organic Search,Northeast,0
3046,2024-06-14,Paid Social,West,0
4538,2024-06-14,Paid Search,Midwest,0
2924,2024-06-14,Affiliate,Southwest,0
6531,2024-06-14,Referral,Northeast,0
6420,2024-06-14,Paid Social,Southeast,0
9613,2024-06-15,Paid Social,West,0
3370,2024-06-15,Organic Search,Midwest,0
8262,2024-06-15,Paid Social,Midwest,0
4728,2024-06-15,Organic Search,Southwest,0
5997,2024-06-15,Email,Southwest,0
3164,2024-06-15,Paid Search,Northeast,0
4515,2024-06-15,Paid Search,West,0
6711,2024-06-15,Email,West,0
6153,2024-06-15,Paid Search,Midwest,0
3206,2024-06-15,Paid Social,Midwest,0
10141,2024-06-15,Paid Search,West,0
7702,2024-06-15,Referral,Southwest,0
4509,2024-06-15,Organic Search,Midwest,0
8730,2024-06-15,Affiliate,West,0
4884,2024-06-16,Paid Social,West,0
9795,2024-06-16,Paid Social,Southwest,0
2734,2024-06-16,Paid Social,Southwest,0
1815,2024-06-16,Organic Search,Midwest,0
5579,2024-06-16,Paid Social,West,0
4252,2024-06-16,Paid Social,Southwest,0
8087,2024-06-16,Organic Search,Northeast,0
7703,2024-06-16,Email,Southwest,0
5386,2024-06-16,Organic Search,West,0
6854,2024-06-16,Referral,Southeast,0
1923,2024-06-16,Paid Social,Northeast,0
856,2024-06-17,Paid Social,Southwest,0
3897,2024-06-17,Referral,Midwest,0
335,2024-06-17,Referral,Southeast,0
10524,2024-06-17,Paid Search,Southeast,0
6512,2024-06-17,Paid Social,Northeast,0
5144,2024-06-17,Organic Search,Midwest,0
4783,2024-06-17,Paid Social,Midwest,0
10687,2024-06-17,Paid Search,Northeast,0
1818,2024-06-17,Paid Social,Midwest,0
7619,2024-06-17,Paid Social,Northeast,0
7640,2024-06-17,Referral,Midwest,0
6383,2024-06-18,Organic Search,Southwest,0
9318,2024-06-18,Paid Social,Southwest,0
11544,2024-06-18,Email,Southeast,0
4671,2024-06-18,Paid Social,Northeast,0
7025,2024-06-18,Paid Social,Southeast,0
4436,2024-06-18,Affiliate,Northeast,0
8230,2024-06-18,Email,Southwest,0
10791,2024-06-18,Organic Search,Southeast,0
1243,2024-06-18,Paid Search,Northeast,0
2621,2024-06-18,Organic Search,Southwest,0
9049,2024-06-19,Paid Social,Southeast,0
263,2024-06-19,Paid Search,Northeast,0
5402,2024-06-19,Email,Southeast,0
10425,2024-06-19,Organic Search,Northeast,0
2062,2024-06-19,Paid Social,Northeast,0
8420,2024-06-19,Paid Social,Northeast,0
155,2024-06-19,Paid Social,West,0
7322,2024-06-19,Paid Search,Southwest,0
326,2024-06-19,Organic Search,Southeast,0
5871,2024-06-19,Paid Social,Northeast,0
571,2024-06-19,Organic Search,West,0
10946,2024-06-19,Affiliate,Southeast,0
11705,2024-06-20,Paid Social,Southeast,0
1931,2024-06-20,Paid Social,Northeast,0
4138,2024-06-20,Paid Social,Southeast,0
10340,2024-06-20,Paid Search,Southeast,0
3383,2024-06-20,Paid Social,Northeast,0
4354,2024-06-20,Organic Search,Northeast,0
3061,2024-06-20,Organic Search,Southeast,0
2033,2024-06-20,Email,Southeast,0
10136,2024-06-20,Affiliate,Midwest,0
4708,2024-06-20,Paid Social,West,0
8138,2024-06-20,Email,Midwest,0
2939,2024-06-20,Paid Social,Southeast,0
7022,2024-06-20,Referral,Northeast,0
7954,2024-06-21,Affiliate,Southeast,0
9859,2024-06-21,Paid Search,West,0
11585,2024-06-21,Organic Search,West,0
8525,2024-06-21,Paid Social,Southwest,0
668,2024-06-21,Paid Social,Southeast,0
3723,2024-06-21,Referral,Southwest,0
9821,2024-06-21,Referral,Southeast,0
5596,2024-06-21,Affiliate,Midwest,0
5846,2024-06-21,Paid Search,Southeast,0
7043,2024-06-21,Paid Social,Southeast,0
1408,2024-06-21,Affiliate,Southeast,0
2171,2024-06-22,Referral,Southeast,0
5860,2024-06-22,Paid Search,West,0
3789,2024-06-22,Referral,Southeast,0
4910,2024-06-22,Paid Social,Southwest,0
1563,2024-06-22,Organic Search,Northeast,0
9075,2024-06-22,Paid Social,Midwest,0
1957,2024-06-22,Paid Social,Southwest,0
9383,2024-06-22,Organic Search,Southeast,0
5923,2024-06-22,Paid Social,Southwest,0
7754,2024-06-22,Organic Search,Northeast,0
4705,2024-06-22,Paid Social,Midwest,0
868,2024-06-22,Email,Southeast,0
515,2024-06-22,Organic Search,Southeast,0
7045,2024-06-22,Referral,Northeast,0
6317,2024-06-23,Paid Search,Southeast,0
10931,2024-06-23,Organic Search,Northeast,0
4364,2024-06-23,Paid Social,West,0
1588,2024-06-23,Paid Search,Midwest,0
6096,2024-06-23,Referral,Midwest,0
2834,2024-06-23,Paid Social,Midwest,0
11194,2024-06-23,Affiliate,Northeast,0
5410,2024-06-23,Paid Search,Southeast,0
598,2024-06-23,Paid Social,Southeast,0
7319,2024-06-23,Organic Search,Southwest,0
4733,2024-06-24,Affiliate,West,0
2861,2024-06-24,Paid Social,Northeast,0
10045,2024-06-24,Paid Social,Southwest,0
9890,2024-06-24,Paid Social,West,0
2865,2024-06-24,Paid Search,West,0
3410,2024-06-24,Paid Social,West,0
7545,2024-06-24,Affiliate,Southwest,0
3236,2024-06-24,Referral,Midwest,0
10863,2024-06-24,Referral,Northeast,0
1727,2024-06-24,Organic Search,Midwest,0
4015,2024-06-24,Referral,Northeast,0
10496,2024-06-24,Paid Social,Midwest,0
9128,2024-06-24,Paid Social,Southwest,0
9067,2024-06-24,Referral,Northeast,0
9403,2024-06-24,Paid Social,West,0
2177,2024-06-24,Paid Search,West,0
9210,2024-06-25,Paid Social,West,0
8412,2024-06-25,Organic Search,Northeast,0
6613,2024-06-25,Organic Search,Southeast,0
7063,2024-06-25,Organic Search,Midwest,0
11645,2024-06-25,Paid Social,Southwest,0
7417,2024-06-25,Paid Social,Northeast,0
10613,2024-06-25,Paid Search,Southeast,0
1664,2024-06-25,Paid Search,Midwest,0
7525,2024-06-25,Email,Northeast,0
11292,2024-06-25,Organic Search,Southeast,0
6718,2024-06-25,Organic Search,Midwest,0
2846,2024-06-26,Email,Midwest,0
3963,2024-06-26,Paid Social,Southeast,0
3757,2024-06-26,Organic Search,Northeast,0
6000,2024-06-26,Paid Social,West,0
9605,2024-06-26,Paid Search,Midwest,0
6036,2024-06-26,Organic Search,Southwest,0
5621,2024-06-26,Referral,West,0
1104,2024-06-26,Referral,Southwest,0
2108,2024-06-26,Referral,Southwest,0
7426,2024-06-26,Paid Social,Northeast,0
5839,2024-06-26,Paid Search,Midwest,0
10704,2024-06-26,Organic Search,Midwest,0
2966,2024-06-27,Organic Search,West,0
7653,2024-06-27,Email,Midwest,0
9183,2024-06-27,Paid Search,Southwest,0
3465,2024-06-27,Paid Social,Northeast,0
5077,2024-06-27,Paid Social,Southeast,0
7548,2024-06-27,Paid Social,Northeast,0
10888,2024-06-27,Organic Search,Southeast,0
5312,2024-06-27,Paid Search,Southeast,0
6151,2024-06-27,Organic Search,West,0
5683,2024-06-27,Email,West,0
3002,2024-06-27,Organic Search,Southeast,0
11020,2024-06-27,Paid Social,Northeast,0
9826,2024-06-27,Organic Search,West,0
6497,2024-06-27,Email,West,0
11664,2024-06-27,Paid Search,West,0
1960,2024-06-27,Paid Search,Northeast,0
7393,2024-06-27,Referral,Northeast,0
2377,2024-06-27,Paid Social,West,0
8700,2024-06-28,Paid Search,Southeast,0
3420,2024-06-28,Paid Search,Midwest,0
11451,2024-06-28,Organic Search,Southwest,0
1647,2024-06-28,Paid Search,Southwest,0
80,2024-06-28,Paid Social,Midwest,0
6968,2024-06-28,Paid Search,West,0
3214,2024-06-28,Paid Social,Midwest,0
7463,2024-06-28,Paid Search,Midwest,0
1799,2024-06-29,Paid Social,West,0
10824,2024-06-29,Referral,Southwest,0
10433,2024-06-29,Paid Social,Northeast,0
9456,2024-06-29,Referral,Southwest,0
4579,2024-06-29,Paid Social,Midwest,0
8755,2024-06-29,Paid Social,West,0
11942,2024-06-29,Referral,Southeast,0
4065,2024-06-29,Email,West,0
6928,2024-06-29,Paid Social,Southeast,0
159,2024-06-29,Paid Search,Midwest,0
2914,2024-06-29,Paid Social,Midwest,0
206,2024-06-29,Organic Search,Northeast,0
167,2024-06-29,Paid Search,Northeast,0
3902,2024-06-29,Referral,Southwest,0
10283,2024-06-29,Affiliate,Southwest,0
4285,2024-06-29,Affiliate,West,0
2579,2024-06-29,Paid Social,West,0
835,2024-06-30,Organic Search,Southwest,0
7561,2024-06-30,Organic Search,West,0
8893,2024-06-30,Paid Search,Northeast,0
689,2024-06-30,Organic Search,Northeast,0
7277,2024-06-30,Paid Social,Southeast,0
8270,2024-06-30,Organic Search,Midwest,0
9951,2024-06-30,Paid Social,Southeast,0
2214,2024-06-30,Organic Search,Midwest,0
6388,2024-06-30,Paid Search,West,0
8401,2024-06-30,Paid Social,Midwest,0
5398,2024-06-30,Referral,Southeast,0
2699,2024-06-30,Email,Southwest,0
2787,2024-06-30,Organic Search,Midwest,0
5132,2024-06-30,Paid Search,Southeast,0
10673,2024-06-30,Paid Search,West,0
5479,2024-06-30,Paid Social,Southwest,0
8840,2024-07-01,Paid Social,Midwest,0
5540,2024-07-01,Referral,Midwest,0
11636,2024-07-01,Paid Social,Northeast,0
6777,2024-07-01,Organic Search,Midwest,0
9833,2024-07-01,Organic Search,Northeast,0
10901,2024-07-01,Affiliate,Southeast,0
435,2024-07-01,Referral,Southeast,0
1276,2024-07-01,Paid Social,Southeast,0
8187,2024-07-01,Paid Search,Midwest,0
8650,2024-07-02,Paid Social,Northeast,0
5348,2024-07-02,Paid Social,Northeast,0
3584,2024-07-02,Referral,West,0
7329,2024-07-02,Email,Southwest,0
11058,2024-07-02,Paid Social,Southwest,0
2955,2024-07-02,Paid Search,Southeast,0
8209,2024-07-02,Paid Social,West,0
1008,2024-07-02,Organic Search,West,0
5130,2024-07-02,Affiliate,Midwest,0
9058,2024-07-02,Paid Search,Midwest,0
10305,2024-07-03,Paid Social,Southeast,0
996,2024-07-03,Organic Search,Midwest,0
10736,2024-07-03,Email,Southeast,0
6763,2024-07-03,Paid Social,West,0
616,2024-07-03,Paid Search,Southeast,0
4072,2024-07-03,Referral,West,0
1135,2024-07-03,Referral,Southwest,0
4081,2024-07-03,Paid Social,Southeast,0
10589,2024-07-03,Paid Search,West,0
7321,2024-07-03,Organic Search,Midwest,0
8883,2024-07-03,Organic Search,Southwest,0
1067,2024-07-04,Paid Social,Midwest,0
5206,2024-07-04,Paid Search,Southeast,0
999,2024-07-04,Organic Search,West,0
11610,2024-07-04,Paid Search,Northeast,0
11250,2024-07-04,Email,Southeast,0
9082,2024-07-04,Referral,Southwest,0
10728,2024-07-04,Email,Northeast,0
6577,2024-07-04,Paid Social,Northeast,0
9300,2024-07-04,Referral,West,0
10115,2024-07-04,Paid Search,Northeast,0
3352,2024-07-04,Paid Search,West,0
1860,2024-07-04,Organic Search,Northeast,0
10861,2024-07-05,Paid Social,Midwest,0
6280,2024-07-05,Paid Social,Midwest,0
1143,2024-07-05,Paid Search,Northeast,0
10370,2024-07-05,Email,Southeast,0
1120,2024-07-05,Paid Social,West,0
5045,2024-07-05,Paid Search,Northeast,0
2281,2024-07-05,Referral,Northeast,0
9223,2024-07-05,Paid Social,Southeast,0
8533,2024-07-05,Organic Search,Southwest,0
11228,2024-07-05,Affiliate,West,0
11346,2024-07-05,Referral,Southeast,0
7615,2024-07-06,Organic Search,Midwest,0
7742,2024-07-06,Referral,Southeast,0
10215,2024-07-06,Paid Search,Midwest,0
11016,2024-07-06,Paid Social,Southeast,0
3994,2024-07-06,Paid Social,West,0
8950,2024-07-06,Paid Search,Southwest,0
2784,2024-07-06,Organic Search,Northeast,0
9062,2024-07-06,Paid Social,Southeast,0
2198,2024-07-06,Paid Search,Southeast,0
9948,2024-07-06,Paid Social,Northeast,0
1864,2024-07-06,Organic Search,Midwest,0
8079,2024-07-06,Organic Search,Midwest,0
11242,2024-07-06,Email,Northeast,0
11804,2024-07-07,Paid Social,West,0
10913,2024-07-07,Organic Search,Southwest,0
7704,2024-07-07,Referral,Northeast,0
737,2024-07-07,Organic Search,Northeast,0
9528,2024-07-07,Paid Search,Northeast,0
9051,2024-07-07,Paid Search,Southeast,0
7639,2024-07-07,Organic Search,Northeast,0
331,2024-07-07,Organic Search,Southwest,0
2309,2024-07-07,Email,Southwest,0
10952,2024-07-07,Paid Search,West,0
8166,2024-07-07,Referral,Northeast,0
1240,2024-07-07,Paid Search,Southwest,0
8670,2024-07-07,Paid Social,Southeast,0
2483,2024-07-08,Paid Social,Southeast,0
8030,2024-07-08,Affiliate,Southeast,0
10713,2024-07-08,Paid Social,Midwest,0
11255,2024-07-08,Affiliate,Midwest,0
10555,2024-07-08,Paid Social,West,0
4078,2024-07-08,Paid Social,Northeast,0
556,2024-07-08,Email,Southeast,0
3567,2024-07-08,Paid Social,West,0
7433,2024-07-08,Email,Midwest,0
5832,2024-07-08,Organic Search,Northeast,0
4277,2024-07-08,Organic Search,Southwest,0
4346,2024-07-08,Referral,Southeast,0
5503,2024-07-09,Paid Search,West,0
7068,2024-07-09,Paid Social,Southeast,0
5257,2024-07-09,Paid Social,West,0
10836,2024-07-09,Email,Midwest,0
10536,2024-07-09,Paid Social,Southeast,0
2076,2024-07-09,Organic Search,Southwest,0
3190,2024-07-09,Organic Search,Southeast,0
6368,2024-07-09,Paid Social,Northeast,0
1040,2024-07-09,Email,Southwest,0
7689,2024-07-09,Paid Social,Southwest,0
136,2024-07-09,Organic Search,Midwest,0
4416,2024-07-09,Organic Search,Northeast,0
3393,2024-07-09,Paid Social,West,0
8044,2024-07-09,Email,Midwest,0
5945,2024-07-09,Email,West,0
1085,2024-07-09,Referral,Northeast,0
43,2024-07-09,Paid Social,Southeast,0
6683,2024-07-09,Organic Search,West,0
8008,2024-07-09,Paid Search,Southeast,0
6562,2024-07-09,Email,Northeast,0
6104,2024-07-09,Organic Search,Southwest,0
3802,2024-07-09,Referral,Southeast,0
1983,2024-07-09,Affiliate,West,0
1301,2024-07-10,Paid Search,Southwest,0
3320,2024-07-10,Paid Social,Southeast,0
5630,2024-07-10,Paid Social,West,0
1387,2024-07-10,Referral,Southeast,0
8273,2024-07-10,Organic Search,West,0
9407,2024-07-10,Referral,West,0
4545,2024-07-10,Paid Social,Northeast,0
6482,2024-07-10,Paid Social,Midwest,0
9374,2024-07-10,Paid Search,Northeast,0
2146,2024-07-10,Organic Search,Midwest,0
4043,2024-07-11,Affiliate,Midwest,0
8531,2024-07-11,Referral,Southeast,0
45,2024-07-11,Paid Social,Midwest,0
1800,2024-07-11,Paid Social,Northeast,0
8236,2024-07-11,Paid Social,Northeast,0
8218,2024-07-11,Affiliate,Midwest,0
3537,2024-07-11,Paid Social,Midwest,0
9116,2024-07-11,Email,Midwest,0
3496,2024-07-11,Email,Midwest,0
730,2024-07-11,Referral,Southwest,0
9612,2024-07-11,Paid Social,West,0
1216,2024-07-11,Paid Social,West,0
3264,2024-07-11,Referral,West,0
3207,2024-07-11,Paid Search,Midwest,0
1670,2024-07-11,Affiliate,West,0
5373,2024-07-11,Referral,Southwest,0
1052,2024-07-11,Email,Northeast,0
3108,2024-07-11,Organic Search,Midwest,0
10868,2024-07-11,Paid Search,Southeast,0
306,2024-07-12,Organic Search,Southeast,0
10015,2024-07-12,Referral,West,0
5481,2024-07-12,Email,Southwest,0
3468,2024-07-12,Paid Search,Southwest,0
2888,2024-07-12,Email,Northeast,0
7054,2024-07-12,Organic Search,Midwest,0
100,2024-07-12,Referral,Southwest,0
6979,2024-07-12,Referral,Southeast,0
4770,2024-07-12,Paid Search,Midwest,0
3651,2024-07-12,Organic Search,Southwest,0
4344,2024-07-12,Organic Search,Southeast,0
2355,2024-07-12,Organic Search,Northeast,0
6167,2024-07-13,Paid Social,Midwest,0
3598,2024-07-13,Paid Social,West,0
2470,2024-07-13,Affiliate,West,0
9504,2024-07-13,Paid Social,West,0
4847,2024-07-13,Referral,West,0
3092,2024-07-13,Paid Social,Midwest,0
526,2024-07-13,Email,Northeast,0
11273,2024-07-13,Affiliate,Southwest,0
10572,2024-07-13,Referral,Southeast,0
10292,2024-07-14,Referral,Southeast,0
1144,2024-07-14,Organic Search,West,0
6962,2024-07-14,Paid Social,Southeast,0
3785,2024-07-14,Paid Search,Southeast,0
6912,2024-07-14,Paid Social,West,0
11663,2024-07-14,Paid Search,Southeast,0
454,2024-07-14,Email,Southeast,0
1611,2024-07-14,Organic Search,Southeast,0
8018,2024-07-14,Paid Search,Southeast,0
10569,2024-07-14,Paid Search,West,0
2006,2024-07-14,Paid Social,Northeast,0
10402,2024-07-14,Paid Social,Southeast,0
9647,2024-07-14,Referral,Midwest,0
7414,2024-07-14,Paid Search,West,0
11150,2024-07-14,Affiliate,Midwest,0
906,2024-07-14,Organic Search,Southeast,0
2561,2024-07-14,Paid Social,Northeast,0
11836,2024-07-14,Email,Southeast,0
2164,2024-07-14,Paid Social,Southwest,0
605,2024-07-14,Organic Search,Midwest,0
4839,2024-07-15,Paid Social,West,0
1305,2024-07-15,Paid Social,Midwest,0
3776,2024-07-15,Paid Search,Southeast,0
2601,2024-07-15,Paid Social,West,0
10860,2024-07-15,Referral,Northeast,0
8172,2024-07-15,Organic Search,Midwest,0
10650,2024-07-15,Paid Social,Northeast,0
8967,2024-07-15,Paid Social,Southwest,0
5089,2024-07-15,Organic Search,Southeast,0
6283,2024-07-15,Organic Search,West,0
6098,2024-07-15,Organic Search,Northeast,0
3397,2024-07-15,Organic Search,Southwest,0
10462,2024-07-15,Paid Search,Southeast,0
109,2024-07-15,Paid Social,Southeast,0
11358,2024-07-15,Referral,West,0
11694,2024-07-15,Paid Social,Southeast,0
1267,2024-07-15,Paid Social,Midwest,0
3633,2024-07-15,Referral,Midwest,0
3015,2024-07-15,Paid Social,Midwest,0
8160,2024-07-15,Affiliate,Midwest,0
2874,2024-07-15,Paid Search,West,0
5922,2024-07-16,Paid Social,Southwest,0
10561,2024-07-16,Paid Social,West,0
6645,2024-07-16,Affiliate,Midwest,0
452,2024-07-16,Referral,Northeast,0
11511,2024-07-16,Paid Social,Midwest,0
600,2024-07-16,Organic Search,West,0
3353,2024-07-16,Paid Social,Midwest,0
10749,2024-07-16,Affiliate,Southeast,0
127,2024-07-16,Organic Search,Southeast,0
470,2024-07-16,Paid Search,Midwest,0
5354,2024-07-16,Email,Southwest,0
5726,2024-07-16,Organic Search,West,0
6212,2024-07-16,Email,Southwest,0
9257,2024-07-16,Paid Search,West,0
1362,2024-07-16,Paid Search,Southeast,0
9977,2024-07-17,Paid Social,Midwest,0
2756,2024-07-17,Email,Northeast,0
5121,2024-07-17,Paid Social,Northeast,0
5820,2024-07-17,Referral,Northeast,0
10229,2024-07-17,Affiliate,Northeast,0
10237,2024-07-17,Organic Search,Southeast,0
2457,2024-07-17,Email,West,0
5212,2024-07-17,Organic Search,West,0
9003,2024-07-17,Email,Midwest,0
2519,2024-07-17,Email,Northeast,0
6834,2024-07-17,Organic Search,Northeast,0
7957,2024-07-17,Paid Search,Southwest,0
8193,2024-07-17,Paid Search,Midwest,0
7580,2024-07-17,Email,Midwest,0
6355,2024-07-17,Paid Social,Northeast,0
252,2024-07-18,Paid Social,Southwest,0
3551,2024-07-18,Email,West,0
5383,2024-07-18,Affiliate,Midwest,0
1340,2024-07-18,Paid Search,Southwest,0
1325,2024-07-18,Paid Search,Southeast,0
11263,2024-07-18,Referral,Northeast,0
6434,2024-07-18,Paid Social,Northeast,0
476,2024-07-18,Email,Southeast,0
9753,2024-07-18,Affiliate,Southeast,0
11002,2024-07-18,Paid Social,Northeast,0
10269,2024-07-18,Affiliate,Southwest,0
9411,2024-07-18,Paid Social,Southeast,0
9513,2024-07-18,Email,Southwest,0
4658,2024-07-18,Paid Search,Southeast,0
10011,2024-07-18,Paid Social,Northeast,0
3824,2024-07-19,Paid Search,Northeast,0
8012,2024-07-19,Paid Search,Southeast,0
620,2024-07-19,Referral,Southwest,0
7959,2024-07-19,Paid Social,Southwest,0
10010,2024-07-19,Organic Search,Northeast,0
5809,2024-07-19,Email,Southeast,0
800,2024-07-19,Organic Search,Midwest,0
5790,2024-07-19,Referral,Midwest,0
10500,2024-07-19,Paid Search,Northeast,0
7763,2024-07-19,Affiliate,Southwest,0
4255,2024-07-19,Organic Search,Midwest,0
6616,2024-07-19,Paid Social,Midwest,0
7491,2024-07-19,Email,Southwest,0
10501,2024-07-19,Referral,Southwest,0
3777,2024-07-19,Paid Search,Northeast,0
2762,2024-07-19,Referral,Midwest,0
5024,2024-07-19,Paid Social,Midwest,0
2777,2024-07-19,Referral,Midwest,0
2942,2024-07-19,Organic Search,West,0
5851,2024-07-19,Email,Northeast,0
6988,2024-07-20,Organic Search,Northeast,0
5169,2024-07-20,Email,Southeast,0
8360,2024-07-20,Paid Search,Southwest,0
1681,2024-07-20,Affiliate,West,0
10280,2024-07-20,Paid Social,Southeast,0
4250,2024-07-20,Email,Southeast,0
3920,2024-07-20,Email,West,0
4337,2024-07-20,Affiliate,Southwest,0
8896,2024-07-20,Organic Search,Northeast,0
6423,2024-07-20,Affiliate,West,0
11943,2024-07-20,Paid Social,West,0
5962,2024-07-20,Paid Social,West,0
5600,2024-07-21,Paid Search,West,0
6178,2024-07-21,Paid Social,Northeast,0
4797,2024-07-21,Organic Search,West,0
5938,2024-07-21,Email,Northeast,0
11730,2024-07-21,Affiliate,Southeast,0
5509,2024-07-21,Paid Social,West,0
6589,2024-07-21,Paid Social,West,0
9835,2024-07-21,Paid Search,Southeast,0
8910,2024-07-21,Paid Social,Midwest,0
10397,2024-07-21,Organic Search,Northeast,0
7270,2024-07-21,Paid Social,Southwest,0
1638,2024-07-21,Paid Search,Northeast,0
2362,2024-07-21,Paid Social,Southeast,0
7475,2024-07-21,Referral,Southwest,0
6987,2024-07-22,Paid Social,Northeast,0
4481,2024-07-22,Paid Social,Midwest,0
20,2024-07-22,Organic Search,West,0
5927,2024-07-22,Organic Search,West,0
6248,2024-07-22,Email,West,0
7204,2024-07-22,Organic Search,Northeast,0
8250,2024-07-22,Organic Search,Southwest,0
5356,2024-07-22,Paid Social,Southeast,0
7635,2024-07-22,Paid Social,West,0
1637,2024-07-23,Organic Search,Midwest,0
3447,2024-07-23,Organic Search,West,0
3853,2024-07-23,Paid Search,Northeast,0
3860,2024-07-23,Paid Social,West,0
10666,2024-07-23,Affiliate,Southeast,0
552,2024-07-23,Paid Search,Southeast,0
10268,2024-07-23,Affiliate,Midwest,0
5881,2024-07-23,Referral,Midwest,0
8286,2024-07-23,Paid Social,Southeast,0
8832,2024-07-23,Paid Social,Southeast,0
1659,2024-07-23,Paid Social,West,0
6790,2024-07-23,Paid Search,Northeast,0
3120,2024-07-24,Paid Search,Midwest,0
4095,2024-07-24,Paid Social,West,0
2828,2024-07-24,Paid Search,Northeast,0
6620,2024-07-24,Referral,Northeast,0
5084,2024-07-24,Paid Social,Northeast,0
3685,2024-07-24,Email,Southwest,0
2307,2024-07-24,Organic Search,Northeast,0
9413,2024-07-24,Organic Search,Midwest,0
9289,2024-07-24,Paid Search,Northeast,0
9117,2024-07-24,Paid Search,Northeast,0
8806,2024-07-24,Affiliate,Midwest,0
5757,2024-07-24,Paid Search,Northeast,0
221,2024-07-25,Paid Social,Southeast,0
10817,2024-07-25,Referral,Northeast,0
3660,2024-07-25,Paid Social,Midwest,0
7845,2024-07-25,Organic Search,Southwest,0
5188,2024-07-25,Referral,Northeast,0
2148,2024-07-25,Organic Search,West,0
10759,2024-07-25,Referral,Southeast,0
8908,2024-07-25,Organic Search,Southeast,0
5727,2024-07-25,Email,Southwest,0
3574,2024-07-25,Email,Northeast,0
180,2024-07-26,Paid Search,Northeast,0
266,2024-07-26,Paid Social,Southwest,0
4905,2024-07-26,Organic Search,Northeast,0
2583,2024-07-26,Organic Search,Northeast,0
11192,2024-07-26,Organic Search,Northeast,0
4993,2024-07-26,Organic Search,Southeast,0
2343,2024-07-26,Affiliate,Midwest,0
642,2024-07-26,Paid Search,West,0
3077,2024-07-26,Email,Southeast,0
1431,2024-07-26,Paid Social,Midwest,0
8425,2024-07-26,Paid Search,West,0
8169,2024-07-26,Organic Search,Midwest,0
4729,2024-07-26,Paid Social,Midwest,0
3406,2024-07-26,Paid Social,Northeast,0
6945,2024-07-27,Paid Social,Southwest,0
6141,2024-07-27,Paid Social,Southeast,0
7432,2024-07-27,Paid Social,Southeast,0
3113,2024-07-27,Organic Search,Northeast,0
6913,2024-07-27,Paid Search,Midwest,0
11260,2024-07-27,Paid Social,Northeast,0
5595,2024-07-27,Affiliate,West,0
1724,2024-07-28,Paid Social,West,0
11109,2024-07-28,Paid Social,Southeast,0
8239,2024-07-28,Paid Social,West,0
1204,2024-07-28,Paid Search,Southeast,0
11428,2024-07-28,Referral,Southeast,0
8837,2024-07-28,Affiliate,West,0
6506,2024-07-28,Paid Social,West,0
5732,2024-07-28,Paid Social,Southwest,0
6787,2024-07-28,Referral,Midwest,0
358,2024-07-28,Paid Social,Midwest,0
2119,2024-07-28,Paid Social,Northeast,0
5611,2024-07-28,Paid Social,Southwest,0
7778,2024-07-28,Paid Search,Southeast,0
2051,2024-07-29,Affiliate,Midwest,0
9181,2024-07-29,Paid Search,Northeast,0
2468,2024-07-29,Paid Search,Northeast,0
2773,2024-07-29,Paid Social,West,0
5190,2024-07-29,Referral,Northeast,0
8410,2024-07-29,Paid Social,Northeast,0
2244,2024-07-29,Organic Search,Southeast,0
6521,2024-07-29,Organic Search,Midwest,0
11521,2024-07-29,Affiliate,Southwest,0
11055,2024-07-29,Organic Search,West,0
2489,2024-07-29,Paid Social,Southwest,0
1391,2024-07-30,Paid Social,Northeast,0
3160,2024-07-30,Paid Search,Midwest,0
7200,2024-07-30,Referral,Southeast,0
2917,2024-07-30,Organic Search,Midwest,0
5547,2024-07-30,Paid Search,West,0
6022,2024-07-30,Email,West,0
1027,2024-07-30,Email,Southwest,0
8577,2024-07-30,Paid Search,Northeast,0
9542,2024-07-30,Paid Search,Northeast,0
4311,2024-07-30,Paid Social,Southeast,0
6695,2024-07-30,Paid Social,West,0
11509,2024-07-30,Paid Social,Southeast,0
9298,2024-07-30,Paid Social,West,0
7296,2024-07-30,Paid Search,Southeast,0
4493,2024-07-30,Referral,Southeast,0
6416,2024-07-30,Organic Search,Northeast,0
9275,2024-07-30,Paid Social,Southeast,0
10409,2024-07-30,Paid Search,West,0
6113,2024-07-31,Email,Southeast,0
11981,2024-07-31,Paid Search,Southwest,0
8844,2024-07-31,Paid Social,Northeast,0
947,2024-07-31,Referral,Northeast,0
2220,2024-07-31,Organic Search,Southwest,0
6077,2024-07-31,Paid Search,Midwest,0
7734,2024-07-31,Paid Social,West,0
10545,2024-07-31,Organic Search,West,0
8094,2024-07-31,Affiliate,Southeast,0
7541,2024-07-31,Paid Social,Southwest,0
9355,2024-07-31,Email,West,0
2166,2024-07-31,Paid Social,Midwest,0
486,2024-07-31,Paid Social,West,0
261,2024-07-31,Organic Search,West,0
10252,2024-07-31,Paid Social,Northeast,0
7175,2024-08-01,Email,Southwest,0
1597,2024-08-01,Organic Search,West,0
6707,2024-08-01,Paid Social,Midwest,0
3622,2024-08-01,Organic Search,Southwest,0
6520,2024-08-01,Paid Search,West,0
7154,2024-08-01,Referral,Southeast,0
6536,2024-08-01,Paid Social,Midwest,0
10838,2024-08-01,Paid Social,Midwest,0
1842,2024-08-01,Organic Search,Southwest,0
5793,2024-08-01,Affiliate,Southeast,0
9846,2024-08-01,Paid Search,West,0
3433,2024-08-01,Referral,Southwest,0
4439,2024-08-01,Affiliate,Southeast,0
10122,2024-08-01,Paid Social,Northeast,0
6160,2024-08-01,Organic Search,Southwest,0
5296,2024-08-02,Paid Social,West,0
11411,2024-08-02,Paid Social,Southwest,0
2026,2024-08-02,Referral,Northeast,0
1156,2024-08-02,Referral,Southeast,0
1911,2024-08-02,Organic Search,Southwest,0
2694,2024-08-02,Paid Search,Midwest,0
3787,2024-08-02,Paid Social,Southeast,0
9470,2024-08-02,Paid Social,West,0
4809,2024-08-02,Paid Social,Midwest,0
10969,2024-08-02,Organic Search,Northeast,0
42,2024-08-02,Organic Search,West,0
4398,2024-08-02,Paid Search,Southwest,0
982,2024-08-02,Email,Northeast,0
6513,2024-08-03,Organic Search,Midwest,0
4051,2024-08-03,Organic Search,Northeast,0
1199,2024-08-03,Organic Search,Southeast,0
9294,2024-08-03,Organic Search,Northeast,0
4378,2024-08-03,Paid Search,Southwest,0
2093,2024-08-03,Referral,West,0
3683,2024-08-03,Paid Social,Southeast,0
9200,2024-08-03,Paid Search,Midwest,0
9065,2024-08-03,Affiliate,Midwest,0
1962,2024-08-03,Paid Search,Southwest,0
2242,2024-08-03,Paid Social,Southeast,0
8186,2024-08-03,Paid Search,Southwest,0
6319,2024-08-04,Paid Search,Northeast,0
3814,2024-08-04,Paid Search,West,0
10157,2024-08-04,Organic Search,Midwest,0
4840,2024-08-04,Paid Search,Southeast,0
8380,2024-08-04,Organic Search,Northeast,0
10358,2024-08-04,Paid Social,Midwest,0
6371,2024-08-04,Affiliate,Northeast,0
1908,2024-08-04,Paid Search,Southwest,0
5674,2024-08-04,Paid Social,West,0
11508,2024-08-04,Organic Search,West,0
5939,2024-08-05,Organic Search,Midwest,0
4585,2024-08-05,Paid Search,Southwest,0
9518,2024-08-05,Email,Southeast,0
10054,2024-08-05,Paid Search,Midwest,0
11824,2024-08-05,Affiliate,Midwest,0
10756,2024-08-05,Affiliate,Midwest,0
2776,2024-08-05,Paid Social,Southwest,0
9961,2024-08-05,Referral,Northeast,0
918,2024-08-05,Email,Midwest,0
5687,2024-08-05,Email,Northeast,0
5606,2024-08-05,Paid Social,Northeast,0
2731,2024-08-05,Paid Social,West,0
1827,2024-08-05,Paid Social,Southeast,0
3780,2024-08-05,Email,Midwest,0
9323,2024-08-05,Referral,Northeast,0
9327,2024-08-05,Organic Search,West,0
10204,2024-08-05,Referral,West,0
2432,2024-08-05,Email,Midwest,0
9247,2024-08-05,Organic Search,West,0
6832,2024-08-05,Paid Social,Northeast,0
11495,2024-08-06,Organic Search,Northeast,0
3944,2024-08-06,Organic Search,Northeast,0
4504,2024-08-06,Organic Search,Northeast,0
6657,2024-08-06,Email,Northeast,0
2772,2024-08-06,Email,Midwest,0
11714,2024-08-06,Paid Social,West,0
7759,2024-08-06,Paid Social,Southwest,0
7733,2024-08-06,Organic Search,Northeast,0
3894,2024-08-06,Paid Social,Northeast,0
3167,2024-08-07,Email,Southeast,0
10811,2024-08-07,Email,West,0
10723,2024-08-07,Organic Search,Midwest,0
1295,2024-08-07,Paid Search,Southeast,0
9501,2024-08-07,Paid Search,Midwest,0
11430,2024-08-07,Organic Search,Northeast,0
2806,2024-08-07,Paid Social,West,0
11052,2024-08-07,Paid Social,Southeast,0
4135,2024-08-07,Email,Southeast,0
11506,2024-08-07,Paid Social,Southwest,0
2664,2024-08-07,Email,Southeast,0
8436,2024-08-08,Paid Search,Northeast,0
8000,2024-08-08,Paid Social,Northeast,0
11518,2024-08-08,Paid Social,Southeast,0
10771,2024-08-08,Referral,Northeast,0
10743,2024-08-08,Paid Social,Northeast,0
4489,2024-08-08,Paid Social,Southeast,0
11582,2024-08-08,Organic Search,Southwest,0
12000,2024-08-08,Organic Search,West,0
2160,2024-08-08,Paid Social,Midwest,0
2392,2024-08-08,Affiliate,West,0
1045,2024-08-08,Paid Social,Midwest,0
427,2024-08-09,Email,Southeast,0
9160,2024-08-09,Paid Social,Midwest,0
2461,2024-08-09,Referral,Southwest,0
10697,2024-08-09,Paid Social,Northeast,0
11098,2024-08-09,Paid Social,West,0
8940,2024-08-09,Paid Social,Northeast,0
5173,2024-08-09,Paid Social,Southeast,0
9354,2024-08-09,Organic Search,Midwest,0
11239,2024-08-09,Paid Search,Midwest,0
4979,2024-08-09,Affiliate,Midwest,0
9254,2024-08-09,Email,Northeast,0
1285,2024-08-09,Paid Search,Midwest,0
1194,2024-08-09,Paid Search,Southeast,0
9510,2024-08-09,Organic Search,Southeast,0
3922,2024-08-09,Paid Social,Northeast,0
11817,2024-08-09,Paid Search,Southeast,0
11726,2024-08-10,Paid Social,West,0
10733,2024-08-10,Affiliate,West,0
8934,2024-08-10,Paid Search,West,0
7020,2024-08-10,Referral,Midwest,0
4887,2024-08-10,Referral,Southeast,0
5515,2024-08-10,Paid Social,Midwest,0
1565,2024-08-10,Referral,Southeast,0
6821,2024-08-11,Organic Search,West,0
1601,2024-08-11,Organic Search,Midwest,0
9657,2024-08-11,Paid Social,West,0
1481,2024-08-11,Paid Social,Northeast,0
8868,2024-08-11,Affiliate,Midwest,0
4374,2024-08-11,Paid Social,Midwest,0
7206,2024-08-11,Organic Search,Southeast,0
4894,2024-08-11,Paid Social,Southeast,0
11323,2024-08-11,Organic Search,Northeast,0
1382,2024-08-11,Email,Northeast,0
5419,2024-08-11,Referral,Northeast,0
3872,2024-08-11,Organic Search,Southwest,0
5744,2024-08-11,Paid Social,West,0
8866,2024-08-12,Organic Search,Northeast,0
9156,2024-08-12,Organic Search,Southeast,0
1355,2024-08-12,Paid Social,Southeast,0
11347,2024-08-12,Referral,Southeast,0
4086,2024-08-12,Affiliate,Northeast,0
3617,2024-08-12,Organic Search,Southeast,0
9286,2024-08-12,Affiliate,West,0
2957,2024-08-12,Organic Search,Midwest,0
11011,2024-08-12,Paid Social,Southwest,0
4226,2024-08-12,Paid Social,Southeast,0
6475,2024-08-12,Paid Social,West,0
5438,2024-08-12,Organic Search,West,0
2224,2024-08-13,Paid Social,Midwest,0
2689,2024-08-13,Paid Search,Southwest,0
8431,2024-08-13,Paid Search,West,0
1083,2024-08-13,Paid Social,Southwest,0
11104,2024-08-13,Paid Search,West,0
428,2024-08-13,Organic Search,Midwest,0
11644,2024-08-13,Paid Social,Northeast,0
1002,2024-08-13,Paid Search,Midwest,0
3602,2024-08-13,Affiliate,Southeast,0
8157,2024-08-13,Paid Search,Southeast,0
3543,2024-08-13,Paid Search,Southeast,0
6029,2024-08-13,Referral,West,0
992,2024-08-13,Paid Search,Northeast,0
4441,2024-08-13,Paid Social,Midwest,0
1646,2024-08-13,Paid Social,Southeast,0
1893,2024-08-14,Organic Search,West,0
7531,2024-08-14,Paid Search,Southwest,0
5478,2024-08-14,Referral,West,0
9033,2024-08-14,Affiliate,Midwest,0
4389,2024-08-14,Organic Search,Southeast,0
4300,2024-08-14,Paid Search,Northeast,0
4662,2024-08-14,Paid Search,Midwest,0
8478,2024-08-14,Paid Social,Southeast,0
7080,2024-08-14,Organic Search,Northeast,0
10485,2024-08-14,Paid Social,Northeast,0
6944,2024-08-14,Organic Search,Northeast,0
4977,2024-08-14,Email,Southwest,0
3877,2024-08-14,Paid Social,Northeast,0
6965,2024-08-14,Affiliate,Southeast,0
2361,2024-08-14,Paid Search,Midwest,0
10825,2024-08-14,Paid Social,Southwest,0
5367,2024-08-14,Paid Search,Southeast,0
3675,2024-08-14,Email,Southeast,0
9914,2024-08-14,Paid Social,West,0
10829,2024-08-14,Paid Search,West,0
4876,2024-08-15,Paid Social,Northeast,0
1914,2024-08-15,Email,Midwest,0
1141,2024-08-15,Paid Search,Southeast,0
850,2024-08-15,Paid Social,Southwest,0
2606,2024-08-15,Paid Search,West,0
9238,2024-08-15,Email,Southeast,0
2002,2024-08-16,Paid Search,Southwest,0
6005,2024-08-16,Paid Social,Northeast,0
2835,2024-08-16,Affiliate,Southeast,0
3371,2024-08-16,Paid Search,Northeast,0
10447,2024-08-16,Organic Search,Southeast,0
11839,2024-08-16,Paid Social,Southwest,0
4023,2024-08-16,Paid Search,Southeast,0
7131,2024-08-16,Paid Social,Midwest,0
4227,2024-08-16,Email,Midwest,0
10323,2024-08-16,Paid Social,Northeast,0
11616,2024-08-16,Organic Search,Northeast,0
11997,2024-08-16,Organic Search,Southwest,0
4126,2024-08-17,Organic Search,Midwest,0
8189,2024-08-17,Organic Search,Northeast,0
11603,2024-08-17,Email,Southeast,0
5999,2024-08-17,Paid Social,West,0
4796,2024-08-17,Referral,Midwest,0
10477,2024-08-17,Organic Search,Southeast,0
3779,2024-08-17,Paid Social,Southeast,0
10857,2024-08-17,Organic Search,Northeast,0
5965,2024-08-17,Paid Search,Northeast,0
11223,2024-08-17,Email,West,0
5972,2024-08-17,Affiliate,Midwest,0
10042,2024-08-17,Referral,Northeast,0
11587,2024-08-17,Affiliate,Southwest,0
11232,2024-08-17,Organic Search,West,0
2530,2024-08-17,Paid Search,Southeast,0
8945,2024-08-17,Paid Social,West,0
1337,2024-08-17,Paid Search,West,0
3936,2024-08-17,Organic Search,Southeast,0
7583,2024-08-17,Organic Search,West,0
3112,2024-08-17,Paid Search,Northeast,0
1587,2024-08-17,Paid Social,Midwest,0
3298,2024-08-17,Email,Southeast,0
4764,2024-08-17,Organic Search,West,0
2414,2024-08-17,Referral,Southeast,0
5218,2024-08-18,Paid Search,Southwest,0
3100,2024-08-18,Organic Search,West,0
6805,2024-08-18,Paid Search,Southwest,0
5181,2024-08-18,Paid Social,Southeast,0
8634,2024-08-18,Paid Search,Southeast,0
10647,2024-08-18,Paid Social,Southeast,0
4324,2024-08-18,Paid Search,West,0
9100,2024-08-18,Paid Search,West,0
4996,2024-08-18,Paid Social,Midwest,0
3618,2024-08-18,Email,Southeast,0
7187,2024-08-18,Paid Social,Northeast,0
5276,2024-08-18,Referral,Southeast,0
9952,2024-08-18,Organic Search,Southeast,0
1328,2024-08-18,Paid Social,West,0
10715,2024-08-18,Paid Social,Southwest,0
9314,2024-08-18,Organic Search,Southwest,0
4498,2024-08-19,Paid Social,Southwest,0
11362,2024-08-19,Organic Search,West,0
11157,2024-08-19,Paid Social,Southeast,0
2615,2024-08-19,Paid Social,Midwest,0
9165,2024-08-19,Paid Social,Southwest,0
4215,2024-08-19,Paid Search,Southeast,0
8359,2024-08-19,Affiliate,Southeast,0
9415,2024-08-19,Affiliate,West,0
6401,2024-08-19,Paid Search,West,0
2018,2024-08-19,Paid Social,Northeast,0
2763,2024-08-19,Paid Social,Northeast,0
1406,2024-08-19,Organic Search,Midwest,0
3842,2024-08-20,Paid Social,Northeast,0
881,2024-08-20,Organic Search,Midwest,0
1803,2024-08-20,Affiliate,Midwest,0
9303,2024-08-20,Email,West,0
8009,2024-08-20,Affiliate,Northeast,0
6815,2024-08-20,Paid Search,West,0
5139,2024-08-20,Referral,Southeast,0
2805,2024-08-20,Paid Search,Northeast,0
7171,2024-08-20,Paid Social,West,0
5640,2024-08-20,Referral,Southeast,0
9583,2024-08-21,Referral,Midwest,0
3441,2024-08-21,Paid Social,West,0
10310,2024-08-21,Organic Search,Southeast,0
11268,2024-08-21,Paid Search,West,0
5007,2024-08-21,Email,Southwest,0
2116,2024-08-21,Email,West,0
5664,2024-08-21,Paid Social,Northeast,0
2753,2024-08-21,Organic Search,Southeast,0
1766,2024-08-21,Paid Search,Northeast,0
4558,2024-08-21,Paid Social,West,0
4562,2024-08-21,Email,West,0
2778,2024-08-21,Paid Social,Northeast,0
9023,2024-08-21,Affiliate,Southwest,0
5898,2024-08-22,Paid Search,West,0
1532,2024-08-22,Paid Search,Midwest,0
10594,2024-08-22,Affiliate,West,0
5462,2024-08-22,Paid Search,Southeast,0
7789,2024-08-22,Paid Search,West,0
6802,2024-08-22,Affiliate,Southeast,0
4792,2024-08-22,Paid Social,West,0
8223,2024-08-22,Organic Search,Southeast,0
2140,2024-08-22,Email,Southeast,0
4343,2024-08-22,Referral,Southwest,0
10088,2024-08-22,Paid Social,Southeast,0
5825,2024-08-22,Organic Search,West,0
519,2024-08-22,Email,Midwest,0
9908,2024-08-22,Paid Social,West,0
8120,2024-08-22,Email,Northeast,0
8540,2024-08-22,Paid Social,Northeast,0
11319,2024-08-23,Paid Social,Midwest,0
8955,2024-08-23,Paid Social,Northeast,0
7302,2024-08-23,Paid Social,Southwest,0
7977,2024-08-23,Paid Search,West,0
6806,2024-08-23,Organic Search,Northeast,0
5730,2024-08-23,Affiliate,Midwest,0
10731,2024-08-23,Paid Search,Southwest,0
8747,2024-08-23,Paid Search,Southwest,0
217,2024-08-23,Organic Search,Northeast,0
1501,2024-08-23,Organic Search,Midwest,0
11929,2024-08-23,Paid Search,Southeast,0
5624,2024-08-23,Paid Social,Midwest,0
479,2024-08-23,Email,Southeast,0
10974,2024-08-23,Organic Search,West,0
626,2024-08-24,Paid Social,Midwest,0
4194,2024-08-24,Affiliate,Midwest,0
2237,2024-08-24,Paid Social,Southwest,0
10908,2024-08-24,Paid Social,Midwest,0
119,2024-08-24,Organic Search,Southeast,0
2356,2024-08-24,Referral,West,0
1249,2024-08-24,Affiliate,Southeast,0
9460,2024-08-24,Paid Social,Northeast,0
10651,2024-08-24,Paid Social,Southeast,0
6803,2024-08-24,Paid Search,West,0
5859,2024-08-24,Paid Social,Southwest,0
4858,2024-08-24,Email,Northeast,0
4928,2024-08-24,Organic Search,Northeast,0
5231,2024-08-24,Affiliate,Northeast,0
2150,2024-08-24,Paid Social,Midwest,0
782,2024-08-24,Paid Search,Southeast,0
11230,2024-08-24,Paid Search,Northeast,0
9522,2024-08-24,Paid Social,Southeast,0
10959,2024-08-24,Organic Search,Southeast,0
3432,2024-08-24,Paid Social,Southeast,0
1322,2024-08-25,Referral,Midwest,0
2223,2024-08-25,Email,Midwest,0
1086,2024-08-25,Paid Search,Southeast,0
3031,2024-08-25,Organic Search,Midwest,0
6026,2024-08-25,Paid Search,Northeast,0
5217,2024-08-25,Paid Social,West,0
6018,2024-08-25,Paid Social,Midwest,0
1260,2024-08-25,Paid Social,West,0
3884,2024-08-25,Paid Social,West,0
6555,2024-08-25,Paid Social,West,0
5961,2024-08-25,Referral,Northeast,0
11184,2024-08-25,Paid Social,Southeast,0
1438,2024-08-25,Organic Search,Southwest,0
2895,2024-08-25,Paid Social,West,0
5455,2024-08-25,Paid Search,Midwest,0
3706,2024-08-25,Organic Search,Midwest,0
3385,2024-08-25,Referral,West,0
9393,2024-08-25,Paid Search,West,0
1832,2024-08-25,Organic Search,Southwest,0
3586,2024-08-25,Email,Southeast,0
2471,2024-08-26,Paid Social,Northeast,0
9878,2024-08-26,Email,Midwest,0
6461,2024-08-26,Paid Social,Southeast,0
3589,2024-08-26,Paid Social,Midwest,0
6376,2024-08-26,Paid Search,Midwest,0
4248,2024-08-26,Paid Social,Southeast,0
4093,2024-08-26,Referral,Southwest,0
7787,2024-08-26,Paid Search,Southwest,0
11416,2024-08-26,Paid Social,Northeast,0
4014,2024-08-26,Email,Southeast,0
9949,2024-08-26,Paid Social,Southeast,0
11542,2024-08-26,Affiliate,West,0
7618,2024-08-26,Affiliate,Southeast,0
11210,2024-08-26,Paid Search,Midwest,0
6843,2024-08-27,Paid Social,West,0
11979,2024-08-27,Paid Social,Northeast,0
3075,2024-08-27,Paid Social,Midwest,0
325,2024-08-27,Paid Search,West,0
10880,2024-08-27,Referral,Midwest,0
7934,2024-08-27,Organic Search,Southeast,0
3144,2024-08-27,Paid Social,Northeast,0
1538,2024-08-27,Paid Social,West,0
9704,2024-08-27,Affiliate,West,0
8708,2024-08-28,Paid Social,Northeast,0
2082,2024-08-28,Organic Search,Northeast,0
7568,2024-08-28,Paid Search,Southeast,0
10381,2024-08-28,Paid Search,Southwest,0
3782,2024-08-28,Paid Search,West,0
7567,2024-08-28,Paid Search,Southwest,0
10463,2024-08-28,Email,Southeast,0
6479,2024-08-28,Referral,Southwest,0
9225,2024-08-29,Email,Midwest,0
8500,2024-08-29,Paid Social,West,0
3364,2024-08-29,Organic Search,Southeast,0
5857,2024-08-29,Paid Social,Northeast,0
3524,2024-08-29,Paid Search,Midwest,0
1956,2024-08-29,Paid Social,Midwest,0
9283,2024-08-29,Paid Social,Midwest,0
5892,2024-08-29,Paid Search,West,0
9533,2024-08-29,Organic Search,Midwest,0
3181,2024-08-29,Paid Search,West,0
4965,2024-08-29,Paid Social,Southeast,0
564,2024-08-29,Paid Social,Northeast,0
9126,2024-08-29,Paid Social,West,0
3707,2024-08-29,Paid Social,West,0
9825,2024-08-30,Affiliate,Midwest,0
11779,2024-08-30,Organic Search,Northeast,0
2280,2024-08-30,Paid Social,Southwest,0
453,2024-08-30,Paid Search,West,0
444,2024-08-30,Organic Search,Southwest,0
5632,2024-08-30,Organic Search,Midwest,0
6833,2024-08-30,Paid Search,Southeast,0
11442,2024-08-30,Paid Search,West,0
7775,2024-08-30,Paid Social,Southwest,0
4322,2024-08-30,Paid Social,Midwest,0
6581,2024-08-30,Paid Search,West,0
10754,2024-08-30,Organic Search,Southwest,0
11519,2024-08-30,Referral,Southeast,0
375,2024-08-30,Email,Southeast,0
2674,2024-08-30,Paid Social,Southeast,0
5407,2024-08-30,Organic Search,Northeast,0
3968,2024-08-30,Paid Search,Southeast,0
2863,2024-08-31,Paid Search,Northeast,0
10469,2024-08-31,Paid Social,Midwest,0
4657,2024-08-31,Email,Southwest,0
1228,2024-08-31,Organic Search,Northeast,0
11169,2024-08-31,Affiliate,Midwest,0
1308,2024-08-31,Paid Search,Southeast,0
4387,2024-08-31,Paid Search,Midwest,0
9133,2024-08-31,Email,Southwest,0
6795,2024-08-31,Paid Search,Northeast,0
2586,2024-08-31,Paid Social,Northeast,0
11267,2024-08-31,Organic Search,Southeast,0
7730,2024-08-31,Paid Social,Southwest,0
5242,2024-08-31,Paid Social,Northeast,0
4273,2024-08-31,Paid Search,Southwest,0
807,2024-09-01,Paid Search,Northeast,0
11097,2024-09-01,Paid Social,Southeast,0
1835,2024-09-01,Paid Search,Midwest,0
3417,2024-09-01,Organic Search,Northeast,0
3656,2024-09-01,Paid Search,Midwest,0
367,2024-09-01,Email,Southwest,0
11450,2024-09-01,Organic Search,Southwest,0
4725,2024-09-01,Paid Search,Northeast,0
5232,2024-09-01,Paid Social,Southeast,0
10770,2024-09-01,Paid Social,West,0
8007,2024-09-01,Paid Social,West,0
3990,2024-09-01,Paid Social,Midwest,0
5549,2024-09-02,Email,Northeast,0
5678,2024-09-02,Referral,Northeast,0
131,2024-09-02,Referral,Southeast,0
10130,2024-09-02,Paid Search,Midwest,0
662,2024-09-02,Referral,Midwest,0
11301,2024-09-02,Paid Social,Southeast,0
147,2024-09-02,Affiliate,Northeast,0
4974,2024-09-02,Affiliate,Midwest,0
6340,2024-09-02,Paid Social,West,0
1073,2024-09-02,Paid Search,Southeast,0
8188,2024-09-02,Paid Social,Midwest,0
2104,2024-09-02,Paid Search,Southeast,0
10460,2024-09-02,Paid Social,Southwest,0
11295,2024-09-02,Paid Social,West,0
7198,2024-09-02,Paid Search,Northeast,0
9973,2024-09-03,Referral,Southwest,0
3256,2024-09-03,Paid Search,West,0
3154,2024-09-03,Paid Search,Northeast,0
11647,2024-09-03,Email,Southeast,0
1963,2024-09-03,Paid Social,Northeast,0
9535,2024-09-03,Email,Midwest,0
8078,2024-09-03,Affiliate,West,0
590,2024-09-03,Organic Search,Southeast,0
10379,2024-09-03,Paid Social,Northeast,0
1589,2024-09-03,Paid Social,Southeast,0
9566,2024-09-03,Paid Social,Southeast,0
3463,2024-09-03,Paid Social,Southwest,0
123,2024-09-03,Paid Social,Southwest,0
2754,2024-09-03,Organic Search,West,0
4114,2024-09-03,Referral,West,0
1229,2024-09-03,Referral,Midwest,0
10760,2024-09-03,Paid Social,West,0
3491,2024-09-04,Organic Search,Southeast,0
8524,2024-09-04,Paid Search,Southeast,0
6575,2024-09-04,Paid Social,Northeast,0
4787,2024-09-04,Paid Social,Midwest,0
1742,2024-09-04,Referral,Northeast,0
11118,2024-09-04,Affiliate,Southwest,0
3775,2024-09-04,Referral,West,0
10608,2024-09-04,Paid Social,Southeast,0
9943,2024-09-04,Paid Social,Southeast,0
10769,2024-09-04,Paid Social,Northeast,0
3949,2024-09-04,Paid Social,Southeast,0
11069,2024-09-04,Paid Social,West,0
3752,2024-09-04,Organic Search,Midwest,0
11116,2024-09-04,Paid Social,Midwest,0
9246,2024-09-04,Paid Social,Midwest,0
2144,2024-09-05,Organic Search,Northeast,0
1746,2024-09-05,Referral,Northeast,0
2311,2024-09-05,Paid Search,Northeast,0
3492,2024-09-05,Organic Search,West,0
501,2024-09-05,Email,Southwest,0
11034,2024-09-05,Organic Search,Northeast,0
1556,2024-09-05,Organic Search,West,0
6736,2024-09-05,Paid Social,Midwest,0
8276,2024-09-05,Organic Search,Northeast,0
2029,2024-09-05,Paid Search,Northeast,0
2436,2024-09-05,Affiliate,Southeast,0
7339,2024-09-05,Email,Southeast,0
8487,2024-09-06,Paid Social,Southwest,0
3018,2024-09-06,Organic Search,Northeast,0
11030,2024-09-06,Paid Search,Northeast,0
6301,2024-09-06,Email,Southwest,0
795,2024-09-06,Paid Social,West,0
4482,2024-09-06,Paid Social,Southeast,0
930,2024-09-06,Paid Search,Northeast,0
8601,2024-09-06,Paid Social,West,0
2012,2024-09-07,Organic Search,Northeast,0
8536,2024-09-07,Paid Social,West,0
7744,2024-09-07,Paid Social,Northeast,0
3042,2024-09-07,Referral,Southeast,0
10208,2024-09-07,Paid Social,Midwest,0
5639,2024-09-07,Referral,Midwest,0
1881,2024-09-07,Organic Search,Northeast,0
7299,2024-09-07,Referral,Midwest,0
2121,2024-09-07,Organic Search,Southeast,0
8757,2024-09-07,Paid Search,Northeast,0
11992,2024-09-07,Referral,Midwest,0
4122,2024-09-07,Referral,Midwest,0
9030,2024-09-07,Paid Search,Northeast,0
1630,2024-09-07,Email,Southwest,0
7823,2024-09-08,Paid Social,Midwest,0
5385,2024-09-08,Organic Search,Southeast,0
9860,2024-09-08,Organic Search,Southeast,0
11562,2024-09-08,Paid Search,Midwest,0
1920,2024-09-08,Paid Social,West,0
6724,2024-09-08,Paid Search,Northeast,0
614,2024-09-08,Organic Search,Midwest,0
1170,2024-09-08,Paid Social,Midwest,0
6188,2024-09-08,Paid Search,Midwest,0
903,2024-09-08,Paid Search,West,0
3363,2024-09-08,Paid Social,Southeast,0
10719,2024-09-08,Paid Search,West,0
6904,2024-09-08,Paid Search,Northeast,0
9899,2024-09-08,Organic Search,Southeast,0
3127,2024-09-08,Referral,Southwest,0
8900,2024-09-08,Affiliate,West,0
11719,2024-09-08,Paid Search,Southwest,0
9373,2024-09-08,Organic Search,West,0
10407,2024-09-09,Email,Midwest,0
7114,2024-09-09,Organic Search,Northeast,0
286,2024-09-09,Organic Search,West,0
1321,2024-09-09,Paid Search,Northeast,0
8492,2024-09-09,Affiliate,West,0
2162,2024-09-09,Organic Search,Southeast,0
5180,2024-09-09,Paid Social,Northeast,0
1261,2024-09-09,Organic Search,Southwest,0
4291,2024-09-09,Referral,Midwest,0
4567,2024-09-09,Paid Search,Southeast,0
7559,2024-09-09,Paid Search,Northeast,0
8327,2024-09-09,Referral,Midwest,0
4066,2024-09-09,Paid Social,West,0
7515,2024-09-09,Paid Search,West,0
3531,2024-09-09,Paid Social,West,0
3246,2024-09-10,Referral,Southeast,0
408,2024-09-10,Affiliate,Midwest,0
9645,2024-09-10,Email,West,0
6085,2024-09-10,Paid Social,West,0
2715,2024-09-10,Email,Southwest,0
3624,2024-09-10,Referral,Southeast,0
10683,2024-09-10,Email,West,0
6106,2024-09-10,Paid Search,Midwest,0
3163,2024-09-10,Paid Search,Southwest,0
8548,2024-09-10,Paid Social,Southeast,0
731,2024-09-10,Organic Search,Northeast,0
6191,2024-09-11,Organic Search,Southeast,0
2251,2024-09-11,Email,Southeast,0
92,2024-09-11,Email,Northeast,0
1495,2024-09-11,Paid Social,Southeast,0
222,2024-09-11,Paid Social,West,0
3690,2024-09-11,Paid Social,West,0
1154,2024-09-11,Affiliate,Midwest,0
6277,2024-09-11,Referral,West,0
2028,2024-09-11,Paid Social,Northeast,0
6838,2024-09-11,Paid Social,Midwest,0
2272,2024-09-11,Paid Search,Northeast,0
7242,2024-09-11,Paid Social,Northeast,0
2027,2024-09-11,Paid Social,Northeast,0
7125,2024-09-11,Paid Search,Northeast,0
6895,2024-09-11,Paid Search,Southeast,0
9277,2024-09-11,Email,Midwest,0
4476,2024-09-12,Paid Social,Southeast,0
10597,2024-09-12,Paid Social,Southwest,0
1292,2024-09-12,Paid Search,West,0
4455,2024-09-12,Paid Social,Southeast,0
1241,2024-09-12,Organic Search,Southwest,0
6981,2024-09-12,Organic Search,West,0
10249,2024-09-12,Referral,Southeast,0
4018,2024-09-12,Paid Social,Northeast,0
7143,2024-09-12,Paid Social,West,0
8313,2024-09-12,Paid Search,Northeast,0
8507,2024-09-12,Affiliate,West,0
4909,2024-09-12,Paid Search,Southeast,0
3745,2024-09-12,Paid Social,Southwest,0
4313,2024-09-12,Organic Search,Northeast,0
224,2024-09-12,Paid Social,West,0
6766,2024-09-12,Paid Search,Northeast,0
1954,2024-09-12,Organic Search,Northeast,0
2412,2024-09-12,Paid Search,West,0
6181,2024-09-12,Paid Search,Northeast,0
5882,2024-09-13,Referral,Southeast,0
2804,2024-09-13,Paid Social,Southwest,0
1968,2024-09-13,Referral,West,0
9122,2024-09-13,Organic Search,West,0
2474,2024-09-13,Email,Northeast,0
1673,2024-09-13,Organic Search,Southeast,0
2071,2024-09-13,Referral,Midwest,0
3742,2024-09-13,Paid Search,Midwest,0
165,2024-09-13,Paid Social,Northeast,0
4033,2024-09-13,Paid Search,Northeast,0
4261,2024-09-13,Paid Social,Northeast,0
10110,2024-09-13,Organic Search,Midwest,0
10665,2024-09-13,Referral,West,0
6349,2024-09-14,Paid Social,Northeast,0
1530,2024-09-14,Referral,West,0
316,2024-09-14,Paid Search,West,0
9853,2024-09-14,Paid Social,Southwest,0
2413,2024-09-14,Paid Social,Southeast,0
1184,2024-09-14,Email,Southeast,0
9028,2024-09-14,Organic Search,Midwest,0
11328,2024-09-14,Paid Social,Southeast,0
9147,2024-09-14,Organic Search,Southeast,0
10632,2024-09-14,Paid Search,Southwest,0
1474,2024-09-14,Paid Social,West,0
8534,2024-09-14,Organic Search,Southeast,0
3563,2024-09-14,Paid Social,Southeast,0
6992,2024-09-14,Paid Search,West,0
2786,2024-09-14,Paid Search,Southeast,0
10923,2024-09-14,Affiliate,Midwest,0
3220,2024-09-14,Email,Northeast,0
7265,2024-09-14,Paid Social,Northeast,0
5372,2024-09-14,Referral,West,0
8578,2024-09-14,Organic Search,Midwest,0
3134,2024-09-15,Email,Midwest,0
5976,2024-09-15,Paid Social,Northeast,0
2193,2024-09-15,Paid Search,Southwest,0
6740,2024-09-15,Paid Social,West,0
3091,2024-09-15,Organic Search,Northeast,0
3004,2024-09-15,Email,Northeast,0
7344,2024-09-15,Paid Social,Southwest,0
9417,2024-09-15,Paid Search,Southeast,0
8300,2024-09-15,Email,Southwest,0
7231,2024-09-15,Referral,Midwest,0
5861,2024-09-15,Paid Search,Southwest,0
9765,2024-09-15,Paid Social,Southwest,0
8054,2024-09-15,Paid Search,Midwest,0
11436,2024-09-15,Paid Search,Northeast,0
11004,2024-09-15,Email,Southeast,0
262,2024-09-15,Paid Social,Southwest,0
8141,2024-09-15,Paid Social,West,0
5050,2024-09-15,Paid Search,West,0
5557,2024-09-16,Paid Social,Southwest,0
5605,2024-09-16,Paid Social,Southeast,0
9741,2024-09-16,Paid Search,West,0
11455,2024-09-16,Paid Search,Northeast,0
269,2024-09-16,Referral,West,0
3050,2024-09-16,Paid Social,West,0
1256,2024-09-16,Paid Social,West,0
9774,2024-09-16,Organic Search,West,0
2657,2024-09-16,Paid Social,Northeast,0
3878,2024-09-16,Affiliate,West,0
8393,2024-09-16,Organic Search,Northeast,0
7661,2024-09-16,Referral,Southeast,0
10261,2024-09-16,Affiliate,Midwest,0
4469,2024-09-16,Paid Social,Northeast,0
2316,2024-09-17,Paid Search,Midwest,0
9066,2024-09-17,Affiliate,Northeast,0
4249,2024-09-17,Affiliate,Midwest,0
7212,2024-09-17,Organic Search,Southeast,0
5758,2024-09-17,Paid Social,West,0
3149,2024-09-17,Organic Search,Northeast,0
234,2024-09-17,Affiliate,West,0
3466,2024-09-17,Paid Social,Northeast,0
2478,2024-09-17,Paid Social,West,0
9917,2024-09-17,Organic Search,Midwest,0
6234,2024-09-17,Email,Northeast,0
11873,2024-09-18,Paid Search,Northeast,0
4443,2024-09-18,Paid Search,Southeast,0
1798,2024-09-18,Paid Social,Midwest,0
5866,2024-09-18,Organic Search,Southwest,0
6691,2024-09-18,Organic Search,Southeast,0
1851,2024-09-18,Paid Search,Northeast,0
11947,2024-09-18,Referral,Northeast,0
2716,2024-09-18,Referral,Southeast,0
6917,2024-09-18,Organic Search,Southeast,0
3488,2024-09-18,Referral,West,0
2765,2024-09-18,Email,Northeast,0
962,2024-09-18,Paid Search,Northeast,0
4985,2024-09-19,Referral,Southeast,0
10513,2024-09-19,Organic Search,Southwest,0
3348,2024-09-19,Referral,West,0
10484,2024-09-19,Paid Social,Southwest,0
3560,2024-09-19,Paid Search,Southeast,0
7953,2024-09-19,Referral,Northeast,0
7012,2024-09-19,Paid Social,Midwest,0
8265,2024-09-19,Email,West,0
10546,2024-09-19,Referral,Southeast,0
4799,2024-09-19,Paid Social,Southwest,0
4235,2024-09-19,Organic Search,Southeast,0
10801,2024-09-19,Paid Social,West,0
5878,2024-09-19,Organic Search,West,0
3988,2024-09-19,Paid Social,Southwest,0
3868,2024-09-19,Paid Social,Southeast,0
7087,2024-09-19,Paid Search,Northeast,0
7050,2024-09-19,Organic Search,Southwest,0
4400,2024-09-19,Organic Search,Southeast,0
1098,2024-09-19,Paid Social,Northeast,0
11629,2024-09-19,Affiliate,Southwest,0
10223,2024-09-19,Email,Northeast,0
7598,2024-09-19,Paid Social,Southwest,0
2633,2024-09-19,Paid Search,Southeast,0
1188,2024-09-19,Affiliate,Midwest,0
8917,2024-09-20,Paid Social,Southeast,0
10581,2024-09-20,Paid Social,Midwest,0
6089,2024-09-20,Organic Search,West,0
3568,2024-09-20,Paid Search,Midwest,0
11902,2024-09-20,Paid Search,Southwest,0
6524,2024-09-20,Organic Search,Northeast,0
4245,2024-09-20,Organic Search,Southwest,0
2342,2024-09-20,Paid Social,Southwest,0
429,2024-09-20,Organic Search,West,0
4846,2024-09-20,Organic Search,West,0
11996,2024-09-21,Organic Search,West,0
6117,2024-09-21,Paid Social,Northeast,0
1429,2024-09-21,Referral,Northeast,0
1343,2024-09-21,Paid Social,Midwest,0
5142,2024-09-21,Paid Search,Southwest,0
210,2024-09-21,Paid Search,Southeast,0
9900,2024-09-21,Paid Search,West,0
3146,2024-09-21,Affiliate,Southeast,0
7608,2024-09-21,Paid Social,Southwest,0
10834,2024-09-21,Paid Search,Southeast,0
8457,2024-09-21,Paid Social,Southwest,0
1996,2024-09-21,Paid Search,West,0
254,2024-09-21,Referral,Northeast,0
2725,2024-09-22,Organic Search,Midwest,0
7892,2024-09-22,Affiliate,West,0
4655,2024-09-22,Organic Search,Northeast,0
8820,2024-09-22,Paid Search,Southeast,0
7210,2024-09-22,Email,Midwest,0
5864,2024-09-22,Paid Social,Midwest,0
8397,2024-09-22,Paid Search,Southeast,0
1802,2024-09-22,Organic Search,Southeast,0
7448,2024-09-22,Paid Search,Midwest,0
7621,2024-09-22,Paid Social,Midwest,0
11975,2024-09-23,Affiliate,Northeast,0
880,2024-09-23,Paid Social,Northeast,0
3762,2024-09-23,Email,West,0
5323,2024-09-23,Paid Social,Southeast,0
5586,2024-09-23,Paid Search,Northeast,0
3917,2024-09-23,Affiliate,Southwest,0
6644,2024-09-23,Paid Search,Northeast,0
1414,2024-09-23,Paid Social,Midwest,0
7285,2024-09-23,Referral,Southeast,0
532,2024-09-23,Paid Social,Midwest,0
8662,2024-09-23,Paid Social,Midwest,0
363,2024-09-23,Paid Social,Midwest,0
3764,2024-09-23,Paid Social,Northeast,0
4061,2024-09-23,Paid Search,Midwest,0
10802,2024-09-24,Referral,Southwest,0
7370,2024-09-24,Organic Search,Southeast,0
11262,2024-09-24,Paid Search,West,0
10696,2024-09-24,Organic Search,Northeast,0
10175,2024-09-24,Paid Search,Southwest,0
9002,2024-09-24,Organic Search,Southwest,0
9,2024-09-24,Referral,Northeast,0
1106,2024-09-24,Paid Search,Southeast,0
6896,2024-09-24,Email,Southwest,0
5150,2024-09-24,Paid Social,Southwest,0
764,2024-09-24,Paid Social,Midwest,0
3223,2024-09-24,Paid Search,West,0
3272,2024-09-25,Paid Search,Midwest,0
3861,2024-09-25,Paid Search,Southeast,0
4473,2024-09-25,Referral,Northeast,0
5170,2024-09-25,Referral,West,0
5364,2024-09-25,Referral,Northeast,0
2661,2024-09-25,Organic Search,Southeast,0
156,2024-09-25,Referral,West,0
3585,2024-09-25,Organic Search,Southeast,0
3931,2024-09-25,Referral,West,0
8315,2024-09-25,Email,Southeast,0
8309,2024-09-25,Organic Search,Northeast,0
6656,2024-09-25,Paid Social,Midwest,0
2098,2024-09-26,Email,Midwest,0
11504,2024-09-26,Paid Social,Southwest,0
4694,2024-09-26,Affiliate,West,0
1487,2024-09-26,Referral,Southwest,0
9098,2024-09-26,Paid Social,Northeast,0
675,2024-09-26,Paid Search,Southeast,0
11185,2024-09-26,Paid Search,Northeast,0
828,2024-09-26,Email,Northeast,0
6686,2024-09-26,Organic Search,Northeast,0
7323,2024-09-26,Affiliate,Southwest,0
1578,2024-09-26,Referral,Northeast,0
4108,2024-09-26,Email,Southwest,0
9341,2024-09-26,Paid Search,Midwest,0
8014,2024-09-26,Paid Social,Northeast,0
9345,2024-09-26,Paid Search,Southeast,0
356,2024-09-26,Paid Search,Southeast,0
4296,2024-09-26,Organic Search,Midwest,0
7001,2024-09-27,Referral,Northeast,0
3302,2024-09-27,Paid Search,Southeast,0
6920,2024-09-27,Paid Social,Southwest,0
9892,2024-09-27,Paid Social,Northeast,0
7880,2024-09-27,Paid Social,Southeast,0
4288,2024-09-27,Paid Social,Southwest,0
6325,2024-09-27,Referral,Southwest,0
4913,2024-09-27,Email,Southwest,0
5714,2024-09-27,Paid Social,Southeast,0
456,2024-09-28,Paid Search,West,0
8473,2024-09-28,Organic Search,Southwest,0
6208,2024-09-28,Paid Social,Midwest,0
5967,2024-09-28,Email,Midwest,0
10375,2024-09-28,Organic Search,Northeast,0
4001,2024-09-28,Affiliate,Midwest,0
8474,2024-09-28,Paid Search,Southwest,0
3699,2024-09-28,Organic Search,Southwest,0
8092,2024-09-28,Referral,Midwest,0
6267,2024-09-28,Organic Search,Northeast,0
7246,2024-09-28,Referral,West,0
2017,2024-09-28,Paid Search,Northeast,0
3825,2024-09-28,Paid Search,Northeast,0
6179,2024-09-28,Paid Social,Southeast,0
10270,2024-09-28,Paid Search,Northeast,0
1210,2024-09-28,Email,West,0
5239,2024-09-29,Paid Search,Northeast,0
2179,2024-09-29,Paid Search,West,0
579,2024-09-29,Email,Midwest,0
2886,2024-09-29,Paid Social,Southeast,0
4040,2024-09-29,Organic Search,West,0
11988,2024-09-29,Paid Social,Southeast,0
5163,2024-09-29,Paid Social,Southeast,0
4131,2024-09-29,Paid Social,Northeast,0
4543,2024-09-29,Organic Search,Midwest,0
5143,2024-09-29,Paid Search,Southeast,0
258,2024-09-29,Organic Search,Midwest,0
8633,2024-09-29,Paid Social,Northeast,0
5988,2024-09-29,Paid Social,Southwest,0
6464,2024-09-29,Paid Social,Southeast,0
10732,2024-09-29,Affiliate,Southeast,0
970,2024-09-29,Email,Midwest,0
622,2024-09-30,Paid Social,West,0
3300,2024-09-30,Organic Search,West,0
9137,2024-09-30,Paid Search,West,0
129,2024-09-30,Organic Search,Midwest,0
11397,2024-09-30,Affiliate,Midwest,0
4724,2024-09-30,Paid Social,Southeast,0
8019,2024-09-30,Affiliate,West,0
11502,2024-09-30,Organic Search,West,0
1855,2024-09-30,Affiliate,Midwest,0
7574,2024-09-30,Paid Search,West,0
6570,2024-09-30,Paid Search,Northeast,0
7612,2024-09-30,Referral,Southwest,0
1692,2024-09-30,Paid Social,West,0
4773,2024-09-30,Paid Social,Midwest,0
705,2024-09-30,Affiliate,Southwest,0
6571,2024-09-30,Paid Social,Northeast,0
9435,2024-09-30,Paid Social,Northeast,0
577,2024-10-01,Paid Social,Southeast,0
6471,2024-10-01,Organic Search,West,0
6107,2024-10-01,Organic Search,West,0
744,2024-10-01,Email,West,0
7345,2024-10-01,Paid Search,Midwest,0
5161,2024-10-01,Paid Social,Northeast,0
4908,2024-10-01,Paid Social,Southwest,0
607,2024-10-01,Organic Search,West,0
9228,2024-10-01,Paid Social,West,0
6844,2024-10-01,Referral,Northeast,0
11478,2024-10-01,Email,Northeast,0
1293,2024-10-01,Paid Search,Southwest,0
4077,2024-10-01,Organic Search,Southwest,0
3664,2024-10-02,Referral,Northeast,0
9887,2024-10-02,Paid Social,Northeast,0
1407,2024-10-02,Paid Social,Northeast,0
5301,2024-10-02,Paid Search,Midwest,0
9667,2024-10-02,Paid Social,Southwest,0
6816,2024-10-02,Paid Social,Northeast,0
1904,2024-10-02,Paid Search,Southwest,0
1527,2024-10-02,Paid Social,Northeast,0
2387,2024-10-02,Email,Southeast,0
11849,2024-10-02,Affiliate,Northeast,0
5358,2024-10-03,Organic Search,Southwest,0
3275,2024-10-03,Organic Search,West,0
8328,2024-10-03,Paid Social,Southeast,0
82,2024-10-03,Email,West,0
4554,2024-10-03,Paid Social,Midwest,0
974,2024-10-03,Organic Search,Southeast,0
2850,2024-10-03,Email,Northeast,0
5086,2024-10-03,Referral,West,0
1439,2024-10-03,Paid Social,Northeast,0
4147,2024-10-03,Affiliate,Northeast,0
9758,2024-10-03,Referral,Southwest,0
241,2024-10-03,Paid Social,West,0
4660,2024-10-03,Paid Search,West,0
3081,2024-10-03,Paid Search,Southeast,0
2491,2024-10-03,Organic Search,Southeast,0
3987,2024-10-03,Organic Search,West,0
7899,2024-10-03,Email,Northeast,0
81,2024-10-03,Referral,West,0
3407,2024-10-03,Referral,Southeast,0
4703,2024-10-03,Paid Search,West,0
4222,2024-10-04,Organic Search,Northeast,0
8568,2024-10-04,Paid Social,Northeast,0
803,2024-10-04,Paid Search,Southwest,0
11956,2024-10-04,Paid Search,Midwest,0
703,2024-10-04,Organic Search,Midwest,0
884,2024-10-04,Email,Southeast,0
1270,2024-10-04,Email,Southwest,0
9079,2024-10-04,Organic Search,Southeast,0
7741,2024-10-04,Organic Search,West,0
1094,2024-10-04,Organic Search,Midwest,0
4067,2024-10-04,Organic Search,West,0
11642,2024-10-04,Paid Social,West,0
7729,2024-10-04,Paid Social,Midwest,0
10548,2024-10-04,Organic Search,Southeast,0
5207,2024-10-04,Organic Search,West,0
11494,2024-10-04,Affiliate,Southwest,0
1811,2024-10-04,Affiliate,West,0
8083,2024-10-04,Paid Social,Southeast,0
3715,2024-10-05,Affiliate,West,0
6304,2024-10-05,Organic Search,Midwest,0
10585,2024-10-05,Organic Search,Southwest,0
8375,2024-10-05,Referral,Southwest,0
5694,2024-10-05,Paid Search,Midwest,0
1320,2024-10-05,Organic Search,Midwest,0
11816,2024-10-05,Paid Search,Southeast,0
1395,2024-10-05,Paid Social,Southeast,0
7123,2024-10-05,Paid Social,West,0
2454,2024-10-05,Email,Southeast,0
6215,2024-10-05,Affiliate,Southwest,0
10376,2024-10-05,Affiliate,Southeast,0
9673,2024-10-05,Paid Search,Southeast,0
1991,2024-10-06,Paid Social,Southwest,0
9743,2024-10-06,Email,Midwest,0
3719,2024-10-06,Paid Search,Northeast,0
1978,2024-10-06,Organic Search,West,0
3686,2024-10-06,Affiliate,Midwest,0
1975,2024-10-06,Paid Search,Southwest,0
4734,2024-10-06,Paid Search,West,0
3319,2024-10-06,Paid Social,Northeast,0
9693,2024-10-06,Organic Search,Southeast,0
2897,2024-10-06,Email,Southeast,0
8864,2024-10-06,Paid Social,Midwest,0
10144,2024-10-06,Paid Search,Southeast,0
439,2024-10-06,Paid Search,West,0
4830,2024-10-06,Organic Search,Southeast,0
4447,2024-10-06,Organic Search,Southeast,0
569,2024-10-06,Paid Search,West,0
1523,2024-10-06,Paid Social,Northeast,0
6393,2024-10-06,Email,Midwest,0
2546,2024-10-07,Paid Social,West,0
1111,2024-10-07,Email,Southeast,0
1833,2024-10-07,Paid Search,Northeast,0
9975,2024-10-07,Paid Search,Southeast,0
1900,2024-10-07,Affiliate,Southeast,0
7905,2024-10-07,Affiliate,Southeast,0
7501,2024-10-07,Email,West,0
713,2024-10-07,Paid Search,Southeast,0
3676,2024-10-07,Paid Search,Northeast,0
6490,2024-10-07,Referral,Southwest,0
1783,2024-10-07,Referral,Northeast,0
11258,2024-10-07,Organic Search,Northeast,0
4269,2024-10-07,Paid Search,Northeast,0
9474,2024-10-07,Affiliate,Southeast,0
11673,2024-10-07,Organic Search,Midwest,0
1420,2024-10-07,Referral,Northeast,0
767,2024-10-07,Organic Search,Southeast,0
4462,2024-10-07,Paid Social,Midwest,0
10383,2024-10-08,Paid Social,Northeast,0
1014,2024-10-08,Email,Southeast,0
11278,2024-10-08,Organic Search,Northeast,0
3816,2024-10-08,Referral,Northeast,0
5655,2024-10-08,Organic Search,Southwest,0
3721,2024-10-08,Organic Search,Northeast,0
1592,2024-10-08,Referral,Northeast,0
10281,2024-10-08,Paid Search,Midwest,0
5952,2024-10-08,Email,Northeast,0
7241,2024-10-08,Organic Search,Southeast,0
1162,2024-10-08,Paid Search,Northeast,0
3871,2024-10-08,Organic Search,Northeast,0
10456,2024-10-09,Paid Search,Southeast,0
4479,2024-10-09,Paid Search,Southwest,0
4357,2024-10-09,Affiliate,West,0
3258,2024-10-09,Paid Social,Midwest,0
11805,2024-10-09,Paid Social,West,0
3630,2024-10-09,Organic Search,West,0
6511,2024-10-09,Organic Search,West,0
8903,2024-10-09,Paid Social,Southeast,0
8211,2024-10-10,Paid Search,Southwest,0
5708,2024-10-10,Paid Search,West,0
9926,2024-10-10,Affiliate,Southeast,0
9427,2024-10-10,Organic Search,Southeast,0
3124,2024-10-10,Organic Search,Southwest,0
8839,2024-10-10,Paid Search,Southeast,0
3196,2024-10-10,Paid Search,West,0
10380,2024-10-10,Paid Search,West,0
4966,2024-10-10,Paid Search,Southeast,0
3251,2024-10-10,Paid Social,Southeast,0
4693,2024-10-10,Referral,West,0
1937,2024-10-10,Paid Search,Midwest,0
11551,2024-10-10,Email,West,0
8805,2024-10-10,Referral,West,0
6523,2024-10-10,Affiliate,West,0
11973,2024-10-10,Email,Southwest,0
638,2024-10-10,Paid Social,West,0
6653,2024-10-11,Paid Social,Southwest,0
2879,2024-10-11,Organic Search,Northeast,0
6448,2024-10-11,Paid Social,Southeast,0
2797,2024-10-11,Referral,West,0
986,2024-10-11,Affiliate,West,0
6748,2024-10-11,Referral,West,0
2294,2024-10-11,Paid Social,Midwest,0
3082,2024-10-11,Referral,Southeast,0
11877,2024-10-11,Paid Search,Southeast,0
8996,2024-10-11,Paid Search,West,0
3202,2024-10-12,Affiliate,Northeast,0
11486,2024-10-12,Paid Search,Northeast,0
1533,2024-10-12,Paid Search,Midwest,0
3792,2024-10-12,Paid Social,Northeast,0
5697,2024-10-12,Paid Search,Midwest,0
10730,2024-10-12,Organic Search,Southwest,0
7266,2024-10-12,Paid Social,Southwest,0
4449,2024-10-12,Paid Search,Midwest,0
7142,2024-10-12,Organic Search,West,0
9293,2024-10-12,Paid Search,Northeast,0
9446,2024-10-12,Paid Search,Midwest,0
9109,2024-10-12,Paid Social,West,0
3688,2024-10-12,Referral,Southwest,0
776,2024-10-12,Paid Search,Midwest,0
10521,2024-10-13,Organic Search,Midwest,0
2354,2024-10-13,Paid Social,Southeast,0
11261,2024-10-13,Organic Search,West,0
8814,2024-10-13,Email,West,0
207,2024-10-13,Email,Midwest,0
691,2024-10-13,Paid Social,Midwest,0
430,2024-10-13,Paid Search,Southwest,0
3767,2024-10-13,Referral,Midwest,0
6893,2024-10-13,Paid Social,Midwest,0
2622,2024-10-13,Paid Social,Southwest,0
7613,2024-10-13,Paid Social,Northeast,0
8827,2024-10-14,Organic Search,West,0
5998,2024-10-14,Paid Search,Southeast,0
1549,2024-10-14,Paid Search,Southwest,0
6663,2024-10-14,Paid Social,Southwest,0
5719,2024-10-14,Referral,West,0
7289,2024-10-14,Referral,Southwest,0
6888,2024-10-14,Paid Social,Southwest,0
4604,2024-10-14,Paid Search,Southeast,0
6919,2024-10-14,Affiliate,Northeast,0
4241,2024-10-14,Paid Social,Northeast,0
10301,2024-10-14,Paid Social,Northeast,0
9589,2024-10-14,Organic Search,West,0
11904,2024-10-14,Paid Social,Northeast,0
259,2024-10-14,Paid Search,Northeast,0
1042,2024-10-14,Paid Social,Northeast,0
5868,2024-10-14,Organic Search,Northeast,0
4063,2024-10-14,Affiliate,West,0
10929,2024-10-15,Paid Search,West,0
10777,2024-10-15,Email,Northeast,0
10505,2024-10-15,Affiliate,West,0
6602,2024-10-15,Organic Search,Southeast,0
10774,2024-10-15,Paid Social,West,0
9752,2024-10-15,Email,West,0
5074,2024-10-15,Paid Social,West,0
1404,2024-10-15,Affiliate,Northeast,0
2900,2024-10-15,Paid Social,Northeast,0
130,2024-10-15,Paid Social,Northeast,0
4348,2024-10-15,Paid Social,Northeast,0
2595,2024-10-15,Paid Search,Southeast,0
2712,2024-10-15,Email,Southeast,0
4060,2024-10-15,Email,Southeast,0
7411,2024-10-15,Paid Search,Southeast,0
4856,2024-10-15,Affiliate,Northeast,0
5463,2024-10-16,Organic Search,West,0
4576,2024-10-16,Paid Search,Northeast,0
5165,2024-10-16,Paid Search,Northeast,0
8956,2024-10-16,Paid Social,Northeast,0
1041,2024-10-16,Organic Search,Northeast,0
3886,2024-10-16,Referral,Southeast,0
9217,2024-10-16,Affiliate,Southeast,0
4536,2024-10-16,Paid Social,Southeast,0
1384,2024-10-16,Email,Southeast,0
10727,2024-10-16,Organic Search,Northeast,0
2479,2024-10-16,Email,Northeast,0
8824,2024-10-16,Paid Social,Northeast,0
5378,2024-10-17,Organic Search,Southwest,0
6245,2024-10-17,Organic Search,Northeast,0
11351,2024-10-17,Paid Social,Northeast,0
10854,2024-10-17,Email,Southeast,0
5220,2024-10-17,Referral,Southwest,0
628,2024-10-17,Paid Search,Midwest,0
9721,2024-10-17,Paid Search,Northeast,0
9906,2024-10-17,Email,Southeast,0
7360,2024-10-17,Affiliate,Southeast,0
1105,2024-10-17,Paid Social,Midwest,0
7949,2024-10-17,Paid Search,Southeast,0
4039,2024-10-18,Paid Search,West,0
7009,2024-10-18,Paid Social,Southeast,0
10912,2024-10-18,Email,West,0
2295,2024-10-18,Paid Social,West,0
5490,2024-10-18,Affiliate,Southeast,0
373,2024-10-18,Organic Search,Northeast,0
8057,2024-10-18,Organic Search,West,0
9102,2024-10-18,Referral,West,0
5476,2024-10-18,Paid Social,Southeast,0
2923,2024-10-18,Paid Social,Southeast,0
3195,2024-10-18,Paid Social,Northeast,0
11465,2024-10-18,Paid Search,Southwest,0
6865,2024-10-18,Paid Social,West,0
6483,2024-10-18,Referral,Southwest,0
6023,2024-10-18,Affiliate,Southeast,0
2697,2024-10-18,Email,Southeast,0
7514,2024-10-18,Paid Search,Northeast,0
7907,2024-10-18,Organic Search,Southeast,0
3323,2024-10-19,Paid Social,Northeast,0
7935,2024-10-19,Referral,Midwest,0
3427,2024-10-19,Paid Social,Southwest,0
4350,2024-10-19,Referral,Midwest,0
5785,2024-10-19,Organic Search,West,0
522,2024-10-19,Affiliate,Southwest,0
7614,2024-10-19,Paid Search,West,0
7674,2024-10-19,Paid Search,Midwest,0
8874,2024-10-19,Organic Search,West,0
7858,2024-10-19,Paid Search,West,0
11093,2024-10-19,Referral,West,0
346,2024-10-19,Paid Search,Northeast,0
237,2024-10-20,Referral,Midwest,0
10606,2024-10-20,Paid Social,Southeast,0
7387,2024-10-20,Paid Search,Northeast,0
9014,2024-10-20,Affiliate,Northeast,0
1327,2024-10-20,Organic Search,Southwest,0
98,2024-10-20,Paid Search,Midwest,0
11825,2024-10-20,Paid Search,Southeast,0
6013,2024-10-20,Paid Social,West,0
7724,2024-10-20,Paid Social,West,0
3166,2024-10-20,Email,West,0
10186,2024-10-20,Paid Search,Northeast,0
7926,2024-10-20,Email,Midwest,0
3549,2024-10-20,Paid Search,Southwest,0
8225,2024-10-20,Paid Social,Southwest,0
1584,2024-10-20,Referral,West,0
7591,2024-10-20,Paid Search,Southeast,0
5429,2024-10-20,Organic Search,Northeast,0
7015,2024-10-20,Email,Midwest,0
9284,2024-10-20,Paid Social,Southeast,0
5756,2024-10-20,Paid Search,Midwest,0
11557,2024-10-20,Affiliate,Northeast,0
1635,2024-10-20,Organic Search,Southwest,0
8678,2024-10-20,Paid Search,Southeast,0
3321,2024-10-20,Organic Search,West,0
6596,2024-10-20,Email,West,0
8164,2024-10-20,Paid Social,Northeast,0
7497,2024-10-21,Paid Search,Southeast,0
4127,2024-10-21,Paid Social,Northeast,0
7126,2024-10-21,Email,Midwest,0
2265,2024-10-21,Organic Search,Southwest,0
8680,2024-10-21,Organic Search,Midwest,0
1657,2024-10-21,Paid Social,Southeast,0
3505,2024-10-21,Paid Search,Midwest,0
4492,2024-10-21,Email,Southeast,0
4139,2024-10-21,Paid Social,Midwest,0
6799,2024-10-21,Paid Social,Midwest,0
7352,2024-10-21,Referral,Northeast,0
4205,2024-10-22,Organic Search,Northeast,0
6743,2024-10-22,Paid Social,Northeast,0
8924,2024-10-22,Paid Social,Southeast,0
10382,2024-10-22,Affiliate,West,0
5943,2024-10-22,Organic Search,Midwest,0
8802,2024-10-22,Organic Search,West,0
4110,2024-10-22,Affiliate,West,0
184,2024-10-22,Affiliate,West,0
2170,2024-10-22,Paid Social,Northeast,0
5156,2024-10-22,Paid Social,West,0
3374,2024-10-22,Paid Search,Southeast,0
5087,2024-10-22,Affiliate,West,0
5154,2024-10-22,Paid Social,Southeast,0
8162,2024-10-22,Organic Search,Northeast,0
2677,2024-10-22,Paid Social,West,0
8546,2024-10-23,Affiliate,Southeast,0
10352,2024-10-23,Paid Social,West,0
110,2024-10-23,Paid Social,Southeast,0
7130,2024-10-23,Referral,Midwest,0
8067,2024-10-23,Paid Social,Southeast,0
8439,2024-10-23,Paid Social,Southwest,0
5023,2024-10-23,Organic Search,West,0
5448,2024-10-23,Organic Search,West,0
1091,2024-10-23,Affiliate,Southwest,0
9586,2024-10-23,Organic Search,Southwest,0
4047,2024-10-23,Affiliate,Midwest,0
6927,2024-10-23,Paid Search,Midwest,0
11783,2024-10-23,Paid Search,Southeast,0
1190,2024-10-23,Paid Social,Southeast,0
677,2024-10-23,Paid Social,West,0
9034,2024-10-23,Paid Social,Southwest,0
11781,2024-10-23,Paid Search,Northeast,0
11460,2024-10-24,Organic Search,West,0
11283,2024-10-24,Referral,Midwest,0
5088,2024-10-24,Affiliate,Northeast,0
7109,2024-10-24,Paid Social,Southeast,0
10332,2024-10-24,Paid Search,Southeast,0
6599,2024-10-24,Organic Search,Southeast,0
7558,2024-10-24,Referral,Southeast,0
8280,2024-10-24,Paid Social,Southwest,0
10347,2024-10-24,Paid Search,Southwest,0
531,2024-10-24,Referral,West,0
11407,2024-10-24,Paid Social,Southwest,0
11892,2024-10-24,Paid Social,West,0
8201,2024-10-25,Affiliate,Midwest,0
961,2024-10-25,Paid Search,Northeast,0
10263,2024-10-25,Organic Search,Midwest,0
2463,2024-10-25,Affiliate,West,0
646,2024-10-25,Referral,Southwest,0
1744,2024-10-25,Referral,Midwest,0
484,2024-10-25,Organic Search,Southeast,0
2365,2024-10-25,Paid Social,Midwest,0
3962,2024-10-25,Organic Search,West,0
8504,2024-10-25,Affiliate,Southeast,0
3550,2024-10-25,Email,Southeast,0
6514,2024-10-25,Paid Search,West,0
3940,2024-10-25,Paid Social,Southeast,0
10089,2024-10-25,Paid Search,Midwest,0
11446,2024-10-26,Affiliate,West,0
4853,2024-10-26,Paid Search,Southeast,0
9151,2024-10-26,Email,Midwest,0
9946,2024-10-26,Organic Search,Northeast,0
291,2024-10-26,Paid Search,Northeast,0
797,2024-10-26,Paid Search,Northeast,0
4806,2024-10-26,Paid Social,Northeast,0
9372,2024-10-27,Affiliate,Midwest,0
2907,2024-10-27,Paid Social,Southeast,0
2582,2024-10-27,Affiliate,Northeast,0
6628,2024-10-27,Affiliate,Southeast,0
3755,2024-10-27,Organic Search,Midwest,0
7626,2024-10-27,Paid Social,Midwest,0
2768,2024-10-27,Organic Search,Northeast,0
6664,2024-10-27,Paid Social,Southwest,0
7008,2024-10-27,Paid Search,Northeast,0
5197,2024-10-27,Affiliate,Northeast,0
5166,2024-10-27,Paid Search,Southwest,0
5610,2024-10-27,Paid Social,Northeast,0
8556,2024-10-27,Paid Search,Southwest,0
1159,2024-10-28,Paid Search,West,0
3667,2024-10-28,Paid Social,Southeast,0
1146,2024-10-28,Email,Southwest,0
138,2024-10-28,Paid Search,Northeast,0
2245,2024-10-28,Paid Search,Northeast,0
2378,2024-10-28,Referral,Northeast,0
8639,2024-10-28,Paid Social,Southeast,0
4502,2024-10-28,Organic Search,Southeast,0
911,2024-10-28,Paid Search,West,0
7869,2024-10-28,Affiliate,Northeast,0
4328,2024-10-28,Organic Search,West,0
9588,2024-10-28,Organic Search,Midwest,0
7227,2024-10-28,Paid Social,Southeast,0
8579,2024-10-28,Paid Social,Southwest,0
11512,2024-10-28,Email,Northeast,0
6717,2024-10-28,Affiliate,Northeast,0
933,2024-10-28,Organic Search,Midwest,0
7230,2024-10-29,Email,West,0
6909,2024-10-29,Organic Search,Midwest,0
3971,2024-10-29,Paid Social,Northeast,0
3982,2024-10-29,Paid Social,West,0
11369,2024-10-29,Referral,Southeast,0
7488,2024-10-29,Paid Social,Northeast,0
10961,2024-10-29,Affiliate,Southwest,0
300,2024-10-29,Affiliate,Northeast,0
8872,2024-10-29,Organic Search,Midwest,0
1648,2024-10-29,Paid Social,Southeast,0
1191,2024-10-29,Email,Northeast,0
7051,2024-10-29,Paid Search,Southeast,0
3152,2024-10-29,Paid Social,Northeast,0
3143,2024-10-29,Affiliate,Southeast,0
433,2024-10-29,Paid Social,Southeast,0
11151,2024-10-29,Paid Social,Midwest,0
2938,2024-10-29,Paid Social,Northeast,0
10873,2024-10-30,Paid Search,Southeast,0
1805,2024-10-30,Affiliate,Northeast,0
10716,2024-10-30,Email,Northeast,0
10971,2024-10-30,Paid Search,Midwest,0
3600,2024-10-30,Paid Search,West,0
2202,2024-10-30,Paid Social,Midwest,0
9621,2024-10-30,Referral,Southeast,0
9089,2024-10-30,Paid Search,Midwest,0
8021,2024-10-30,Affiliate,Midwest,0
732,2024-10-30,Paid Social,Southeast,0
4333,2024-10-30,Paid Search,Northeast,0
10668,2024-10-30,Email,Southwest,0
5117,2024-10-30,Paid Social,Midwest,0
9255,2024-10-30,Paid Social,Northeast,0
9330,2024-10-31,Paid Social,West,0
8745,2024-10-31,Referral,Southwest,0
4900,2024-10-31,Affiliate,Northeast,0
10612,2024-10-31,Paid Search,Midwest,0
11125,2024-10-31,Paid Social,Southwest,0
11827,2024-10-31,Referral,Midwest,0
10243,2024-10-31,Organic Search,Southwest,0
4064,2024-10-31,Paid Social,Southwest,0
5815,2024-10-31,Email,Northeast,0
9787,2024-10-31,Organic Search,Southwest,0
1361,2024-10-31,Affiliate,Northeast,0
2860,2024-10-31,Organic Search,Southeast,0
7606,2024-11-01,Email,Midwest,0
1371,2024-11-01,Affiliate,Southeast,0
8321,2024-11-01,Paid Social,Southeast,0
1018,2024-11-01,Paid Social,Northeast,0
832,2024-11-01,Paid Social,Midwest,0
8233,2024-11-01,Paid Social,Northeast,0
3635,2024-11-01,Paid Social,Northeast,0
3212,2024-11-01,Referral,Southeast,0
3138,2024-11-01,Paid Search,Southeast,0
465,2024-11-01,Paid Search,Midwest,0
3416,2024-11-01,Organic Search,Midwest,0
9436,2024-11-01,Paid Search,Northeast,0
9484,2024-11-01,Organic Search,West,0
3608,2024-11-01,Email,Southeast,0
8185,2024-11-01,Paid Social,Southeast,0
2587,2024-11-01,Paid Social,West,0
10453,2024-11-01,Organic Search,Southwest,0
901,2024-11-01,Paid Search,Southwest,0
11029,2024-11-02,Paid Search,Southeast,0
4091,2024-11-02,Paid Social,Northeast,0
4765,2024-11-02,Referral,West,0
11024,2024-11-02,Paid Search,Northeast,0
5105,2024-11-02,Organic Search,Midwest,0
4388,2024-11-02,Affiliate,Northeast,0
2261,2024-11-02,Paid Social,Midwest,0
4606,2024-11-02,Email,Southeast,0
1,2024-11-02,Email,Midwest,0
6433,2024-11-02,Referral,Northeast,0
6680,2024-11-02,Paid Social,Southeast,0
1913,2024-11-02,Paid Search,Northeast,0
6652,2024-11-02,Paid Social,Southwest,0
7243,2024-11-02,Organic Search,West,0
6517,2024-11-02,Referral,Southeast,0
9957,2024-11-02,Organic Search,Southeast,0
6822,2024-11-02,Referral,Southwest,0
10060,2024-11-02,Email,Midwest,0
6249,2024-11-02,Organic Search,West,0
3773,2024-11-02,Organic Search,Midwest,0
10221,2024-11-02,Email,Southwest,0
7466,2024-11-02,Email,Southeast,0
7164,2024-11-02,Paid Search,Southeast,0
11671,2024-11-02,Email,West,0
8319,2024-11-02,Paid Social,Southwest,0
3119,2024-11-02,Organic Search,Southwest,0
10782,2024-11-02,Organic Search,Northeast,0
695,2024-11-02,Paid Search,Midwest,0
3490,2024-11-03,Organic Search,West,0
1206,2024-11-03,Affiliate,Midwest,0
3340,2024-11-03,Organic Search,Southeast,0
11425,2024-11-03,Affiliate,Midwest,0
10605,2024-11-03,Paid Search,Midwest,0
10611,2024-11-03,Paid Search,Midwest,0
4727,2024-11-03,Paid Search,Midwest,0
2766,2024-11-03,Paid Search,Southwest,0
3254,2024-11-03,Email,West,0
1454,2024-11-03,Email,Southwest,0
11609,2024-11-03,Organic Search,Southeast,0
2239,2024-11-03,Affiliate,Southwest,0
2759,2024-11-03,Organic Search,Southeast,0
390,2024-11-03,Paid Search,West,0
1720,2024-11-03,Organic Search,Northeast,0
11191,2024-11-03,Organic Search,Midwest,0
9864,2024-11-03,Paid Search,Southeast,0
6057,2024-11-03,Paid Social,Southeast,0
1482,2024-11-03,Email,Northeast,0
365,2024-11-03,Paid Search,Southwest,0
3605,2024-11-03,Affiliate,West,0
4301,2024-11-03,Paid Social,Midwest,0
11196,2024-11-03,Organic Search,Northeast,0
10411,2024-11-03,Email,West,0
11962,2024-11-03,Referral,Northeast,0
1443,2024-11-04,Paid Social,West,0
4190,2024-11-04,Paid Social,Southeast,0
4759,2024-11-04,Paid Search,Midwest,0
6090,2024-11-04,Paid Social,Southeast,0
4659,2024-11-04,Paid Search,West,1
4964,2024-11-04,Paid Social,Northeast,0
3607,2024-11-04,Paid Search,Southeast,0
4978,2024-11-04,Paid Search,West,0
5994,2024-11-04,Paid Search,Northeast,0
2959,2024-11-04,Email,West,0
330,2024-11-04,Organic Search,Midwest,0
1212,2024-11-04,Referral,Northeast,0
8681,2024-11-04,Referral,Northeast,0
2257,2024-11-04,Paid Social,Southeast,0
11855,2024-11-04,Referral,Southeast,0
3147,2024-11-04,Paid Search,Southwest,0
10902,2024-11-04,Affiliate,West,0
471,2024-11-04,Paid Social,Northeast,0
4405,2024-11-04,Paid Social,Midwest,0
494,2024-11-04,Paid Social,Midwest,0
9174,2024-11-04,Paid Social,Midwest,0
9959,2024-11-04,Paid Social,West,0
7739,2024-11-04,Paid Social,Northeast,0
7679,2024-11-05,Paid Social,Southeast,0
8853,2024-11-05,Affiliate,Midwest,0
581,2024-11-05,Organic Search,Midwest,0
5601,2024-11-05,Paid Social,West,0
2366,2024-11-05,Paid Social,Northeast,0
3534,2024-11-05,Paid Social,West,0
6998,2024-11-05,Paid Social,Northeast,0
5431,2024-11-05,Affiliate,Southeast,0
1479,2024-11-05,Paid Social,Northeast,0
18,2024-11-05,Email,Southwest,0
5036,2024-11-05,Affiliate,West,0
2930,2024-11-05,Paid Social,Northeast,0
10032,2024-11-05,Affiliate,Northeast,0
9779,2024-11-05,Paid Social,Midwest,0
493,2024-11-05,Paid Search,Southeast,0
4544,2024-11-05,Email,West,0
1172,2024-11-05,Email,Midwest,0
1044,2024-11-05,Paid Social,Midwest,0
4709,2024-11-05,Referral,Northeast,0
7551,2024-11-05,Paid Search,Southeast,0
3324,2024-11-05,Organic Search,Northeast,0
1706,2024-11-05,Email,Southwest,0
6755,2024-11-06,Paid Social,West,0
4140,2024-11-06,Organic Search,Southwest,0
4890,2024-11-06,Email,Southwest,0
8002,2024-11-06,Paid Social,Southeast,0
8195,2024-11-06,Paid Social,Southwest,0
464,2024-11-06,Paid Search,Midwest,0
4788,2024-11-06,Paid Social,West,0
3312,2024-11-06,Paid Search,West,0
7609,2024-11-06,Paid Social,Midwest,0
1609,2024-11-06,Email,Midwest,0
4395,2024-11-06,Paid Search,Southeast,0
11353,2024-11-06,Paid Search,Southeast,0
4124,2024-11-06,Email,West,0
6593,2024-11-06,Paid Search,West,0
6631,2024-11-06,Organic Search,Southwest,0
195,2024-11-06,Paid Social,Southeast,0
4309,2024-11-06,Paid Search,Southeast,0
8718,2024-11-06,Paid Social,Southwest,0
203,2024-11-06,Paid Social,West,0
10895,2024-11-06,Organic Search,Midwest,0
7676,2024-11-06,Organic Search,West,0
4024,2024-11-06,Organic Search,Southeast,0
1896,2024-11-06,Referral,Southwest,0
9618,2024-11-06,Paid Social,Southeast,0
8341,2024-11-06,Paid Search,Southwest,0
3909,2024-11-06,Email,Southeast,0
5548,2024-11-06,Paid Search,Southeast,0
1867,2024-11-06,Paid Search,Northeast,0
8326,2024-11-07,Organic Search,Southeast,0
7135,2024-11-07,Paid Social,Northeast,0
8131,2024-11-07,Affiliate,Northeast,0
4639,2024-11-07,Organic Search,Southeast,0
8235,2024-11-07,Organic Search,Southeast,0
7950,2024-11-07,Referral,Southwest,0
1066,2024-11-07,Paid Social,Midwest,0
4772,2024-11-07,Paid Social,West,0
6847,2024-11-07,Paid Search,Southeast,0
9241,2024-11-07,Paid Social,Northeast,0
6200,2024-11-07,Paid Social,Northeast,0
10099,2024-11-07,Paid Search,West,0
6754,2024-11-07,Organic Search,West,0
9507,2024-11-07,Organic Search,West,0
1017,2024-11-07,Email,Northeast,0
4351,2024-11-07,Paid Social,Midwest,0
2074,2024-11-07,Organic Search,Northeast,0
9910,2024-11-07,Referral,West,0
5016,2024-11-07,Paid Search,West,0
1753,2024-11-07,Referral,Northeast,0
755,2024-11-07,Organic Search,Northeast,0
7662,2024-11-07,Email,Southwest,0
2643,2024-11-07,Paid Search,Northeast,0
2341,2024-11-07,Paid Search,Northeast,0
10059,2024-11-07,Paid Search,Northeast,0
11217,2024-11-07,Referral,Midwest,0
64,2024-11-07,Paid Social,Midwest,0
9830,2024-11-07,Paid Social,Southeast,0
3798,2024-11-08,Affiliate,Midwest,0
1119,2024-11-08,Organic Search,Southeast,0
3282,2024-11-08,Organic Search,Northeast,0
8414,2024-11-08,Referral,Southeast,0
2421,2024-11-08,Referral,Northeast,0
5552,2024-11-08,Paid Social,Northeast,0
8535,2024-11-08,Paid Social,Southeast,0
4508,2024-11-08,Paid Social,Midwest,0
4487,2024-11-08,Affiliate,Northeast,0
5118,2024-11-08,Paid Social,Southeast,0
5361,2024-11-08,Paid Social,Northeast,0
4926,2024-11-08,Paid Social,Southeast,0
11274,2024-11-08,Paid Social,Midwest,0
8472,2024-11-08,Organic Search,Midwest,0
9125,2024-11-08,Paid Social,Northeast,0
7565,2024-11-08,Referral,Midwest,0
1886,2024-11-08,Affiliate,West,0
2287,2024-11-09,Paid Social,Northeast,0
10225,2024-11-09,Paid Search,Midwest,0
1389,2024-11-09,Paid Social,Southwest,0
8264,2024-11-09,Paid Social,West,0
9491,2024-11-09,Organic Search,Southwest,0
8838,2024-11-09,Paid Social,Southwest,0
3268,2024-11-09,Organic Search,Northeast,0
4477,2024-11-09,Paid Social,Southeast,0
8050,2024-11-09,Email,Southwest,0
7700,2024-11-09,Referral,Northeast,0
8793,2024-11-09,Paid Social,Midwest,0
10336,2024-11-09,Paid Search,Midwest,0
1417,2024-11-09,Paid Social,Southwest,0
10111,2024-11-09,Organic Search,Midwest,0
9708,2024-11-09,Paid Social,Northeast,0
1944,2024-11-09,Referral,West,0
1386,2024-11-09,Paid Search,West,0
8175,2024-11-09,Paid Social,Midwest,0
3430,2024-11-09,Organic Search,Midwest,0
8858,2024-11-09,Paid Social,Northeast,0
9891,2024-11-09,Email,Midwest,0
2666,2024-11-10,Organic Search,Southeast,0
7101,2024-11-10,Paid Search,West,0
3301,2024-11-10,Paid Search,West,0
3434,2024-11-10,Paid Social,Midwest,0
11815,2024-11-10,Organic Search,Southeast,0
8944,2024-11-10,Affiliate,Southwest,0
1245,2024-11-10,Organic Search,West,0
10619,2024-11-10,Referral,Midwest,0
8511,2024-11-10,Organic Search,Northeast,0
3588,2024-11-10,Paid Social,Southeast,0
7658,2024-11-10,Affiliate,Southeast,0
146,2024-11-10,Paid Search,Southeast,0
10116,2024-11-10,Paid Social,Northeast,0
10414,2024-11-10,Referral,Northeast,0
4757,2024-11-10,Referral,West,0
4514,2024-11-10,Paid Social,Midwest,0
11421,2024-11-10,Paid Social,Northeast,0
5827,2024-11-10,Paid Social,Southeast,0
5765,2024-11-10,Paid Social,Southeast,0
3527,2024-11-10,Paid Search,Southwest,0
8071,2024-11-10,Affiliate,Midwest,0
4201,2024-11-10,Referral,West,0
11835,2024-11-10,Paid Search,Southeast,0
11057,2024-11-10,Paid Search,Midwest,0
5958,2024-11-10,Paid Social,Midwest,0
7371,2024-11-10,Organic Search,Northeast,0
887,2024-11-10,Paid Social,Northeast,0
11322,2024-11-10,Paid Social,Northeast,0
3095,2024-11-10,Paid Search,West,0
1688,2024-11-11,Email,Southeast,0
7084,2024-11-11,Paid Search,Northeast,0
10883,2024-11-11,Email,Southeast,0
6539,2024-11-11,Referral,West,0
3265,2024-11-11,Organic Search,Southeast,0
3380,2024-11-11,Paid Social,West,0
2885,2024-11-11,Referral,Southwest,0
4394,2024-11-11,Paid Search,West,0
9301,2024-11-11,Paid Search,Northeast,0
11801,2024-11-11,Email,Southeast,0
1771,2024-11-11,Referral,Southwest,0
10013,2024-11-11,Paid Search,West,0
5352,2024-11-11,Paid Social,Midwest,0
7649,2024-11-11,Email,Northeast,0
8423,2024-11-11,Referral,West,0
11834,2024-11-11,Paid Search,West,0
10440,2024-11-11,Email,Southeast,0
9016,2024-11-11,Paid Search,Northeast,0
1741,2024-11-11,Organic Search,Northeast,1
7627,2024-11-11,Affiliate,West,0
8986,2024-11-11,Paid Social,Northeast,0
941,2024-11-11,Paid Search,Southwest,0
4942,2024-11-11,Paid Search,Midwest,0
7103,2024-11-11,Organic Search,Southwest,0
3310,2024-11-12,Affiliate,West,0
5849,2024-11-12,Organic Search,Northeast,0
5873,2024-11-12,Paid Social,West,0
10197,2024-11-12,Paid Social,Northeast,0
445,2024-11-12,Affiliate,Northeast,0
9579,2024-11-12,Organic Search,Midwest,0
5187,2024-11-12,Affiliate,Midwest,0
2482,2024-11-12,Paid Social,West,0
1378,2024-11-12,Paid Social,West,0
7672,2024-11-12,Organic Search,Northeast,0
1115,2024-11-12,Paid Search,West,0
4046,2024-11-12,Paid Search,Southwest,0
2723,2024-11-12,Paid Social,Southeast,0
862,2024-11-12,Affiliate,Southeast,0
5466,2024-11-12,Paid Social,Southwest,0
8116,2024-11-12,Email,Northeast,0
11695,2024-11-12,Affiliate,Northeast,0
6122,2024-11-12,Paid Social,Midwest,0
9029,2024-11-12,Paid Search,Northeast,0
8338,2024-11-12,Referral,Northeast,0
6773,2024-11-12,Paid Search,West,0
11222,2024-11-13,Paid Social,Midwest,0
10451,2024-11-13,Organic Search,Southeast,0
6840,2024-11-13,Organic Search,Midwest,0
3062,2024-11-13,Paid Social,Southwest,0
6566,2024-11-13,Paid Search,West,0
4253,2024-11-13,Paid Social,Midwest,0
1055,2024-11-13,Paid Social,Northeast,0
11939,2024-11-13,Paid Social,Southeast,0
4329,2024-11-13,Email,Midwest,0
5047,2024-11-13,Paid Search,Southwest,0
7229,2024-11-13,Paid Search,Southwest,0
5691,2024-11-13,Paid Social,West,0
4012,2024-11-13,Organic Search,West,0
10556,2024-11-13,Paid Social,Northeast,0
11112,2024-11-13,Organic Search,Southeast,0
10989,2024-11-13,Organic Search,Southwest,0
9405,2024-11-13,Organic Search,Southeast,0
588,2024-11-13,Organic Search,Midwest,0
1415,2024-11-13,Organic Search,Northeast,0
9146,2024-11-13,Paid Social,Southwest,0
4162,2024-11-13,Paid Search,Northeast,0
6463,2024-11-13,Affiliate,Southeast,0
11940,2024-11-13,Paid Social,Southeast,0
8214,2024-11-14,Email,Southeast,0
85,2024-11-14,Affiliate,Midwest,0
9452,2024-11-14,Organic Search,West,0
2687,2024-11-14,Paid Social,Southeast,0
2944,2024-11-14,Paid Search,Southeast,0
10947,2024-11-14,Paid Social,Southeast,0
3556,2024-11-14,Paid Social,West,0
4155,2024-11-14,Paid Social,Southwest,0
5251,2024-11-14,Organic Search,Midwest,0
5527,2024-11-14,Referral,Southeast,0
6421,2024-11-14,Paid Social,West,0
3071,2024-11-14,Paid Social,West,0
6466,2024-11-14,Referral,Northeast,0
5396,2024-11-14,Email,Northeast,0
5286,2024-11-14,Paid Social,Southeast,0
1375,2024-11-14,Organic Search,West,0
6731,2024-11-14,Referral,West,0
1831,2024-11-14,Paid Social,Midwest,0
8980,2024-11-14,Paid Search,Southwest,0
10566,2024-11-14,Referral,Midwest,0
9651,2024-11-14,Organic Search,Southwest,0
10473,2024-11-14,Referral,Northeast,0
9656,2024-11-14,Organic Search,Midwest,0
3526,2024-11-15,Paid Social,Southwest,0
3978,2024-11-15,Referral,Northeast,0
5735,2024-11-15,Paid Search,Midwest,0
6128,2024-11-15,Paid Search,Northeast,0
5577,2024-11-15,Paid Social,Southwest,0
11476,2024-11-15,Paid Search,Southeast,0
1038,2024-11-15,Paid Search,Northeast,0
1984,2024-11-15,Organic Search,Midwest,0
9059,2024-11-15,Affiliate,Southwest,0
9401,2024-11-15,Email,Northeast,0
4505,2024-11-15,Paid Search,Northeast,0
11863,2024-11-15,Organic Search,West,0
4713,2024-11-15,Organic Search,Southwest,0
7445,2024-11-15,Email,West,0
8513,2024-11-15,Referral,Northeast,0
952,2024-11-15,Paid Social,Northeast,0
5869,2024-11-15,Paid Social,Southeast,0
4111,2024-11-15,Paid Search,Southeast,0
3156,2024-11-15,Paid Social,Southwest,0
4778,2024-11-15,Organic Search,Southeast,0
7731,2024-11-15,Paid Search,West,0
7720,2024-11-15,Organic Search,Northeast,0
341,2024-11-15,Referral,Northeast,0
6465,2024-11-15,Paid Search,West,0
5707,2024-11-15,Affiliate,Northeast,0
10780,2024-11-15,Paid Search,Southeast,0
8573,2024-11-15,Paid Search,Midwest,0
6206,2024-11-15,Paid Social,Southwest,0
8310,2024-11-15,Email,Northeast,0
8727,2024-11-15,Organic Search,West,0
5226,2024-11-15,Paid Social,Southeast,0
5507,2024-11-16,Paid Social,West,0
10739,2024-11-16,Email,Northeast,0
4236,2024-11-16,Paid Social,Southeast,0
7305,2024-11-16,Paid Search,Northeast,0
5536,2024-11-16,Paid Social,Northeast,0
361,2024-11-16,Paid Social,West,0
11418,2024-11-16,Paid Social,West,0
3408,2024-11-16,Paid Search,Northeast,0
10065,2024-11-16,Organic Search,Midwest,0
1477,2024-11-16,Paid Social,Southwest,0
11183,2024-11-16,Organic Search,Southeast,0
10356,2024-11-16,Paid Social,Southeast,0
8932,2024-11-16,Referral,Southeast,0
5685,2024-11-16,Paid Search,Northeast,0
6048,2024-11-16,Organic Search,Southwest,0
11401,2024-11-16,Paid Social,Midwest,0
8073,2024-11-16,Referral,West,0
1626,2024-11-16,Paid Social,Northeast,0
2091,2024-11-16,Paid Social,Southeast,0
1116,2024-11-16,Paid Search,West,0
4433,2024-11-16,Affiliate,West,0
4323,2024-11-17,Paid Search,Southeast,0
4851,2024-11-17,Paid Social,Southwest,0
1272,2024-11-17,Organic Search,Southeast,0
4866,2024-11-17,Paid Social,Southeast,0
9801,2024-11-17,Referral,Northeast,0
5969,2024-11-17,Paid Search,Southeast,0
3405,2024-11-17,Paid Social,Northeast,0
7407,2024-11-17,Paid Search,West,0
3873,2024-11-17,Paid Social,West,0
3532,2024-11-17,Email,Northeast,0
10206,2024-11-17,Referral,Southeast,0
10444,2024-11-17,Paid Search,Midwest,0
819,2024-11-17,Paid Search,Southeast,0
10768,2024-11-17,Paid Search,Northeast,0
1446,2024-11-17,Referral,Southeast,0
10265,2024-11-18,Paid Search,Southeast,0
1645,2024-11-18,Email,West,0
9880,2024-11-18,Organic Search,Southeast,0
9829,2024-11-18,Organic Search,West,0
7441,2024-11-18,Paid Search,Northeast,0
7380,2024-11-18,Organic Search,Northeast,0
2833,2024-11-18,Paid Social,Southeast,0
1488,2024-11-18,Paid Search,Midwest,0
5848,2024-11-18,Email,Northeast,0
8075,2024-11-18,Email,Northeast,0
8213,2024-11-18,Referral,Northeast,0
10796,2024-11-18,Paid Search,Northeast,0
1411,2024-11-18,Paid Social,Southwest,0
10603,2024-11-18,Affiliate,Southeast,0
890,2024-11-18,Paid Social,Midwest,0
11144,2024-11-18,Paid Social,West,0
4912,2024-11-18,Paid Social,Northeast,0
9608,2024-11-18,Paid Search,Midwest,0
6874,2024-11-18,Paid Search,Northeast,0
8370,2024-11-18,Paid Search,Southeast,0
4280,2024-11-18,Email,Southeast,0
10467,2024-11-18,Organic Search,Northeast,0
5580,2024-11-18,Paid Social,Southeast,0
8180,2024-11-18,Referral,Southeast,0
8312,2024-11-18,Affiliate,West,0
5741,2024-11-18,Organic Search,West,0
9387,2024-11-18,Paid Social,Northeast,0
11977,2024-11-19,Affiliate,West,0
10809,2024-11-19,Affiliate,West,0
7681,2024-11-19,Email,Northeast,0
3845,2024-11-19,Referral,Northeast,0
7522,2024-11-19,Organic Search,Northeast,0
11249,2024-11-19,Paid Social,West,0
2718,2024-11-19,Email,Northeast,0
3055,2024-11-19,Paid Search,Midwest,0
4208,2024-11-19,Paid Social,Northeast,0
11204,2024-11-19,Affiliate,Southeast,0
6853,2024-11-19,Paid Social,West,0
6846,2024-11-19,Organic Search,Southeast,0
3248,2024-11-19,Organic Search,Southwest,0
10517,2024-11-19,Paid Search,West,0
7911,2024-11-19,Paid Social,Southeast,0
3339,2024-11-19,Organic Search,Northeast,0
3620,2024-11-19,Organic Search,Midwest,0
8735,2024-11-19,Referral,West,0
7328,2024-11-19,Affiliate,West,0
3438,2024-11-19,Paid Social,West,0
2529,2024-11-19,Paid Search,West,0
3461,2024-11-19,Paid Social,Midwest,0
738,2024-11-19,Paid Search,West,0
2925,2024-11-19,Email,Midwest,0
958,2024-11-19,Paid Social,Southeast,0
3409,2024-11-19,Organic Search,Southeast,0
965,2024-11-20,Paid Social,Southeast,0
3599,2024-11-20,Paid Search,Northeast,0
10641,2024-11-20,Paid Social,Northeast,0
9849,2024-11-20,Organic Search,Midwest,0
1147,2024-11-20,Paid Social,Southwest,0
1775,2024-11-20,Referral,Northeast,0
8130,2024-11-20,Affiliate,Southeast,0
2563,2024-11-20,Organic Search,Southwest,0
8914,2024-11-20,Organic Search,West,0
3807,2024-11-20,Paid Search,Southwest,0
1262,2024-11-20,Organic Search,Midwest,0
8529,2024-11-20,Email,Northeast,0
9152,2024-11-20,Organic Search,Southeast,0
9929,2024-11-20,Organic Search,Northeast,0
11090,2024-11-20,Paid Social,Northeast,0
922,2024-11-20,Organic Search,Southwest,0
9256,2024-11-20,Email,West,0
2975,2024-11-20,Email,Southwest,0
831,2024-11-20,Organic Search,Southwest,0
4927,2024-11-20,Paid Social,Midwest,0
6071,2024-11-20,Referral,Northeast,0
3818,2024-11-20,Paid Social,Southeast,0
11957,2024-11-21,Organic Search,Southwest,0
2946,2024-11-21,Referral,West,0
6152,2024-11-21,Referral,Northeast,0
10180,2024-11-21,Paid Social,Midwest,0
1127,2024-11-21,Affiliate,Southeast,0
2760,2024-11-21,Paid Search,Northeast,0
5399,2024-11-21,Organic Search,Southeast,0
9754,2024-11-21,Paid Search,Southwest,0
8443,2024-11-21,Paid Social,Southeast,0
3951,2024-11-21,Paid Search,Northeast,0
5957,2024-11-21,Email,Southwest,0
1781,2024-11-21,Paid Social,Southeast,0
2505,2024-11-21,Organic Search,Midwest,0
5273,2024-11-21,Paid Social,West,0
6804,2024-11-21,Paid Social,Southeast,0
8611,2024-11-21,Organic Search,Northeast,0
3346,2024-11-21,Organic Search,Southeast,0
9979,2024-11-21,Affiliate,Northeast,0
10342,2024-11-21,Paid Social,Southwest,0
878,2024-11-21,Affiliate,Northeast,0
11932,2024-11-21,Paid Social,West,0
11209,2024-11-22,Paid Search,Northeast,0
9494,2024-11-22,Paid Social,Northeast,0
7732,2024-11-22,Organic Search,Southwest,0
11033,2024-11-22,Paid Social,Southeast,0
5761,2024-11-22,Affiliate,Southeast,0
11374,2024-11-22,Email,Northeast,0
690,2024-11-22,Paid Social,Southeast,0
1793,2024-11-22,Referral,West,0
8823,2024-11-22,Organic Search,Southeast,0
7831,2024-11-22,Referral,Southwest,0
5094,2024-11-22,Referral,Northeast,0
4168,2024-11-22,Paid Social,Southwest,0
2021,2024-11-22,Paid Search,Southwest,0
6269,2024-11-22,Referral,West,0
3448,2024-11-22,Paid Social,West,0
6035,2024-11-22,Paid Search,Midwest,0
6293,2024-11-22,Paid Social,Southeast,0
11101,2024-11-22,Paid Search,Southeast,0
4198,2024-11-22,Paid Search,Northeast,0
8127,2024-11-22,Paid Search,West,0
4953,2024-11-22,Paid Social,Northeast,0
1561,2024-11-22,Organic Search,West,0
10676,2024-11-22,Paid Social,Midwest,0
7170,2024-11-23,Referral,Northeast,0
9620,2024-11-23,Referral,Northeast,0
7523,2024-11-23,Paid Social,Southeast,0
10942,2024-11-23,Email,West,0
8168,2024-11-23,Paid Social,Southeast,0
5177,2024-11-23,Paid Social,Midwest,0
8301,2024-11-23,Email,West,0
8666,2024-11-23,Organic Search,West,0
9710,2024-11-23,Paid Search,Northeast,0
5125,2024-11-23,Referral,Southeast,0
1368,2024-11-23,Paid Social,West,0
9636,2024-11-23,Email,Southwest,0
4960,2024-11-23,Organic Search,Southwest,0
6515,2024-11-23,Referral,West,0
6658,2024-11-23,Paid Search,Midwest,0
7202,2024-11-23,Email,Midwest,0
1021,2024-11-23,Paid Search,West,0
283,2024-11-23,Paid Search,Southwest,0
9037,2024-11-23,Organic Search,Southeast,0
4407,2024-11-23,Referral,Midwest,0
11890,2024-11-23,Organic Search,West,0
2747,2024-11-23,Paid Social,Midwest,0
2977,2024-11-23,Affiliate,West,0
11874,2024-11-23,Organic Search,Southeast,0
11931,2024-11-23,Paid Social,Midwest,0
2532,2024-11-23,Affiliate,West,0
8895,2024-11-23,Paid Social,Southeast,0
2589,2024-11-23,Organic Search,Southwest,0
11967,2024-11-23,Organic Search,West,0
9026,2024-11-23,Email,Southwest,0
11574,2024-11-23,Paid Social,West,0
8348,2024-11-24,Organic Search,Southeast,0
3881,2024-11-24,Paid Search,West,0
8388,2024-11-24,Paid Search,Midwest,0
7974,2024-11-24,Paid Social,Southwest,0
10507,2024-11-24,Paid Search,Southwest,0
5222,2024-11-24,Organic Search,West,0
3760,2024-11-24,Paid Search,Southeast,0
3583,2024-11-24,Affiliate,Northeast,0
2335,2024-11-24,Paid Social,Northeast,0
9362,2024-11-24,Referral,Southwest,0
10724,2024-11-24,Paid Social,West,0
7223,2024-11-24,Referral,Midwest,0
11966,2024-11-24,Paid Social,West,0
2258,2024-11-24,Paid Search,West,0
11177,2024-11-24,Email,Northeast,0
1679,2024-11-24,Organic Search,Midwest,0
4478,2024-11-24,Organic Search,West,0
7138,2024-11-24,Paid Social,Southeast,0
87,2024-11-24,Affiliate,Northeast,0
983,2024-11-24,Referral,Midwest,0
5223,2024-11-25,Paid Social,Southeast,0
4414,2024-11-25,Paid Social,West,0
698,2024-11-25,Paid Social,Southwest,0
7116,2024-11-25,Paid Search,West,0
317,2024-11-25,Organic Search,West,0
8860,2024-11-25,Paid Social,Southeast,0
2789,2024-11-25,Referral,West,0
107,2024-11-25,Email,Northeast,0
8311,2024-11-25,Paid Social,West,0
4815,2024-11-25,Organic Search,Midwest,0
4282,2024-11-25,Referral,Southeast,0
11881,2024-11-25,Paid Social,Midwest,0
7046,2024-11-25,Organic Search,Southeast,0
7914,2024-11-25,Paid Social,Southeast,0
1278,2024-11-25,Paid Social,Northeast,0
3890,2024-11-25,Paid Social,Northeast,0
8191,2024-11-25,Paid Social,Southeast,0
6232,2024-11-25,Email,Midwest,0
2562,2024-11-25,Organic Search,Northeast,0
1185,2024-11-25,Paid Social,West,0
412,2024-11-25,Organic Search,Southeast,0
3580,2024-11-25,Organic Search,West,0
1329,2024-11-25,Paid Search,Northeast,0
9046,2024-11-25,Paid Social,Northeast,0
415,2024-11-26,Referral,Midwest,0
1737,2024-11-26,Organic Search,Southeast,0
9971,2024-11-26,Paid Social,Southwest,0
8901,2024-11-26,Referral,Southwest,0
5213,2024-11-26,Affiliate,Southeast,0
10432,2024-11-26,Organic Search,Midwest,0
9981,2024-11-26,Organic Search,Northeast,0
11897,2024-11-26,Organic Search,Midwest,0
2501,2024-11-26,Organic Search,Midwest,0
8460,2024-11-26,Referral,Midwest,0
2994,2024-11-26,Organic Search,Southwest,0
11516,2024-11-26,Paid Social,Southwest,0
6478,2024-11-26,Paid Social,West,0
3698,2024-11-26,Paid Social,West,0
4684,2024-11-26,Paid Social,Southeast,0
432,2024-11-26,Paid Search,Southeast,0
6197,2024-11-26,Organic Search,Southwest,0
10256,2024-11-26,Paid Search,Midwest,0
1748,2024-11-26,Paid Social,West,0
7383,2024-11-26,Organic Search,Northeast,0
6164,2024-11-26,Referral,West,0
4158,2024-11-27,Paid Social,Southwest,0
6044,2024-11-27,Organic Search,Northeast,0
5262,2024-11-27,Email,West,0
2105,2024-11-27,Affiliate,Northeast,0
1973,2024-11-27,Paid Social,Northeast,0
9968,2024-11-27,Paid Social,Northeast,0
121,2024-11-27,Paid Social,West,0
1213,2024-11-27,Paid Social,Southwest,0
2985,2024-11-27,Organic Search,West,0
8636,2024-11-27,Paid Social,Midwest,0
91,2024-11-27,Affiliate,Northeast,0
9564,2024-11-27,Paid Social,Southeast,0
3060,2024-11-27,Organic Search,Midwest,0
8842,2024-11-27,Paid Social,West,0
3857,2024-11-27,Paid Social,Southeast,0
9092,2024-11-27,Paid Search,Southeast,0
4484,2024-11-27,Paid Social,Southwest,0
6263,2024-11-27,Email,Southwest,0
7928,2024-11-27,Organic Search,Northeast,0
7457,2024-11-28,Paid Social,West,0
7076,2024-11-28,Paid Social,Northeast,0
11482,2024-11-28,Referral,Midwest,0
5794,2024-11-28,Referral,Northeast,0
2795,2024-11-28,Email,Southeast,0
4599,2024-11-28,Paid Search,Southwest,0
10693,2024-11-28,Paid Social,Northeast,0
4053,2024-11-28,Paid Search,Midwest,0
7677,2024-11-28,Paid Social,Northeast,0
4176,2024-11-28,Paid Search,West,0
245,2024-11-28,Organic Search,Southeast,0
587,2024-11-28,Paid Social,Midwest,0
4744,2024-11-28,Affiliate,West,0
932,2024-11-28,Paid Social,Southeast,0
6336,2024-11-28,Paid Social,Northeast,0
1205,2024-11-28,Paid Social,Southwest,0
7965,2024-11-28,Paid Search,West,0
2617,2024-11-28,Paid Search,Southwest,0
6906,2024-11-28,Organic Search,Northeast,0
2440,2024-11-28,Paid Social,Southeast,0
9989,2024-11-28,Organic Search,Midwest,0
2195,2024-11-28,Paid Social,Southwest,0
11580,2024-11-28,Paid Social,Midwest,0
6986,2024-11-28,Organic Search,West,0
8221,2024-11-28,Referral,Southwest,0
10126,2024-11-28,Organic Search,West,0
9672,2024-11-29,Organic Search,Northeast,0
9591,2024-11-29,Referral,Southeast,0
1567,2024-11-29,Referral,West,0
4278,2024-11-29,Paid Social,West,0
5867,2024-11-29,Paid Search,West,0
11493,2024-11-29,Referral,West,0
9188,2024-11-29,Paid Social,Northeast,0
1898,2024-11-29,Organic Search,West,0
4151,2024-11-29,Paid Social,Southeast,0
66,2024-11-29,Paid Social,Northeast,0
8334,2024-11-29,Paid Search,Northeast,0
2060,2024-11-29,Paid Search,Southwest,0
11960,2024-11-29,Paid Social,Southwest,0
11993,2024-11-29,Referral,Southwest,0
60,2024-11-29,Organic Search,Southeast,0
567,2024-11-29,Paid Search,Southwest,0
10361,2024-11-29,Email,West,0
2023,2024-11-29,Paid Social,Midwest,0
7817,2024-11-29,Paid Search,Southeast,0
9582,2024-11-29,Paid Search,Northeast,0
5235,2024-11-29,Organic Search,Southeast,0
2464,2024-11-29,Paid Social,Midwest,0
9717,2024-11-29,Paid Search,Midwest,0
2705,2024-11-30,Paid Social,West,0
2868,2024-11-30,Referral,West,0
6535,2024-11-30,Paid Search,Midwest,0
11384,2024-11-30,Paid Social,Southeast,0
7341,2024-11-30,Organic Search,Northeast,0
1177,2024-11-30,Paid Social,Midwest,0
1617,2024-11-30,Paid Social,Southeast,0
10543,2024-11-30,Organic Search,West,0
9123,2024-11-30,Organic Search,Southeast,0
8095,2024-11-30,Paid Social,Southeast,0
9408,2024-11-30,Referral,Northeast,0
3998,2024-11-30,Affiliate,Southwest,0
7100,2024-11-30,Paid Search,Southwest,0
11658,2024-11-30,Referral,Southeast,0
5391,2024-11-30,Paid Search,Northeast,0
7966,2024-11-30,Paid Social,Southwest,0
3750,2024-11-30,Affiliate,Southeast,0
3140,2024-11-30,Paid Search,Northeast,0
7160,2024-11-30,Paid Social,Southwest,0
11924,2024-11-30,Paid Search,Northeast,0
1863,2024-11-30,Paid Social,Southeast,0
5836,2024-11-30,Paid Social,West,0
1596,2024-11-30,Organic Search,Northeast,0
10508,2024-11-30,Email,Northeast,0
5021,2024-11-30,Email,Southeast,0
8884,2024-11-30,Paid Search,West,0
9216,2024-11-30,Email,Northeast,0
7517,2024-11-30,Email,Southeast,0
7550,2024-11-30,Paid Social,Southeast,0
8787,2024-11-30,Paid Social,Southeast,0
823,2024-12-01,Paid Social,Southeast,0
9215,2024-12-01,Paid Social,Northeast,0
7997,2024-12-01,Paid Search,West,0
9392,2024-12-01,Paid Search,Southeast,0
10350,2024-12-01,Paid Search,Northeast,0
11457,2024-12-01,Referral,Northeast,0
2647,2024-12-01,Paid Search,West,0
3228,2024-12-01,Organic Search,West,0
11951,2024-12-01,Affiliate,Southeast,0
3030,2024-12-01,Organic Search,Southeast,0
1451,2024-12-01,Paid Social,West,0
939,2024-12-01,Paid Social,West,0
7862,2024-12-01,Paid Search,Northeast,0
751,2024-12-01,Paid Social,West,0
2423,2024-12-01,Organic Search,Midwest,0
3274,2024-12-01,Email,Southeast,0
7340,2024-12-01,Referral,Midwest,0
8829,2024-12-01,Paid Social,Northeast,0
10735,2024-12-01,Referral,Southeast,0
10214,2024-12-01,Referral,Northeast,0
1211,2024-12-01,Organic Search,Northeast,0
6083,2024-12-01,Paid Social,Midwest,0
10212,2024-12-01,Paid Search,Southwest,0
2210,2024-12-01,Paid Search,Southwest,0
9606,2024-12-01,Email,Northeast,0
6247,2024-12-01,Organic Search,Southwest,0
6398,2024-12-01,Paid Social,Northeast,0
11703,2024-12-01,Paid Search,Southwest,0
7275,2024-12-01,Organic Search,Southeast,0
5798,2024-12-01,Affiliate,Northeast,0
5336,2024-12-01,Email,Northeast,0
1405,2024-12-01,Paid Social,Southwest,0
11181,2024-12-01,Organic Search,Midwest,0
7444,2024-12-01,Paid Social,Northeast,0
6118,2024-12-02,Organic Search,Southeast,0
10876,2024-12-02,Paid Social,Midwest,0
3219,2024-12-02,Paid Search,Southeast,0
1541,2024-12-02,Email,Northeast,0
248,2024-12-02,Organic Search,Northeast,0
7908,2024-12-02,Organic Search,Northeast,0
7085,2024-12-02,Organic Search,Midwest,0
8064,2024-12-02,Paid Social,Midwest,0
948,2024-12-02,Organic Search,Southeast,0
7396,2024-12-02,Paid Social,Midwest,0
419,2024-12-02,Paid Social,Northeast,0
5520,2024-12-02,Paid Search,West,0
1288,2024-12-02,Email,West,0
11777,2024-12-02,Paid Social,Southwest,0
10646,2024-12-02,Paid Social,West,0
2757,2024-12-02,Email,Southeast,0
2894,2024-12-02,Paid Social,Northeast,0
3555,2024-12-02,Affiliate,Southeast,0
1755,2024-12-02,Organic Search,West,0
8323,2024-12-03,Organic Search,Northeast,0
5550,2024-12-03,Referral,Southeast,0
9761,2024-12-03,Organic Search,West,0
9342,2024-12-03,Paid Social,Southwest,0
9633,2024-12-03,Organic Search,Southeast,0
6630,2024-12-03,Organic Search,Northeast,0
10286,2024-12-03,Affiliate,Northeast,0
5695,2024-12-03,Paid Social,Northeast,0
10282,2024-12-03,Organic Search,Midwest,0
10096,2024-12-03,Paid Search,Southeast,0
6543,2024-12-03,Paid Social,Northeast,0
9297,2024-12-03,Referral,Northeast,0
9056,2024-12-03,Paid Search,Midwest,0
8632,2024-12-03,Paid Search,West,0
6400,2024-12-03,Paid Search,Midwest,0
3615,2024-12-03,Paid Social,Midwest,0
7696,2024-12-03,Paid Social,Southwest,0
6712,2024-12-03,Paid Search,Southeast,0
3817,2024-12-03,Paid Search,Southeast,0
8065,2024-12-03,Paid Social,Southeast,0
4697,2024-12-03,Paid Social,Northeast,0
6753,2024-12-03,Paid Social,Southwest,0
6770,2024-12-03,Paid Social,Northeast,0
11484,2024-12-03,Organic Search,Northeast,0
9108,2024-12-03,Paid Search,Southeast,0
5465,2024-12-03,Referral,Northeast,0
8983,2024-12-03,Organic Search,Southeast,0
1512,2024-12-03,Paid Social,West,0
11578,2024-12-03,Paid Social,Midwest,0
2616,2024-12-03,Paid Social,Southwest,0
5530,2024-12-03,Paid Search,Southwest,0
809,2024-12-03,Organic Search,Southwest,0
1955,2024-12-03,Organic Search,Northeast,0
7695,2024-12-04,Paid Social,Southeast,0
9569,2024-12-04,Paid Search,Southwest,0
7826,2024-12-04,Referral,Southeast,0
5960,2024-12-04,Affiliate,Southeast,0
11701,2024-12-04,Email,West,0
2016,2024-12-04,Paid Search,West,0
8734,2024-12-04,Paid Social,Southeast,0
8968,2024-12-04,Paid Social,Midwest,0
8171,2024-12-04,Email,Northeast,0
3444,2024-12-04,Paid Social,West,0
4555,2024-12-04,Paid Search,West,0
9607,2024-12-04,Organic Search,Southeast,0
10452,2024-12-04,Affiliate,Southeast,0
72,2024-12-04,Email,Northeast,0
5062,2024-12-04,Email,Midwest,0
8347,2024-12-04,Paid Search,Midwest,0
1092,2024-12-04,Organic Search,Southwest,0
6358,2024-12-04,Email,West,0
3201,2024-12-04,Email,Southeast,0
3829,2024-12-04,Paid Search,West,0
11980,2024-12-04,Referral,West,0
656,2024-12-04,Paid Social,Northeast,0
1993,2024-12-04,Organic Search,Northeast,0
4307,2024-12-04,Paid Social,Southeast,0
3189,2024-12-04,Paid Social,Northeast,0
7921,2024-12-04,Referral,Northeast,0
2627,2024-12-04,Organic Search,Southeast,0
7913,2024-12-04,Email,Northeast,0
1680,2024-12-04,Organic Search,Southwest,0
5525,2024-12-04,Paid Search,Southwest,0
7805,2024-12-05,Paid Social,Northeast,0
4192,2024-12-05,Referral,Northeast,0
1822,2024-12-05,Paid Search,Midwest,0
11552,2024-12-05,Organic Search,West,0
8613,2024-12-05,Organic Search,West,0
10257,2024-12-05,Organic Search,Southeast,0
6406,2024-12-05,Paid Social,West,0
874,2024-12-05,Organic Search,Southeast,0
8123,2024-12-05,Organic Search,Midwest,0
6668,2024-12-05,Affiliate,Midwest,0
7128,2024-12-05,Paid Search,Southeast,0
3880,2024-12-05,Paid Social,Northeast,0
293,2024-12-05,Organic Search,Northeast,0
9017,2024-12-05,Paid Social,Southeast,0
1030,2024-12-05,Paid Social,Northeast,0
9931,2024-12-06,Organic Search,Southwest,0
3053,2024-12-06,Paid Search,Southeast,0
4363,2024-12-06,Paid Search,Midwest,0
2913,2024-12-06,Affiliate,Northeast,0
8715,2024-12-06,Paid Social,Midwest,0
6977,2024-12-06,Paid Social,Southeast,0
987,2024-12-06,Paid Search,West,0
8167,2024-12-06,Paid Search,Southeast,0
630,2024-12-06,Affiliate,West,0
5932,2024-12-06,Referral,Northeast,0
6956,2024-12-06,Paid Search,Midwest,0
7362,2024-12-06,Referral,Northeast,0
10308,2024-12-06,Paid Social,Southwest,0
11102,2024-12-06,Paid Search,West,0
7342,2024-12-06,Affiliate,West,0
11040,2024-12-06,Affiliate,Southeast,0
10386,2024-12-06,Paid Search,Southwest,0
5739,2024-12-06,Paid Social,West,0
2097,2024-12-06,Email,Northeast,0
10354,2024-12-06,Paid Social,Southeast,0
2380,2024-12-06,Organic Search,Midwest,0
5940,2024-12-06,Paid Search,West,0
1350,2024-12-06,Organic Search,Southeast,0
9804,2024-12-06,Affiliate,West,0
10028,2024-12-06,Organic Search,Midwest,0
7813,2024-12-06,Paid Search,Midwest,0
9682,2024-12-06,Affiliate,Midwest,0
11538,2024-12-07,Organic Search,West,0
10998,2024-12-07,Referral,Southwest,0
2641,2024-12-07,Email,Northeast,0
8962,2024-12-07,Organic Search,Southwest,0
6710,2024-12-07,Paid Search,West,0
2222,2024-12-07,Referral,West,0
7859,2024-12-07,Organic Search,Midwest,0
10758,2024-12-07,Paid Social,Northeast,0
2410,2024-12-07,Email,Midwest,0
4145,2024-12-07,Paid Search,Midwest,0
10057,2024-12-07,Email,Southwest,0
5653,2024-12-07,Affiliate,Northeast,0
10437,2024-12-07,Affiliate,Northeast,0
58,2024-12-07,Paid Social,Northeast,0
2426,2024-12-07,Organic Search,Midwest,0
3041,2024-12-07,Paid Search,Southwest,0
9713,2024-12-07,Organic Search,Northeast,0
11550,2024-12-07,Paid Search,Midwest,0
3287,2024-12-07,Paid Search,Southeast,0
3928,2024-12-07,Referral,Southeast,0
5799,2024-12-07,Paid Social,West,0
11764,2024-12-07,Paid Search,Southwest,0
1231,2024-12-07,Organic Search,Northeast,0
2078,2024-12-07,Affiliate,Northeast,0
10080,2024-12-07,Organic Search,West,0
6485,2024-12-08,Organic Search,Northeast,0
4582,2024-12-08,Paid Search,Southwest,0
2512,2024-12-08,Paid Search,Southwest,0
11575,2024-12-08,Affiliate,Midwest,0
4055,2024-12-08,Organic Search,Southwest,0
8299,2024-12-08,Affiliate,West,0
11883,2024-12-08,Paid Search,Southwest,0
4175,2024-12-08,Paid Social,Midwest,0
623,2024-12-08,Email,West,0
9841,2024-12-08,Paid Search,Northeast,0
5472,2024-12-08,Email,Midwest,0
11001,2024-12-08,Paid Search,Southeast,0
11853,2024-12-08,Referral,Southwest,0
8183,2024-12-08,Email,Southeast,0
10050,2024-12-08,Organic Search,Southwest,0
11469,2024-12-08,Affiliate,West,0
11536,2024-12-08,Referral,West,0
7189,2024-12-08,Referral,Midwest,0
11699,2024-12-08,Paid Social,West,0
10930,2024-12-08,Email,West,0
8954,2024-12-08,Organic Search,Midwest,0
794,2024-12-08,Referral,Northeast,0
8720,2024-12-09,Paid Search,West,0
11974,2024-12-09,Paid Search,Midwest,0
10816,2024-12-09,Paid Social,Southeast,0
8602,2024-12-09,Organic Search,Southeast,0
9249,2024-12-09,Paid Search,Northeast,0
2663,2024-12-09,Organic Search,Northeast,0
5865,2024-12-09,Email,West,0
8593,2024-12-09,Paid Social,West,0
4786,2024-12-09,Paid Search,Southeast,0
11026,2024-12-09,Paid Social,Midwest,0
7669,2024-12-09,Paid Search,Northeast,0
7421,2024-12-09,Paid Social,Southwest,0
2458,2024-12-09,Paid Search,Southeast,0
8744,2024-12-09,Affiliate,West,0
10775,2024-12-09,Affiliate,West,0
5551,2024-12-09,Referral,Northeast,0
10393,2024-12-09,Paid Search,Northeast,0
4619,2024-12-09,Paid Social,West,0
2889,2024-12-09,Paid Social,Northeast,0
7984,2024-12-09,Paid Search,Southwest,0
8091,2024-12-10,Paid Social,Northeast,0
3399,2024-12-10,Paid Social,Southeast,0
2197,2024-12-10,Paid Social,West,0
3926,2024-12-10,Paid Social,West,0
1131,2024-12-10,Paid Social,West,0
5294,2024-12-10,Referral,Northeast,0
315,2024-12-10,Paid Social,Northeast,0
5274,2024-12-10,Email,West,0
8912,2024-12-10,Organic Search,Northeast,0
9551,2024-12-10,Email,Southwest,0
3141,2024-12-10,Paid Social,Southeast,0
521,2024-12-10,Paid Search,Northeast,0
8794,2024-12-10,Organic Search,Southwest,0
4932,2024-12-10,Paid Social,West,0
10014,2024-12-10,Organic Search,Southeast,0
7373,2024-12-10,Paid Search,West,0
11685,2024-12-10,Paid Search,West,0
6221,2024-12-10,Organic Search,Southeast,0
997,2024-12-10,Email,Northeast,0
8731,2024-12-10,Paid Social,Southeast,0
4992,2024-12-10,Paid Search,Southeast,0
4327,2024-12-10,Paid Search,Southwest,0
1639,2024-12-10,Referral,Southeast,0
5421,2024-12-10,Paid Social,Northeast,0
2547,2024-12-10,Paid Social,West,0
3528,2024-12-11,Organic Search,Northeast,0
4911,2024-12-11,Paid Search,Southeast,0
5740,2024-12-11,Paid Search,Northeast,0
1840,2024-12-11,Paid Search,Southeast,0
2504,2024-12-11,Paid Social,Northeast,0
2796,2024-12-11,Paid Social,Southeast,0
4178,2024-12-11,Organic Search,Southeast,0
7326,2024-12-11,Paid Search,Midwest,0
3734,2024-12-11,Email,Northeast,0
8256,2024-12-11,Paid Search,West,0
3097,2024-12-11,Referral,Midwest,0
11235,2024-12-11,Organic Search,West,0
10592,2024-12-11,Paid Social,Southeast,0
368,2024-12-11,Paid Social,Southwest,0
5219,2024-12-11,Paid Social,Southwest,0
5072,2024-12-11,Email,Southeast,0
10541,2024-12-11,Organic Search,Midwest,0
442,2024-12-11,Paid Search,West,0
7086,2024-12-11,Paid Social,Southeast,0
6618,2024-12-11,Referral,Northeast,0
2608,2024-12-11,Paid Social,Southeast,0
8928,2024-12-11,Affiliate,Northeast,0
8362,2024-12-11,Organic Search,West,0
4259,2024-12-11,Email,Northeast,0
214,2024-12-11,Organic Search,Southwest,0
5894,2024-12-11,Organic Search,Southwest,0
56,2024-12-12,Paid Social,Midwest,0
169,2024-12-12,Paid Social,Midwest,0
11821,2024-12-12,Referral,Southeast,0
414,2024-12-12,Paid Search,West,0
8721,2024-12-12,Paid Social,Midwest,0
3887,2024-12-12,Email,Midwest,0
6259,2024-12-12,Referral,Southeast,0
10688,2024-12-12,Paid Social,Northeast,0
2411,2024-12-12,Paid Search,Southeast,0
2056,2024-12-12,Affiliate,Northeast,0
6262,2024-12-12,Paid Social,Midwest,0
1318,2024-12-12,Paid Search,Midwest,0
6765,2024-12-12,Paid Social,Southeast,0
5538,2024-12-12,Paid Search,West,0
4283,2024-12-12,Email,Northeast,0
6138,2024-12-12,Paid Social,Midwest,0
3918,2024-12-12,Paid Social,Southeast,0
10083,2024-12-12,Paid Social,Northeast,0
370,2024-12-12,Paid Social,Southeast,0
10814,2024-12-12,Paid Search,West,0
1208,2024-12-12,Paid Search,West,0
10198,2024-12-12,Paid Social,Northeast,0
2271,2024-12-12,Organic Search,Southeast,0
9093,2024-12-12,Referral,Southeast,0
7920,2024-12-12,Affiliate,Northeast,0
6971,2024-12-12,Email,Southwest,0
783,2024-12-13,Paid Search,West,0
7986,2024-12-13,Paid Search,Midwest,0
7511,2024-12-13,Paid Search,Southwest,0
11013,2024-12-13,Paid Search,Northeast,0
3846,2024-12-13,Email,Southwest,0
7834,2024-12-13,Paid Social,Southeast,0
4263,2024-12-13,Organic Search,Midwest,0
9136,2024-12-13,Organic Search,Southeast,0
2740,2024-12-13,Paid Social,West,0
10983,2024-12-13,Paid Search,Southeast,0
3974,2024-12-13,Paid Social,Southeast,0
6054,2024-12-13,Paid Search,Southwest,0
11807,2024-12-13,Email,Midwest,0
756,2024-12-13,Referral,Southeast,0
5929,2024-12-13,Paid Social,West,0
8697,2024-12-13,Paid Search,West,0
547,2024-12-13,Email,Southeast,0
5339,2024-12-13,Paid Search,Midwest,0
1056,2024-12-13,Paid Social,Northeast,0
4632,2024-12-13,Affiliate,Southeast,0
3130,2024-12-13,Paid Social,West,0
5174,2024-12-13,Paid Social,Southwest,0
4523,2024-12-13,Paid Social,Southwest,0
11893,2024-12-13,Paid Social,Northeast,0
10107,2024-12-14,Paid Search,Northeast,0
1345,2024-12-14,Paid Search,Southeast,0
6788,2024-12-14,Referral,Southwest,0
4133,2024-12-14,Email,Northeast,0
2037,2024-12-14,Email,West,0
11162,2024-12-14,Paid Search,West,0
3273,2024-12-14,Paid Search,Midwest,0
4722,2024-12-14,Paid Social,Northeast,0
7827,2024-12-14,Referral,Northeast,0
5171,2024-12-14,Affiliate,Northeast,0
6037,2024-12-14,Paid Search,Northeast,0
5996,2024-12-14,Paid Social,Northeast,0
11507,2024-12-14,Organic Search,Southeast,0
4566,2024-12-14,Paid Search,West,0
11252,2024-12-14,Referral,Northeast,0
857,2024-12-14,Organic Search,West,0
1478,2024-12-14,Email,Northeast,0
8366,2024-12-14,Paid Search,West,0
4017,2024-12-14,Email,West,0
3373,2024-12-14,Referral,West,0
9127,2024-12-14,Affiliate,Midwest,0
2011,2024-12-14,Email,Midwest,0
4719,2024-12-14,Referral,Southeast,0
11748,2024-12-14,Paid Social,West,0
7888,2024-12-14,Email,Southeast,0
679,2024-12-14,Paid Social,Southwest,0
2398,2024-12-14,Email,Northeast,0
3199,2024-12-14,Referral,Northeast,0
28,2024-12-14,Email,Southeast,0
4399,2024-12-15,Paid Search,Southeast,0
3278,2024-12-15,Referral,Midwest,0
10655,2024-12-15,Paid Search,Southeast,0
2541,2024-12-15,Paid Search,Northeast,0
3800,2024-12-15,Paid Social,Northeast,0
6682,2024-12-15,Paid Social,Southeast,0
11976,2024-12-15,Paid Search,Southeast,0
5248,2024-12-15,Organic Search,Northeast,0
2217,2024-12-15,Paid Search,Northeast,0
404,2024-12-15,Email,Southeast,0
9107,2024-12-15,Email,Southeast,0
5183,2024-12-15,Affiliate,West,0
9422,2024-12-15,Paid Search,Southeast,0
2338,2024-12-15,Paid Search,Southwest,0
3105,2024-12-15,Affiliate,Southeast,0
6529,2024-12-15,Email,Midwest,0
5484,2024-12-15,Paid Social,Southeast,0
4983,2024-12-15,Organic Search,Southeast,0
10907,2024-12-15,Paid Social,Southwest,0
9172,2024-12-15,Paid Search,Southwest,0
3101,2024-12-15,Affiliate,West,0
3335,2024-12-15,Paid Search,Midwest,0
11474,2024-12-16,Organic Search,Southwest,0
6439,2024-12-16,Organic Search,West,0
10120,2024-12-16,Email,Southeast,0
6438,2024-12-16,Organic Search,Midwest,0
11317,2024-12-16,Affiliate,Midwest,0
7455,2024-12-16,Referral,West,0
7197,2024-12-16,Organic Search,Southeast,0
1927,2024-12-16,Paid Search,West,0
10039,2024-12-16,Paid Social,Northeast,0
8587,2024-12-16,Paid Social,Southeast,0
7211,2024-12-16,Email,West,0
7638,2024-12-16,Paid Search,Northeast,0
6975,2024-12-16,Email,West,0
8113,2024-12-16,Paid Social,Southeast,0
11065,2024-12-16,Paid Search,Southwest,0
5818,2024-12-16,Paid Social,West,0
10577,2024-12-16,Paid Social,Midwest,0
2904,2024-12-16,Paid Social,Midwest,0
10377,2024-12-16,Organic Search,West,0
877,2024-12-16,Paid Search,Northeast,0
5237,2024-12-16,Paid Social,Southwest,0
7903,2024-12-16,Paid Social,Northeast,0
8517,2024-12-17,Paid Social,Northeast,0
9870,2024-12-17,Email,Northeast,0
7569,2024-12-17,Paid Social,West,0
8918,2024-12-17,Email,Northeast,0
2185,2024-12-17,Affiliate,Northeast,0
8537,2024-12-17,Referral,Northeast,0
15,2024-12-17,Referral,Midwest,0
9848,2024-12-17,Organic Search,Northeast,0
10560,2024-12-17,Paid Search,Southwest,0
11189,2024-12-17,Organic Search,Midwest,0
9796,2024-12-17,Organic Search,Northeast,0
3350,2024-12-17,Paid Search,Midwest,0
1297,2024-12-17,Paid Search,Southeast,0
11201,2024-12-17,Paid Search,Southeast,0
9011,2024-12-17,Organic Search,Northeast,0
11140,2024-12-17,Paid Search,West,0
1336,2024-12-17,Paid Social,Southeast,0
8316,2024-12-17,Organic Search,Southeast,0
1145,2024-12-17,Paid Search,Midwest,0
5581,2024-12-17,Paid Search,West,0
666,2024-12-17,Paid Search,Northeast,0
4104,2024-12-18,Organic Search,Southeast,0
170,2024-12-18,Paid Social,Northeast,0
11638,2024-12-18,Organic Search,Northeast,0
7840,2024-12-18,Paid Social,Southwest,0
4438,2024-12-18,Paid Social,Southwest,0
10458,2024-12-18,Organic Search,Southeast,0
5051,2024-12-18,Paid Search,Northeast,0
4376,2024-12-18,Organic Search,Southwest,0
10599,2024-12-18,Paid Social,Northeast,0
9464,2024-12-18,Paid Search,Northeast,0
7651,2024-12-18,Organic Search,Southeast,0
3704,2024-12-18,Referral,Midwest,0
2514,2024-12-18,Affiliate,Southwest,0
7643,2024-12-18,Paid Social,Midwest,0
11329,2024-12-18,Paid Search,West,0
10859,2024-12-18,Paid Search,Midwest,0
10563,2024-12-18,Paid Search,Midwest,0
4902,2024-12-18,Organic Search,West,0
10654,2024-12-18,Paid Search,West,0
1277,2024-12-18,Organic Search,Southeast,0
9235,2024-12-18,Paid Search,Northeast,0
7886,2024-12-19,Paid Search,Southwest,0
7313,2024-12-19,Email,West,0
7985,2024-12-19,Affiliate,Southeast,0
5749,2024-12-19,Organic Search,Southwest,0
4559,2024-12-19,Referral,Northeast,0
4967,2024-12-19,Paid Social,Midwest,0
3252,2024-12-19,Paid Search,Southeast,0
3033,2024-12-19,Organic Search,West,0
9492,2024-12-19,Referral,West,0
101,2024-12-19,Paid Social,Northeast,0
11704,2024-12-19,Paid Social,Southwest,0
3157,2024-12-19,Paid Social,Midwest,0
2090,2024-12-19,Organic Search,Midwest,0
10073,2024-12-19,Paid Social,Southwest,0
11923,2024-12-19,Referral,Midwest,0
6343,2024-12-19,Organic Search,Southeast,0
79,2024-12-19,Email,Southeast,0
9744,2024-12-19,Referral,Midwest,0
4600,2024-12-19,Email,Southeast,0
11982,2024-12-19,Affiliate,Northeast,0
7065,2024-12-19,Paid Search,Southeast,0
5604,2024-12-19,Organic Search,West,0
8813,2024-12-19,Affiliate,Southwest,0
4798,2024-12-19,Email,West,0
2824,2024-12-19,Paid Social,Southeast,0
2919,2024-12-20,Paid Social,Midwest,0
7736,2024-12-20,Affiliate,Midwest,0
2165,2024-12-20,Referral,Northeast,0
1492,2024-12-20,Paid Search,Northeast,0
200,2024-12-20,Email,Southwest,0
1022,2024-12-20,Referral,Southeast,0
3356,2024-12-20,Paid Search,Midwest,0
3950,2024-12-20,Email,Southeast,0
2880,2024-12-20,Paid Search,Southwest,0
2780,2024-12-20,Organic Search,Northeast,0
6761,2024-12-20,Referral,Northeast,0
9676,2024-12-20,Paid Search,Southeast,0
7155,2024-12-20,Paid Social,West,0
2340,2024-12-20,Affiliate,Southeast,0
3286,2024-12-20,Email,Southwest,0
618,2024-12-20,Email,West,0
8942,2024-12-20,Paid Search,West,0
3153,2024-12-20,Organic Search,Midwest,0
1095,2024-12-20,Paid Social,West,1
3784,2024-12-20,Email,West,0
2196,2024-12-21,Organic Search,Southwest,0
133,2024-12-21,Organic Search,West,0
3695,2024-12-21,Paid Social,West,0
4663,2024-12-21,Affiliate,Northeast,0
4044,2024-12-21,Paid Search,West,0
7434,2024-12-21,Paid Search,Southeast,0
11583,2024-12-21,Referral,West,0
665,2024-12-21,Referral,West,0
10535,2024-12-21,Affiliate,Southeast,0
2460,2024-12-21,Paid Social,Northeast,0
8066,2024-12-21,Paid Social,Midwest,0
2631,2024-12-21,Paid Search,West,0
2751,2024-12-21,Organic Search,Midwest,0
9013,2024-12-21,Paid Search,Northeast,0
9695,2024-12-21,Paid Search,Northeast,0
2685,2024-12-21,Paid Social,Midwest,0
9001,2024-12-21,Organic Search,Northeast,0
11859,2024-12-21,Paid Social,West,0
5502,2024-12-21,Organic Search,Northeast,0
3395,2024-12-21,Paid Search,Northeast,0
1905,2024-12-21,Paid Social,Midwest,0
6419,2024-12-21,Email,Northeast,0
6638,2024-12-21,Paid Social,Southeast,0
7369,2024-12-21,Email,Southwest,0
7851,2024-12-21,Referral,Southeast,0
2124,2024-12-21,Paid Search,Northeast,0
4712,2024-12-21,Paid Search,Southeast,0
11697,2024-12-21,Paid Social,Midwest,0
7611,2024-12-21,Paid Search,Northeast,0
11526,2024-12-21,Email,Southwest,0
4409,2024-12-22,Email,West,0
10830,2024-12-22,Affiliate,Southwest,0
5247,2024-12-22,Referral,Midwest,0
2910,2024-12-22,Organic Search,West,0
6286,2024-12-22,Paid Social,West,0
8977,2024-12-22,Paid Search,Midwest,0
3428,2024-12-22,Paid Social,West,0
8394,2024-12-22,Paid Search,Northeast,0
10686,2024-12-22,Affiliate,Northeast,0
6207,2024-12-22,Referral,Southeast,0
9349,2024-12-22,Affiliate,Southeast,0
4780,2024-12-22,Organic Search,Southeast,0
2858,2024-12-22,Email,Southeast,0
8062,2024-12-23,Paid Social,Midwest,0
9514,2024-12-23,Paid Search,Southeast,0
1051,2024-12-23,Paid Social,Midwest,0
5619,2024-12-23,Organic Search,West,0
7566,2024-12-23,Paid Social,Midwest,0
2094,2024-12-23,Paid Social,Northeast,0
2626,2024-12-23,Organic Search,West,0
4295,2024-12-23,Organic Search,Midwest,0
1660,2024-12-23,Organic Search,Northeast,0
654,2024-12-23,Affiliate,West,0
4752,2024-12-23,Paid Social,West,0
9061,2024-12-23,Paid Social,West,0
1485,2024-12-23,Referral,Northeast,0
11275,2024-12-23,Paid Social,Southwest,0
7057,2024-12-23,Paid Search,Midwest,0
6669,2024-12-23,Paid Search,Southeast,0
9772,2024-12-23,Referral,Northeast,0
4315,2024-12-23,Referral,West,0
8692,2024-12-23,Email,Northeast,0
7167,2024-12-23,Paid Social,West,0
9144,2024-12-24,Organic Search,Northeast,0
2138,2024-12-24,Organic Search,Midwest,0
4107,2024-12-24,Paid Social,West,0
3423,2024-12-24,Paid Social,Northeast,0
6708,2024-12-24,Email,Southwest,0
6970,2024-12-24,Referral,Midwest,0
1334,2024-12-24,Organic Search,Southwest,0
561,2024-12-24,Affiliate,Northeast,0
4287,2024-12-24,Organic Search,Northeast,0
7276,2024-12-24,Organic Search,Northeast,0
3977,2024-12-24,Paid Social,Northeast,0
6335,2024-12-24,Paid Social,Midwest,0
619,2024-12-24,Email,Northeast,0
10430,2024-12-24,Affiliate,Northeast,0
11376,2024-12-24,Paid Search,Southwest,0
9820,2024-12-24,Organic Search,Northeast,0
2655,2024-12-24,Paid Search,Midwest,0
3530,2024-12-24,Affiliate,Southeast,0
9481,2024-12-24,Paid Search,Northeast,0
2500,2024-12-24,Referral,Northeast,0
9985,2024-12-24,Paid Search,Midwest,0
11338,2024-12-24,Organic Search,Southeast,0
2344,2024-12-25,Email,West,0
3947,2024-12-25,Referral,Midwest,0
9866,2024-12-25,Referral,Southeast,0
3329,2024-12-25,Affiliate,Northeast,0
6306,2024-12-25,Paid Search,Northeast,0
2312,2024-12-25,Paid Social,Southeast,0
5524,2024-12-25,Paid Social,Southeast,0
5006,2024-12-25,Paid Social,Southeast,0
11480,2024-12-25,Paid Social,West,0
11398,2024-12-25,Paid Search,Northeast,0
6021,2024-12-25,Email,Northeast,0
83,2024-12-25,Organic Search,Southeast,0
11137,2024-12-25,Affiliate,Northeast,0
9477,2024-12-25,Email,West,0
4471,2024-12-25,Paid Search,Southeast,0
3303,2024-12-25,Paid Social,Southeast,0
2708,2024-12-26,Paid Social,Southeast,0
14,2024-12-26,Paid Social,Southwest,0
4595,2024-12-26,Referral,West,0
1257,2024-12-26,Paid Search,Midwest,0
5357,2024-12-26,Paid Search,West,0
1466,2024-12-26,Paid Social,Southeast,0
10061,2024-12-26,Paid Social,Midwest,0
7683,2024-12-26,Organic Search,Northeast,0
10661,2024-12-26,Paid Social,Midwest,0
4423,2024-12-26,Paid Search,West,0
5796,2024-12-26,Paid Social,Southeast,0
4292,2024-12-26,Paid Social,Midwest,0
9523,2024-12-26,Organic Search,West,0
420,2024-12-26,Organic Search,Northeast,0
9285,2024-12-26,Paid Social,Northeast,0
8503,2024-12-26,Paid Social,Southeast,0
969,2024-12-26,Paid Search,Northeast,0
6550,2024-12-26,Paid Search,West,0
11675,2024-12-26,Referral,Midwest,0
11533,2024-12-27,Organic Search,Northeast,0
10932,2024-12-27,Paid Search,Midwest,0
6087,2024-12-27,Paid Social,Midwest,0
5745,2024-12-27,Organic Search,West,0
475,2024-12-27,Paid Search,Northeast,0
9166,2024-12-27,Organic Search,Midwest,0
11600,2024-12-27,Paid Social,West,0
2635,2024-12-27,Paid Search,Southeast,0
2510,2024-12-27,Organic Search,Midwest,0
8016,2024-12-27,Organic Search,Midwest,0
6452,2024-12-27,Paid Search,Northeast,0
11289,2024-12-27,Organic Search,Midwest,0
2812,2024-12-27,Paid Search,West,0
9317,2024-12-27,Email,Northeast,0
9712,2024-12-27,Paid Social,Southeast,0
4952,2024-12-27,Email,Midwest,0
542,2024-12-27,Referral,Northeast,0
7041,2024-12-27,Paid Social,Southwest,0
7682,2024-12-27,Organic Search,Southeast,0
5249,2024-12-27,Organic Search,Northeast,0
8819,2024-12-28,Paid Search,West,0
10767,2024-12-28,Referral,Southwest,0
8118,2024-12-28,Referral,Northeast,0
4843,2024-12-28,Organic Search,Southeast,0
5891,2024-12-28,Paid Social,Northeast,0
11160,2024-12-28,Paid Search,Southeast,0
6953,2024-12-28,Paid Search,Midwest,0
6372,2024-12-28,Email,Southeast,0
4549,2024-12-28,Referral,Northeast,0
3470,2024-12-28,Paid Social,Northeast,0
7516,2024-12-28,Referral,West,0
2964,2024-12-28,Paid Search,Northeast,0
6244,2024-12-28,Paid Social,Southeast,0
7897,2024-12-28,Affiliate,West,0
339,2024-12-28,Email,Southeast,0
2682,2024-12-28,Paid Social,Northeast,0
10464,2024-12-28,Paid Search,Northeast,0
148,2024-12-28,Affiliate,Northeast,0
6030,2024-12-28,Paid Social,Southeast,0
6177,2024-12-28,Organic Search,Southwest,0
7624,2024-12-28,Organic Search,Southeast,0
10267,2024-12-28,Affiliate,Northeast,0
6260,2024-12-28,Organic Search,West,0
11091,2024-12-28,Paid Social,Southeast,0
4256,2024-12-28,Paid Social,West,0
1264,2024-12-28,Paid Social,Midwest,0
377,2024-12-28,Paid Search,Northeast,0
3367,2024-12-28,Organic Search,Northeast,0
3856,2024-12-28,Organic Search,Midwest,0
883,2024-12-29,Paid Social,Northeast,0
3794,2024-12-29,Affiliate,West,0
2319,2024-12-29,Paid Social,Southwest,0
5743,2024-12-29,Paid Search,Northeast,0
8121,2024-12-29,Paid Search,Southeast,0
10954,2024-12-29,Paid Search,Southeast,0
10604,2024-12-29,Organic Search,Northeast,0
1153,2024-12-29,Organic Search,Midwest,0
2744,2024-12-29,Affiliate,Northeast,0
4366,2024-12-29,Referral,Northeast,0
2246,2024-12-29,Organic Search,Northeast,0
8489,2024-12-29,Organic Search,Southeast,0
4976,2024-12-29,Paid Search,West,0
2517,2024-12-29,Organic Search,Northeast,0
3843,2024-12-29,Paid Search,Southwest,0
8875,2024-12-29,Paid Search,West,0
8129,2024-12-29,Email,Southeast,0
5589,2024-12-29,Paid Search,Northeast,0
7053,2024-12-29,Paid Social,West,0
6824,2024-12-29,Organic Search,Northeast,0
5483,2024-12-29,Email,Southeast,0
1433,2024-12-29,Paid Search,Southwest,0
3173,2024-12-29,Email,Northeast,0
750,2024-12-29,Paid Search,Northeast,0
4390,2024-12-30,Referral,West,0
2399,2024-12-30,Paid Social,Northeast,0
1037,2024-12-30,Paid Social,Southeast,0
4427,2024-12-30,Email,Southeast,0
3733,2024-12-30,Affiliate,Southeast,0
4931,2024-12-30,Affiliate,Midwest,0
11304,2024-12-30,Paid Search,Southwest,0
3317,2024-12-30,Paid Social,West,0
2439,2024-12-30,Paid Search,Northeast,0
3269,2024-12-30,Paid Social,Southeast,0
6275,2024-12-30,Email,Northeast,0
1093,2024-12-30,Paid Search,Southwest,0
11333,2024-12-30,Paid Social,West,0
4229,2024-12-30,Paid Search,Northeast,0
8855,2024-12-30,Paid Social,Northeast,0
9496,2024-12-30,Paid Social,West,0
2859,2024-12-30,Referral,Northeast,0
9836,2024-12-30,Paid Search,West,0
3815,2024-12-30,Paid Social,Southeast,0
11723,2024-12-30,Paid Search,Southwest,0
11584,2024-12-30,Referral,Northeast,0
11688,2024-12-30,Organic Search,Southwest,0
2599,2024-12-30,Organic Search,Midwest,0
9798,2024-12-30,Paid Search,Southeast,0
8117,2024-12-30,Paid Search,Southwest,0
151,2024-12-30,Organic Search,Southeast,0
9813,2024-12-31,Paid Search,West,0
5622,2024-12-31,Paid Social,West,0
4486,2024-12-31,Paid Social,West,0
1731,2024-12-31,Paid Search,Southeast,0
8661,2024-12-31,Paid Search,Northeast,0
7338,2024-12-31,Paid Search,Southwest,0
5623,2024-12-31,Paid Search,Southeast,0
11344,2024-12-31,Affiliate,Southeast,0
7030,2024-12-31,Organic Search,Northeast,0
6100,2024-12-31,Organic Search,Midwest,0
10162,2024-12-31,Paid Social,Midwest,0
5432,2024-12-31,Email,West,0
8268,2024-12-31,Email,Southeast,0
525,2024-12-31,Paid Social,Midwest,0
6759,2024-12-31,Referral,Northeast,0
2034,2024-12-31,Referral,Northeast,0
1987,2024-12-31,Paid Search,Midwest,0
8475,2024-12-31,Referral,Midwest,0
990,2024-12-31,Paid Social,Northeast,0
2629,2024-12-31,Paid Search,Southwest,0
3642,2024-12-31,Paid Social,Southwest,0
9932,2024-12-31,Paid Social,Southwest,0
892,2024-12-31,Affiliate,Midwest,0
9482,2024-12-31,Paid Social,Northeast,0
6341,2024-12-31,Referral,Southeast,0
9334,2024-12-31,Affiliate,Southeast,0
11197,2024-12-31,Email,Northeast,0
10408,2024-12-31,Organic Search,Northeast,0
2117,2024-12-31,Email,Northeast,0
9500,2025-01-01,Paid Social,Southwest,0
1576,2025-01-01,Paid Search,Midwest,0
116,2025-01-01,Organic Search,Northeast,0
8037,2025-01-01,Paid Search,Northeast,0
10416,2025-01-01,Organic Search,Southwest,0
7252,2025-01-01,Email,Southeast,0
9922,2025-01-01,Email,Midwest,0
1562,2025-01-01,Organic Search,West,0
2315,2025-01-01,Paid Search,Southwest,0
5259,2025-01-01,Paid Search,Northeast,0
9162,2025-01-01,Paid Social,Southeast,0
8521,2025-01-01,Paid Search,Midwest,0
7675,2025-01-02,Affiliate,Southeast,0
2427,2025-01-02,Paid Search,Southeast,0
8382,2025-01-02,Referral,Midwest,0
4069,2025-01-02,Referral,Southeast,0
10442,2025-01-02,Paid Search,Southwest,0
7894,2025-01-02,Organic Search,West,0
2417,2025-01-02,Paid Social,West,0
6726,2025-01-02,Paid Social,West,0
10159,2025-01-02,Email,Southeast,0
9419,2025-01-02,Email,Midwest,0
10852,2025-01-02,Paid Social,Midwest,0
9701,2025-01-02,Organic Search,Midwest,0
6825,2025-01-02,Paid Social,Southeast,0
6830,2025-01-02,Organic Search,Southwest,0
4016,2025-01-02,Paid Search,Northeast,0
3188,2025-01-02,Organic Search,Northeast,0
257,2025-01-03,Referral,West,0
917,2025-01-03,Organic Search,Midwest,0
208,2025-01-03,Paid Social,West,0
3680,2025-01-03,Organic Search,Northeast,0
5703,2025-01-03,Referral,West,0
9190,2025-01-03,Paid Search,Northeast,0
11219,2025-01-03,Paid Social,Southeast,0
2024,2025-01-03,Email,Southwest,0
4165,2025-01-03,Paid Social,Northeast,0
11525,2025-01-03,Referral,Midwest,0
2247,2025-01-03,Paid Social,Southeast,1
69,2025-01-03,Paid Search,Midwest,0
86,2025-01-03,Paid Social,Southeast,0
6390,2025-01-03,Paid Social,West,0
2637,2025-01-03,Affiliate,Northeast,0
9304,2025-01-04,Organic Search,Midwest,0
1966,2025-01-04,Paid Social,West,0
11689,2025-01-04,Paid Social,Northeast,0
9694,2025-01-04,Paid Search,Northeast,0
7593,2025-01-04,Email,Southeast,0
1289,2025-01-04,Paid Social,Northeast,0
5039,2025-01-04,Organic Search,Southeast,0
1209,2025-01-04,Paid Social,Northeast,0
4368,2025-01-04,Email,Southwest,0
6964,2025-01-04,Paid Search,Southwest,0
1674,2025-01-04,Paid Search,Southeast,0
10669,2025-01-04,Organic Search,Midwest,0
3677,2025-01-04,Paid Social,Southeast,0
418,2025-01-04,Paid Search,Northeast,0
2908,2025-01-04,Paid Search,Southwest,0
4450,2025-01-04,Paid Social,Southeast,0
710,2025-01-04,Referral,West,0
8964,2025-01-05,Organic Search,Midwest,0
11195,2025-01-05,Organic Search,Northeast,0
9574,2025-01-05,Paid Search,Southeast,0
5558,2025-01-05,Email,Southwest,0
2157,2025-01-05,Referral,Southeast,0
5293,2025-01-05,Affiliate,West,0
8081,2025-01-05,Affiliate,Southwest,0
9064,2025-01-05,Organic Search,Southwest,0
6052,2025-01-05,Organic Search,Northeast,0
1817,2025-01-06,Organic Search,West,0
2452,2025-01-06,Paid Search,Midwest,0
9346,2025-01-06,Paid Social,Northeast,0
10219,2025-01-06,Referral,Southeast,0
3895,2025-01-06,Paid Search,Southwest,0
7203,2025-01-06,Referral,Southeast,0
1134,2025-01-06,Organic Search,Southeast,0
10210,2025-01-06,Paid Search,Southeast,0
1335,2025-01-06,Organic Search,West,0
7995,2025-01-06,Affiliate,West,0
4716,2025-01-06,Organic Search,Southwest,0
11880,2025-01-06,Email,Southeast,0
10017,2025-01-06,Referral,West,0
4528,2025-01-07,Organic Search,Southeast,0
514,2025-01-07,Paid Search,Southwest,0
1357,2025-01-07,Referral,Northeast,0
1266,2025-01-07,Organic Search,West,0
11127,2025-01-07,Paid Social,Southeast,0
11243,2025-01-07,Affiliate,West,0
10691,2025-01-07,Organic Search,West,0
409,2025-01-07,Organic Search,Northeast,0
9666,2025-01-07,Organic Search,West,0
5269,2025-01-07,Paid Search,West,0
37,2025-01-07,Paid Social,Southeast,0
11220,2025-01-07,Referral,Southeast,0
3341,2025-01-08,Paid Search,West,0
289,2025-01-08,Email,West,0
6045,2025-01-08,Paid Search,West,0
9040,2025-01-08,Organic Search,Southeast,0
7705,2025-01-08,Organic Search,Midwest,0
7044,2025-01-08,Organic Search,Northeast,0
8686,2025-01-08,Organic Search,Southeast,0
5841,2025-01-08,Paid Search,West,0
10211,2025-01-08,Paid Social,West,0
239,2025-01-09,Paid Social,Midwest,0
11786,2025-01-09,Paid Search,Northeast,0
7062,2025-01-09,Paid Social,Midwest,0
46,2025-01-09,Paid Social,Southeast,0
4083,2025-01-09,Organic Search,Midwest,0
3665,2025-01-09,Paid Search,West,0
1317,2025-01-09,Organic Search,Northeast,0
4491,2025-01-09,Organic Search,Northeast,0
6252,2025-01-09,Paid Search,Southwest,0
5162,2025-01-09,Paid Social,Southeast,0
7967,2025-01-09,Paid Search,Northeast,0
8684,2025-01-10,Organic Search,Southeast,0
4142,2025-01-10,Paid Search,West,0
6878,2025-01-10,Paid Search,Southwest,0
10994,2025-01-10,Organic Search,West,0
10434,2025-01-10,Organic Search,Southeast,0
6999,2025-01-10,Referral,Midwest,0
8241,2025-01-10,Paid Social,West,0
7311,2025-01-10,Referral,West,0
10398,2025-01-10,Organic Search,Southeast,0
7379,2025-01-10,Affiliate,West,0
3905,2025-01-10,Referral,Northeast,0
5428,2025-01-10,Referral,Southwest,0
351,2025-01-10,Organic Search,Midwest,0
3322,2025-01-10,Referral,Southeast,0
2494,2025-01-10,Email,West,0
3713,2025-01-11,Email,West,0
5210,2025-01-11,Organic Search,Southwest,0
1077,2025-01-11,Organic Search,West,0
4411,2025-01-11,Paid Social,West,0
2203,2025-01-11,Affiliate,Midwest,0
3271,2025-01-11,Affiliate,West,0
11205,2025-01-11,Paid Search,Southeast,0
10675,2025-01-11,Referral,Midwest,0
10741,2025-01-12,Paid Social,West,0
4098,2025-01-12,Organic Search,Southeast,0
3647,2025-01-12,Paid Social,Northeast,0
106,2025-01-12,Referral,Northeast,0
8335,2025-01-12,Organic Search,Northeast,0
8586,2025-01-12,Paid Social,Southwest,0
1392,2025-01-12,Organic Search,Midwest,0
10518,2025-01-12,Referral,Midwest,0
1219,2025-01-12,Paid Search,Northeast,0
9351,2025-01-12,Organic Search,West,0
163,2025-01-12,Email,West,0
2275,2025-01-12,Paid Search,West,0
3478,2025-01-12,Paid Search,Southeast,0
6848,2025-01-12,Referral,Southwest,0
6950,2025-01-12,Organic Search,Midwest,0
7538,2025-01-12,Referral,West,0
397,2025-01-12,Email,Southwest,0
2838,2025-01-12,Referral,Northeast,0
10435,2025-01-12,Organic Search,West,0
5454,2025-01-13,Referral,Northeast,0
10862,2025-01-13,Organic Search,Northeast,0
5295,2025-01-13,Paid Social,Southeast,0
6062,2025-01-13,Organic Search,Northeast,0
4624,2025-01-13,Referral,Southwest,0
2181,2025-01-13,Paid Search,West,0
720,2025-01-13,Paid Search,Southeast,0
11122,2025-01-13,Organic Search,Northeast,0
869,2025-01-13,Organic Search,Midwest,0
10074,2025-01-13,Paid Social,Southeast,0
5953,2025-01-13,Organic Search,Northeast,0
10690,2025-01-13,Referral,Midwest,0
943,2025-01-13,Referral,West,0
10400,2025-01-13,Paid Social,Midwest,0
10928,2025-01-14,Organic Search,Northeast,0
9409,2025-01-14,Paid Search,Midwest,0
8608,2025-01-14,Paid Search,West,0
6468,2025-01-14,Organic Search,Southeast,0
7610,2025-01-14,Affiliate,Northeast,0
8470,2025-01-14,Organic Search,Midwest,0
6064,2025-01-14,Organic Search,Southeast,0
1169,2025-01-14,Paid Social,West,0
1070,2025-01-14,Email,Northeast,0
9511,2025-01-14,Paid Search,West,0
8413,2025-01-14,Paid Social,Midwest,0
9699,2025-01-14,Paid Social,West,0
2710,2025-01-14,Paid Search,Northeast,0
8499,2025-01-14,Paid Social,Midwest,0
1995,2025-01-15,Paid Social,Southwest,0
9889,2025-01-15,Paid Social,Southwest,0
3208,2025-01-15,Paid Search,Northeast,0
7400,2025-01-15,Affiliate,Southwest,0
746,2025-01-15,Paid Social,Northeast,0
1242,2025-01-15,Organic Search,Northeast,0
6289,2025-01-15,Affiliate,Southeast,0
10363,2025-01-15,Paid Social,Northeast,0
6362,2025-01-15,Email,Midwest,0
9035,2025-01-15,Organic Search,Midwest,0
11341,2025-01-15,Affiliate,West,0
1001,2025-01-15,Paid Social,Southeast,0
1444,2025-01-15,Paid Search,West,0
5920,2025-01-15,Paid Search,Northeast,0
8069,2025-01-16,Organic Search,Northeast,0
920,2025-01-16,Paid Social,Midwest,0
1521,2025-01-16,Paid Social,West,0
10167,2025-01-16,Organic Search,West,0
9055,2025-01-16,Paid Search,Northeast,0
11921,2025-01-16,Paid Social,Midwest,0
2991,2025-01-16,Paid Search,Midwest,0
1314,2025-01-16,Organic Search,West,0
4275,2025-01-16,Paid Search,Southeast,0
3751,2025-01-16,Paid Search,Northeast,0
6938,2025-01-16,Paid Social,Midwest,0
2367,2025-01-16,Paid Social,Southeast,0
624,2025-01-16,Paid Social,Southwest,0
1178,2025-01-16,Organic Search,Southeast,0
674,2025-01-17,Paid Social,Southwest,0
1733,2025-01-17,Organic Search,Midwest,0
9433,2025-01-17,Email,Midwest,0
10498,2025-01-17,Paid Search,Southeast,0
360,2025-01-17,Organic Search,Southwest,0
2212,2025-01-17,Referral,Southeast,0
7513,2025-01-17,Affiliate,Southeast,0
1994,2025-01-17,Email,Southwest,0
2528,2025-01-17,Paid Social,West,0
575,2025-01-17,Referral,Southeast,0
995,2025-01-17,Paid Search,Northeast,0
11567,2025-01-17,Organic Search,West,0
7006,2025-01-18,Paid Search,Southwest,0
7785,2025-01-18,Email,West,0
7477,2025-01-18,Paid Search,West,0
1137,2025-01-18,Paid Search,West,0
4038,2025-01-18,Paid Social,Northeast,0
7825,2025-01-18,Paid Social,West,0
10072,2025-01-18,Paid Social,West,0
6578,2025-01-18,Affiliate,Southwest,0
5750,2025-01-18,Paid Social,Southeast,0
7181,2025-01-18,Affiliate,West,0
6103,2025-01-18,Organic Search,Southwest,0
876,2025-01-18,Email,Southeast,0
51,2025-01-18,Referral,Southeast,0
61,2025-01-18,Referral,West,0
2871,2025-01-18,Referral,Southeast,0
4801,2025-01-18,Paid Social,Southeast,0
9258,2025-01-18,Email,West,0
265,2025-01-18,Organic Search,Southwest,0
3901,2025-01-19,Email,West,0
4963,2025-01-19,Paid Social,Midwest,0
3401,2025-01-19,Paid Search,Southeast,0
7510,2025-01-19,Referral,Midwest,0
6877,2025-01-19,Paid Social,West,0
1922,2025-01-19,Affiliate,Southwest,0
9328,2025-01-19,Paid Social,Southwest,0
3500,2025-01-19,Paid Search,West,0
8224,2025-01-19,Affiliate,West,0
2226,2025-01-19,Organic Search,Northeast,0
1524,2025-01-19,Organic Search,Southeast,0
5019,2025-01-19,Affiliate,West,0
5292,2025-01-19,Organic Search,Midwest,0
8961,2025-01-19,Paid Search,Southwest,0
5129,2025-01-19,Organic Search,Southeast,0
2336,2025-01-20,Organic Search,Northeast,0
11211,2025-01-20,Paid Social,Southwest,0
10007,2025-01-20,Organic Search,Northeast,0
3158,2025-01-20,Paid Social,West,0
10063,2025-01-20,Paid Search,Midwest,0
11496,2025-01-20,Paid Social,Midwest,0
7398,2025-01-20,Organic Search,Southwest,0
1449,2025-01-20,Organic Search,Southwest,0
6991,2025-01-20,Paid Social,Northeast,0
2882,2025-01-20,Organic Search,Southwest,0
5489,2025-01-20,Paid Search,Southeast,0
27,2025-01-20,Paid Search,Northeast,0
673,2025-01-20,Organic Search,Midwest,0
1722,2025-01-21,Email,Northeast,0
11412,2025-01-21,Paid Social,Northeast,0
1569,2025-01-21,Paid Social,Northeast,0
10866,2025-01-21,Paid Social,Southwest,0
4739,2025-01-21,Affiliate,Midwest,0
255,2025-01-21,Email,West,0
3644,2025-01-21,Paid Social,Northeast,0
8462,2025-01-21,Email,West,0
288,2025-01-21,Paid Social,Northeast,0
1490,2025-01-21,Paid Social,Northeast,0
5537,2025-01-21,Paid Social,West,0
7494,2025-01-21,Paid Search,Southeast,0
6554,2025-01-21,Paid Search,Southeast,0
7495,2025-01-21,Paid Social,Midwest,0
332,2025-01-21,Paid Search,Northeast,0
3934,2025-01-21,Referral,Southeast,0
3425,2025-01-21,Email,Southwest,0
6688,2025-01-21,Referral,Southeast,0
9632,2025-01-21,Paid Social,West,0
8651,2025-01-21,Paid Search,Northeast,0
6587,2025-01-22,Organic Search,Northeast,0
5076,2025-01-22,Paid Social,West,0
417,2025-01-22,Referral,West,0
2630,2025-01-22,Paid Social,Southeast,0
5414,2025-01-22,Email,Northeast,0
11657,2025-01-22,Paid Social,West,0
6101,2025-01-22,Paid Social,Southwest,0
6339,2025-01-22,Organic Search,Southwest,0
557,2025-01-22,Paid Search,Southwest,0
5856,2025-01-22,Organic Search,West,0
11532,2025-01-22,Paid Search,Midwest,0
5981,2025-01-22,Paid Social,Southeast,0
9925,2025-01-22,Paid Search,Southwest,0
8981,2025-01-22,Paid Social,Southeast,0
760,2025-01-22,Paid Social,Midwest,0
7830,2025-01-23,Paid Search,Southwest,0
5692,2025-01-23,Paid Social,West,0
9242,2025-01-23,Email,Southwest,0
7049,2025-01-23,Referral,Midwest,0
8317,2025-01-23,Paid Search,Northeast,0
644,2025-01-23,Organic Search,Southwest,0
2005,2025-01-23,Affiliate,Midwest,0
10479,2025-01-23,Paid Search,Southwest,0
2047,2025-01-23,Referral,West,0
5447,2025-01-23,Organic Search,Southwest,0
10933,2025-01-23,Paid Search,Midwest,0
6265,2025-01-24,Organic Search,Northeast,0
2329,2025-01-24,Affiliate,West,0
3411,2025-01-24,Organic Search,Northeast,0
11433,2025-01-24,Affiliate,Northeast,0
5308,2025-01-24,Affiliate,Southeast,0
275,2025-01-24,Paid Social,Southwest,0
9431,2025-01-24,Affiliate,Northeast,0
2862,2025-01-24,Email,Northeast,0
7394,2025-01-24,Email,West,0
104,2025-01-24,Paid Search,Southwest,0
7956,2025-01-24,Paid Search,West,0
2249,2025-01-24,Paid Search,Southwest,0
3855,2025-01-24,Email,Midwest,0
11391,2025-01-24,Email,West,0
11766,2025-01-24,Organic Search,West,0
3848,2025-01-25,Paid Search,Midwest,0
3808,2025-01-25,Paid Social,West,0
9264,2025-01-25,Email,West,0
161,2025-01-25,Paid Search,Southwest,0
7442,2025-01-25,Email,West,0
7458,2025-01-25,Paid Social,Southeast,0
382,2025-01-25,Organic Search,West,0
4782,2025-01-25,Affiliate,West,0
9218,2025-01-26,Referral,West,0
8336,2025-01-26,Paid Search,Southwest,0
5320,2025-01-26,Paid Social,Northeast,0
124,2025-01-26,Referral,Southeast,0
5477,2025-01-26,Paid Social,Midwest,0
4565,2025-01-26,Paid Social,Southeast,0
7437,2025-01-26,Paid Social,Southeast,0
6749,2025-01-26,Paid Search,Southeast,0
11955,2025-01-26,Organic Search,Midwest,0
3345,2025-01-26,Organic Search,West,0
2255,2025-01-26,Paid Search,Midwest,0
3509,2025-01-27,Paid Search,Midwest,0
9236,2025-01-27,Paid Social,West,0
2574,2025-01-27,Referral,Northeast,0
8726,2025-01-27,Paid Search,West,0
2854,2025-01-27,Paid Social,West,0
9919,2025-01-27,Paid Social,Southeast,0
788,2025-01-27,Paid Search,Southeast,0
2560,2025-01-27,Organic Search,West,0
7728,2025-01-27,Affiliate,Southeast,0
8523,2025-01-27,Affiliate,West,0
9599,2025-01-27,Affiliate,Midwest,0
7595,2025-01-27,Paid Social,Southwest,0
2881,2025-01-28,Paid Social,Midwest,0
10720,2025-01-28,Paid Search,Midwest,0
8717,2025-01-28,Paid Search,Midwest,0
11306,2025-01-28,Organic Search,Northeast,0
5097,2025-01-28,Affiliate,West,0
10794,2025-01-28,Organic Search,Midwest,0
6505,2025-01-28,Organic Search,Southwest,0
10470,2025-01-28,Paid Search,West,0
11364,2025-01-28,Organic Search,Midwest,0
2675,2025-01-28,Paid Social,Northeast,0
8178,2025-01-28,Affiliate,Northeast,0
10579,2025-01-28,Email,Southeast,0
7870,2025-01-28,Paid Search,West,0
8706,2025-01-28,Paid Social,Midwest,0
3351,2025-01-28,Organic Search,Southeast,0
1749,2025-01-28,Referral,Southeast,0
1099,2025-01-28,Paid Social,Northeast,0
7191,2025-01-28,Paid Social,Southeast,0
1544,2025-01-28,Paid Search,West,0
4610,2025-01-28,Affiliate,Northeast,0
2070,2025-01-28,Paid Social,Southwest,0
5236,2025-01-29,Referral,West,0
1696,2025-01-29,Paid Social,Northeast,0
1312,2025-01-29,Referral,Northeast,0
4022,2025-01-29,Paid Social,West,0
1629,2025-01-29,Affiliate,Midwest,0
7647,2025-01-29,Email,Northeast,0
6958,2025-01-29,Paid Search,West,0
779,2025-01-29,Paid Search,West,0
10882,2025-01-29,Paid Search,Midwest,0
4445,2025-01-29,Organic Search,West,0
2233,2025-01-29,Paid Search,Southeast,0
9604,2025-01-29,Organic Search,Southwest,0
11136,2025-01-29,Paid Social,West,0
9447,2025-01-29,Paid Search,Northeast,0
7298,2025-01-29,Organic Search,Northeast,0
9331,2025-01-29,Paid Search,Midwest,0
3759,2025-01-29,Paid Search,Southwest,0
1171,2025-01-30,Organic Search,Midwest,0
3429,2025-01-30,Paid Social,Northeast,0
5608,2025-01-30,Paid Search,West,0
11826,2025-01-30,Paid Social,Southwest,0
10506,2025-01-30,Paid Search,Southwest,0
5628,2025-01-30,Referral,Southeast,0
1819,2025-01-30,Paid Social,West,0
4199,2025-01-30,Paid Social,Southeast,0
3419,2025-01-30,Email,West,0
10389,2025-01-31,Paid Social,Southwest,0
7958,2025-01-31,Paid Social,Southeast,0
7422,2025-01-31,Organic Search,Southeast,0
10155,2025-01-31,Paid Social,Northeast,0
3790,2025-01-31,Email,Northeast,0
1808,2025-01-31,Paid Search,Southeast,0
10764,2025-01-31,Referral,Northeast,0
3063,2025-01-31,Paid Social,Southwest,0
2389,2025-01-31,Paid Search,West,0
1830,2025-01-31,Referral,Northeast,0
8196,2025-02-01,Affiliate,West,0
2878,2025-02-01,Affiliate,Midwest,0
7768,2025-02-01,Affiliate,Southeast,0
4649,2025-02-01,Paid Social,West,0
5526,2025-02-01,Email,Northeast,0
10823,2025-02-01,Paid Search,Southwest,0
6518,2025-02-01,Paid Social,Northeast,0
5625,2025-02-01,Paid Search,Southeast,0
3803,2025-02-01,Paid Social,West,0
4202,2025-02-01,Paid Social,West,0
11435,2025-02-01,Organic Search,Southeast,0
1774,2025-02-02,Paid Search,Southeast,0
1740,2025-02-02,Paid Social,Southeast,0
2921,2025-02-02,Affiliate,Northeast,0
9158,2025-02-02,Email,Southeast,0
7776,2025-02-02,Paid Search,West,0
2693,2025-02-02,Affiliate,Southwest,0
5974,2025-02-02,Paid Social,Midwest,0
762,2025-02-02,Organic Search,Southeast,0
6842,2025-02-02,Referral,Northeast,0
3325,2025-02-03,Paid Social,Southeast,0
5831,2025-02-03,Affiliate,West,0
4677,2025-02-03,Organic Search,Northeast,0
6533,2025-02-03,Paid Social,West,0
3235,2025-02-03,Organic Search,Southeast,0
8501,2025-02-03,Paid Social,West,0
5656,2025-02-03,Paid Search,Midwest,0
7410,2025-02-03,Paid Search,Southeast,0
11833,2025-02-03,Affiliate,Southwest,0
6075,2025-02-03,Organic Search,Midwest,0
4664,2025-02-03,Organic Search,West,0
9376,2025-02-03,Organic Search,Midwest,0
3910,2025-02-03,Paid Social,Northeast,0
5106,2025-02-03,Paid Search,Northeast,0
11572,2025-02-04,Paid Social,Midwest,0
4569,2025-02-04,Referral,Southeast,0
140,2025-02-04,Referral,Northeast,0
5393,2025-02-04,Paid Social,Southeast,0
11760,2025-02-04,Paid Social,Southeast,0
6326,2025-02-04,Organic Search,Southwest,0
336,2025-02-04,Paid Search,Midwest,0
5720,2025-02-04,Referral,Northeast,0
3034,2025-02-04,Organic Search,Midwest,0
9486,2025-02-04,Paid Search,Southeast,0
7011,2025-02-04,Email,Midwest,0
9449,2025-02-04,Email,Midwest,0
3610,2025-02-04,Organic Search,Northeast,0
1316,2025-02-04,Organic Search,Midwest,0
6937,2025-02-05,Paid Search,Midwest,0
11620,2025-02-05,Organic Search,Northeast,0
1075,2025-02-05,Paid Social,Midwest,0
149,2025-02-05,Paid Search,Midwest,0
4860,2025-02-05,Paid Social,Northeast,0
3852,2025-02-05,Affiliate,Northeast,0
3864,2025-02-05,Paid Search,Southeast,0
9337,2025-02-05,Paid Social,Southeast,0
6284,2025-02-05,Paid Social,Southeast,0
1167,2025-02-05,Organic Search,Northeast,0
7808,2025-02-05,Paid Search,Midwest,0
934,2025-02-05,Paid Social,West,0
1528,2025-02-05,Paid Social,Southeast,0
5278,2025-02-05,Organic Search,Southeast,0
10476,2025-02-05,Paid Search,Southwest,0
11414,2025-02-06,Paid Search,Northeast,0
10248,2025-02-06,Organic Search,West,0
11941,2025-02-06,Referral,West,0
7034,2025-02-06,Paid Social,Southwest,0
1413,2025-02-06,Organic Search,Northeast,0
2800,2025-02-06,Paid Search,Northeast,0
7295,2025-02-06,Email,Northeast,0
2594,2025-02-06,Paid Social,West,0
5285,2025-02-06,Paid Social,Northeast,0
10328,2025-02-06,Paid Social,West,0
4586,2025-02-06,Paid Social,West,0
2092,2025-02-06,Referral,West,0
3904,2025-02-06,Paid Search,West,0
2905,2025-02-06,Organic Search,Midwest,0
5164,2025-02-06,Affiliate,Southeast,0
5843,2025-02-06,Paid Social,West,0
11021,2025-02-06,Paid Social,West,0
2373,2025-02-06,Organic Search,West,0
10763,2025-02-07,Email,Southeast,0
9008,2025-02-07,Email,Midwest,0
2375,2025-02-07,Paid Search,Southeast,0
10019,2025-02-07,Paid Search,Midwest,0
1020,2025-02-07,Affiliate,West,0
11107,2025-02-07,Referral,Midwest,0
8437,2025-02-07,Organic Search,Southwest,0
9698,2025-02-07,Paid Search,West,0
10459,2025-02-07,Paid Search,Northeast,0
8055,2025-02-07,Paid Search,West,0
308,2025-02-07,Organic Search,West,0
1846,2025-02-07,Organic Search,Northeast,0
11754,2025-02-07,Paid Search,Southwest,0
4159,2025-02-07,Organic Search,Southeast,0
3148,2025-02-07,Referral,West,0
2681,2025-02-07,Paid Search,Southeast,0
11438,2025-02-07,Paid Social,Southwest,0
8469,2025-02-07,Email,Northeast,0
9031,2025-02-08,Paid Social,Southeast,0
4916,2025-02-08,Organic Search,West,0
789,2025-02-08,Paid Social,Southeast,0
6271,2025-02-08,Referral,Southwest,0
2241,2025-02-08,Paid Social,Southeast,0
1602,2025-02-08,Organic Search,Midwest,0
8915,2025-02-08,Organic Search,Midwest,0
574,2025-02-08,Email,Southwest,0
9180,2025-02-08,Paid Search,Northeast,0
8258,2025-02-08,Paid Social,Northeast,0
2191,2025-02-08,Paid Search,Southeast,0
10005,2025-02-09,Organic Search,Midwest,0
1889,2025-02-09,Paid Search,Southwest,0
11615,2025-02-09,Paid Search,West,0
10465,2025-02-09,Paid Search,Northeast,0
879,2025-02-09,Affiliate,West,0
2638,2025-02-09,Paid Search,West,0
3837,2025-02-09,Affiliate,Southwest,0
7646,2025-02-09,Paid Social,Northeast,0
7607,2025-02-09,Paid Search,Southeast,0
94,2025-02-09,Paid Search,Northeast,0
8904,2025-02-09,Paid Social,Southeast,0
9527,2025-02-09,Affiliate,Northeast,0
6253,2025-02-09,Referral,Southeast,0
8488,2025-02-10,Organic Search,Midwest,0
11660,2025-02-10,Referral,Northeast,0
3404,2025-02-10,Organic Search,Southeast,0
959,2025-02-10,Email,Southeast,0
5966,2025-02-10,Paid Search,West,0
99,2025-02-10,Organic Search,Southwest,0
1082,2025-02-10,Paid Social,Midwest,0
3867,2025-02-10,Paid Social,Southwest,0
11735,2025-02-10,Paid Social,Northeast,0
2473,2025-02-10,Organic Search,Southwest,0
6725,2025-02-10,Paid Search,Southeast,0
11560,2025-02-10,Paid Search,Southwest,0
3365,2025-02-10,Organic Search,Northeast,0
9641,2025-02-11,Paid Search,Midwest,0
1564,2025-02-11,Referral,Southeast,0
4968,2025-02-11,Organic Search,West,0
10231,2025-02-11,Email,West,0
1721,2025-02-11,Affiliate,West,0
4460,2025-02-11,Referral,West,0
7095,2025-02-11,Paid Search,Midwest,0
8287,2025-02-11,Paid Search,West,0
8754,2025-02-11,Referral,Southeast,0
11073,2025-02-12,Paid Search,Northeast,0
2568,2025-02-12,Paid Search,West,0
9018,2025-02-12,Email,West,0
3841,2025-02-12,Affiliate,Southwest,0
10315,2025-02-12,Organic Search,Midwest,0
11709,2025-02-12,Email,Northeast,0
9760,2025-02-12,Organic Search,Northeast,0
1551,2025-02-12,Paid Search,Northeast,0
3663,2025-02-12,Paid Social,West,0
9015,2025-02-12,Affiliate,Southeast,0
686,2025-02-12,Paid Search,Southeast,0
3472,2025-02-12,Email,Northeast,0
5283,2025-02-12,Email,Northeast,0
6316,2025-02-12,Email,West,0
9871,2025-02-12,Paid Social,Southeast,0
1215,2025-02-12,Organic Search,Northeast,0
8861,2025-02-12,Organic Search,West,0
1315,2025-02-12,Paid Search,West,0
946,2025-02-13,Paid Search,Midwest,0
1500,2025-02-13,Organic Search,Southwest,0
11130,2025-02-13,Paid Social,Midwest,0
9155,2025-02-13,Organic Search,West,0
11180,2025-02-13,Organic Search,Midwest,0
10367,2025-02-13,Email,Midwest,0
1364,2025-02-13,Organic Search,Northeast,0
10394,2025-02-13,Email,Midwest,0
1912,2025-02-13,Paid Social,Midwest,0
781,2025-02-13,Referral,Midwest,0
1311,2025-02-13,Paid Social,Northeast,0
8929,2025-02-13,Email,Northeast,0
5456,2025-02-13,Paid Social,Northeast,0
11978,2025-02-13,Email,Northeast,0
3548,2025-02-14,Paid Social,Midwest,0
8654,2025-02-14,Affiliate,Northeast,0
10147,2025-02-14,Paid Search,Midwest,0
5085,2025-02-14,Paid Search,Midwest,0
7793,2025-02-14,Paid Social,Southeast,0
3658,2025-02-14,Paid Search,Northeast,0
3870,2025-02-14,Email,Northeast,0
843,2025-02-14,Referral,West,0
6348,2025-02-14,Referral,Southeast,0
7391,2025-02-14,Email,Midwest,0
3726,2025-02-14,Paid Search,Southwest,0
5299,2025-02-14,Paid Social,Southeast,0
10893,2025-02-14,Paid Search,Southeast,0
1666,2025-02-14,Paid Social,Southeast,0
10652,2025-02-14,Paid Social,West,0
9219,2025-02-14,Paid Search,Southeast,0
3705,2025-02-14,Referral,Northeast,0
10118,2025-02-15,Organic Search,Northeast,0
9747,2025-02-15,Organic Search,Southwest,0
1330,2025-02-15,Organic Search,Midwest,0
5382,2025-02-15,Referral,West,0
8709,2025-02-15,Email,Northeast,0
6470,2025-02-15,Organic Search,Southwest,0
2520,2025-02-15,Organic Search,Southwest,0
2984,2025-02-15,Paid Search,Southeast,0
1560,2025-02-15,Paid Search,Northeast,0
9793,2025-02-15,Paid Social,West,0
8277,2025-02-15,Paid Search,Southwest,0
1710,2025-02-15,Organic Search,West,0
7571,2025-02-16,Organic Search,Southwest,0
528,2025-02-16,Affiliate,Southeast,0
3293,2025-02-16,Organic Search,Southeast,0
11771,2025-02-16,Paid Social,West,0
6558,2025-02-16,Paid Social,Southwest,0
6149,2025-02-16,Organic Search,Southwest,0
2781,2025-02-16,Paid Social,West,0
7898,2025-02-16,Paid Social,Northeast,0
9157,2025-02-16,Organic Search,West,0
5638,2025-02-16,Paid Social,Southeast,0
3914,2025-02-16,Referral,Southeast,0
6131,2025-02-16,Paid Search,Southeast,0
5224,2025-02-16,Paid Social,Northeast,0
10529,2025-02-17,Email,Midwest,0
2728,2025-02-17,Affiliate,Southwest,0
10043,2025-02-17,Paid Social,West,0
5532,2025-02-17,Affiliate,Northeast,0
5491,2025-02-17,Paid Search,West,0
3000,2025-02-17,Affiliate,Southwest,0
6693,2025-02-17,Paid Search,Southwest,0
10482,2025-02-17,Paid Search,Southeast,0
7024,2025-02-17,Organic Search,Midwest,0
7169,2025-02-17,Paid Search,West,0
3426,2025-02-17,Organic Search,Southwest,0
8396,2025-02-17,Paid Search,Southeast,0
10953,2025-02-17,Email,West,0
3375,2025-02-17,Referral,Southwest,0
845,2025-02-17,Paid Social,Southeast,0
63,2025-02-17,Organic Search,West,0
534,2025-02-17,Paid Social,West,0
11009,2025-02-17,Paid Social,Northeast,0
7652,2025-02-17,Referral,West,0
1707,2025-02-17,Organic Search,Northeast,0
568,2025-02-17,Paid Social,West,0
7758,2025-02-17,Paid Social,Southeast,0
4645,2025-02-17,Referral,West,0
541,2025-02-17,Paid Social,Midwest,0
9312,2025-02-17,Referral,Midwest,0
7535,2025-02-18,Paid Search,West,0
5268,2025-02-18,Paid Social,Southeast,0
6741,2025-02-18,Email,Northeast,0
7177,2025-02-18,Email,Southwest,0
631,2025-02-18,Referral,Southeast,0
2495,2025-02-18,Paid Social,West,0
8880,2025-02-18,Paid Social,Northeast,0
5566,2025-02-18,Organic Search,Southwest,0
6176,2025-02-18,Affiliate,Northeast,0
9239,2025-02-18,Referral,Northeast,0
523,2025-02-18,Paid Search,Midwest,0
8034,2025-02-18,Paid Social,Midwest,0
6545,2025-02-18,Paid Search,Northeast,0
1039,2025-02-18,Referral,Southwest,0
11749,2025-02-18,Email,Midwest,0
10805,2025-02-18,Paid Search,West,0
11613,2025-02-18,Email,Northeast,0
1582,2025-02-19,Paid Social,West,0
10757,2025-02-19,Paid Social,West,0
8808,2025-02-19,Email,Southeast,0
6072,2025-02-19,Referral,Southeast,0
7876,2025-02-19,Organic Search,Southwest,0
10554,2025-02-19,Paid Search,Midwest,0
4943,2025-02-19,Organic Search,West,0
8600,2025-02-19,Paid Social,West,0
1792,2025-02-19,Affiliate,Northeast,0
9161,2025-02-19,Organic Search,Northeast,0
10027,2025-02-19,Paid Social,Midwest,0
271,2025-02-19,Paid Social,Southeast,0
4945,2025-02-19,Organic Search,Midwest,0
1916,2025-02-20,Affiliate,West,0
7037,2025-02-20,Referral,Southwest,0
353,2025-02-20,Organic Search,West,0
6504,2025-02-20,Paid Search,Southeast,0
6866,2025-02-20,Paid Social,Southeast,0
9299,2025-02-20,Paid Social,Midwest,0
1028,2025-02-20,Organic Search,Southeast,0
5591,2025-02-20,Paid Search,Northeast,0
2218,2025-02-20,Paid Social,Northeast,0
5890,2025-02-20,Paid Social,Southeast,0
2095,2025-02-20,Affiliate,Midwest,0
1035,2025-02-21,Paid Social,Northeast,0
9734,2025-02-21,Referral,Midwest,0
1735,2025-02-21,Affiliate,Midwest,0
6716,2025-02-21,Paid Search,Southwest,0
3039,2025-02-21,Referral,Southeast,0
7866,2025-02-21,Email,West,0
770,2025-02-21,Organic Search,Midwest,0
7318,2025-02-21,Paid Search,Southeast,0
904,2025-02-21,Paid Search,Southeast,0
7893,2025-02-21,Paid Search,Northeast,0
8544,2025-02-21,Paid Social,West,0
8222,2025-02-21,Referral,Southwest,0
5901,2025-02-21,Email,Northeast,0
10166,2025-02-21,Paid Search,Northeast,0
3678,2025-02-21,Email,Northeast,0
4958,2025-02-21,Referral,Midwest,0
5737,2025-02-21,Paid Search,Southeast,0
2733,2025-02-21,Paid Search,Southeast,0
10069,2025-02-21,Referral,Midwest,0
792,2025-02-22,Affiliate,West,0
6621,2025-02-22,Paid Social,Northeast,0
3128,2025-02-22,Affiliate,Northeast,0
11915,2025-02-22,Paid Social,West,0
7136,2025-02-22,Paid Search,Southeast,0
10341,2025-02-22,Paid Social,Southwest,0
7406,2025-02-22,Email,Southwest,0
11298,2025-02-22,Paid Social,Midwest,0
2847,2025-02-22,Organic Search,West,0
657,2025-02-22,Paid Social,West,0
8263,2025-02-22,Paid Social,Midwest,0
10629,2025-02-22,Paid Social,Southeast,0
3590,2025-02-22,Organic Search,Midwest,0
9935,2025-02-22,Email,Midwest,0
7056,2025-02-22,Organic Search,West,0
1636,2025-02-22,Referral,Midwest,0
3714,2025-02-23,Paid Search,West,0
1826,2025-02-23,Organic Search,Southwest,0
5434,2025-02-23,Organic Search,West,0
7555,2025-02-23,Organic Search,Midwest,0
6498,2025-02-23,Affiliate,Midwest,0
9479,2025-02-23,Paid Social,Midwest,0
540,2025-02-23,Paid Search,Southeast,0
8957,2025-02-23,Paid Social,West,0
9624,2025-02-23,Organic Search,Southeast,0
741,2025-02-23,Paid Social,Northeast,0
3277,2025-02-23,Paid Social,West,0
6687,2025-02-23,Paid Social,Southeast,0
7357,2025-02-23,Paid Search,Southeast,0
11822,2025-02-24,Affiliate,Northeast,0
6010,2025-02-24,Paid Search,West,0
8111,2025-02-24,Organic Search,Southwest,0
4710,2025-02-24,Paid Social,West,0
2996,2025-02-24,Affiliate,West,0
3504,2025-02-24,Paid Search,West,0
2180,2025-02-24,Affiliate,Midwest,0
7247,2025-02-24,Paid Search,West,0
7936,2025-02-24,Paid Search,Southeast,0
9458,2025-02-24,Paid Social,Southwest,0
1218,2025-02-24,Referral,Midwest,0
8798,2025-02-24,Paid Social,Southeast,0
8781,2025-02-24,Referral,Northeast,0
6894,2025-02-24,Affiliate,Northeast,0
9731,2025-02-24,Email,Midwest,0
712,2025-02-24,Paid Social,Midwest,0
1202,2025-02-24,Paid Social,West,0
8379,2025-02-24,Organic Search,Southeast,0
11170,2025-02-24,Paid Social,West,0
2075,2025-02-24,Paid Social,Southeast,0
11489,2025-02-24,Referral,Southeast,0
5592,2025-02-24,Paid Search,West,0
196,2025-02-24,Paid Search,Northeast,0
4680,2025-02-25,Paid Social,Southeast,0
5729,2025-02-25,Paid Social,West,0
4938,2025-02-25,Affiliate,Northeast,0
1286,2025-02-25,Email,Southwest,0
4,2025-02-25,Paid Search,West,0
3924,2025-02-25,Paid Search,Southwest,0
2628,2025-02-25,Paid Social,Southwest,0
6542,2025-02-25,Organic Search,West,0
10670,2025-02-25,Email,West,0
11713,2025-02-25,Referral,Southeast,0
7586,2025-02-25,Organic Search,Northeast,0
11724,2025-02-25,Paid Search,Southeast,0
5401,2025-02-26,Affiliate,Midwest,0
5008,2025-02-26,Paid Social,Southwest,0
5392,2025-02-26,Paid Search,Midwest,0
229,2025-02-26,Organic Search,Southeast,0
2409,2025-02-26,Organic Search,Northeast,0
7161,2025-02-26,Referral,West,0
2030,2025-02-26,Organic Search,Midwest,0
9384,2025-02-26,Email,West,0
8358,2025-02-26,Organic Search,Midwest,0
10419,2025-02-26,Email,Northeast,0
7250,2025-02-26,Email,West,0
10981,2025-02-26,Paid Social,West,0
5942,2025-02-27,Paid Social,West,0
10191,2025-02-27,Paid Search,Midwest,0
3506,2025-02-27,Organic Search,Midwest,0
10550,2025-02-27,Organic Search,Southeast,0
11612,2025-02-27,Email,West,0
2259,2025-02-27,Paid Social,Southeast,0
1016,2025-02-27,Email,Southeast,0
10706,2025-02-27,Affiliate,Southwest,0
8976,2025-02-27,Paid Social,West,0
671,2025-02-27,Referral,Southwest,0
9326,2025-02-27,Organic Search,West,0
2995,2025-02-27,Email,Southeast,0
11595,2025-02-27,Paid Search,Southeast,0
2971,2025-02-27,Paid Search,Southeast,0
9869,2025-02-27,Organic Search,Southwest,0
3305,2025-02-28,Referral,Southeast,0
1258,2025-02-28,Paid Social,Southeast,0
6675,2025-02-28,Paid Social,Midwest,0
1259,2025-02-28,Paid Social,Midwest,0
6381,2025-02-28,Affiliate,Northeast,0
11327,2025-02-28,Paid Social,Midwest,0
9054,2025-02-28,Email,Northeast,0
2438,2025-02-28,Email,Northeast,0
2225,2025-02-28,Paid Search,Southwest,0
8796,2025-02-28,Organic Search,Southeast,0
5933,2025-02-28,Referral,Northeast,0
6073,2025-02-28,Referral,Southeast,0
5738,2025-02-28,Organic Search,West,0
4076,2025-02-28,Referral,Northeast,0
2290,2025-03-01,Affiliate,Southwest,0
8778,2025-03-01,Affiliate,Southeast,0
9039,2025-03-01,Referral,Northeast,0
1496,2025-03-01,Affiliate,Southeast,0
8886,2025-03-01,Email,Southwest,0
8821,2025-03-01,Paid Search,West,0
2151,2025-03-01,Paid Social,Southwest,0
506,2025-03-01,Referral,Midwest,0
606,2025-03-01,Paid Social,Midwest,0
6982,2025-03-01,Paid Social,Northeast,0
10813,2025-03-01,Paid Search,Midwest,0
8519,2025-03-01,Paid Social,Northeast,0
10520,2025-03-01,Paid Search,Southeast,0
7162,2025-03-01,Organic Search,West,0
10164,2025-03-02,Paid Social,Northeast,0
11445,2025-03-02,Paid Search,Northeast,0
5327,2025-03-02,Organic Search,Southwest,0
6115,2025-03-02,Paid Search,Southeast,0
11000,2025-03-02,Paid Social,Northeast,0
1606,2025-03-02,Organic Search,Midwest,0
2545,2025-03-02,Paid Search,Northeast,0
7795,2025-03-02,Affiliate,Northeast,0
10844,2025-03-02,Paid Social,Southeast,0
10795,2025-03-02,Paid Social,Northeast,0
461,2025-03-02,Referral,Northeast,0
11396,2025-03-02,Organic Search,Southeast,0
7236,2025-03-02,Paid Social,Southwest,0
10921,2025-03-02,Paid Search,Southeast,0
11067,2025-03-02,Paid Social,Southwest,0
4524,2025-03-02,Paid Social,Midwest,0
4271,2025-03-02,Paid Search,Southwest,0
11907,2025-03-03,Referral,Midwest,0
8190,2025-03-03,Paid Social,Midwest,0
8779,2025-03-03,Paid Social,Northeast,0
6205,2025-03-03,Paid Social,Northeast,0
1682,2025-03-03,Email,Southeast,0
4898,2025-03-03,Paid Social,Southwest,0
604,2025-03-03,Paid Social,West,0
8799,2025-03-03,Email,Southeast,0
4317,2025-03-03,Paid Social,Southeast,0
10648,2025-03-03,Paid Search,Southwest,0
7802,2025-03-03,Referral,West,0
1430,2025-03-03,Paid Search,Midwest,0
9260,2025-03-03,Paid Search,Midwest,0
11147,2025-03-03,Referral,Midwest,0
826,2025-03-03,Organic Search,Southeast,0
282,2025-03-03,Organic Search,Southwest,0
10916,2025-03-03,Organic Search,Southwest,0
6525,2025-03-04,Affiliate,Northeast,0
2999,2025-03-04,Paid Social,Northeast,0
30,2025-03-04,Paid Social,Northeast,0
6055,2025-03-04,Email,Northeast,0
5048,2025-03-04,Email,Southeast,0
11221,2025-03-04,Email,Southwest,0
6552,2025-03-04,Paid Search,West,0
4746,2025-03-04,Paid Social,Northeast,0
9738,2025-03-04,Email,Southeast,0
8325,2025-03-04,Paid Search,Northeast,0
7454,2025-03-04,Paid Social,Southwest,0
9506,2025-03-04,Paid Search,Southeast,0
870,2025-03-04,Referral,Northeast,0
11129,2025-03-04,Affiliate,West,0
11744,2025-03-04,Paid Search,Northeast,0
4969,2025-03-05,Organic Search,Midwest,0
8677,2025-03-05,Affiliate,Midwest,0
11439,2025-03-05,Paid Social,West,0
9680,2025-03-05,Organic Search,Northeast,0
7375,2025-03-05,Organic Search,Midwest,0
7013,2025-03-05,Organic Search,Southeast,0
2565,2025-03-05,Paid Social,West,0
4676,2025-03-05,Referral,Southeast,0
337,2025-03-05,Paid Search,Northeast,0
9111,2025-03-05,Affiliate,Southwest,0
8512,2025-03-05,Paid Search,West,0
6862,2025-03-05,Paid Search,Northeast,0
7527,2025-03-05,Paid Search,Northeast,0
125,2025-03-05,Paid Search,Northeast,0
10899,2025-03-05,Organic Search,Midwest,0
4947,2025-03-05,Paid Search,Northeast,0
6060,2025-03-05,Paid Search,Southeast,0
4316,2025-03-06,Paid Social,Southeast,0
5838,2025-03-06,Paid Social,Midwest,0
2282,2025-03-06,Paid Search,Midwest,0
6288,2025-03-06,Organic Search,Midwest,0
5629,2025-03-06,Organic Search,Midwest,0
9601,2025-03-06,Paid Search,Northeast,0
5366,2025-03-06,Email,West,0
1704,2025-03-06,Paid Social,Northeast,0
11284,2025-03-06,Paid Social,Southeast,0
8609,2025-03-06,Paid Social,West,0
10522,2025-03-06,Paid Social,Southwest,0
1579,2025-03-07,Paid Search,Southeast,0
11734,2025-03-07,Referral,West,0
11589,2025-03-07,Paid Social,Midwest,0
8716,2025-03-07,Paid Search,Midwest,0
7671,2025-03-07,Affiliate,Southwest,0
5001,2025-03-07,Referral,Midwest,0
2649,2025-03-07,Paid Search,Midwest,0
3898,2025-03-07,Referral,Southwest,0
7806,2025-03-07,Paid Social,Southeast,0
1326,2025-03-07,Paid Social,West,0
3724,2025-03-07,Referral,Southwest,0
11256,2025-03-07,Paid Search,West,0
3266,2025-03-07,Paid Social,Northeast,0
9222,2025-03-07,Organic Search,West,0
5715,2025-03-07,Paid Social,Southwest,0
8103,2025-03-07,Paid Social,Southwest,0
3793,2025-03-07,Organic Search,Southeast,0
1507,2025-03-07,Paid Social,Southeast,0
4795,2025-03-08,Paid Search,Northeast,0
2061,2025-03-08,Affiliate,Southeast,0
7148,2025-03-08,Paid Search,Southeast,0
9360,2025-03-08,Paid Social,Northeast,0
7310,2025-03-08,Paid Search,Northeast,0
10707,2025-03-08,Organic Search,Midwest,0
9630,2025-03-08,Paid Social,Northeast,0
4835,2025-03-08,Paid Search,Midwest,0
6162,2025-03-08,Email,Southwest,0
11340,2025-03-08,Paid Search,Midwest,0
6185,2025-03-08,Paid Social,West,0
4306,2025-03-08,Paid Social,West,0
6679,2025-03-09,Paid Social,Southeast,0
7753,2025-03-09,Paid Search,Southeast,0
8353,2025-03-09,Paid Social,Southwest,0
6649,2025-03-09,Affiliate,Northeast,0
2576,2025-03-09,Organic Search,West,0
9350,2025-03-09,Organic Search,Midwest,0
3499,2025-03-09,Email,West,0
4132,2025-03-10,Paid Search,West,0
3573,2025-03-10,Paid Search,West,0
1247,2025-03-10,Paid Search,West,0
1858,2025-03-10,Paid Search,Southeast,0
3869,2025-03-10,Paid Social,Southeast,0
1718,2025-03-10,Paid Social,West,0
4180,2025-03-10,Paid Social,Midwest,0
935,2025-03-10,Affiliate,Northeast,0
6359,2025-03-10,Email,Southeast,0
1463,2025-03-10,Affiliate,West,0
3090,2025-03-10,Paid Search,Northeast,0
7153,2025-03-10,Organic Search,West,0
10309,2025-03-10,Referral,West,0
7157,2025-03-10,Organic Search,Southwest,0
6484,2025-03-10,Paid Social,Southeast,0
2310,2025-03-10,Email,Southwest,0
2597,2025-03-11,Paid Social,Northeast,0
11432,2025-03-11,Paid Social,Northeast,0
7089,2025-03-11,Paid Social,Southeast,0
10851,2025-03-11,Organic Search,Southwest,0
4008,2025-03-11,Organic Search,Northeast,0
1936,2025-03-11,Referral,West,0
5672,2025-03-11,Paid Search,West,0
3597,2025-03-11,Paid Search,Northeast,0
2430,2025-03-11,Email,Southeast,0
8444,2025-03-11,Paid Search,Southeast,0
10423,2025-03-11,Referral,Southeast,0
1455,2025-03-11,Paid Search,West,0
7453,2025-03-11,Organic Search,Northeast,0
10694,2025-03-11,Affiliate,Northeast,0
9316,2025-03-11,Email,West,0
10633,2025-03-11,Paid Social,Southeast,0
10366,2025-03-12,Referral,Midwest,0
7186,2025-03-12,Organic Search,Southeast,0
4153,2025-03-12,Organic Search,Southwest,0
3142,2025-03-12,Email,Midwest,0
1883,2025-03-12,Paid Search,West,0
1930,2025-03-12,Paid Social,Southeast,0
10934,2025-03-12,Organic Search,Southeast,0
9980,2025-03-12,Organic Search,West,0
1152,2025-03-12,Affiliate,Midwest,0
853,2025-03-12,Paid Social,Southeast,0
10948,2025-03-12,Paid Search,Northeast,0
9406,2025-03-12,Paid Search,Southeast,0
4633,2025-03-12,Organic Search,Southwest,0
6303,2025-03-12,Referral,West,0
2554,2025-03-12,Email,Southeast,0
10427,2025-03-13,Paid Social,West,0
5675,2025-03-13,Paid Social,Northeast,0
6460,2025-03-13,Paid Search,Northeast,0
5347,2025-03-13,Email,Midwest,0
10104,2025-03-13,Email,Southwest,0
6810,2025-03-13,Paid Social,Southeast,0
3087,2025-03-13,Paid Social,Northeast,0
8907,2025-03-13,Referral,Midwest,0
5266,2025-03-13,Organic Search,Northeast,0
1139,2025-03-13,Organic Search,Northeast,0
5233,2025-03-13,Paid Search,Northeast,0
5597,2025-03-13,Organic Search,Northeast,0
5541,2025-03-13,Organic Search,West,0
10657,2025-03-13,Organic Search,West,0
6875,2025-03-14,Paid Social,Midwest,0
5350,2025-03-14,Organic Search,Southeast,0
3022,2025-03-14,Paid Social,Southwest,0
1791,2025-03-14,Organic Search,Southeast,0
4200,2025-03-14,Paid Search,West,0
4685,2025-03-14,Paid Search,Northeast,0
1076,2025-03-14,Referral,Southeast,0
9638,2025-03-14,Organic Search,Northeast,0
5176,2025-03-14,Referral,Northeast,0
2548,2025-03-14,Paid Social,Southeast,0
8466,2025-03-14,Paid Social,Northeast,0
1058,2025-03-14,Paid Search,Midwest,0
7290,2025-03-14,Organic Search,Northeast,0
9110,2025-03-14,Affiliate,Northeast,0
7637,2025-03-14,Paid Search,Northeast,0
7072,2025-03-15,Organic Search,West,0
8150,2025-03-15,Referral,Southwest,0
10682,2025-03-15,Email,Midwest,0
8381,2025-03-15,Paid Search,Southeast,0
8952,2025-03-15,Paid Social,Midwest,0
1457,2025-03-15,Affiliate,Northeast,0
8607,2025-03-15,Email,West,0
3735,2025-03-15,Paid Social,Southeast,0
8125,2025-03-15,Email,Southwest,0
1271,2025-03-15,Organic Search,West,0
8631,2025-03-15,Organic Search,West,0
8200,2025-03-16,Referral,Midwest,0
2369,2025-03-16,Paid Social,Southeast,0
3005,2025-03-16,Organic Search,Southeast,0
11837,2025-03-16,Referral,Southwest,0
1244,2025-03-16,Paid Social,West,0
3453,2025-03-16,Affiliate,West,0
9529,2025-03-16,Email,Northeast,0
7032,2025-03-16,Paid Search,West,0
3725,2025-03-16,Paid Social,West,0
10722,2025-03-16,Affiliate,West,0
1469,2025-03-16,Paid Search,Southwest,0
4082,2025-03-16,Referral,West,0
9267,2025-03-16,Organic Search,Midwest,0
5469,2025-03-16,Organic Search,Northeast,0
2721,2025-03-16,Affiliate,Northeast,0
559,2025-03-16,Paid Social,Northeast,0
4980,2025-03-16,Organic Search,Southeast,0
7916,2025-03-17,Paid Social,Northeast,0
8015,2025-03-17,Paid Search,Southwest,0
7159,2025-03-17,Paid Social,Northeast,0
8491,2025-03-17,Paid Search,Northeast,0
3473,2025-03-17,Affiliate,Southeast,0
6231,2025-03-17,Paid Search,West,0
11573,2025-03-17,Email,Southeast,0
4115,2025-03-17,Organic Search,Southwest,0
7286,2025-03-17,Referral,West,0
8149,2025-03-17,Affiliate,Midwest,0
5810,2025-03-17,Paid Search,Southwest,0
3603,2025-03-17,Paid Search,Northeast,0
6703,2025-03-17,Paid Social,Northeast,0
3088,2025-03-17,Paid Social,West,0
7234,2025-03-17,Paid Search,West,0
2896,2025-03-17,Organic Search,Midwest,0
5439,2025-03-17,Organic Search,Northeast,0
7232,2025-03-17,Affiliate,Midwest,0
3482,2025-03-17,Paid Search,West,0
2143,2025-03-17,Paid Social,Southwest,0
8032,2025-03-17,Paid Social,West,0
566,2025-03-17,Referral,Midwest,0
10067,2025-03-18,Referral,West,0
10839,2025-03-18,Referral,Southeast,0
11158,2025-03-18,Paid Search,Northeast,0
8598,2025-03-18,Paid Search,Southwest,0
2711,2025-03-18,Paid Social,Southeast,0
5487,2025-03-18,Paid Social,Midwest,0
5186,2025-03-18,Paid Search,Midwest,0
318,2025-03-18,Paid Search,Northeast,0
9552,2025-03-18,Organic Search,Northeast,0
586,2025-03-18,Paid Social,Southwest,0
8978,2025-03-18,Paid Search,Southeast,0
8818,2025-03-18,Paid Social,Midwest,0
11139,2025-03-18,Paid Social,Southwest,0
3296,2025-03-19,Paid Search,Midwest,0
4589,2025-03-19,Paid Social,West,0
924,2025-03-19,Paid Social,Northeast,0
3197,2025-03-19,Organic Search,Midwest,0
8648,2025-03-19,Organic Search,West,0
4994,2025-03-19,Paid Social,Southeast,0
10610,2025-03-19,Paid Search,West,0
6142,2025-03-19,Organic Search,Southeast,0
4530,2025-03-19,Paid Social,Southeast,0
652,2025-03-19,Paid Social,Northeast,0
9751,2025-03-19,Paid Social,Southeast,0
7578,2025-03-19,Organic Search,Northeast,0
1155,2025-03-19,Email,Southwest,0
6698,2025-03-20,Email,Northeast,0
3811,2025-03-20,Affiliate,West,0
3469,2025-03-20,Paid Social,Southeast,0
6382,2025-03-20,Organic Search,Northeast,0
8774,2025-03-20,Affiliate,Southeast,0
4546,2025-03-20,Email,Northeast,0
6281,2025-03-20,Paid Search,Northeast,0
4982,2025-03-20,Organic Search,Midwest,0
1760,2025-03-20,Paid Search,Southwest,0
4054,2025-03-20,Paid Social,Midwest,0
5468,2025-03-20,Paid Social,West,0
11606,2025-03-20,Paid Search,West,0
1828,2025-03-20,Affiliate,Southeast,0
9706,2025-03-20,Email,West,0
11971,2025-03-21,Paid Social,Southwest,0
11297,2025-03-21,Paid Social,Southwest,0
313,2025-03-21,Organic Search,West,0
7195,2025-03-21,Email,Midwest,0
3449,2025-03-21,Organic Search,West,0
11017,2025-03-21,Referral,West,0
858,2025-03-22,Paid Social,Southwest,0
3729,2025-03-22,Paid Search,Southeast,0
108,2025-03-22,Organic Search,Midwest,0
3732,2025-03-22,Paid Search,Northeast,0
2653,2025-03-22,Affiliate,Northeast,0
3670,2025-03-22,Paid Search,Southeast,0
11056,2025-03-22,Organic Search,Northeast,0
7221,2025-03-22,Paid Search,Midwest,0
2498,2025-03-22,Email,West,0
4601,2025-03-22,Affiliate,West,0
6632,2025-03-23,Paid Search,Midwest,0
7922,2025-03-23,Paid Social,Midwest,0
498,2025-03-23,Affiliate,Midwest,0
8331,2025-03-23,Paid Search,Southeast,0
6273,2025-03-23,Organic Search,Northeast,0
4170,2025-03-23,Referral,Southeast,0
2248,2025-03-23,Email,Northeast,0
5145,2025-03-23,Paid Social,West,0
1620,2025-03-23,Paid Search,Southeast,0
4013,2025-03-23,Paid Social,Midwest,0
10660,2025-03-23,Organic Search,Midwest,0
10977,2025-03-23,Email,Southeast,0
3804,2025-03-24,Organic Search,West,0
688,2025-03-24,Paid Social,West,0
11820,2025-03-24,Paid Search,Midwest,0
10192,2025-03-24,Organic Search,Southeast,0
10951,2025-03-24,Paid Search,Southeast,0
11485,2025-03-24,Paid Social,Southwest,0
4336,2025-03-24,Email,Midwest,0
714,2025-03-24,Referral,Northeast,0
11687,2025-03-24,Referral,Southeast,0
8231,2025-03-24,Paid Social,Northeast,0
10812,2025-03-24,Paid Search,Midwest,0
39,2025-03-25,Paid Social,West,0
7479,2025-03-25,Organic Search,Midwest,0
3649,2025-03-25,Paid Social,Northeast,0
2044,2025-03-25,Paid Search,West,0
468,2025-03-25,Organic Search,Northeast,0
8502,2025-03-25,Paid Search,Southwest,0
4627,2025-03-25,Organic Search,Southeast,0
305,2025-03-25,Affiliate,Southwest,0
8848,2025-03-25,Organic Search,Southeast,0
3414,2025-03-25,Paid Social,West,0
7751,2025-03-25,Email,Southeast,0
231,2025-03-25,Organic Search,Midwest,0
740,2025-03-25,Paid Search,Southeast,0
8219,2025-03-25,Paid Social,West,0
2325,2025-03-25,Organic Search,Midwest,0
11860,2025-03-25,Organic Search,West,0
2039,2025-03-25,Email,Midwest,0
21,2025-03-26,Paid Social,West,0
11668,2025-03-26,Paid Social,West,0
6983,2025-03-26,Paid Search,Southeast,0
6183,2025-03-26,Paid Social,Southeast,0
3458,2025-03-26,Affiliate,Northeast,0
4117,2025-03-26,Paid Search,West,0
11095,2025-03-26,Organic Search,Southeast,0
6430,2025-03-26,Paid Social,Northeast,0
2189,2025-03-26,Email,Midwest,0
3632,2025-03-26,Referral,West,0
9555,2025-03-26,Paid Social,Southeast,0
11305,2025-03-26,Paid Social,Northeast,0
5755,2025-03-26,Organic Search,Midwest,0
9660,2025-03-26,Organic Search,Southeast,0
2665,2025-03-27,Paid Search,Northeast,0
10429,2025-03-27,Organic Search,West,0
2304,2025-03-27,Paid Search,Northeast,0
9776,2025-03-27,Paid Search,West,0
2916,2025-03-27,Referral,Southwest,0
8152,2025-03-27,Organic Search,Southwest,0
5263,2025-03-27,Paid Search,Southwest,0
6342,2025-03-27,Paid Search,West,0
7648,2025-03-27,Organic Search,Northeast,0
2534,2025-03-27,Referral,Northeast,0
49,2025-03-27,Organic Search,Midwest,0
10970,2025-03-27,Paid Search,Midwest,0
10445,2025-03-27,Affiliate,Midwest,0
3222,2025-03-27,Affiliate,West,0
1514,2025-03-28,Organic Search,Midwest,0
8464,2025-03-28,Paid Social,Midwest,0
2416,2025-03-28,Affiliate,Midwest,0
1062,2025-03-28,Referral,West,0
3525,2025-03-28,Paid Social,Northeast,0
1534,2025-03-28,Paid Social,Midwest,0
891,2025-03-28,Paid Search,Northeast,0
4452,2025-03-28,Paid Search,Southeast,0
6219,2025-03-28,Organic Search,West,0
2829,2025-03-28,Paid Search,Southeast,0
6019,2025-03-28,Organic Search,Northeast,0
1402,2025-03-29,Email,West,0
9167,2025-03-29,Paid Social,Midwest,0
5778,2025-03-29,Referral,Southeast,0
6322,2025-03-29,Paid Social,West,0
3625,2025-03-29,Organic Search,Southeast,0
796,2025-03-29,Paid Social,West,0
6627,2025-03-29,Paid Social,Northeast,0
11520,2025-03-29,Affiliate,Northeast,0
10345,2025-03-29,Paid Search,West,0
11123,2025-03-29,Paid Social,Northeast,0
6567,2025-03-29,Email,Northeast,0
5083,2025-03-29,Organic Search,Midwest,0
4607,2025-03-29,Email,Southeast,0
8862,2025-03-29,Affiliate,Northeast,0
9423,2025-03-29,Organic Search,Midwest,0
2540,2025-03-29,Paid Social,West,0
9364,2025-03-30,Paid Social,West,0
6189,2025-03-30,Paid Social,Southeast,0
6959,2025-03-30,Organic Search,Southeast,0
5576,2025-03-30,Referral,Southeast,0
11650,2025-03-30,Paid Social,Northeast,0
6794,2025-03-30,Referral,Southwest,0
6119,2025-03-30,Referral,Midwest,0
3638,2025-03-30,Email,Midwest,0
5049,2025-03-30,Referral,Southwest,0
3788,2025-03-30,Paid Search,Northeast,0
6576,2025-03-30,Organic Search,Midwest,0
3069,2025-03-30,Referral,West,0
7351,2025-03-30,Paid Social,Southeast,0
1493,2025-03-30,Paid Search,West,0
3073,2025-03-30,Paid Search,Southeast,0
9544,2025-03-30,Email,West,0
6195,2025-03-30,Paid Search,Midwest,0
6402,2025-03-31,Organic Search,Southwest,0
11802,2025-03-31,Affiliate,West,0
9448,2025-03-31,Paid Social,West,0
8356,2025-03-31,Paid Search,West,0
6102,2025-03-31,Affiliate,Southwest,0
34,2025-03-31,Paid Search,West,0
8447,2025-03-31,Affiliate,Northeast,0
57,2025-03-31,Email,West,0
6116,2025-03-31,Organic Search,Southeast,0
75,2025-03-31,Referral,Southeast,0
5027,2025-03-31,Email,West,0
5889,2025-03-31,Referral,Southeast,0
7402,2025-04-01,Organic Search,West,0
2176,2025-04-01,Email,West,0
3215,2025-04-01,Paid Search,West,0
10821,2025-04-01,Paid Social,Midwest,0
825,2025-04-01,Email,Southwest,0
1198,2025-04-01,Paid Search,Northeast,0
2475,2025-04-01,Email,Southwest,0
4037,2025-04-01,Paid Social,Southeast,0
1892,2025-04-01,Email,Northeast,0
320,2025-04-01,Organic Search,Southeast,0
10864,2025-04-01,Email,Northeast,0
10965,2025-04-01,Referral,Southwest,0
2466,2025-04-01,Email,Northeast,0
6408,2025-04-01,Paid Social,Northeast,0
6814,2025-04-01,Referral,Southeast,0
7628,2025-04-01,Email,Midwest,0
6159,2025-04-01,Organic Search,Midwest,0
8763,2025-04-01,Email,Southwest,0
2684,2025-04-01,Email,Northeast,0
1644,2025-04-01,Paid Search,West,0
9671,2025-04-01,Email,West,0
11882,2025-04-01,Paid Search,Midwest,0
3520,2025-04-02,Paid Social,Midwest,0
11963,2025-04-02,Paid Social,Midwest,0
6960,2025-04-02,Paid Search,West,0
6366,2025-04-02,Paid Social,West,0
6974,2025-04-02,Paid Search,Southeast,0
9786,2025-04-02,Referral,West,0
10788,2025-04-02,Organic Search,Southeast,0
7190,2025-04-02,Organic Search,Northeast,0
4696,2025-04-02,Referral,Southeast,0
7668,2025-04-02,Paid Search,Northeast,0
6640,2025-04-02,Organic Search,West,0
11312,2025-04-02,Paid Social,West,0
7774,2025-04-02,Referral,Midwest,0
7355,2025-04-03,Paid Social,Midwest,0
11556,2025-04-03,Paid Social,Northeast,0
2830,2025-04-03,Paid Search,West,0
2372,2025-04-03,Paid Social,Midwest,0
10475,2025-04-03,Referral,Southeast,0
9340,2025-04-03,Paid Social,West,0
4007,2025-04-03,Organic Search,Southeast,0
650,2025-04-03,Paid Social,Northeast,0
9851,2025-04-03,Email,West,0
8099,2025-04-03,Paid Social,Northeast,0
6140,2025-04-03,Referral,Southwest,0
10879,2025-04-03,Paid Social,West,0
11651,2025-04-03,Paid Search,Southeast,0
2443,2025-04-03,Organic Search,West,0
5706,2025-04-03,Paid Search,West,0
2038,2025-04-04,Referral,West,0
5513,2025-04-04,Email,Northeast,0
9430,2025-04-04,Paid Social,Northeast,0
944,2025-04-04,Organic Search,Southeast,0
7070,2025-04-04,Paid Search,Southeast,0
9471,2025-04-04,Email,West,0
33,2025-04-04,Organic Search,West,0
10620,2025-04-04,Paid Social,Northeast,0
6038,2025-04-04,Organic Search,West,0
659,2025-04-04,Paid Search,Northeast,0
10172,2025-04-04,Referral,West,0
8702,2025-04-04,Paid Social,Southeast,0
6008,2025-04-04,Paid Search,Southwest,0
6127,2025-04-04,Affiliate,West,0
4459,2025-04-04,Organic Search,Midwest,0
6758,2025-04-04,Organic Search,Southwest,0
1605,2025-04-04,Paid Social,Southwest,0
4609,2025-04-04,Paid Social,Southeast,0
3945,2025-04-04,Organic Search,Southeast,0
8782,2025-04-04,Email,West,0
6508,2025-04-04,Paid Search,West,0
398,2025-04-04,Paid Search,Midwest,0
2182,2025-04-04,Paid Search,Northeast,0
5225,2025-04-04,Organic Search,West,0
5807,2025-04-04,Email,Southwest,0
4087,2025-04-05,Affiliate,West,0
6507,2025-04-05,Affiliate,Midwest,0
8927,2025-04-05,Referral,Midwest,0
9687,2025-04-05,Email,Northeast,0
6879,2025-04-05,Paid Search,Southeast,0
424,2025-04-05,Email,Southeast,0
5645,2025-04-05,Paid Search,West,0
10867,2025-04-05,Paid Social,Midwest,0
8376,2025-04-05,Paid Social,Northeast,0
10483,2025-04-05,Email,Southwest,0
6032,2025-04-05,Paid Search,Northeast,0
3437,2025-04-05,Email,West,0
8114,2025-04-05,Email,Northeast,0
11991,2025-04-05,Organic Search,Northeast,0
9907,2025-04-05,Paid Search,West,0
6173,2025-04-05,Referral,West,0
4635,2025-04-05,Paid Social,West,0
5155,2025-04-06,Paid Social,Southeast,0
6015,2025-04-06,Paid Social,Northeast,0
7288,2025-04-06,Affiliate,Southwest,0
9593,2025-04-06,Affiliate,Southeast,0
8764,2025-04-06,Paid Search,Northeast,0
10842,2025-04-06,Organic Search,Midwest,0
11998,2025-04-06,Affiliate,Northeast,0
5696,2025-04-06,Paid Search,Southwest,0
6778,2025-04-06,Paid Social,Southwest,0
5281,2025-04-06,Paid Social,Midwest,0
8938,2025-04-06,Paid Search,Midwest,0
10624,2025-04-06,Organic Search,Southeast,0
2025,2025-04-06,Paid Social,Northeast,0
5887,2025-04-06,Organic Search,Southeast,0
2823,2025-04-06,Paid Social,Midwest,0
4349,2025-04-06,Email,Northeast,0
10307,2025-04-06,Paid Social,Southeast,0
4612,2025-04-07,Affiliate,Southeast,0
5984,2025-04-07,Email,West,0
6199,2025-04-07,Paid Search,Midwest,0
6619,2025-04-07,Organic Search,Southwest,0
8295,2025-04-07,Paid Social,Southeast,0
11737,2025-04-07,Email,Southwest,0
7900,2025-04-07,Affiliate,Midwest,0
4293,2025-04-07,Paid Social,West,0
2936,2025-04-07,Organic Search,Midwest,0
8769,2025-04-07,Referral,West,0
6184,2025-04-07,Paid Search,Southwest,0
8110,2025-04-07,Referral,Southwest,0
4183,2025-04-07,Paid Search,Midwest,0
1383,2025-04-07,Paid Search,Southwest,0
11501,2025-04-07,Organic Search,Northeast,0
2360,2025-04-07,Referral,Southwest,0
296,2025-04-07,Paid Social,Northeast,0
11477,2025-04-07,Email,Southeast,0
10134,2025-04-07,Email,Midwest,0
9967,2025-04-07,Paid Search,Southeast,0
5584,2025-04-07,Paid Search,Southeast,0
1486,2025-04-08,Affiliate,Midwest,0
6597,2025-04-08,Organic Search,Southeast,0
8740,2025-04-08,Paid Search,Southeast,0
5677,2025-04-08,Organic Search,West,0
10892,2025-04-08,Paid Social,Midwest,0
2053,2025-04-08,Affiliate,West,0
11308,2025-04-08,Email,Southwest,0
5055,2025-04-08,Paid Social,Southeast,0
6522,2025-04-08,Organic Search,Northeast,0
4102,2025-04-08,Email,Southeast,0
10904,2025-04-08,Referral,Southeast,0
3774,2025-04-08,Organic Search,Midwest,0
9418,2025-04-08,Paid Search,Southeast,0
396,2025-04-08,Affiliate,Northeast,0
5413,2025-04-08,Referral,Midwest,0
8682,2025-04-08,Affiliate,West,0
8707,2025-04-09,Paid Social,Northeast,0
8333,2025-04-09,Paid Search,Midwest,0
5949,2025-04-09,Paid Social,West,0
6728,2025-04-09,Paid Social,Northeast,0
6762,2025-04-09,Email,Southwest,0
3594,2025-04-09,Paid Social,Southeast,0
3227,2025-04-09,Paid Social,Northeast,0
8741,2025-04-09,Affiliate,Midwest,0
11161,2025-04-09,Paid Search,Midwest,0
2974,2025-04-09,Paid Social,Midwest,0
11079,2025-04-09,Paid Search,Northeast,0
192,2025-04-09,Paid Social,Northeast,0
3508,2025-04-09,Paid Search,Northeast,0
8998,2025-04-09,Organic Search,Northeast,0
2591,2025-04-09,Paid Search,Southeast,0
5135,2025-04-09,Affiliate,Midwest,0
4050,2025-04-09,Email,Midwest,0
2735,2025-04-09,Paid Search,Southwest,0
696,2025-04-09,Affiliate,Northeast,0
4264,2025-04-09,Paid Social,Northeast,0
9426,2025-04-10,Paid Search,Southeast,0
301,2025-04-10,Paid Social,Midwest,0
1513,2025-04-10,Paid Social,Southwest,0
6923,2025-04-10,Organic Search,Northeast,0
8563,2025-04-10,Paid Social,Midwest,0
10300,2025-04-10,Paid Social,Northeast,0
3673,2025-04-10,Paid Social,Midwest,0
10793,2025-04-10,Affiliate,West,0
10967,2025-04-10,Organic Search,Midwest,0
8112,2025-04-10,Affiliate,Southwest,0
5634,2025-04-10,Paid Social,Southeast,0
8739,2025-04-10,Organic Search,West,0
5633,2025-04-10,Affiliate,West,0
8768,2025-04-10,Affiliate,West,0
5424,2025-04-10,Paid Search,Midwest,0
11900,2025-04-11,Paid Social,West,0
3756,2025-04-11,Paid Social,Northeast,0
10898,2025-04-11,Paid Social,Southwest,0
5764,2025-04-11,Paid Social,West,0
270,2025-04-11,Email,Northeast,0
5093,2025-04-11,Paid Social,West,0
9140,2025-04-11,Paid Social,Southeast,0
8342,2025-04-11,Paid Search,Southeast,0
5099,2025-04-11,Paid Search,Northeast,0
10938,2025-04-11,Paid Social,Southeast,0
3576,2025-04-11,Affiliate,Southeast,0
10503,2025-04-11,Paid Social,Northeast,0
4613,2025-04-11,Email,Northeast,0
1849,2025-04-11,Paid Social,Southwest,0
11168,2025-04-11,Referral,West,0
9311,2025-04-11,Referral,Southeast,0
4535,2025-04-11,Paid Social,Southeast,0
7165,2025-04-11,Organic Search,Southwest,0
6397,2025-04-12,Paid Search,Midwest,0
6852,2025-04-12,Paid Social,Northeast,0
11467,2025-04-12,Paid Search,Northeast,0
7811,2025-04-12,Paid Social,Midwest,0
7038,2025-04-12,Paid Social,Southwest,0
1801,2025-04-12,Paid Social,West,0
1593,2025-04-12,Paid Search,West,0
9320,2025-04-12,Referral,Southeast,0
1767,2025-04-13,Organic Search,Southwest,0
8873,2025-04-13,Organic Search,Northeast,0
2954,2025-04-13,Paid Search,West,0
8560,2025-04-13,Paid Search,Midwest,0
8373,2025-04-13,Affiliate,West,0
9478,2025-04-13,Paid Search,West,0
7033,2025-04-13,Paid Social,Northeast,0
10869,2025-04-13,Email,Southeast,0
3394,2025-04-13,Organic Search,Southwest,0
7747,2025-04-13,Paid Search,Midwest,0
10047,2025-04-13,Organic Search,Midwest,0
7,2025-04-13,Paid Search,Southwest,0
7423,2025-04-13,Paid Search,Northeast,0
9556,2025-04-13,Paid Social,Southwest,0
11231,2025-04-13,Referral,Northeast,0
1745,2025-04-14,Paid Social,Southeast,0
4413,2025-04-14,Paid Social,Southeast,0
3581,2025-04-14,Paid Social,West,0
11848,2025-04-14,Paid Social,Northeast,0
915,2025-04-14,Paid Search,Midwest,0
3948,2025-04-14,Paid Social,Southeast,0
1717,2025-04-14,Paid Social,Southeast,0
3355,2025-04-14,Paid Social,Midwest,0
10553,2025-04-14,Organic Search,Southeast,0
6735,2025-04-14,Paid Social,Southwest,0
1255,2025-04-14,Paid Social,Northeast,0
551,2025-04-14,Organic Search,Northeast,0
11019,2025-04-14,Organic Search,Southwest,0
3518,2025-04-14,Paid Social,Midwest,0
3261,2025-04-14,Affiliate,West,0
10960,2025-04-14,Paid Social,Southwest,0
9627,2025-04-14,Paid Search,Southwest,0
9203,2025-04-14,Paid Search,Southwest,0
8647,2025-04-14,Paid Social,Southwest,0
4989,2025-04-15,Affiliate,West,0
8267,2025-04-15,Paid Search,West,0
443,2025-04-15,Paid Social,Midwest,0
1716,2025-04-15,Paid Social,Southwest,0
9148,2025-04-15,Organic Search,West,0
11387,2025-04-15,Paid Social,Southeast,0
3231,2025-04-15,Paid Search,Southeast,0
6405,2025-04-15,Paid Search,West,0
298,2025-04-16,Paid Social,Northeast,0
8461,2025-04-16,Affiliate,Southeast,0
6594,2025-04-16,Paid Social,Southeast,0
9444,2025-04-16,Email,West,0
9462,2025-04-16,Email,Midwest,0
9438,2025-04-16,Paid Search,West,0
3398,2025-04-16,Email,Midwest,0
4987,2025-04-16,Organic Search,Midwest,0
5916,2025-04-16,Affiliate,Midwest,0
1418,2025-04-16,Paid Social,Southeast,0
6704,2025-04-16,Paid Search,Northeast,0
3766,2025-04-16,Referral,Southwest,0
4975,2025-04-16,Affiliate,West,0
6744,2025-04-16,Paid Social,West,0
9410,2025-04-16,Paid Social,Southeast,0
10318,2025-04-16,Paid Social,Southwest,0
3257,2025-04-16,Organic Search,Midwest,0
2383,2025-04-16,Email,Midwest,0
74,2025-04-16,Referral,Southeast,0
538,2025-04-16,Affiliate,West,0
11554,2025-04-16,Organic Search,West,0
9404,2025-04-17,Organic Search,Southwest,0
4173,2025-04-17,Paid Search,Southeast,0
5669,2025-04-17,Paid Social,Southwest,0
6623,2025-04-17,Paid Social,West,0
9361,2025-04-17,Affiliate,Southwest,0
8657,2025-04-17,Paid Social,Northeast,0
5096,2025-04-17,Organic Search,West,0
9333,2025-04-17,Paid Search,Northeast,0
6396,2025-04-17,Paid Search,Southwest,0
1683,2025-04-17,Paid Social,West,0
7217,2025-04-17,Paid Social,Northeast,0
2870,2025-04-17,Referral,Southwest,0
9042,2025-04-17,Paid Search,Northeast,0
968,2025-04-17,Organic Search,West,0
10819,2025-04-18,Paid Search,West,0
7890,2025-04-18,Email,Northeast,0
8153,2025-04-18,Affiliate,Northeast,0
6361,2025-04-18,Paid Search,Northeast,0
4824,2025-04-18,Paid Search,Southwest,0
2445,2025-04-18,Paid Search,Midwest,0
10135,2025-04-18,Paid Social,Northeast,0
9790,2025-04-18,Paid Social,Southeast,0
88,2025-04-18,Referral,Northeast,0
7707,2025-04-18,Affiliate,West,0
724,2025-04-18,Email,Midwest,0
752,2025-04-18,Organic Search,Southeast,0
7427,2025-04-18,Paid Search,Midwest,0
8451,2025-04-18,Organic Search,Southwest,0
2526,2025-04-18,Paid Search,West,0
7616,2025-04-19,Paid Social,Southwest,0
10509,2025-04-19,Paid Social,Northeast,0
6969,2025-04-19,Paid Search,Southwest,0
502,2025-04-19,Paid Social,West,0
78,2025-04-19,Organic Search,Northeast,0
4049,2025-04-19,Paid Search,Southeast,0
8343,2025-04-19,Organic Search,West,0
10327,2025-04-19,Paid Social,West,0
11503,2025-04-19,Organic Search,Southeast,0
8043,2025-04-19,Paid Search,Northeast,0
2283,2025-04-19,Referral,West,0
617,2025-04-19,Organic Search,Southeast,0
11443,2025-04-19,Paid Search,West,0
4556,2025-04-19,Paid Search,Southwest,0
307,2025-04-19,Organic Search,Southeast,0
8565,2025-04-19,Paid Social,West,0
9021,2025-04-19,Organic Search,Midwest,0
3501,2025-04-19,Organic Search,Northeast,0
6727,2025-04-19,Organic Search,Northeast,0
2612,2025-04-19,Paid Search,Southeast,0
5896,2025-04-19,Paid Social,Southeast,0
4238,2025-04-19,Email,Northeast,0
5175,2025-04-20,Paid Social,West,0
3646,2025-04-20,Paid Search,Southwest,0
10029,2025-04-20,Paid Search,Southeast,0
6706,2025-04-20,Paid Search,Northeast,0
2588,2025-04-20,Organic Search,Southeast,0
7388,2025-04-20,Paid Search,Southeast,0
9937,2025-04-20,Paid Search,Northeast,0
3476,2025-04-20,Organic Search,Northeast,0
11800,2025-04-20,Paid Search,Southeast,0
8060,2025-04-20,Paid Social,Northeast,0
10066,2025-04-21,Paid Search,Southeast,0
7271,2025-04-21,Affiliate,Northeast,0
11655,2025-04-21,Organic Search,West,0
3692,2025-04-21,Paid Search,Midwest,0
10365,2025-04-21,Organic Search,Southeast,0
1310,2025-04-21,Referral,Southwest,0
2288,2025-04-21,Paid Search,Midwest,0
1550,2025-04-21,Paid Social,Northeast,0
9715,2025-04-21,Paid Social,West,0
2152,2025-04-21,Organic Search,Northeast,0
3604,2025-04-21,Paid Social,Southwest,0
10941,2025-04-21,Paid Search,Southeast,0
10311,2025-04-21,Paid Search,Northeast,0
6278,2025-04-21,Referral,Northeast,0
10625,2025-04-21,Organic Search,Southwest,0
9276,2025-04-21,Paid Search,Midwest,0
3657,2025-04-21,Referral,West,0
5101,2025-04-21,Affiliate,West,0
5409,2025-04-21,Paid Social,West,0
5616,2025-04-22,Paid Search,Northeast,0
8151,2025-04-22,Paid Search,Northeast,0
2848,2025-04-22,Affiliate,Northeast,0
4156,2025-04-22,Affiliate,Northeast,0
7238,2025-04-22,Email,Midwest,0
362,2025-04-22,Organic Search,Southwest,0
9570,2025-04-22,Paid Search,Southeast,0
8920,2025-04-22,Organic Search,Midwest,0
2406,2025-04-22,Referral,Southeast,0
10102,2025-04-22,Affiliate,Southeast,0
11867,2025-04-22,Referral,West,0
5205,2025-04-22,Organic Search,Northeast,0
8438,2025-04-22,Referral,West,0
753,2025-04-22,Email,Southwest,0
7539,2025-04-23,Email,West,0
11224,2025-04-23,Paid Search,West,0
8350,2025-04-23,Organic Search,West,0
4889,2025-04-23,Organic Search,Southeast,0
3809,2025-04-23,Referral,Northeast,0
6302,2025-04-23,Paid Search,Northeast,0
3172,2025-04-23,Paid Social,Southwest,0
5834,2025-04-23,Referral,Southeast,0
7262,2025-04-23,Paid Social,Southeast,0
447,2025-04-24,Paid Social,Northeast,0
5417,2025-04-24,Paid Search,Northeast,0
3763,2025-04-24,Paid Social,Southwest,0
9877,2025-04-24,Organic Search,Southeast,0
2525,2025-04-24,Email,Southwest,0
303,2025-04-24,Organic Search,Midwest,0
3306,2025-04-24,Paid Search,Midwest,0
7664,2025-04-24,Referral,Midwest,0
6538,2025-04-24,Paid Social,Midwest,0
1342,2025-04-24,Paid Social,West,0
10875,2025-04-25,Affiliate,Northeast,0
11686,2025-04-25,Paid Social,Southeast,0
11266,2025-04-25,Organic Search,Midwest,0
10369,2025-04-25,Affiliate,Northeast,0
5345,2025-04-25,Paid Search,Southeast,0
6855,2025-04-25,Paid Search,Midwest,0
2899,2025-04-25,Referral,Southwest,0
8445,2025-04-25,Paid Social,Northeast,0
5919,2025-04-25,Paid Social,Midwest,0
4753,2025-04-25,Paid Social,Southeast,0
7553,2025-04-25,Organic Search,Southeast,0
9502,2025-04-25,Organic Search,Northeast,0
733,2025-04-25,Paid Search,West,0
4373,2025-04-26,Paid Search,West,0
8255,2025-04-26,Affiliate,West,0
5158,2025-04-26,Organic Search,West,0
9581,2025-04-26,Email,Southeast,0
7263,2025-04-26,Organic Search,Northeast,0
3489,2025-04-26,Paid Social,Southeast,0
10835,2025-04-26,Paid Search,Southwest,0
6443,2025-04-26,Email,West,0
718,2025-04-26,Paid Search,Southwest,0
8791,2025-04-26,Paid Social,West,0
5979,2025-04-26,Organic Search,West,0
645,2025-04-26,Email,Southeast,0
1401,2025-04-26,Paid Social,Southeast,0
6211,2025-04-26,Paid Social,Midwest,0
3074,2025-04-26,Referral,Northeast,0
6456,2025-04-26,Paid Search,Southwest,0
9182,2025-04-26,Email,Southwest,0
6168,2025-04-26,Paid Social,Southeast,0
7027,2025-04-26,Affiliate,Midwest,0
5587,2025-04-27,Paid Social,Northeast,0
6352,2025-04-27,Paid Search,Southeast,0
2114,2025-04-27,Paid Search,Northeast,0
2714,2025-04-27,Paid Search,Midwest,0
41,2025-04-27,Paid Search,West,0
7239,2025-04-27,Paid Social,Northeast,0
5950,2025-04-27,Affiliate,Southwest,0
9186,2025-04-27,Email,West,0
5080,2025-04-27,Paid Search,Northeast,0
6609,2025-04-27,Paid Search,Northeast,0
3133,2025-04-27,Paid Social,Southeast,0
7891,2025-04-27,Paid Social,Midwest,0
9982,2025-04-27,Email,Southwest,0
11117,2025-04-27,Paid Search,Southwest,0
4838,2025-04-27,Referral,Southwest,0
8723,2025-04-27,Referral,West,0
2007,2025-04-28,Email,Southeast,0
7278,2025-04-28,Paid Social,Northeast,0
3558,2025-04-28,Affiliate,Northeast,0
5814,2025-04-28,Paid Search,Southeast,0
2611,2025-04-28,Email,West,0
1114,2025-04-28,Referral,West,0
11628,2025-04-28,Referral,West,0
1619,2025-04-28,Organic Search,Northeast,0
1841,2025-04-28,Organic Search,West,0
4673,2025-04-28,Paid Social,Southwest,0
278,2025-04-28,Referral,Southwest,0
6939,2025-04-28,Affiliate,Southwest,0
2658,2025-04-28,Paid Search,Southeast,0
7987,2025-04-29,Referral,Midwest,0
3641,2025-04-29,Paid Social,Northeast,0
10985,2025-04-29,Organic Search,Southeast,0
2003,2025-04-29,Paid Social,Northeast,0
8562,2025-04-29,Organic Search,Southwest,0
7240,2025-04-29,Paid Social,West,0
10990,2025-04-29,Referral,Southeast,0
1491,2025-04-29,Paid Social,Southwest,0
9978,2025-04-29,Affiliate,Southwest,0
2614,2025-04-29,Referral,West,0
1346,2025-04-29,Paid Social,Northeast,0
2267,2025-04-29,Paid Social,Midwest,0
11768,2025-04-30,Affiliate,West,0
4009,2025-04-30,Paid Search,Northeast,0
838,2025-04-30,Organic Search,Northeast,0
5508,2025-04-30,Organic Search,Southeast,0
4005,2025-04-30,Organic Search,Southeast,0
4736,2025-04-30,Paid Social,West,0
6654,2025-04-30,Paid Social,Southeast,0
9027,2025-04-30,Affiliate,Midwest,0
3079,2025-04-30,Paid Social,Midwest,0
748,2025-04-30,Paid Search,Southeast,0
6254,2025-04-30,Paid Social,Southeast,0
7508,2025-04-30,Paid Social,Midwest,0
6002,2025-04-30,Paid Search,West,0
9077,2025-04-30,Organic Search,West,0
5574,2025-05-01,Email,Midwest,0
1581,2025-05-01,Paid Social,West,0
9378,2025-05-01,Referral,Southeast,0
2950,2025-05-01,Paid Search,Midwest,0
4862,2025-05-01,Organic Search,West,0
5986,2025-05-01,Referral,West,0
2269,2025-05-01,Referral,Midwest,0
10843,2025-05-01,Referral,Northeast,0
8621,2025-05-01,Paid Search,West,0
8809,2025-05-01,Organic Search,West,0
11549,2025-05-01,Paid Social,Northeast,0
4870,2025-05-01,Organic Search,Northeast,0
8871,2025-05-01,Organic Search,Midwest,0
5375,2025-05-01,Paid Search,West,0
11152,2025-05-01,Organic Search,Midwest,0
10523,2025-05-02,Referral,Southwest,0
7268,2025-05-02,Organic Search,Southwest,0
178,2025-05-02,Paid Social,Northeast,0
3276,2025-05-02,Referral,Northeast,0
11718,2025-05-02,Paid Social,Midwest,0
9083,2025-05-02,Email,Southeast,0
4458,2025-05-02,Paid Search,West,0
5560,2025-05-02,Paid Social,Southeast,0
4603,2025-05-02,Paid Social,Southeast,0
7272,2025-05-02,Paid Search,Northeast,0
10335,2025-05-02,Paid Social,Southwest,0
9048,2025-05-02,Organic Search,Midwest,0
3689,2025-05-02,Email,Southwest,0
1511,2025-05-03,Paid Social,Northeast,0
9635,2025-05-03,Email,Southeast,0
692,2025-05-03,Paid Social,Northeast,0
11844,2025-05-03,Organic Search,Midwest,0
10552,2025-05-03,Email,Southeast,0
11750,2025-05-03,Email,Southeast,0
10818,2025-05-03,Organic Search,Southwest,0
6869,2025-05-03,Organic Search,West,0
2527,2025-05-03,Email,Southwest,0
9273,2025-05-03,Paid Search,Northeast,0
8163,2025-05-03,Email,Southwest,0
462,2025-05-03,Organic Search,West,0
9653,2025-05-03,Email,Southeast,0
10128,2025-05-03,Paid Social,Northeast,0
3865,2025-05-03,Affiliate,West,0
7939,2025-05-04,Paid Social,Northeast,0
2737,2025-05-04,Organic Search,West,0
11818,2025-05-04,Organic Search,West,0
4715,2025-05-04,Affiliate,Southeast,0
11753,2025-05-04,Organic Search,West,0
3084,2025-05-04,Email,Midwest,0
378,2025-05-04,Paid Social,Northeast,0
582,2025-05-04,Email,Midwest,0
4386,2025-05-04,Organic Search,Southeast,0
11497,2025-05-04,Email,Southeast,0
11637,2025-05-04,Paid Social,Southeast,0
4218,2025-05-04,Paid Social,Southeast,0
1809,2025-05-04,Paid Social,Northeast,0
9020,2025-05-04,Referral,Midwest,0
8400,2025-05-04,Paid Social,Northeast,0
8990,2025-05-04,Organic Search,West,0
10964,2025-05-04,Organic Search,Southwest,0
6436,2025-05-04,Paid Social,West,0
7587,2025-05-05,Referral,West,0
6889,2025-05-05,Paid Social,Southeast,0
5128,2025-05-05,Organic Search,Midwest,0
10798,2025-05-05,Paid Social,West,0
11313,2025-05-05,Paid Search,West,0
8951,2025-05-05,Referral,Southeast,0
684,2025-05-05,Paid Search,West,0
11850,2025-05-05,Organic Search,Northeast,0
9488,2025-05-05,Email,Southwest,0
6689,2025-05-05,Organic Search,Midwest,0
1625,2025-05-05,Affiliate,Northeast,0
9962,2025-05-05,Paid Social,West,0
3366,2025-05-05,Paid Social,Southwest,0
3480,2025-05-05,Paid Social,Southeast,0
11872,2025-05-05,Paid Social,Northeast,0
3198,2025-05-05,Paid Search,Southwest,0
7685,2025-05-05,Paid Search,Northeast,0
8975,2025-05-05,Organic Search,Midwest,0
8036,2025-05-06,Referral,Northeast,0
9412,2025-05-06,Paid Social,Southeast,0
8833,2025-05-06,Organic Search,Northeast,0
10547,2025-05-06,Paid Search,West,0
2089,2025-05-06,Paid Social,Southeast,0
11386,2025-05-06,Paid Search,Northeast,0
11661,2025-05-06,Paid Social,Southwest,0
4308,2025-05-06,Referral,Northeast,0
9080,2025-05-06,Organic Search,Southeast,0
11049,2025-05-06,Paid Social,Midwest,0
7359,2025-05-06,Affiliate,Southeast,0
2231,2025-05-06,Affiliate,Northeast,0
9269,2025-05-06,Organic Search,Midwest,0
457,2025-05-06,Paid Social,Midwest,0
7091,2025-05-06,Organic Search,West,0
7885,2025-05-06,Paid Social,Midwest,0
1456,2025-05-06,Paid Social,Southeast,0
2330,2025-05-06,Referral,Northeast,0
7183,2025-05-06,Paid Search,Midwest,0
3185,2025-05-06,Email,Southwest,0
10220,2025-05-06,Paid Social,Midwest,0
6094,2025-05-07,Paid Social,Southeast,0
11926,2025-05-07,Organic Search,Northeast,0
7156,2025-05-07,Referral,Northeast,0
11142,2025-05-07,Paid Search,Midwest,0
7714,2025-05-07,Paid Search,Southeast,0
8434,2025-05-07,Email,Northeast,0
1669,2025-05-07,Paid Search,West,0
5773,2025-05-07,Paid Social,Southeast,0
2112,2025-05-07,Email,Northeast,0
2455,2025-05-07,Paid Social,Southwest,0
2902,2025-05-07,Paid Search,Southeast,0
942,2025-05-07,Paid Social,Midwest,0
2660,2025-05-07,Paid Social,West,0
5931,2025-05-07,Referral,Midwest,0
2077,2025-05-07,Organic Search,Midwest,0
8429,2025-05-07,Paid Search,Midwest,0
3446,2025-05-07,Affiliate,Midwest,0
9705,2025-05-08,Paid Social,Midwest,0
5593,2025-05-08,Paid Search,West,0
194,2025-05-08,Organic Search,Southeast,0
10287,2025-05-08,Paid Social,Northeast,0
236,2025-05-08,Affiliate,West,0
5585,2025-05-08,Email,Southeast,0
5816,2025-05-08,Organic Search,West,0
11331,2025-05-08,Paid Social,Northeast,0
5425,2025-05-08,Paid Search,Midwest,0
8390,2025-05-08,Email,Southwest,0
7304,2025-05-08,Paid Search,Southeast,0
4079,2025-05-08,Email,Midwest,0
3648,2025-05-08,Email,Southeast,0
7882,2025-05-08,Paid Search,West,0
9184,2025-05-09,Organic Search,Northeast,0
5663,2025-05-09,Paid Social,Northeast,0
8571,2025-05-09,Organic Search,West,0
3372,2025-05-09,Paid Social,Southeast,0
2178,2025-05-09,Organic Search,Southeast,0
2749,2025-05-09,Referral,West,0
4080,2025-05-09,Affiliate,Northeast,0
446,2025-05-09,Paid Social,Southeast,0
769,2025-05-09,Paid Search,Southeast,0
2393,2025-05-09,Paid Social,Northeast,0
3070,2025-05-09,Paid Social,West,0
977,2025-05-10,Paid Social,West,0
5805,2025-05-10,Paid Search,Northeast,0
6720,2025-05-10,Affiliate,Midwest,0
2469,2025-05-10,Paid Social,Southeast,0
9685,2025-05-10,Email,Midwest,0
10193,2025-05-10,Paid Search,Southwest,0
3627,2025-05-10,Paid Search,Southeast,0
4420,2025-05-10,Organic Search,Southeast,0
10799,2025-05-10,Email,Northeast,0
6967,2025-05-10,Paid Social,Northeast,0
2724,2025-05-10,Referral,Southeast,0
6063,2025-05-10,Affiliate,Southeast,0
7600,2025-05-10,Organic Search,Midwest,0
9958,2025-05-10,Organic Search,Midwest,0
5828,2025-05-10,Referral,Northeast,0
394,2025-05-10,Referral,Midwest,0
10900,2025-05-10,Affiliate,Midwest,0
11864,2025-05-10,Paid Search,Northeast,0
11871,2025-05-10,Paid Search,Southeast,0
5470,2025-05-10,Paid Social,West,0
4581,2025-05-11,Organic Search,Southeast,0
6391,2025-05-11,Paid Social,Southwest,0
8969,2025-05-11,Organic Search,Northeast,0
8567,2025-05-11,Paid Search,Midwest,0
1880,2025-05-11,Paid Social,West,0
189,2025-05-11,Referral,Northeast,0
11614,2025-05-11,Paid Social,Northeast,0
3749,2025-05-11,Paid Social,West,0
5044,2025-05-11,Paid Search,Midwest,0
5380,2025-05-12,Email,Northeast,0
10405,2025-05-12,Paid Search,Northeast,0
2234,2025-05-12,Paid Search,Southwest,0
5787,2025-05-12,Paid Social,West,0
2103,2025-05-12,Referral,Southeast,0
11564,2025-05-12,Paid Social,Northeast,0
6061,2025-05-12,Referral,Northeast,0
4667,2025-05-12,Paid Social,Northeast,0
6692,2025-05-12,Organic Search,Midwest,0
3245,2025-05-12,Paid Social,Southwest,0
10958,2025-05-12,Paid Search,West,0
7151,2025-05-12,Paid Social,Northeast,0
5136,2025-05-12,Paid Social,Northeast,0
7554,2025-05-12,Paid Social,Southwest,0
3169,2025-05-12,Affiliate,Northeast,0
3362,2025-05-12,Paid Social,Midwest,0
757,2025-05-12,Affiliate,Southwest,0
7264,2025-05-12,Paid Social,Northeast,0
6887,2025-05-13,Paid Search,Southeast,0
3539,2025-05-13,Organic Search,Southwest,0
4272,2025-05-13,Organic Search,West,0
10037,2025-05-13,Organic Search,Northeast,0
6495,2025-05-13,Paid Social,Southwest,0
5833,2025-05-13,Paid Search,Midwest,0
10786,2025-05-13,Organic Search,Northeast,0
5970,2025-05-13,Referral,Southeast,0
6540,2025-05-13,Paid Social,West,0
5985,2025-05-13,Paid Social,Northeast,0
10450,2025-05-13,Paid Search,Northeast,0
11639,2025-05-13,Organic Search,Southwest,0
871,2025-05-13,Paid Social,Midwest,0
2101,2025-05-13,Organic Search,Southeast,0
11593,2025-05-13,Affiliate,Midwest,0
11426,2025-05-13,Paid Search,Southeast,0
4999,2025-05-13,Affiliate,Midwest,0
11738,2025-05-14,Referral,Midwest,0
4143,2025-05-14,Paid Search,Northeast,0
8102,2025-05-14,Affiliate,Midwest,0
9295,2025-05-14,Organic Search,Northeast,0
5211,2025-05-14,Paid Social,West,0
848,2025-05-14,Paid Social,West,0
11134,2025-05-14,Affiliate,Southeast,0
8177,2025-05-14,Organic Search,Midwest,0
4369,2025-05-14,Paid Social,Northeast,0
9095,2025-05-14,Organic Search,Northeast,0
9081,2025-05-14,Paid Search,West,0
11928,2025-05-14,Paid Search,West,0
4874,2025-05-14,Paid Social,Northeast,0
5556,2025-05-14,Paid Search,Southwest,0
1948,2025-05-14,Referral,West,0
6544,2025-05-14,Paid Social,Midwest,0
11042,2025-05-14,Email,West,0
10865,2025-05-14,Email,Southwest,0
5337,2025-05-14,Affiliate,West,0
7781,2025-05-14,Affiliate,West,0
1940,2025-05-14,Paid Social,Southeast,0
5930,2025-05-15,Paid Search,Southeast,0
4810,2025-05-15,Referral,Midwest,0
499,2025-05-15,Paid Search,Southeast,0
7588,2025-05-15,Paid Search,Southwest,0
5317,2025-05-15,Paid Social,Northeast,0
916,2025-05-15,Paid Social,Southeast,0
168,2025-05-15,Email,West,0
2168,2025-05-16,Paid Search,West,0
9631,2025-05-16,Email,Southeast,0
888,2025-05-16,Email,West,0
10003,2025-05-16,Paid Search,West,0
6125,2025-05-16,Paid Search,Northeast,0
3096,2025-05-16,Paid Social,West,0
7842,2025-05-16,Paid Search,Southeast,0
3267,2025-05-16,Paid Social,Midwest,0
2825,2025-05-16,Email,Southeast,0
9769,2025-05-16,Paid Social,West,0
1214,2025-05-16,Referral,Southwest,0
310,2025-05-16,Email,Midwest,0
143,2025-05-17,Paid Social,Southwest,0
954,2025-05-17,Paid Social,Northeast,0
11711,2025-05-17,Paid Social,Midwest,0
1374,2025-05-17,Paid Social,West,0
8941,2025-05-17,Paid Social,Southwest,0
52,2025-05-17,Paid Social,Northeast,0
6723,2025-05-17,Paid Social,Northeast,0
4877,2025-05-17,Organic Search,Southwest,0
10374,2025-05-17,Paid Social,Midwest,0
6209,2025-05-17,Affiliate,Northeast,0
4594,2025-05-17,Referral,Southwest,0
2750,2025-05-17,Paid Search,Northeast,0
8395,2025-05-17,Paid Search,Southeast,0
3210,2025-05-17,Paid Search,West,0
9824,2025-05-18,Paid Social,Southwest,0
603,2025-05-18,Paid Search,Southeast,0
10807,2025-05-18,Referral,Southeast,0
2444,2025-05-18,Referral,Midwest,0
4804,2025-05-18,Paid Search,West,0
9808,2025-05-18,Paid Social,Southeast,0
4588,2025-05-18,Paid Social,Northeast,0
5852,2025-05-18,Organic Search,Northeast,0
5498,2025-05-18,Referral,Southwest,0
2161,2025-05-18,Organic Search,West,0
11453,2025-05-18,Referral,Southeast,0
10404,2025-05-18,Referral,Southeast,0
10616,2025-05-18,Paid Search,Southeast,0
2433,2025-05-19,Paid Search,Midwest,0
9852,2025-05-19,Email,Midwest,0
2472,2025-05-19,Organic Search,West,0
3038,2025-05-19,Organic Search,Southwest,0
8719,2025-05-19,Referral,Northeast,0
3211,2025-05-19,Paid Social,Northeast,0
984,2025-05-19,Paid Search,Northeast,0
11471,2025-05-19,Affiliate,Southeast,0
4421,2025-05-19,Email,Southwest,0
5203,2025-05-19,Organic Search,Southeast,0
591,2025-05-19,Email,Southwest,0
10975,2025-05-19,Organic Search,West,0
925,2025-05-19,Paid Social,Southwest,0
1693,2025-05-19,Paid Search,West,0
7737,2025-05-19,Email,Midwest,0
2397,2025-05-19,Email,Southeast,0
9625,2025-05-19,Referral,Southeast,0
3650,2025-05-19,Paid Social,West,0
549,2025-05-20,Paid Social,Midwest,0
1124,2025-05-20,Referral,Northeast,0
6333,2025-05-20,Referral,Southwest,0
9780,2025-05-20,Email,Midwest,0
9837,2025-05-20,Paid Social,Southwest,0
8664,2025-05-20,Paid Social,West,0
10092,2025-05-20,Paid Search,West,0
3736,2025-05-20,Organic Search,West,0
7699,2025-05-20,Paid Social,Northeast,0
3503,2025-05-20,Email,West,0
6730,2025-05-20,Paid Social,Northeast,0
7824,2025-05-20,Affiliate,West,0
4617,2025-05-20,Referral,Midwest,0
8638,2025-05-20,Paid Social,Southeast,0
4686,2025-05-20,Email,West,0
3831,2025-05-21,Paid Social,West,0
10091,2025-05-21,Paid Social,West,0
10036,2025-05-21,Referral,West,0
11875,2025-05-21,Paid Social,Southeast,0
5182,2025-05-21,Organic Search,Southwest,0
8059,2025-05-21,Paid Search,Northeast,0
5903,2025-05-21,Paid Social,Southwest,0
4103,2025-05-21,Affiliate,Southeast,0
9773,2025-05-21,Organic Search,Southwest,0
1622,2025-05-21,Email,Southwest,0
2945,2025-05-21,Paid Social,West,0
6091,2025-05-21,Organic Search,Southwest,0
4318,2025-05-21,Referral,Northeast,0
7274,2025-05-21,Organic Search,Northeast,0
6377,2025-05-21,Email,Northeast,0
6603,2025-05-21,Paid Search,Southeast,0
10896,2025-05-21,Organic Search,Midwest,0
10937,2025-05-21,Paid Social,Southwest,0
2205,2025-05-22,Paid Search,West,0
3270,2025-05-22,Organic Search,Midwest,0
9966,2025-05-22,Paid Search,Southeast,0
1608,2025-05-22,Paid Social,Midwest,0
10514,2025-05-22,Email,Southeast,0
7779,2025-05-22,Email,Southeast,0
1926,2025-05-22,Paid Search,Northeast,0
5412,2025-05-22,Paid Search,Northeast,0
6417,2025-05-22,Organic Search,Northeast,0
1739,2025-05-22,Paid Social,Northeast,0
4571,2025-05-22,Paid Social,Midwest,0
11375,2025-05-22,Paid Search,Southeast,0
5400,2025-05-22,Paid Social,West,0
4643,2025-05-22,Paid Social,Northeast,0
9214,2025-05-22,Organic Search,Northeast,0
7746,2025-05-22,Affiliate,Northeast,0
2598,2025-05-23,Organic Search,Southeast,0
7832,2025-05-23,Paid Search,Midwest,0
11909,2025-05-23,Organic Search,Northeast,0
2782,2025-05-23,Paid Social,West,0
7096,2025-05-23,Paid Social,Southwest,0
5676,2025-05-23,Email,Midwest,0
2137,2025-05-23,Referral,Midwest,0
6639,2025-05-23,Paid Search,West,0
2852,2025-05-23,Email,Southwest,0
4883,2025-05-23,Paid Search,West,0
2132,2025-05-23,Paid Social,Midwest,0
6786,2025-05-23,Paid Social,Northeast,0
238,2025-05-23,Paid Social,West,0
4237,2025-05-23,Organic Search,Midwest,0
734,2025-05-23,Affiliate,Southwest,0
1197,2025-05-23,Paid Search,Northeast,0
11164,2025-05-23,Paid Search,Southeast,0
2720,2025-05-24,Affiliate,Northeast,0
10030,2025-05-24,Affiliate,Southeast,0
653,2025-05-24,Paid Social,Southwest,0
3051,2025-05-24,Email,Southeast,0
7833,2025-05-24,Affiliate,Southeast,0
9856,2025-05-24,Organic Search,Northeast,0
2364,2025-05-24,Referral,Northeast,0
9344,2025-05-24,Affiliate,Southeast,0
2972,2025-05-24,Paid Search,West,0
2676,2025-05-24,Organic Search,Northeast,0
1778,2025-05-24,Affiliate,West,0
10245,2025-05-24,Organic Search,Southwest,0
4195,2025-05-24,Paid Social,Midwest,0
8013,2025-05-24,Referral,Southeast,0
2988,2025-05-24,Referral,West,0
11005,2025-05-25,Paid Social,Southwest,0
5026,2025-05-25,Email,Southeast,0
7120,2025-05-25,Organic Search,West,0
10279,2025-05-25,Paid Search,West,0
126,2025-05-25,Paid Social,Southeast,0
5346,2025-05-25,Organic Search,Northeast,0
4101,2025-05-25,Organic Search,Northeast,0
5492,2025-05-25,Email,West,0
2428,2025-05-25,Paid Social,Midwest,0
2126,2025-05-25,Affiliate,Midwest,0
6742,2025-05-25,Referral,Southeast,0
38,2025-05-25,Paid Search,Southwest,0
2169,2025-05-25,Paid Search,Southwest,0
7405,2025-05-25,Paid Social,West,0
5648,2025-05-25,Paid Social,Southwest,0
1504,2025-05-25,Paid Social,Southwest,0
6534,2025-05-25,Organic Search,Midwest,0
11842,2025-05-25,Organic Search,Midwest,0
8974,2025-05-25,Paid Search,Midwest,0
10993,2025-05-25,Paid Search,Midwest,0
4451,2025-05-26,Paid Social,West,0
9429,2025-05-26,Affiliate,Midwest,0
6936,2025-05-26,Email,West,0
4216,2025-05-26,Paid Social,Midwest,0
10143,2025-05-26,Email,Southeast,0
7693,2025-05-26,Paid Social,West,0
10725,2025-05-26,Referral,Southeast,0
5422,2025-05-26,Email,Southeast,0
1736,2025-05-26,Paid Search,Northeast,0
2695,2025-05-26,Paid Search,Midwest,0
4937,2025-05-26,Referral,Midwest,0
4837,2025-05-26,Email,Midwest,0
5777,2025-05-26,Paid Social,Southwest,0
1117,2025-05-27,Email,West,0
2476,2025-05-27,Paid Search,Midwest,0
10303,2025-05-27,Organic Search,Northeast,0
4921,2025-05-27,Paid Search,Southwest,0
9485,2025-05-27,Affiliate,West,0
6353,2025-05-27,Paid Social,Northeast,0
8107,2025-05-27,Referral,Northeast,0
1613,2025-05-27,Paid Social,Southeast,0
8415,2025-05-27,Paid Social,West,0
9794,2025-05-27,Paid Search,West,0
1574,2025-05-27,Paid Social,West,0
11389,2025-05-27,Paid Search,West,0
489,2025-05-27,Affiliate,Southeast,0
2099,2025-05-27,Organic Search,Northeast,0
6477,2025-05-28,Paid Social,Midwest,0
6076,2025-05-28,Organic Search,Midwest,0
4742,2025-05-28,Affiliate,Midwest,0
4817,2025-05-28,Organic Search,Midwest,0
899,2025-05-28,Referral,Midwest,0
3552,2025-05-28,Paid Social,Southwest,0
11124,2025-05-28,Paid Social,Northeast,0
1540,2025-05-28,Paid Social,Southeast,0
1709,2025-05-28,Referral,Midwest,0
8859,2025-05-28,Paid Social,Northeast,0
5964,2025-05-28,Email,Northeast,0
4189,2025-05-28,Referral,West,0
243,2025-05-28,Affiliate,Midwest,0
11930,2025-05-28,Paid Search,Southeast,0
4584,2025-05-28,Paid Social,Southwest,0
8147,2025-05-29,Paid Social,West,0
8850,2025-05-29,Organic Search,Midwest,0
8332,2025-05-29,Paid Social,West,0
9490,2025-05-29,Paid Social,Northeast,0
8751,2025-05-29,Referral,West,0
9359,2025-05-29,Paid Social,Midwest,0
482,2025-05-29,Paid Social,Midwest,0
3242,2025-05-29,Paid Search,West,0
440,2025-05-29,Paid Search,Midwest,0
11148,2025-05-29,Organic Search,West,0
11679,2025-05-29,Paid Social,West,0
10117,2025-05-29,Paid Search,Southeast,0
122,2025-05-29,Paid Search,Midwest,0
434,2025-05-29,Referral,West,0
1906,2025-05-29,Paid Search,Southeast,0
7014,2025-05-29,Referral,Midwest,0
6204,2025-05-29,Paid Social,West,0
7349,2025-05-29,Paid Social,Southeast,0
4408,2025-05-29,Paid Search,Midwest,0
8898,2025-05-30,Email,West,0
6363,2025-05-30,Paid Social,West,0
7854,2025-05-30,Paid Social,Northeast,0
2619,2025-05-30,Paid Search,Southwest,0
6491,2025-05-30,Paid Social,Midwest,0
11113,2025-05-30,Paid Search,Midwest,0
937,2025-05-30,Referral,Southeast,0
10772,2025-05-30,Organic Search,Southeast,0
7435,2025-05-30,Paid Social,West,0
8569,2025-05-30,Paid Social,West,0
11402,2025-05-30,Paid Social,West,0
1132,2025-05-30,Paid Search,West,0
6592,2025-05-30,Paid Search,West,0
5895,2025-05-31,Referral,Midwest,0
5747,2025-05-31,Affiliate,West,0
5913,2025-05-31,Paid Search,Midwest,0
669,2025-05-31,Paid Search,Midwest,0
8182,2025-05-31,Email,Southwest,0
3313,2025-05-31,Paid Social,West,0
8555,2025-05-31,Paid Social,West,0
11422,2025-05-31,Paid Social,Midwest,0
152,2025-05-31,Organic Search,West,0
7798,2025-05-31,Paid Search,Southeast,0
8849,2025-05-31,Paid Social,Southeast,0
1453,2025-05-31,Referral,West,0
9010,2025-05-31,Paid Social,Southeast,0
8261,2025-05-31,Paid Social,Southwest,0
6201,2025-05-31,Paid Social,Northeast,0
8416,2025-05-31,Paid Search,Southeast,0
8902,2025-06-01,Affiliate,Southeast,0
10217,2025-06-01,Paid Social,West,0
11234,2025-06-01,Paid Social,Southeast,0
4760,2025-06-01,Email,Southeast,0
4052,2025-06-01,Paid Search,West,0
10943,2025-06-01,Organic Search,Northeast,0
4177,2025-06-01,Affiliate,Northeast,0
5496,2025-06-01,Paid Search,West,0
1237,2025-06-01,Paid Social,Southeast,0
2419,2025-06-01,Affiliate,Midwest,0
7560,2025-06-01,Organic Search,Midwest,0
7764,2025-06-01,Paid Social,Midwest,0
784,2025-06-01,Referral,Southwest,0
10129,2025-06-01,Organic Search,Midwest,0
2857,2025-06-01,Affiliate,Northeast,0
10474,2025-06-01,Paid Social,West,0
4539,2025-06-01,Paid Social,Southwest,0
5902,2025-06-01,Organic Search,West,0
505,2025-06-01,Paid Search,Southeast,0
2371,2025-06-01,Paid Social,Southwest,0
5975,2025-06-01,Affiliate,Midwest,0
9999,2025-06-01,Organic Search,Northeast,0
7121,2025-06-02,Organic Search,West,0
2035,2025-06-02,Email,Midwest,0
5631,2025-06-02,Paid Social,West,0
3456,2025-06-02,Paid Social,Northeast,0
11643,2025-06-02,Paid Search,West,0
7663,2025-06-02,Email,Southeast,0
6858,2025-06-02,Paid Social,Southeast,0
11632,2025-06-02,Paid Social,Southeast,0
9576,2025-06-02,Referral,Northeast,0
10700,2025-06-02,Referral,Northeast,0
55,2025-06-02,Paid Search,Midwest,0
4700,2025-06-02,Referral,Northeast,0
2235,2025-06-02,Email,Southwest,0
1510,2025-06-02,Organic Search,Southeast,0
2743,2025-06-02,Organic Search,Southwest,0
8274,2025-06-02,Affiliate,Southeast,0
2086,2025-06-03,Email,Midwest,0
3012,2025-06-03,Paid Social,Southeast,0
8389,2025-06-03,Paid Search,Northeast,0
3906,2025-06-03,Organic Search,Southwest,0
10580,2025-06-03,Paid Search,West,0
12,2025-06-03,Paid Social,Southwest,0
9044,2025-06-03,Email,Southwest,0
6614,2025-06-03,Organic Search,West,0
11447,2025-06-03,Paid Social,Southeast,0
9386,2025-06-03,Referral,Southeast,0
4653,2025-06-03,Paid Search,Southeast,0
6459,2025-06-03,Paid Social,Southwest,0
120,2025-06-03,Paid Social,West,0
9905,2025-06-03,Paid Search,Northeast,0
9305,2025-06-03,Organic Search,Northeast,0
5840,2025-06-03,Affiliate,Northeast,0
5199,2025-06-03,Paid Search,Southwest,0
11012,2025-06-04,Referral,Southeast,0
8042,2025-06-04,Email,West,0
7215,2025-06-04,Referral,Northeast,0
4385,2025-06-04,Organic Search,Southeast,0
11188,2025-06-04,Organic Search,Northeast,0
2937,2025-06-04,Organic Search,Southwest,0
1853,2025-06-04,Paid Social,Southeast,0
7386,2025-06-04,Referral,Southwest,0
981,2025-06-04,Email,West,0
9550,2025-06-04,Paid Social,West,0
3021,2025-06-04,Organic Search,Midwest,0
7605,2025-06-04,Paid Social,West,0
7872,2025-06-05,Referral,Northeast,0
5109,2025-06-05,Paid Search,Southwest,0
11531,2025-06-05,Organic Search,Southeast,0
3702,2025-06-05,Organic Search,Midwest,0
4611,2025-06-05,Referral,Northeast,0
10319,2025-06-05,Paid Search,Southeast,0
11373,2025-06-05,Paid Search,Southwest,0
3983,2025-06-05,Paid Search,Southwest,0
7835,2025-06-05,Referral,West,0
4118,2025-06-05,Email,Southwest,0
5113,2025-06-05,Paid Social,Southeast,0
4325,2025-06-05,Affiliate,West,0
11901,2025-06-05,Paid Social,Midwest,0
3566,2025-06-05,Paid Social,West,0
10997,2025-06-05,Affiliate,Southeast,0
2839,2025-06-05,Paid Search,Northeast,0
11683,2025-06-05,Paid Social,Southeast,0
1101,2025-06-05,Organic Search,Midwest,0
1662,2025-06-05,Paid Search,Midwest,0
1007,2025-06-06,Affiliate,Southeast,0
4042,2025-06-06,Paid Search,Midwest,0
10227,2025-06-06,Paid Social,Midwest,0
10001,2025-06-06,Paid Search,West,0
11212,2025-06-06,Paid Social,Northeast,0
3192,2025-06-06,Email,Northeast,0
5214,2025-06-06,Organic Search,Southwest,0
9229,2025-06-06,Paid Social,Northeast,0
10737,2025-06-06,Email,Northeast,0
9847,2025-06-06,Paid Social,West,0
4391,2025-06-06,Paid Social,Southeast,0
4359,2025-06-06,Paid Search,Northeast,0
6193,2025-06-06,Email,Southeast,0
6266,2025-06-06,Paid Social,West,0
5792,2025-06-06,Paid Social,Northeast,0
6792,2025-06-06,Paid Search,Midwest,0
299,2025-06-06,Paid Search,Southeast,0
4892,2025-06-06,Paid Search,Midwest,0
6696,2025-06-06,Affiliate,West,0
1050,2025-06-06,Paid Search,Northeast,0
10988,2025-06-06,Organic Search,Southeast,0
11110,2025-06-06,Paid Search,Northeast,0
9032,2025-06-06,Email,West,0
11590,2025-06-06,Paid Search,Southwest,0
3281,2025-06-07,Organic Search,Midwest,0
10779,2025-06-07,Paid Social,Northeast,0
6413,2025-06-07,Paid Social,Northeast,0
5066,2025-06-07,Email,West,0
7563,2025-06-07,Referral,Southwest,0
2794,2025-06-07,Paid Social,Midwest,0
7346,2025-06-07,Organic Search,Southeast,0
5934,2025-06-07,Referral,Northeast,0
5141,2025-06-07,Email,Midwest,0
4029,2025-06-07,Organic Search,Northeast,0
10962,2025-06-07,Paid Search,West,0
7951,2025-06-07,Referral,Southwest,0
3439,2025-06-07,Paid Search,Southeast,0
10235,2025-06-07,Paid Social,Northeast,0
10630,2025-06-07,Email,West,0
9770,2025-06-07,Paid Social,Northeast,0
5387,2025-06-07,Paid Social,Southeast,0
5821,2025-06-07,Paid Search,West,0
5990,2025-06-08,Paid Search,Southwest,0
6058,2025-06-08,Email,Northeast,0
9272,2025-06-08,Paid Social,Southwest,0
6313,2025-06-08,Paid Search,West,0
7585,2025-06-08,Organic Search,Northeast,0
6307,2025-06-08,Paid Search,Northeast,0
4314,2025-06-08,Paid Search,Midwest,0
11588,2025-06-08,Paid Social,West,0
10567,2025-06-08,Paid Social,Midwest,0
6299,2025-06-08,Organic Search,Southeast,0
10846,2025-06-08,Email,West,0
893,2025-06-08,Paid Search,Southwest,0
11780,2025-06-08,Paid Search,Southeast,0
11179,2025-06-08,Paid Social,Midwest,0
1298,2025-06-08,Paid Search,Northeast,0
1917,2025-06-08,Affiliate,Midwest,0
8614,2025-06-08,Email,Northeast,0
8305,2025-06-08,Paid Search,Northeast,0
10174,2025-06-08,Paid Search,Southeast,0
5095,2025-06-08,Paid Search,Southwest,0
1571,2025-06-09,Referral,Midwest,0
5474,2025-06-09,Paid Search,West,0
6415,2025-06-09,Email,West,0
1069,2025-06-09,Paid Search,Northeast,0
6431,2025-06-09,Organic Search,West,0
1938,2025-06-09,Paid Social,Southeast,0
5650,2025-06-09,Paid Social,Northeast,0
6473,2025-06-09,Referral,Midwest,0
1691,2025-06-09,Organic Search,Southeast,0
5767,2025-06-09,Referral,Midwest,0
10417,2025-06-09,Organic Search,Northeast,0
2539,2025-06-09,Email,Southeast,0
8972,2025-06-09,Paid Social,Southwest,0
7111,2025-06-09,Referral,Northeast,0
2960,2025-06-09,Organic Search,West,0
7678,2025-06-09,Paid Social,Northeast,0
8857,2025-06-09,Organic Search,Southeast,0
8851,2025-06-09,Paid Social,Midwest,0
7839,2025-06-10,Paid Social,Northeast,0
9637,2025-06-10,Paid Social,Midwest,0
4701,2025-06-10,Referral,Northeast,0
4634,2025-06-10,Paid Search,Northeast,0
1677,2025-06-10,Organic Search,Southeast,0
6084,2025-06-10,Email,Southeast,0
9875,2025-06-10,Paid Social,Southeast,0
10355,2025-06-10,Paid Social,Southeast,0
4428,2025-06-10,Organic Search,Southeast,0
10497,2025-06-10,Paid Search,Southeast,0
702,2025-06-10,Paid Social,West,0
2802,2025-06-10,Organic Search,Southeast,0
10123,2025-06-11,Organic Search,Southeast,0
5812,2025-06-11,Paid Social,Midwest,0
6182,2025-06-11,Paid Search,West,0
2363,2025-06-11,Paid Search,West,0
1535,2025-06-11,Paid Social,Southwest,0
7213,2025-06-11,Paid Social,Northeast,0
5603,2025-06-11,Paid Social,Northeast,0
9395,2025-06-11,Paid Search,Southeast,0
10752,2025-06-11,Paid Search,Midwest,0
2887,2025-06-11,Paid Social,Southwest,0
10662,2025-06-11,Paid Social,Northeast,0
10645,2025-06-11,Affiliate,West,0
1992,2025-06-11,Organic Search,Midwest,0
3462,2025-06-11,Paid Search,Northeast,0
8407,2025-06-11,Paid Search,Southeast,0
8580,2025-06-11,Referral,West,0
6677,2025-06-11,Paid Search,Northeast,0
6020,2025-06-11,Paid Search,Northeast,0
11813,2025-06-11,Organic Search,West,0
5680,2025-06-11,Affiliate,Southeast,0
2581,2025-06-11,Organic Search,Northeast,0
7256,2025-06-12,Affiliate,West,0
6813,2025-06-12,Paid Search,Southwest,0
3981,2025-06-12,Affiliate,Southwest,0
7127,2025-06-12,Email,Midwest,0
9459,2025-06-12,Paid Search,Southwest,0
11903,2025-06-12,Paid Search,Northeast,0
1246,2025-06-12,Paid Social,Midwest,0
9724,2025-06-12,Paid Search,Southeast,0
9855,2025-06-12,Referral,West,0
5564,2025-06-12,Affiliate,Midwest,0
2815,2025-06-12,Referral,West,0
11141,2025-06-12,Paid Search,Southeast,0
743,2025-06-12,Paid Social,Southwest,0
3935,2025-06-12,Paid Social,Southeast,0
9733,2025-06-12,Affiliate,Northeast,0
3545,2025-06-12,Organic Search,Southeast,0
3289,2025-06-12,Organic Search,West,0
11126,2025-06-13,Paid Search,West,0
10240,2025-06-13,Affiliate,West,0
7836,2025-06-13,Paid Search,Southeast,0
5647,2025-06-13,Paid Search,West,0
10540,2025-06-13,Email,Northeast,0
950,2025-06-13,Referral,Southeast,0
6849,2025-06-13,Paid Search,Southeast,0
142,2025-06-13,Paid Social,Southeast,0
2318,2025-06-13,Referral,Southeast,0
5488,2025-06-13,Paid Social,West,0
847,2025-06-13,Paid Social,Midwest,0
2194,2025-06-13,Organic Search,Southeast,0
2299,2025-06-13,Paid Search,Southwest,0
1233,2025-06-13,Organic Search,Southeast,0
570,2025-06-13,Email,Southeast,0
1163,2025-06-13,Paid Social,Southeast,0
3739,2025-06-13,Organic Search,Midwest,0
7963,2025-06-13,Referral,Southwest,0
2842,2025-06-13,Paid Social,West,0
9565,2025-06-13,Paid Search,Northeast,0
912,2025-06-14,Paid Social,West,0
10591,2025-06-14,Organic Search,Southeast,0
9325,2025-06-14,Email,Southeast,0
4266,2025-06-14,Organic Search,Northeast,0
5670,2025-06-14,Referral,Northeast,0
3111,2025-06-14,Paid Social,Southeast,0
6797,2025-06-14,Organic Search,Southeast,0
1950,2025-06-14,Email,Midwest,0
8826,2025-06-14,Paid Social,Southeast,0
8281,2025-06-14,Paid Search,Southeast,0
5261,2025-06-14,Paid Search,Southeast,0
5673,2025-06-14,Referral,Northeast,0
3486,2025-06-15,Paid Search,Midwest,0
3460,2025-06-15,Organic Search,Southwest,0
5376,2025-06-15,Organic Search,Northeast,0
11722,2025-06-15,Paid Social,Northeast,0
5330,2025-06-15,Paid Social,Northeast,0
7633,2025-06-15,Paid Social,Southeast,0
993,2025-06-15,Email,West,0
9577,2025-06-15,Email,Midwest,0
9420,2025-06-15,Organic Search,West,0
1758,2025-06-15,Paid Social,West,0
9797,2025-06-15,Paid Search,Northeast,0
3175,2025-06-15,Affiliate,West,0
7019,2025-06-15,Referral,Southeast,0
4873,2025-06-15,Paid Social,Northeast,0
8603,2025-06-15,Organic Search,Midwest,0
8345,2025-06-15,Organic Search,Northeast,0
3229,2025-06-15,Paid Social,Southeast,0
562,2025-06-15,Paid Social,Northeast,0
7536,2025-06-16,Affiliate,Northeast,0
6297,2025-06-16,Paid Social,Midwest,0
1723,2025-06-16,Paid Social,Northeast,0
5992,2025-06-16,Paid Social,Southwest,0
7657,2025-06-16,Paid Search,West,0
10109,2025-06-16,Paid Social,Southeast,0
10085,2025-06-16,Paid Social,West,0
9231,2025-06-16,Organic Search,Southwest,0
5504,2025-06-16,Referral,Northeast,0
5789,2025-06-16,Organic Search,Southwest,0
1129,2025-06-16,Paid Social,West,0
8435,2025-06-16,Paid Search,Southwest,0
3314,2025-06-16,Paid Social,West,0
7946,2025-06-16,Paid Social,West,0
6367,2025-06-16,Paid Search,West,0
7208,2025-06-16,Paid Social,Midwest,0
10636,2025-06-16,Organic Search,Southwest,0
5127,2025-06-16,Email,Northeast,0
8845,2025-06-16,Email,Northeast,0
1280,2025-06-16,Affiliate,Southeast,0
8728,2025-06-16,Paid Search,West,0
4670,2025-06-16,Paid Search,Southwest,0
8890,2025-06-16,Organic Search,West,0
6839,2025-06-16,Paid Search,Southeast,0
8989,2025-06-16,Affiliate,Southeast,0
8991,2025-06-16,Referral,Northeast,0
2314,2025-06-16,Affiliate,Midwest,0
7865,2025-06-16,Referral,Southeast,0
2424,2025-06-16,Paid Social,Southeast,0
5693,2025-06-17,Organic Search,Southwest,0
5405,2025-06-17,Organic Search,Northeast,0
4605,2025-06-17,Paid Social,Northeast,0
914,2025-06-17,Email,Southeast,0
1341,2025-06-17,Paid Social,West,0
1667,2025-06-17,Referral,Southwest,0
7490,2025-06-17,Paid Social,Southeast,0
9822,2025-06-17,Paid Search,Midwest,0
11233,2025-06-17,Paid Search,West,0
352,2025-06-17,Paid Social,Southeast,0
10349,2025-06-17,Paid Social,West,0
6819,2025-06-17,Paid Social,Northeast,0
2303,2025-06-17,Paid Social,Midwest,0
6279,2025-06-17,Email,Southwest,0
4503,2025-06-17,Paid Search,Midwest,0
11763,2025-06-18,Paid Social,West,0
7226,2025-06-18,Paid Search,Southeast,0
2102,2025-06-18,Affiliate,Northeast,0
2323,2025-06-18,Organic Search,West,0
6291,2025-06-18,Referral,Southeast,0
10145,2025-06-18,Paid Social,Southwest,0
10454,2025-06-18,Organic Search,Northeast,0
177,2025-06-18,Affiliate,Northeast,0
3521,2025-06-18,Paid Social,Midwest,0
6059,2025-06-18,Organic Search,Northeast,0
5068,2025-06-18,Paid Social,Southwest,0
9903,2025-06-19,Organic Search,West,0
897,2025-06-19,Organic Search,Southeast,0
910,2025-06-19,Paid Search,West,0
1381,2025-06-19,Email,West,0
621,2025-06-19,Organic Search,Southeast,0
7944,2025-06-19,Paid Social,Northeast,0
1873,2025-06-19,Paid Social,West,0
3741,2025-06-19,Paid Social,Midwest,0
9882,2025-06-19,Organic Search,Northeast,0
11247,2025-06-19,Paid Social,Midwest,0
6626,2025-06-19,Organic Search,Southeast,0
4501,2025-06-19,Organic Search,Southeast,0
3668,2025-06-19,Paid Search,Northeast,0
76,2025-06-19,Paid Social,West,0
7945,2025-06-20,Paid Social,Southeast,0
6610,2025-06-20,Paid Social,Midwest,0
9103,2025-06-20,Email,Southeast,0
190,2025-06-20,Paid Social,Southwest,0
8627,2025-06-20,Paid Search,West,0
2386,2025-06-20,Paid Social,West,0
2791,2025-06-20,Paid Social,Southwest,0
2080,2025-06-20,Paid Search,Southeast,0
4531,2025-06-20,Paid Search,Southwest,0
8494,2025-06-20,Referral,West,0
7075,2025-06-20,Affiliate,West,0
3389,2025-06-20,Paid Social,West,0
11332,2025-06-20,Email,West,0
7528,2025-06-20,Email,Northeast,0
6760,2025-06-20,Paid Social,Northeast,0
3259,2025-06-21,Paid Search,West,0
1843,2025-06-21,Paid Search,Southeast,0
8047,2025-06-21,Paid Social,Northeast,0
11062,2025-06-21,Paid Social,Southwest,0
1652,2025-06-21,Paid Search,West,0
4231,2025-06-21,Email,Midwest,0
7804,2025-06-21,Paid Social,Northeast,0
2141,2025-06-21,Affiliate,West,0
9189,2025-06-21,Paid Search,Southwest,0
9896,2025-06-21,Paid Social,Southeast,0
8822,2025-06-21,Paid Social,West,0
6579,2025-06-21,Organic Search,Northeast,0
175,2025-06-21,Paid Social,Southeast,0
7039,2025-06-21,Paid Social,West,0
10917,2025-06-21,Email,Northeast,0
6079,2025-06-21,Affiliate,Southeast,0
5284,2025-06-21,Affiliate,West,0
5070,2025-06-21,Email,Southeast,0
9396,2025-06-21,Affiliate,Southeast,0
9921,2025-06-21,Organic Search,West,0
2580,2025-06-21,Email,West,0
4907,2025-06-21,Paid Social,Southwest,0
3442,2025-06-21,Organic Search,Midwest,0
9777,2025-06-21,Affiliate,West,0
8361,2025-06-21,Paid Search,Midwest,0
6154,2025-06-22,Paid Social,Northeast,0
19,2025-06-22,Paid Search,Northeast,0
6861,2025-06-22,Paid Social,Northeast,0
6276,2025-06-22,Organic Search,Southeast,0
8865,2025-06-22,Paid Search,Midwest,0
6175,2025-06-22,Referral,Northeast,0
8505,2025-06-22,Paid Search,Northeast,0
2054,2025-06-22,Paid Social,Midwest,0
4973,2025-06-22,Paid Social,Southeast,0
10058,2025-06-22,Paid Social,Northeast,0
5450,2025-06-22,Referral,Northeast,0
593,2025-06-22,Referral,Southwest,0
5598,2025-06-22,Paid Search,Southeast,0
1224,2025-06-22,Paid Social,Northeast,0
7530,2025-06-22,Paid Social,Southeast,0
6194,2025-06-22,Paid Social,Northeast,0
2118,2025-06-23,Affiliate,Northeast,0
3013,2025-06-23,Paid Search,Northeast,0
5304,2025-06-23,Paid Social,Northeast,0
6608,2025-06-23,Paid Search,Northeast,0
9368,2025-06-23,Email,Midwest,0
5280,2025-06-23,Paid Search,West,0
5529,2025-06-23,Organic Search,Northeast,0
4506,2025-06-23,Organic Search,West,0
2509,2025-06-23,Referral,Northeast,0
5004,2025-06-23,Organic Search,Southeast,0
4453,2025-06-23,Organic Search,West,0
10712,2025-06-23,Referral,Southwest,0
6323,2025-06-23,Email,West,0
7852,2025-06-23,Paid Search,Northeast,0
9614,2025-06-23,Paid Social,Midwest,0
6356,2025-06-24,Paid Search,Southeast,0
425,2025-06-24,Referral,West,0
2201,2025-06-24,Paid Search,West,0
4511,2025-06-24,Referral,Southeast,0
6569,2025-06-24,Paid Social,Northeast,0
6573,2025-06-24,Paid Social,West,0
4483,2025-06-24,Email,Northeast,0
2752,2025-06-24,Email,Northeast,0
4935,2025-06-24,Organic Search,Northeast,0
8284,2025-06-24,Paid Social,Midwest,0
1015,2025-06-24,Affiliate,Northeast,0
5544,2025-06-24,Paid Search,West,0
839,2025-06-24,Organic Search,Southeast,0
11733,2025-06-24,Paid Social,Midwest,0
10502,2025-06-24,Paid Search,West,0
3781,2025-06-24,Paid Social,Southeast,0
9537,2025-06-24,Paid Search,Midwest,0
8307,2025-06-24,Paid Search,Southeast,0
11174,2025-06-24,Paid Search,Southwest,0
4756,2025-06-24,Organic Search,Southeast,0
3424,2025-06-24,Paid Search,Southeast,0
3494,2025-06-25,Paid Search,Northeast,0
2841,2025-06-25,Email,Midwest,0
11023,2025-06-25,Organic Search,Northeast,0
9862,2025-06-25,Organic Search,Midwest,0
9969,2025-06-25,Paid Social,West,0
9649,2025-06-25,Affiliate,Southwest,0
3896,2025-06-25,Organic Search,West,0
2300,2025-06-25,Organic Search,West,0
7579,2025-06-25,Organic Search,Midwest,0
7279,2025-06-25,Email,Northeast,0
4918,2025-06-25,Paid Social,Midwest,0
3911,2025-06-25,Email,Southeast,0
2650,2025-06-25,Paid Social,West,0
5545,2025-06-25,Paid Search,Midwest,0
633,2025-06-25,Email,Midwest,0
7828,2025-06-25,Email,Northeast,0
10659,2025-06-25,Paid Search,Southwest,0
11868,2025-06-25,Paid Search,Southeast,0
994,2025-06-25,Paid Social,Northeast,0
3595,2025-06-25,Affiliate,Southeast,0
1656,2025-06-25,Referral,Midwest,0
5689,2025-06-26,Paid Social,Midwest,0
4262,2025-06-26,Paid Social,West,0
4564,2025-06-26,Paid Search,Northeast,0
2652,2025-06-26,Paid Social,Southeast,0
8202,2025-06-26,Paid Social,West,0
5768,2025-06-26,Organic Search,West,0
5733,2025-06-26,Paid Social,Southwest,0
4730,2025-06-26,Paid Search,West,0
11814,2025-06-26,Paid Social,Southeast,0
3216,2025-06-26,Paid Search,Southwest,0
8649,2025-06-26,Referral,Southeast,0
5443,2025-06-26,Paid Social,Southeast,0
5435,2025-06-26,Organic Search,Southeast,0
2524,2025-06-26,Paid Social,West,0
5328,2025-06-26,Referral,Southwest,0
11336,2025-06-26,Organic Search,Midwest,0
11378,2025-06-26,Referral,Midwest,0
1331,2025-06-26,Affiliate,Midwest,0
10571,2025-06-26,Affiliate,Southeast,0
7968,2025-06-26,Affiliate,Northeast,0
6635,2025-06-26,Affiliate,Midwest,0
1283,2025-06-26,Paid Social,Southeast,0
1623,2025-06-26,Email,Southwest,0
6033,2025-06-27,Organic Search,Northeast,0
8807,2025-06-27,Paid Social,Northeast,0
11200,2025-06-27,Organic Search,West,0
11060,2025-06-27,Organic Search,Northeast,0
497,2025-06-27,Organic Search,Northeast,0
5178,2025-06-27,Referral,West,0
10999,2025-06-27,Paid Social,Southwest,0
6586,2025-06-27,Organic Search,Southeast,0
1078,2025-06-27,Paid Social,Northeast,0
11345,2025-06-27,Paid Social,West,0
10891,2025-06-27,Paid Search,Southwest,0
10137,2025-06-27,Paid Social,West,0
10855,2025-06-27,Paid Social,Southeast,0
1100,2025-06-27,Paid Search,Midwest,0
2836,2025-06-27,Paid Search,Southeast,0
10575,2025-06-27,Email,West,0
4134,2025-06-27,Email,West,0
7991,2025-06-27,Referral,Northeast,0
77,2025-06-28,Paid Social,Southeast,0
2551,2025-06-28,Email,Southwest,0
6144,2025-06-28,Referral,Southwest,0
11089,2025-06-28,Organic Search,Southwest,0
11795,2025-06-28,Organic Search,Southeast,0
5713,2025-06-28,Affiliate,Midwest,0
10558,2025-06-28,Paid Search,Southeast,0
4802,2025-06-28,Organic Search,Southeast,0
1183,2025-06-28,Referral,Southwest,0
54,2025-06-28,Affiliate,Northeast,0
7723,2025-06-28,Referral,Midwest,0
10634,2025-06-28,Organic Search,Northeast,0
940,2025-06-28,Email,West,0
10317,2025-06-28,Paid Social,Midwest,0
2446,2025-06-28,Paid Search,Southeast,0
6223,2025-06-29,Paid Search,Midwest,0
7010,2025-06-29,Email,Southeast,0
2609,2025-06-29,Email,Southeast,0
6375,2025-06-29,Email,West,0
9367,2025-06-29,Paid Social,West,0
938,2025-06-29,Paid Search,Midwest,0
7923,2025-06-29,Paid Social,Northeast,0
5041,2025-06-29,Paid Social,West,0
2045,2025-06-29,Paid Search,West,0
2961,2025-06-29,Email,Midwest,0
9623,2025-06-29,Paid Search,Northeast,0
6890,2025-06-29,Paid Social,West,0
400,2025-06-29,Paid Search,Northeast,0
191,2025-06-29,Email,Southeast,0
5582,2025-06-30,Paid Social,Southwest,0
2353,2025-06-30,Referral,West,0
9755,2025-06-30,Paid Search,Southeast,0
8154,2025-06-30,Email,Southeast,0
2374,2025-06-30,Email,Southwest,0
7194,2025-06-30,Paid Search,Southeast,0
6943,2025-06-30,Paid Social,Southwest,0
6666,2025-06-30,Paid Social,West,0
11898,2025-06-30,Email,West,0
4406,2025-06-30,Paid Social,West,0
10602,2025-06-30,Paid Social,Northeast,0
2503,2025-06-30,Paid Social,Southeast,0
1025,2025-06-30,Paid Social,West,0
212,2025-06-30,Organic Search,Southeast,0
4683,2025-06-30,Email,Northeast,0
6980,2025-06-30,Email,West,0
6268,2025-06-30,Email,Midwest,0
9775,2025-07-01,Paid Social,Southeast,0
1895,2025-07-01,Referral,Midwest,0
6835,2025-07-01,Paid Social,Midwest,0
6963,2025-07-01,Paid Social,Southwest,0
905,2025-07-01,Referral,Midwest,0
11464,2025-07-01,Organic Search,West,0
10635,2025-07-01,Paid Search,Southwest,0
3386,2025-07-01,Referral,Midwest,0
3882,2025-07-01,Paid Social,Midwest,0
6954,2025-07-01,Paid Social,West,0
6447,2025-07-01,Email,Northeast,0
9654,2025-07-01,Email,Southeast,0
8528,2025-07-01,Paid Social,Northeast,0
11155,2025-07-01,Paid Social,Northeast,0
10202,2025-07-01,Email,Southeast,0
6105,2025-07-01,Affiliate,West,0
6607,2025-07-01,Organic Search,Northeast,0
6646,2025-07-01,Paid Search,Northeast,0
3132,2025-07-01,Paid Social,Midwest,0
11018,2025-07-01,Referral,West,0
6109,2025-07-01,Organic Search,Southwest,0
9244,2025-07-01,Paid Social,Southeast,0
1024,2025-07-01,Affiliate,West,0
8841,2025-07-02,Organic Search,Northeast,0
11594,2025-07-02,Organic Search,Southwest,0
11828,2025-07-02,Organic Search,Southwest,0
3913,2025-07-02,Paid Social,West,0
11041,2025-07-02,Paid Social,West,0
10847,2025-07-02,Paid Social,Midwest,0
118,2025-07-02,Organic Search,Northeast,0
1850,2025-07-02,Referral,Northeast,0
10406,2025-07-02,Referral,West,0
3326,2025-07-02,Affiliate,Southeast,0
4878,2025-07-02,Email,West,0
1981,2025-07-02,Paid Social,Northeast,0
11654,2025-07-02,Paid Search,Southeast,0
11068,2025-07-02,Paid Social,West,0
10233,2025-07-02,Organic Search,Southeast,0
1109,2025-07-02,Email,Southeast,0
7483,2025-07-02,Paid Social,Southwest,0
3747,2025-07-02,Organic Search,West,0
6165,2025-07-02,Paid Social,Midwest,0
9371,2025-07-02,Paid Social,Southwest,0
10593,2025-07-02,Email,Northeast,0
6016,2025-07-02,Paid Search,Southeast,0
7066,2025-07-03,Referral,West,0
8302,2025-07-03,Paid Search,Southwest,0
5411,2025-07-03,Paid Social,Southwest,0
7144,2025-07-03,Referral,Southwest,0
4206,2025-07-03,Paid Search,Midwest,0
11756,2025-07-03,Organic Search,West,0
10487,2025-07-03,Organic Search,West,0
4006,2025-07-03,Paid Social,Southwest,0
10511,2025-07-03,Paid Search,Southeast,0
220,2025-07-04,Organic Search,Northeast,0
2803,2025-07-04,Paid Social,West,0
8203,2025-07-04,Organic Search,Northeast,0
9176,2025-07-04,Paid Search,Southeast,0
6202,2025-07-04,Email,Southwest,0
7694,2025-07-04,Paid Social,Northeast,0
3799,2025-07-04,Paid Search,Midwest,0
4154,2025-07-04,Organic Search,Northeast,0
95,2025-07-04,Affiliate,Southeast,0
5313,2025-07-04,Affiliate,Midwest,0
10919,2025-07-04,Paid Search,Southeast,0
1248,2025-07-04,Paid Social,Midwest,0
1367,2025-07-05,Email,West,0
2555,2025-07-05,Affiliate,Midwest,0
6625,2025-07-05,Affiliate,Northeast,0
1497,2025-07-05,Paid Search,West,0
4244,2025-07-05,Paid Search,Northeast,0
1133,2025-07-05,Email,Southeast,0
10618,2025-07-05,Organic Search,Midwest,0
7254,2025-07-05,Paid Search,Southwest,0
319,2025-07-05,Paid Search,Southwest,0
6001,2025-07-05,Referral,Midwest,0
9253,2025-07-05,Paid Social,Northeast,0
5872,2025-07-05,Email,Midwest,0
9920,2025-07-05,Paid Social,Midwest,0
11949,2025-07-05,Affiliate,Southwest,0
873,2025-07-05,Organic Search,Southeast,0
8617,2025-07-05,Organic Search,Midwest,0
10171,2025-07-05,Paid Social,Southeast,0
1869,2025-07-05,Paid Search,Northeast,0
9784,2025-07-06,Paid Social,Midwest,0
7812,2025-07-06,Paid Social,Northeast,0
9652,2025-07-06,Affiliate,Southeast,0
3177,2025-07-06,Paid Social,Southeast,0
4618,2025-07-06,Email,West,0
2965,2025-07-06,Organic Search,West,0
5760,2025-07-06,Email,Southeast,0
11131,2025-07-06,Paid Search,Midwest,0
6216,2025-07-06,Paid Search,Southwest,0
5406,2025-07-06,Email,Midwest,0
3666,2025-07-06,Paid Search,Southeast,0
3059,2025-07-06,Organic Search,Midwest,0
3036,2025-07-06,Paid Social,Southeast,0
4828,2025-07-06,Organic Search,Midwest,0
8510,2025-07-06,Paid Social,Southwest,0
8179,2025-07-07,Affiliate,Midwest,0
2357,2025-07-07,Email,Northeast,0
3786,2025-07-07,Email,Midwest,0
7670,2025-07-07,Referral,West,0
4774,2025-07-07,Referral,Northeast,0
11350,2025-07-07,Paid Social,West,0
1705,2025-07-07,Referral,West,0
6952,2025-07-07,Affiliate,Midwest,0
3748,2025-07-07,Paid Social,Southeast,0
7459,2025-07-07,Referral,Southeast,0
10886,2025-07-07,Affiliate,Southeast,0
7850,2025-07-07,Referral,Southeast,0
11269,2025-07-07,Paid Search,Southeast,0
8701,2025-07-07,Organic Search,West,0
6086,2025-07-08,Organic Search,West,0
9663,2025-07-08,Paid Social,Southwest,0
8703,2025-07-08,Affiliate,Southeast,0
7185,2025-07-08,Paid Search,West,0
2706,2025-07-08,Paid Search,Northeast,0
4058,2025-07-08,Paid Social,Southeast,0
4665,2025-07-08,Paid Search,West,0
6873,2025-07-08,Paid Search,Southeast,0
8269,2025-07-08,Organic Search,Midwest,0
1702,2025-07-08,Email,Southeast,0
4034,2025-07-08,Paid Social,Midwest,0
10748,2025-07-08,Email,Northeast,0
2669,2025-07-08,Email,Southeast,0
3769,2025-07-08,Email,Southeast,0
6537,2025-07-08,Paid Social,Midwest,0
10894,2025-07-08,Paid Social,West,0
8320,2025-07-08,Organic Search,Midwest,0
9785,2025-07-08,Email,Northeast,0
16,2025-07-09,Paid Search,Northeast,0
5460,2025-07-09,Organic Search,Northeast,0
9573,2025-07-09,Organic Search,West,0
8077,2025-07-09,Paid Social,Southeast,0
1412,2025-07-09,Paid Search,Southeast,0
6903,2025-07-09,Paid Social,Southeast,0
2321,2025-07-09,Paid Social,Southeast,0
6324,2025-07-09,Organic Search,Southeast,0
4150,2025-07-09,Paid Social,West,0
6123,2025-07-09,Organic Search,Southwest,0
7710,2025-07-09,Paid Social,Northeast,0
511,2025-07-09,Paid Social,Midwest,0
7765,2025-07-09,Paid Social,West,0
3609,2025-07-09,Organic Search,Northeast,0
4128,2025-07-09,Paid Search,Southeast,0
6435,2025-07-10,Paid Social,Southeast,0
8082,2025-07-10,Paid Social,Northeast,0
1472,2025-07-10,Organic Search,West,0
8378,2025-07-10,Paid Search,Southeast,0
1607,2025-07-10,Email,Southeast,0
936,2025-07-10,Paid Social,Northeast,0
10148,2025-07-10,Paid Social,Southeast,0
8048,2025-07-10,Paid Search,Southwest,0
4465,2025-07-10,Referral,Northeast,0
2142,2025-07-10,Paid Search,Northeast,0
2067,2025-07-10,Email,Southeast,0
4922,2025-07-10,Organic Search,Midwest,0
10205,2025-07-10,Organic Search,Northeast,0
3337,2025-07-10,Paid Social,Southwest,0
3037,2025-07-10,Paid Social,Southeast,0
7780,2025-07-10,Paid Search,Midwest,0
5977,2025-07-10,Organic Search,Southwest,0
3387,2025-07-10,Referral,Southeast,0
4496,2025-07-10,Paid Search,Northeast,0
199,2025-07-10,Referral,West,0
3812,2025-07-10,Email,Northeast,0
9578,2025-07-10,Affiliate,Southeast,0
1403,2025-07-10,Paid Social,Southwest,0
5307,2025-07-10,Paid Social,Northeast,0
9366,2025-07-10,Paid Search,Northeast,0
10146,2025-07-11,Organic Search,West,0
5963,2025-07-11,Organic Search,Midwest,0
7347,2025-07-11,Email,West,0
2488,2025-07-11,Paid Social,Southeast,0
11343,2025-07-11,Organic Search,Southeast,0
678,2025-07-11,Organic Search,Midwest,0
11569,2025-07-11,Paid Social,Southwest,0
10334,2025-07-11,Email,Southeast,0
10609,2025-07-11,Organic Search,Southeast,0
2484,2025-07-11,Paid Social,West,0
9536,2025-07-11,Referral,Southwest,0
4454,2025-07-11,Paid Search,Southwest,0
1743,2025-07-11,Referral,Midwest,0
6676,2025-07-11,Email,Northeast,0
11050,2025-07-11,Organic Search,West,0
8660,2025-07-11,Organic Search,Northeast,0
6605,2025-07-11,Organic Search,Southeast,0
10856,2025-07-11,Paid Social,Southwest,0
10306,2025-07-11,Referral,West,0
385,2025-07-11,Organic Search,Midwest,0
1999,2025-07-11,Paid Social,Southeast,0
9094,2025-07-11,Paid Search,West,0
6769,2025-07-12,Paid Social,Southwest,0
5561,2025-07-12,Referral,Midwest,0
9646,2025-07-12,Email,Southeast,0
3237,2025-07-12,Email,Northeast,0
1945,2025-07-12,Paid Social,West,0
11070,2025-07-12,Paid Social,West,0
3178,2025-07-12,Paid Social,West,0
9197,2025-07-12,Paid Search,Southeast,0
3376,2025-07-12,Referral,West,0
437,2025-07-12,Email,Southeast,0
7529,2025-07-12,Paid Search,Midwest,0
989,2025-07-12,Organic Search,Midwest,0
1570,2025-07-12,Email,Southwest,0
1012,2025-07-12,Email,Midwest,0
1829,2025-07-12,Referral,Midwest,0
931,2025-07-12,Paid Search,West,0
7102,2025-07-12,Organic Search,West,0
9036,2025-07-12,Paid Search,Southwest,0
3893,2025-07-12,Paid Social,Northeast,0
5813,2025-07-12,Organic Search,West,0
6014,2025-07-12,Paid Search,Southeast,0
10776,2025-07-12,Email,Northeast,0
11248,2025-07-13,Referral,Midwest,0
4794,2025-07-13,Referral,Northeast,0
3035,2025-07-13,Paid Social,Southeast,0
1671,2025-07-13,Organic Search,West,0
555,2025-07-13,Email,Southeast,0
9521,2025-07-13,Paid Search,Southeast,0
7971,2025-07-13,Paid Social,Northeast,0
8959,2025-07-13,Paid Search,Midwest,0
7645,2025-07-13,Affiliate,Midwest,0
247,2025-07-13,Referral,West,0
4157,2025-07-13,Paid Search,Midwest,0
7932,2025-07-13,Affiliate,Southwest,0
6050,2025-07-13,Organic Search,West,0
1090,2025-07-13,Affiliate,Midwest,0
3347,2025-07-13,Paid Social,Southeast,0
5046,2025-07-13,Referral,West,0
7540,2025-07-14,Affiliate,Northeast,0
9928,2025-07-14,Organic Search,West,0
4472,2025-07-14,Paid Search,Southeast,0
3682,2025-07-14,Paid Search,Northeast,0
5762,2025-07-14,Paid Search,West,0
11870,2025-07-14,Referral,West,0
7392,2025-07-14,Paid Social,Southeast,0
5858,2025-07-14,Paid Search,Midwest,0
3535,2025-07-14,Paid Social,Midwest,0
6905,2025-07-14,Organic Search,Southeast,0
5265,2025-07-14,Paid Search,Southeast,0
2048,2025-07-14,Paid Search,Midwest,0
5500,2025-07-14,Organic Search,Northeast,0
11894,2025-07-14,Organic Search,West,0
5562,2025-07-14,Paid Social,Southeast,0
1227,2025-07-14,Paid Social,West,0
6192,2025-07-15,Affiliate,Northeast,0
7249,2025-07-15,Referral,Midwest,0
11543,2025-07-15,Organic Search,Midwest,0
7284,2025-07-15,Referral,Northeast,0
3891,2025-07-15,Referral,Southwest,0
5906,2025-07-15,Referral,Southwest,0
3179,2025-07-15,Organic Search,Southeast,0
7079,2025-07-15,Paid Social,Northeast,0
9984,2025-07-15,Organic Search,Midwest,0
7036,2025-07-15,Paid Search,Midwest,0
8704,2025-07-16,Referral,Southeast,0
1789,2025-07-16,Organic Search,Southwest,0
7526,2025-07-16,Paid Search,Northeast,0
7512,2025-07-16,Paid Search,Midwest,0
813,2025-07-16,Email,Northeast,0
10320,2025-07-16,Organic Search,West,0
4814,2025-07-16,Organic Search,Northeast,0
463,2025-07-16,Paid Social,Southeast,0
5020,2025-07-16,Paid Social,Southeast,0
3422,2025-07-16,Paid Search,Midwest,0
8557,2025-07-16,Referral,Southeast,0
225,2025-07-16,Organic Search,Southeast,0
9934,2025-07-16,Email,Southeast,0
8846,2025-07-16,Paid Social,West,0
7738,2025-07-16,Paid Social,Southeast,0
2632,2025-07-16,Paid Social,West,0
11,2025-07-16,Organic Search,Southeast,0
6411,2025-07-16,Paid Search,West,0
1287,2025-07-16,Paid Search,Northeast,0
3487,2025-07-17,Organic Search,Midwest,0
4495,2025-07-17,Paid Search,Southeast,0
9893,2025-07-17,Affiliate,Midwest,0
1594,2025-07-17,Paid Social,Southeast,0
11135,2025-07-17,Affiliate,Southwest,0
1870,2025-07-17,Paid Social,Southwest,0
11309,2025-07-17,Referral,Northeast,0
11811,2025-07-17,Organic Search,Northeast,0
1788,2025-07-17,Paid Search,Northeast,0
6872,2025-07-17,Affiliate,Southwest,0
7149,2025-07-17,Email,West,0
3737,2025-07-17,Affiliate,Southeast,0
8699,2025-07-17,Paid Social,Southeast,0
11586,2025-07-17,Email,West,0
6902,2025-07-17,Paid Social,Midwest,0
4990,2025-07-17,Paid Search,Southeast,0
1302,2025-07-17,Paid Search,Southeast,0
3054,2025-07-17,Organic Search,Southwest,0
1918,2025-07-17,Paid Search,Northeast,0
9466,2025-07-18,Email,Southeast,0
6604,2025-07-18,Organic Search,Northeast,0
4656,2025-07-18,Organic Search,Southeast,0
4393,2025-07-18,Paid Social,Northeast,0
7255,2025-07-18,Organic Search,Midwest,0
7879,2025-07-18,Paid Social,Southeast,0
2139,2025-07-18,Organic Search,Midwest,0
10703,2025-07-18,Paid Social,Southwest,0
2593,2025-07-18,Paid Search,Southeast,0
6908,2025-07-18,Paid Social,Southeast,0
2296,2025-07-18,Organic Search,Midwest,0
759,2025-07-19,Paid Social,West,0
9545,2025-07-19,Paid Social,Midwest,0
5523,2025-07-19,Affiliate,Northeast,0
8749,2025-07-19,Email,Northeast,0
3908,2025-07-19,Paid Social,Southeast,0
11995,2025-07-19,Organic Search,Southeast,0
7176,2025-07-19,Referral,Southwest,0
1250,2025-07-19,Paid Social,West,0
5518,2025-07-19,Paid Social,West,0
5104,2025-07-19,Organic Search,West,0
111,2025-07-19,Organic Search,Southeast,0
449,2025-07-19,Paid Social,Midwest,0
1972,2025-07-19,Organic Search,Southwest,0
2088,2025-07-19,Organic Search,West,0
7316,2025-07-19,Organic Search,Southeast,0
4377,2025-07-19,Organic Search,Southwest,0
7620,2025-07-19,Paid Social,Northeast,0
4791,2025-07-19,Paid Social,Midwest,0
3546,2025-07-19,Organic Search,Southwest,0
7021,2025-07-19,Paid Social,West,0
2256,2025-07-19,Paid Search,Southwest,0
11690,2025-07-19,Paid Social,Southwest,0
6831,2025-07-19,Organic Search,West,0
3006,2025-07-19,Email,Northeast,0
2707,2025-07-19,Paid Search,Southwest,0
6560,2025-07-20,Referral,Midwest,0
902,2025-07-20,Referral,Southeast,0
7797,2025-07-20,Paid Search,West,0
4219,2025-07-20,Paid Search,West,0
5946,2025-07-20,Paid Social,Southeast,0
4179,2025-07-20,Paid Social,Midwest,0
6993,2025-07-20,Paid Search,Southeast,0
864,2025-07-20,Referral,West,0
9385,2025-07-20,Paid Search,Northeast,0
477,2025-07-20,Paid Search,Northeast,0
9025,2025-07-20,Paid Social,Northeast,0
11784,2025-07-20,Paid Search,West,0
5461,2025-07-20,Email,West,0
8291,2025-07-20,Organic Search,Northeast,0
11625,2025-07-20,Email,Southeast,0
48,2025-07-20,Paid Social,Midwest,0
11983,2025-07-20,Paid Search,Midwest,0
1844,2025-07-20,Paid Search,West,0
6360,2025-07-20,Organic Search,West,0
7803,2025-07-20,Paid Search,Midwest,0
5599,2025-07-20,Paid Social,Southwest,0
8863,2025-07-20,Organic Search,Southeast,0
9557,2025-07-21,Affiliate,Midwest,0
3382,2025-07-21,Organic Search,Northeast,0
5775,2025-07-21,Paid Social,Northeast,0
2442,2025-07-21,Paid Social,Midwest,0
8232,2025-07-21,Paid Social,West,0
4587,2025-07-21,Organic Search,Southeast,0
6097,2025-07-21,Paid Social,Southeast,0
11563,2025-07-21,Affiliate,Midwest,0
8384,2025-07-21,Paid Social,Midwest,0
3279,2025-07-21,Paid Social,Midwest,0
6364,2025-07-21,Paid Social,West,0
4281,2025-07-21,Referral,Southeast,0
9679,2025-07-21,Organic Search,West,0
5870,2025-07-21,Paid Social,Southeast,0
2326,2025-07-21,Paid Social,Southeast,0
7090,2025-07-21,Email,West,0
3443,2025-07-21,Organic Search,Midwest,0
135,2025-07-21,Email,Southwest,0
11693,2025-07-21,Paid Social,Midwest,0
8772,2025-07-22,Email,Northeast,0
11953,2025-07-22,Paid Social,West,0
2511,2025-07-22,Organic Search,Northeast,0
11281,2025-07-22,Paid Social,West,0
11592,2025-07-22,Organic Search,Northeast,0
1427,2025-07-22,Paid Search,Southeast,0
4869,2025-07-22,Paid Search,West,0
3474,2025-07-22,Email,Midwest,0
10789,2025-07-22,Affiliate,Midwest,0
10006,2025-07-22,Organic Search,Northeast,0
10253,2025-07-22,Organic Search,Southeast,0
2301,2025-07-22,Email,Southeast,0
8422,2025-07-22,Referral,Midwest,0
6130,2025-07-22,Organic Search,Northeast,0
5505,2025-07-22,Paid Social,Southwest,0
2122,2025-07-22,Paid Social,Southeast,0
8246,2025-07-22,Paid Social,West,0
9585,2025-07-23,Paid Search,Southwest,0
381,2025-07-23,Organic Search,West,0
802,2025-07-23,Paid Search,Southwest,0
7713,2025-07-23,Referral,Northeast,0
11138,2025-07-23,Paid Search,Southwest,0
2130,2025-07-23,Referral,Northeast,0
7320,2025-07-23,Email,Northeast,0
6785,2025-07-23,Email,West,0
7166,2025-07-23,Paid Search,Midwest,0
8497,2025-07-23,Paid Search,Northeast,0
9817,2025-07-23,Paid Search,Southeast,0
5390,2025-07-23,Paid Search,Southwest,0
3349,2025-07-23,Paid Search,Northeast,0
527,2025-07-23,Organic Search,Southeast,0
7665,2025-07-23,Affiliate,West,0
2668,2025-07-23,Organic Search,West,0
11968,2025-07-23,Email,Southwest,0
11472,2025-07-23,Referral,Midwest,0
11241,2025-07-23,Organic Search,West,0
9022,2025-07-23,Email,Southeast,0
1876,2025-07-24,Paid Social,Southeast,0
7499,2025-07-24,Paid Social,Southeast,0
11944,2025-07-24,Paid Social,Midwest,0
2968,2025-07-24,Email,West,0
251,2025-07-24,Paid Search,West,0
4899,2025-07-24,Organic Search,Northeast,0
2418,2025-07-24,Organic Search,West,0
4137,2025-07-24,Paid Search,Southeast,0
7395,2025-07-24,Paid Social,Northeast,0
4106,2025-07-24,Paid Social,Northeast,0
3368,2025-07-24,Referral,West,0
10526,2025-07-24,Paid Social,Northeast,0
11417,2025-07-24,Organic Search,Midwest,0
11934,2025-07-24,Referral,Southeast,0
70,2025-07-24,Paid Search,West,0
963,2025-07-24,Paid Social,Southeast,0
4171,2025-07-24,Email,Northeast,0
1220,2025-07-24,Paid Social,West,0
1467,2025-07-24,Organic Search,West,0
6238,2025-07-24,Paid Social,Southwest,0
8404,2025-07-24,Paid Social,Northeast,0
2567,2025-07-25,Paid Social,Southwest,0
875,2025-07-25,Paid Search,Midwest,0
9208,2025-07-25,Paid Social,Midwest,0
729,2025-07-25,Organic Search,Northeast,0
5779,2025-07-25,Paid Search,West,0
8753,2025-07-25,Email,Midwest,0
2333,2025-07-25,Paid Social,West,0
6129,2025-07-25,Paid Social,Northeast,0
8385,2025-07-25,Referral,Southeast,0
8596,2025-07-25,Paid Search,Southeast,0
2120,2025-07-25,Email,West,0
10840,2025-07-25,Organic Search,Southwest,0
6334,2025-07-25,Paid Social,West,0
9609,2025-07-25,Paid Search,Southwest,0
11094,2025-07-25,Paid Search,Northeast,0
9823,2025-07-25,Paid Social,Southeast,0
10086,2025-07-25,Affiliate,Southwest,0
1943,2025-07-25,Paid Search,Northeast,0
1072,2025-07-25,Organic Search,Southeast,0
7251,2025-07-26,Paid Social,West,0
5721,2025-07-26,Organic Search,Northeast,0
816,2025-07-26,Paid Search,Southeast,0
1729,2025-07-26,Organic Search,Southeast,0
9070,2025-07-26,Paid Social,West,0
8479,2025-07-26,Paid Social,Northeast,0
10903,2025-07-26,Paid Search,Southwest,0
6321,2025-07-26,Organic Search,Northeast,0
5863,2025-07-26,Email,Midwest,0
11406,2025-07-26,Email,West,0
7656,2025-07-26,Paid Social,Northeast,0
5543,2025-07-26,Paid Search,West,0
9005,2025-07-26,Paid Search,West,0
5612,2025-07-26,Paid Social,West,0
10874,2025-07-27,Organic Search,Southwest,0
3045,2025-07-27,Organic Search,West,0
9248,2025-07-27,Paid Search,West,0
1751,2025-07-27,Email,Northeast,0
6025,2025-07-27,Paid Social,Midwest,0
10598,2025-07-27,Paid Search,Midwest,0
5514,2025-07-27,Paid Search,Southeast,0
10236,2025-07-27,Organic Search,Southwest,0
2890,2025-07-27,Referral,Southwest,0
9291,2025-07-27,Paid Search,West,0
1138,2025-07-27,Paid Search,West,0
11448,2025-07-27,Affiliate,Southeast,0
11922,2025-07-27,Paid Search,Southeast,0
6700,2025-07-28,Referral,Midwest,0
6070,2025-07-28,Paid Search,Midwest,0
859,2025-07-28,Paid Search,Northeast,0
7718,2025-07-28,Paid Search,Southwest,0
5449,2025-07-28,Paid Social,Southwest,0
11270,2025-07-28,Paid Social,Northeast,0
670,2025-07-28,Referral,West,0
5788,2025-07-28,Paid Social,Midwest,0
2603,2025-07-28,Paid Search,Northeast,0
10710,2025-07-28,Organic Search,Southeast,0
5245,2025-07-28,Paid Social,West,0
5671,2025-07-28,Affiliate,Midwest,0
11852,2025-07-28,Organic Search,Midwest,0
2645,2025-07-28,Paid Search,Southeast,0
627,2025-07-28,Paid Social,Northeast,0
5272,2025-07-28,Paid Search,Southwest,0
1434,2025-07-28,Paid Social,Southwest,0
8948,2025-07-28,Paid Social,Southwest,0
8960,2025-07-29,Organic Search,Southwest,0
2302,2025-07-29,Referral,Midwest,0
4580,2025-07-29,Paid Search,Northeast,0
6235,2025-07-29,Organic Search,Midwest,0
6121,2025-07-29,Paid Search,Midwest,0
6747,2025-07-29,Paid Search,West,0
29,2025-07-29,Paid Social,Northeast,0
5542,2025-07-29,Paid Search,Southeast,0
8207,2025-07-29,Paid Search,Southeast,0
9432,2025-07-29,Paid Social,West,0
1060,2025-07-29,Organic Search,Northeast,0
5822,2025-07-29,Organic Search,Southeast,0
1974,2025-07-29,Email,Midwest,0
6389,2025-07-29,Affiliate,West,0
1225,2025-07-29,Paid Social,West,0
664,2025-07-29,Paid Social,Southeast,0
8017,2025-07-29,Affiliate,West,0
7492,2025-07-29,Affiliate,Southeast,0
7502,2025-07-29,Paid Search,Southwest,0
8585,2025-07-29,Paid Social,Northeast,0
580,2025-07-29,Paid Search,Midwest,0
4845,2025-07-29,Paid Social,West,0
11187,2025-07-30,Paid Social,Southeast,0
3770,2025-07-30,Paid Social,Northeast,0
10527,2025-07-30,Paid Social,Midwest,0
4485,2025-07-30,Organic Search,Southeast,0
1252,2025-07-30,Email,West,0
5370,2025-07-30,Paid Social,Southeast,0
11851,2025-07-30,Paid Social,Midwest,0
2081,2025-07-30,Paid Search,West,0
10441,2025-07-30,Paid Search,West,0
10576,2025-07-30,Paid Search,West,0
1192,2025-07-31,Paid Social,West,0
8392,2025-07-31,Paid Social,Southwest,0
7644,2025-07-31,Paid Search,Southeast,0
5978,2025-07-31,Organic Search,Southeast,0
9453,2025-07-31,Paid Search,Southwest,0
9115,2025-07-31,Organic Search,Northeast,0
9799,2025-07-31,Paid Social,Southwest,0
4457,2025-07-31,Organic Search,Northeast,0
8448,2025-07-31,Email,Southeast,0
2827,2025-07-31,Paid Search,West,0
11424,2025-07-31,Organic Search,Southwest,0
8804,2025-08-01,Paid Search,Northeast,0
2620,2025-08-01,Paid Search,Northeast,0
8690,2025-08-01,Affiliate,Midwest,0
3611,2025-08-01,Paid Social,Southwest,0
10726,2025-08-01,Email,Midwest,0
3712,2025-08-01,Paid Social,Northeast,0
2592,2025-08-01,Referral,West,0
1102,2025-08-01,Paid Search,West,0
9084,2025-08-01,Organic Search,Midwest,0
4355,2025-08-01,Paid Search,Northeast,0
5108,2025-08-01,Email,Midwest,0
7947,2025-08-01,Paid Social,West,0
9149,2025-08-01,Organic Search,West,0
198,2025-08-01,Paid Social,Northeast,0
246,2025-08-01,Paid Search,Midwest,0
2688,2025-08-02,Affiliate,Southeast,0
6337,2025-08-02,Email,Southeast,0
4360,2025-08-02,Referral,Northeast,0
7719,2025-08-02,Paid Search,Midwest,0
10247,2025-08-02,Paid Social,Southwest,0
1689,2025-08-02,Affiliate,Northeast,0
5306,2025-08-02,Email,Northeast,0
2376,2025-08-02,Affiliate,Midwest,0
9992,2025-08-02,Referral,Northeast,0
6041,2025-08-02,Referral,Southwest,0
919,2025-08-02,Paid Search,Northeast,0
3150,2025-08-02,Affiliate,Northeast,0
1838,2025-08-03,Referral,Southwest,0
24,2025-08-03,Referral,Southwest,0
1010,2025-08-03,Paid Social,Northeast,0
8344,2025-08-03,Referral,Southeast,0
7354,2025-08-03,Referral,Southeast,0
11757,2025-08-03,Paid Social,Midwest,0
5353,2025-08-03,Paid Social,Midwest,0
6110,2025-08-03,Paid Search,Southeast,0
3561,2025-08-03,Referral,Southwest,0
3578,2025-08-03,Paid Social,Southwest,0
8486,2025-08-03,Affiliate,Northeast,0
821,2025-08-03,Paid Social,Southwest,0
6309,2025-08-03,Organic Search,Southeast,0
7105,2025-08-04,Paid Social,West,0
10203,2025-08-04,Email,Midwest,0
7750,2025-08-04,Paid Social,Southeast,0
9240,2025-08-04,Paid Search,Midwest,0
9683,2025-08-04,Referral,West,0
8411,2025-08-04,Organic Search,Midwest,0
4392,2025-08-04,Paid Search,West,0
1604,2025-08-04,Paid Social,West,0
10250,2025-08-04,Paid Social,Midwest,0
10980,2025-08-04,Paid Social,Southeast,0
2922,2025-08-04,Organic Search,Southwest,0
10177,2025-08-04,Email,Northeast,0
2931,2025-08-04,Affiliate,Midwest,0
7174,2025-08-04,Paid Search,Northeast,0
4881,2025-08-04,Paid Social,Southeast,0
11372,2025-08-05,Organic Search,West,0
8330,2025-08-05,Paid Search,Southeast,0
5416,2025-08-05,Organic Search,Southeast,0
6611,2025-08-05,Paid Social,West,0
9543,2025-08-05,Paid Search,Southeast,0
550,2025-08-05,Paid Search,Northeast,0
9266,2025-08-05,Email,Northeast,0
10911,2025-08-05,Referral,West,0
31,2025-08-05,Affiliate,Southwest,0
2973,2025-08-05,Referral,Northeast,0
6429,2025-08-05,Paid Social,Midwest,0
11371,2025-08-05,Paid Search,Southeast,0
8937,2025-08-05,Paid Social,Southeast,0
11500,2025-08-05,Paid Search,Southeast,0
9175,2025-08-05,Paid Social,West,0
253,2025-08-05,Paid Search,Southwest,0
1182,2025-08-05,Organic Search,Northeast,0
2736,2025-08-05,Paid Social,Southwest,0
4904,2025-08-05,Email,Southwest,0
4813,2025-08-05,Paid Search,Northeast,0
2709,2025-08-06,Paid Search,Midwest,0
10806,2025-08-06,Paid Search,Midwest,0
9634,2025-08-06,Paid Search,Southeast,0
1306,2025-08-06,Affiliate,Northeast,0
5575,2025-08-06,Paid Search,Southwest,0
10538,2025-08-06,Paid Social,Northeast,0
6132,2025-08-06,Referral,Midwest,0
3836,2025-08-06,Affiliate,Northeast,0
6124,2025-08-06,Paid Search,Southeast,0
4499,2025-08-06,Organic Search,West,0
5153,2025-08-06,Affiliate,Midwest,0
5668,2025-08-06,Referral,Southeast,0
5114,2025-08-06,Paid Social,Midwest,0
661,2025-08-06,Referral,Midwest,0
3703,2025-08-07,Paid Social,Southeast,0
2986,2025-08-07,Paid Social,Southeast,0
9600,2025-08-07,Paid Search,West,0
314,2025-08-07,Paid Search,West,0
840,2025-08-07,Paid Search,Southwest,0
9262,2025-08-07,Paid Search,Northeast,0
1423,2025-08-07,Organic Search,Southwest,0
5734,2025-08-07,Organic Search,West,0
10950,2025-08-07,Affiliate,Midwest,0
11810,2025-08-07,Email,Southwest,0
9615,2025-08-07,Organic Search,Southeast,0
11617,2025-08-07,Paid Social,West,0
5436,2025-08-07,Paid Social,West,0
114,2025-08-07,Affiliate,Northeast,0
3813,2025-08-07,Organic Search,Southeast,0
1761,2025-08-07,Affiliate,Southeast,0
11631,2025-08-08,Paid Search,Southwest,0
2893,2025-08-08,Organic Search,West,0
3874,2025-08-08,Organic Search,Southwest,0
10533,2025-08-08,Paid Search,Northeast,0
4970,2025-08-08,Paid Social,Southwest,0
1845,2025-08-08,Paid Social,Northeast,0
1719,2025-08-08,Organic Search,Northeast,0
2254,2025-08-08,Paid Search,Southwest,0
10399,2025-08-08,Paid Search,West,0
2174,2025-08-08,Paid Social,Southwest,0
1655,2025-08-08,Affiliate,West,0
6074,2025-08-08,Organic Search,Northeast,0
10113,2025-08-08,Paid Social,West,0
6634,2025-08-08,Affiliate,Northeast,0
1668,2025-08-08,Organic Search,Southeast,0
3937,2025-08-08,Paid Social,Midwest,0
11914,2025-08-08,Paid Search,West,0
9942,2025-08-08,Organic Search,Midwest,0
1903,2025-08-08,Paid Search,Midwest,0
3693,2025-08-08,Paid Social,West,0
8026,2025-08-08,Paid Search,Southeast,0
8046,2025-08-08,Organic Search,Northeast,0
1251,2025-08-08,Affiliate,Northeast,0
10362,2025-08-08,Organic Search,Northeast,0
7927,2025-08-09,Paid Social,Midwest,0
9997,2025-08-09,Paid Social,Northeast,0
10544,2025-08-09,Organic Search,Midwest,0
1442,2025-08-09,Paid Search,Northeast,0
9302,2025-08-09,Paid Social,Southeast,0
10185,2025-08-09,Organic Search,Midwest,0
374,2025-08-09,Organic Search,Northeast,0
861,2025-08-09,Organic Search,Southeast,0
1752,2025-08-09,Email,Southwest,0
5228,2025-08-09,Referral,Southeast,0
4123,2025-08-09,Email,Midwest,0
6918,2025-08-09,Email,Southwest,0
10044,2025-08-09,Email,Northeast,0
9099,2025-08-09,Paid Social,Midwest,0
9292,2025-08-09,Organic Search,West,0
3614,2025-08-09,Organic Search,West,0
846,2025-08-09,Email,Northeast,0
4432,2025-08-09,Paid Social,West,0
9895,2025-08-09,Paid Search,Southwest,0
9740,2025-08-09,Organic Search,West,0
4265,2025-08-10,Organic Search,West,0
6818,2025-08-10,Paid Search,Southeast,0
4614,2025-08-10,Affiliate,Southwest,0
2556,2025-08-10,Organic Search,West,0
4590,2025-08-10,Paid Social,West,0
11618,2025-08-10,Organic Search,Southeast,0
6501,2025-08-10,Paid Social,West,0
9282,2025-08-10,Email,Midwest,0
11772,2025-08-10,Paid Social,Midwest,0
11099,2025-08-10,Paid Search,Northeast,0
10326,2025-08-10,Paid Search,Northeast,0
9884,2025-08-10,Organic Search,Midwest,0
1517,2025-08-10,Paid Search,Midwest,0
399,2025-08-10,Affiliate,Midwest,0
5319,2025-08-10,Paid Social,Southeast,0
5506,2025-08-10,Email,Midwest,0
10841,2025-08-11,Paid Social,Northeast,0
2553,2025-08-11,Email,Northeast,0
7470,2025-08-11,Paid Search,Northeast,0
4747,2025-08-11,Paid Search,Northeast,0
9983,2025-08-11,Paid Social,West,0
4748,2025-08-11,Paid Search,West,0
7602,2025-08-11,Affiliate,Midwest,0
267,2025-08-11,Paid Social,Northeast,0
7099,2025-08-11,Paid Search,Southwest,0
8994,2025-08-11,Referral,Southwest,0
6719,2025-08-11,Paid Social,Southwest,0
9803,2025-08-11,Organic Search,Southeast,0
1910,2025-08-12,Organic Search,Northeast,0
11659,2025-08-12,Paid Social,West,0
6196,2025-08-12,Paid Social,Midwest,0
7708,2025-08-12,Email,West,0
3933,2025-08-12,Affiliate,Southwest,0
8881,2025-08-12,Referral,West,0
11163,2025-08-12,Email,Northeast,0
244,2025-08-12,Email,West,0
8643,2025-08-12,Organic Search,West,0
6934,2025-08-12,Paid Social,Midwest,0
980,2025-08-12,Organic Search,Northeast,0
4372,2025-08-12,Organic Search,Northeast,0
2308,2025-08-13,Paid Search,Midwest,0
2305,2025-08-13,Referral,Southeast,0
2958,2025-08-13,Paid Social,West,0
9960,2025-08-13,Referral,West,0
7889,2025-08-13,Organic Search,Southeast,0
7235,2025-08-13,Paid Search,Southeast,0
1554,2025-08-13,Paid Social,Northeast,0
2929,2025-08-13,Referral,Southeast,0
1678,2025-08-13,Paid Search,Midwest,0
4243,2025-08-13,Paid Search,Southeast,0
9131,2025-08-14,Paid Search,Midwest,0
1508,2025-08-14,Paid Search,Southwest,0
7469,2025-08-14,Affiliate,Northeast,0
7196,2025-08-14,Referral,Midwest,0
6549,2025-08-14,Paid Social,West,0
1714,2025-08-14,Organic Search,West,0
4181,2025-08-14,Paid Search,Midwest,0
11037,2025-08-14,Organic Search,West,0
6068,2025-08-15,Paid Social,Midwest,0
9640,2025-08-15,Organic Search,West,0
59,2025-08-15,Organic Search,Southeast,0
9554,2025-08-15,Organic Search,Southwest,0
11227,2025-08-15,Paid Search,West,0
10293,2025-08-15,Referral,West,0
2940,2025-08-15,Paid Social,Southeast,0
715,2025-08-15,Referral,Southeast,0
2758,2025-08-15,Paid Search,Midwest,0
3106,2025-08-15,Paid Social,Midwest,0
8288,2025-08-15,Affiliate,Southeast,0
998,2025-08-15,Organic Search,West,0
1874,2025-08-15,Referral,Northeast,0
10260,2025-08-15,Email,West,0
7601,2025-08-15,Organic Search,Northeast,0
2066,2025-08-15,Paid Social,Midwest,0
4193,2025-08-15,Email,Midwest,0
1088,2025-08-15,Paid Social,Southwest,0
9819,2025-08-15,Paid Search,West,0
11954,2025-08-15,Referral,Southeast,0
11114,2025-08-15,Paid Search,Northeast,0
921,2025-08-16,Email,Midwest,0
8691,2025-08-16,Organic Search,West,0
972,2025-08-16,Referral,West,0
9168,2025-08-16,Email,West,0
7059,2025-08-16,Affiliate,Northeast,0
4220,2025-08-16,Paid Social,West,0
6432,2025-08-16,Paid Search,Southwest,0
7168,2025-08-16,Organic Search,Northeast,0
5179,2025-08-16,Paid Social,Northeast,0
11798,2025-08-16,Email,West,0
5803,2025-08-16,Paid Search,West,0
9953,2025-08-16,Affiliate,Northeast,0
5137,2025-08-16,Paid Search,Northeast,0
1701,2025-08-16,Affiliate,West,0
7650,2025-08-16,Email,West,0
11246,2025-08-16,Paid Social,Southeast,0
9792,2025-08-16,Email,West,0
1539,2025-08-16,Affiliate,Southeast,0
4361,2025-08-16,Paid Search,Southwest,0
338,2025-08-16,Referral,West,0
4745,2025-08-17,Referral,West,0
9443,2025-08-17,Paid Social,Southwest,0
6407,2025-08-17,Paid Social,Midwest,0
11634,2025-08-17,Paid Social,Southeast,0
10241,2025-08-17,Paid Social,Southeast,0
5032,2025-08-17,Affiliate,Northeast,0
6665,2025-08-17,Paid Social,West,0
10140,2025-08-17,Paid Social,Southeast,0
6667,2025-08-17,Paid Search,Southwest,0
7837,2025-08-17,Organic Search,Southwest,0
6385,2025-08-17,Affiliate,Southeast,0
8408,2025-08-17,Email,Northeast,0
1011,2025-08-17,Paid Search,Southeast,0
5215,2025-08-17,Paid Social,Southeast,0
7592,2025-08-17,Paid Search,Northeast,0
3023,2025-08-17,Paid Social,Southwest,0
9742,2025-08-17,Organic Search,Southwest,0
11605,2025-08-17,Paid Social,Northeast,0
1982,2025-08-17,Affiliate,Southeast,0
6935,2025-08-17,Paid Social,West,0
10587,2025-08-17,Paid Social,Southwest,0
2970,2025-08-17,Affiliate,West,0
9897,2025-08-17,Paid Social,Northeast,0
6948,2025-08-18,Paid Social,Southeast,0
9805,2025-08-18,Paid Search,Southeast,0
6709,2025-08-18,Paid Search,Southwest,0
11427,2025-08-18,Paid Search,Midwest,0
9722,2025-08-18,Paid Search,Midwest,0
1234,2025-08-18,Paid Search,Southwest,0
4375,2025-08-18,Affiliate,Northeast,1
4939,2025-08-18,Paid Social,Southeast,0
11367,2025-08-18,Organic Search,Midwest,0
8674,2025-08-18,Paid Search,Southwest,0
3565,2025-08-18,Email,Southwest,0
8581,2025-08-18,Organic Search,Southwest,0
7017,2025-08-18,Paid Social,West,0
10090,2025-08-18,Paid Social,Midwest,0
9290,2025-08-18,Paid Social,Southwest,0
9759,2025-08-18,Referral,Northeast,0
1875,2025-08-18,Organic Search,Southwest,0
5635,2025-08-18,Affiliate,Northeast,0
1885,2025-08-18,Paid Social,West,0
11841,2025-08-18,Affiliate,Northeast,0
5126,2025-08-18,Paid Social,Northeast,0
9057,2025-08-18,Paid Social,Southeast,0
4848,2025-08-18,Organic Search,Southwest,0
5254,2025-08-18,Email,Northeast,0
1730,2025-08-19,Paid Social,Midwest,0
11854,2025-08-19,Paid Social,Northeast,0
4793,2025-08-19,Paid Social,Southwest,0
10071,2025-08-19,Email,West,0
6930,2025-08-19,Paid Social,Southeast,0
145,2025-08-19,Organic Search,Southwest,0
9814,2025-08-19,Email,Southeast,0
3126,2025-08-19,Email,Midwest,0
1452,2025-08-19,Paid Social,Midwest,0
7348,2025-08-19,Referral,West,0
7291,2025-08-19,Paid Social,West,0
5091,2025-08-19,Paid Search,Southeast,0
47,2025-08-19,Paid Search,West,0
343,2025-08-19,Referral,Southeast,0
709,2025-08-19,Paid Search,Southeast,0
5202,2025-08-19,Paid Search,Southeast,0
1221,2025-08-20,Paid Social,West,0
11165,2025-08-20,Organic Search,Southwest,0
5654,2025-08-20,Paid Social,West,0
3720,2025-08-20,Email,Southwest,0
8583,2025-08-20,Paid Search,Northeast,0
2691,2025-08-20,Organic Search,Midwest,0
5590,2025-08-20,Paid Social,Midwest,0
7067,2025-08-20,Paid Social,West,0
6174,2025-08-20,Paid Search,Northeast,0
6798,2025-08-20,Affiliate,Midwest,0
5362,2025-08-20,Paid Search,Midwest,0
8122,2025-08-20,Paid Social,Northeast,0
10290,2025-08-20,Affiliate,Southeast,0
4616,2025-08-20,Paid Social,Midwest,0
1522,2025-08-20,Email,Northeast,0
11259,2025-08-20,Affiliate,Midwest,0
7816,2025-08-21,Paid Search,West,0
1773,2025-08-21,Paid Social,West,0
7018,2025-08-21,Paid Search,West,0
6737,2025-08-21,Affiliate,Midwest,0
5442,2025-08-21,Paid Social,Southeast,0
3628,2025-08-21,Paid Search,Northeast,0
4526,2025-08-21,Paid Search,Northeast,0
1489,2025-08-21,Organic Search,Northeast,0
1747,2025-08-21,Paid Social,West,0
5626,2025-08-21,Referral,West,0
8770,2025-08-21,Paid Search,Southeast,0
302,2025-08-21,Paid Search,Northeast,0
2774,2025-08-21,Referral,Midwest,0
6467,2025-08-21,Paid Social,Midwest,0
11337,2025-08-21,Paid Social,Midwest,0
369,2025-08-22,Paid Search,Southwest,0
5947,2025-08-22,Organic Search,Southeast,0
6331,2025-08-22,Paid Social,West,0
4834,2025-08-22,Paid Search,West,0
9976,2025-08-22,Email,West,0
423,2025-08-22,Paid Social,West,0
7518,2025-08-22,Organic Search,West,0
6453,2025-08-22,Email,Southwest,0
9278,2025-08-22,Referral,Northeast,0
3342,2025-08-22,Affiliate,Southeast,0
1553,2025-08-22,Email,Southwest,0
5915,2025-08-22,Organic Search,Northeast,0
9233,2025-08-23,Organic Search,Midwest,0
2849,2025-08-23,Paid Social,Midwest,0
10266,2025-08-23,Paid Search,Northeast,0
7452,2025-08-23,Paid Social,Southwest,0
2951,2025-08-23,Referral,Southeast,0
62,2025-08-23,Paid Search,Midwest,0
4641,2025-08-23,Paid Search,Southwest,0
6837,2025-08-23,Referral,Southeast,0
6395,2025-08-23,Paid Social,Northeast,0
8926,2025-08-23,Email,Southeast,0
8481,2025-08-23,Paid Search,Southeast,0
4879,2025-08-23,Paid Social,Southeast,0
9806,2025-08-23,Paid Search,West,0
8658,2025-08-23,Paid Search,Midwest,0
11044,2025-08-23,Organic Search,Southeast,0
366,2025-08-23,Organic Search,Northeast,0
8134,2025-08-23,Referral,West,0
11237,2025-08-23,Paid Search,West,0
1107,2025-08-23,Referral,Southwest,0
202,2025-08-23,Organic Search,Northeast,0
8278,2025-08-23,Paid Social,Northeast,0
5315,2025-08-23,Email,Southeast,0
8427,2025-08-24,Paid Social,Northeast,0
11085,2025-08-24,Paid Search,West,0
3234,2025-08-24,Organic Search,West,0
4924,2025-08-24,Paid Social,West,0
10449,2025-08-24,Affiliate,Northeast,0
242,2025-08-24,Referral,Midwest,0
2127,2025-08-24,Organic Search,Northeast,0
7786,2025-08-24,Referral,Northeast,0
11291,2025-08-24,Paid Search,Midwest,0
4548,2025-08-24,Paid Search,Southwest,0
1033,2025-08-24,Email,Midwest,0
438,2025-08-24,Organic Search,Southeast,0
5381,2025-08-24,Paid Search,Southeast,0
2690,2025-08-24,Paid Search,West,0
6229,2025-08-24,Organic Search,Southeast,0
10750,2025-08-24,Paid Social,Southwest,0
5660,2025-08-24,Organic Search,Northeast,0
416,2025-08-24,Email,Northeast,0
2934,2025-08-24,Email,Midwest,0
6392,2025-08-24,Paid Search,Southwest,0
2385,2025-08-24,Paid Social,West,0
11823,2025-08-25,Affiliate,Southwest,0
5037,2025-08-25,Paid Search,Northeast,0
9088,2025-08-25,Email,Southeast,0
11481,2025-08-25,Paid Search,Northeast,0
11075,2025-08-25,Affiliate,Southeast,0
11577,2025-08-25,Paid Social,Northeast,0
3403,2025-08-25,Organic Search,Northeast,0
9850,2025-08-25,Referral,Southeast,0
11803,2025-08-25,Paid Search,Midwest,0
7847,2025-08-26,Paid Social,Northeast,0
6346,2025-08-26,Paid Social,Southwest,0
7506,2025-08-26,Affiliate,Southwest,0
9857,2025-08-26,Paid Social,Midwest,0
10053,2025-08-26,Referral,Southwest,0
2063,2025-08-26,Referral,Midwest,0
7766,2025-08-26,Organic Search,West,0
5642,2025-08-26,Affiliate,Southwest,0
742,2025-08-26,Paid Social,Midwest,0
9707,2025-08-26,Affiliate,West,0
1282,2025-08-26,Organic Search,Southeast,0
284,2025-08-26,Email,West,0
431,2025-08-26,Organic Search,Southeast,0
5403,2025-08-26,Organic Search,West,0
1961,2025-08-26,Paid Social,Southwest,0
7374,2025-08-26,Affiliate,Southeast,0
5667,2025-08-26,Paid Social,Northeast,0
1502,2025-08-26,Affiliate,Southeast,0
5426,2025-08-27,Paid Social,West,0
1929,2025-08-27,Affiliate,West,0
5666,2025-08-27,Referral,Midwest,0
10515,2025-08-27,Paid Search,Southeast,0
10808,2025-08-27,Affiliate,Midwest,0
1201,2025-08-27,Paid Search,West,0
2840,2025-08-27,Paid Social,Southwest,0
4915,2025-08-27,Organic Search,West,0
6024,2025-08-27,Organic Search,Southwest,0
5583,2025-08-27,Paid Social,Southeast,0
10711,2025-08-27,Paid Social,Northeast,0
6685,2025-08-28,Organic Search,Southwest,0
1965,2025-08-28,Paid Search,Midwest,0
4396,2025-08-28,Organic Search,Southwest,0
3400,2025-08-28,Paid Search,Northeast,0
8428,2025-08-28,Paid Social,Midwest,0
7124,2025-08-28,Paid Search,Northeast,0
9720,2025-08-28,Email,Southwest,0
4167,2025-08-28,Organic Search,Midwest,0
1768,2025-08-28,Referral,Southeast,0
2207,2025-08-28,Email,West,0
11912,2025-08-28,Paid Social,Southeast,0
7315,2025-08-28,Paid Search,Southwest,0
7634,2025-08-29,Organic Search,Midwest,0
1861,2025-08-29,Email,West,0
811,2025-08-29,Paid Social,Midwest,0
1548,2025-08-29,Paid Search,Midwest,0
1816,2025-08-29,Referral,Northeast,0
235,2025-08-29,Organic Search,Northeast,0
2173,2025-08-29,Paid Social,Southwest,0
5485,2025-08-29,Paid Search,Southeast,0
11510,2025-08-29,Paid Search,Midwest,0
10100,2025-08-29,Paid Social,Southwest,0
9234,2025-08-29,Paid Social,Southwest,0
5389,2025-08-29,Paid Search,Southwest,0
8135,2025-08-30,Paid Search,Southwest,0
4863,2025-08-30,Affiliate,Midwest,0
1665,2025-08-30,Email,Southeast,0
8811,2025-08-30,Paid Social,Midwest,0
11206,2025-08-30,Paid Social,Southwest,0
10004,2025-08-30,Paid Social,West,0
3065,2025-08-30,Paid Social,Midwest,0
5784,2025-08-30,Email,Midwest,0
5287,2025-08-30,Organic Search,West,0
3575,2025-08-30,Paid Social,Midwest,0
2813,2025-08-30,Referral,Southwest,0
1484,2025-08-30,Organic Search,Midwest,0
2648,2025-08-30,Affiliate,Southwest,0
9090,2025-08-30,Paid Search,West,0
7104,2025-08-30,Email,Midwest,0
4568,2025-08-30,Paid Social,West,0
8742,2025-08-30,Paid Search,Midwest,0
1631,2025-08-30,Affiliate,Southeast,0
8406,2025-08-30,Paid Social,Southwest,0
10468,2025-08-30,Paid Search,Southeast,0
11154,2025-08-31,Organic Search,West,0
1998,2025-08-31,Paid Social,West,0
11905,2025-08-31,Affiliate,Northeast,0
5415,2025-08-31,Paid Search,Northeast,0
144,2025-08-31,Referral,Midwest,0
6418,2025-08-31,Organic Search,Southwest,0
3040,2025-08-31,Organic Search,Northeast,0
5003,2025-08-31,Referral,Southwest,0
10226,2025-08-31,Paid Search,Southwest,0
3203,2025-08-31,Email,Midwest,0
6564,2025-08-31,Paid Social,Midwest,0
8640,2025-08-31,Paid Search,Midwest,0
11335,2025-08-31,Paid Social,Southwest,0
3294,2025-08-31,Paid Social,Northeast,0
3967,2025-08-31,Paid Search,Northeast,0
660,2025-08-31,Paid Search,Southwest,0
11288,2025-08-31,Organic Search,Southwest,0
6007,2025-08-31,Paid Social,Southeast,0
4404,2025-08-31,Affiliate,Midwest,0
8801,2025-08-31,Email,Northeast,0
1173,2025-08-31,Referral,Midwest,0
2506,2025-08-31,Email,Northeast,0
5453,2025-09-01,Paid Social,Northeast,0
139,2025-09-01,Email,Southeast,0
105,2025-09-01,Paid Social,Midwest,0
5651,2025-09-01,Affiliate,Midwest,0
8936,2025-09-01,Email,Southeast,0
4553,2025-09-01,Organic Search,West,0
2441,2025-09-01,Paid Social,West,0
11676,2025-09-01,Organic Search,Midwest,0
7140,2025-09-01,Referral,Northeast,0
6158,2025-09-01,Paid Social,Southeast,0
7590,2025-09-01,Paid Social,Southeast,0
22,2025-09-01,Organic Search,West,0
2820,2025-09-01,Paid Social,Northeast,0
8946,2025-09-01,Paid Social,West,0
7976,2025-09-01,Affiliate,Midwest,0
3029,2025-09-01,Affiliate,Northeast,0
3996,2025-09-01,Email,Northeast,1
11952,2025-09-01,Paid Search,Northeast,0
4519,2025-09-01,Paid Social,Midwest,0
9213,2025-09-01,Paid Social,Southeast,0
11310,2025-09-01,Paid Social,Southeast,0
5944,2025-09-01,Paid Search,Southwest,0
8582,2025-09-01,Paid Social,Southeast,0
4468,2025-09-02,Paid Social,Southwest,0
8767,2025-09-02,Paid Social,Midwest,0
6915,2025-09-02,Paid Search,Midwest,0
2533,2025-09-02,Email,Southeast,0
7139,2025-09-02,Affiliate,Southeast,0
112,2025-09-02,Referral,Midwest,0
3623,2025-09-02,Paid Social,Northeast,0
6556,2025-09-02,Paid Search,West,0
11653,2025-09-02,Referral,West,0
6898,2025-09-02,Paid Search,West,0
10559,2025-09-02,Affiliate,Southwest,0
721,2025-09-02,Paid Search,West,0
9185,2025-09-02,Paid Search,West,0
4286,2025-09-02,Paid Search,Southeast,0
1520,2025-09-02,Organic Search,West,0
11363,2025-09-02,Email,Southeast,0
9399,2025-09-02,Paid Social,West,0
9132,2025-09-02,Affiliate,West,0
10826,2025-09-02,Paid Social,Midwest,0
6829,2025-09-03,Email,Midwest,0
2892,2025-09-03,Paid Social,Northeast,0
10254,2025-09-03,Referral,Southwest,0
3085,2025-09-03,Paid Social,Midwest,0
4695,2025-09-03,Affiliate,Southeast,0
929,2025-09-03,Paid Social,West,0
3637,2025-09-03,Paid Search,West,0
5941,2025-09-03,Paid Social,Northeast,0
5573,2025-09-03,Paid Search,Southeast,0
2932,2025-09-03,Paid Search,Southeast,0
134,2025-09-03,Paid Search,Midwest,0
7962,2025-09-03,Referral,Southeast,0
6900,2025-09-03,Paid Social,Northeast,0
5684,2025-09-03,Affiliate,Northeast,0
1096,2025-09-03,Paid Search,Northeast,0
8109,2025-09-04,Paid Search,Southwest,0
5464,2025-09-04,Paid Search,Northeast,0
1879,2025-09-04,Referral,West,0
5888,2025-09-04,Organic Search,Southeast,0
4002,2025-09-04,Paid Social,Southwest,0
9894,2025-09-04,Paid Search,West,0
1797,2025-09-04,Referral,Southeast,0
2869,2025-09-04,Paid Search,Southwest,0
1779,2025-09-04,Paid Search,Southeast,0
8909,2025-09-04,Affiliate,Southwest,0
8554,2025-09-04,Paid Search,Midwest,0
4540,2025-09-04,Organic Search,Northeast,0
4961,2025-09-04,Paid Social,Southwest,0
179,2025-09-04,Paid Search,Northeast,0
7180,2025-09-04,Organic Search,Northeast,0
7003,2025-09-05,Paid Search,West,0
867,2025-09-05,Paid Search,Northeast,0
5690,2025-09-05,Organic Search,West,0
8351,2025-09-05,Paid Search,West,0
4362,2025-09-05,Paid Social,Midwest,0
4923,2025-09-05,Paid Search,Midwest,0
1806,2025-09-05,Referral,Southeast,0
8790,2025-09-05,Referral,Southeast,0
10583,2025-09-05,Paid Search,Northeast,0
3727,2025-09-05,Organic Search,West,0
5912,2025-09-05,Referral,Midwest,0
2188,2025-09-05,Paid Search,West,0
6892,2025-09-05,Organic Search,Midwest,0
6629,2025-09-05,Paid Social,Northeast,0
6911,2025-09-05,Paid Social,Southwest,0
11299,2025-09-05,Paid Social,Southwest,0
11290,2025-09-05,Organic Search,Midwest,0
8797,2025-09-05,Paid Social,Southeast,0
1595,2025-09-05,Organic Search,Midwest,0
8005,2025-09-05,Paid Social,Southeast,0
4521,2025-09-05,Paid Search,Southeast,0
4425,2025-09-05,Paid Search,Northeast,0
10298,2025-09-05,Email,Midwest,0
4092,2025-09-05,Organic Search,Southeast,0
8542,2025-09-06,Organic Search,Northeast,0
6734,2025-09-06,Referral,Midwest,0
10753,2025-09-06,Paid Search,Southeast,0
1542,2025-09-06,Paid Search,Northeast,0
7820,2025-09-06,Referral,West,0
7309,2025-09-06,Paid Search,Northeast,0
3357,2025-09-06,Organic Search,West,0
11318,2025-09-06,Paid Search,Southeast,0
4228,2025-09-06,Organic Search,Midwest,0
9369,2025-09-06,Paid Social,Midwest,0
9888,2025-09-06,Paid Search,Midwest,0
8355,2025-09-06,Paid Social,Southwest,0
7224,2025-09-06,Paid Social,Midwest,0
1988,2025-09-06,Affiliate,Southwest,0
1235,2025-09-06,Email,Northeast,0
8369,2025-09-06,Affiliate,Southwest,0
10040,2025-09-06,Paid Social,West,0
5277,2025-09-07,Referral,Midwest,0
5355,2025-09-07,Email,Midwest,0
6380,2025-09-07,Paid Search,Midwest,0
3076,2025-09-07,Paid Social,Southeast,0
4239,2025-09-07,Paid Social,Northeast,0
5098,2025-09-07,Email,Midwest,0
7929,2025-09-07,Paid Social,Northeast,0
5160,2025-09-07,Referral,Southeast,0
10537,2025-09-07,Organic Search,West,0
6942,2025-09-07,Organic Search,West,0
6292,2025-09-07,Paid Search,Northeast,0
8456,2025-09-07,Paid Social,Southeast,0
8294,2025-09-07,Organic Search,Southwest,0
11483,2025-09-07,Paid Search,Northeast,0
11444,2025-09-07,Paid Social,West,0
10684,2025-09-07,Referral,Southwest,0
11938,2025-09-08,Paid Social,West,0
5486,2025-09-08,Paid Search,West,0
11167,2025-09-08,Organic Search,Midwest,0
1699,2025-09-08,Affiliate,West,0
10228,2025-09-08,Paid Search,West,0
6240,2025-09-08,Organic Search,Northeast,0
704,2025-09-08,Paid Social,Southeast,0
6659,2025-09-08,Paid Search,West,0
9434,2025-09-08,Paid Social,West,0
4529,2025-09-08,Paid Social,Southeast,0
9274,2025-09-08,Referral,Midwest,0
11492,2025-09-08,Paid Social,Midwest,0
9487,2025-09-08,Email,Southeast,0
10564,2025-09-08,Organic Search,West,0
1435,2025-09-08,Paid Search,West,0
2403,2025-09-08,Referral,Southeast,0
9390,2025-09-08,Email,Southwest,0
6454,2025-09-09,Organic Search,Midwest,0
10729,2025-09-09,Paid Social,Southeast,0
1946,2025-09-09,Paid Social,Southeast,0
2642,2025-09-09,Organic Search,Midwest,0
8966,2025-09-09,Paid Social,Northeast,0
9173,2025-09-09,Paid Search,West,0
7336,2025-09-09,Referral,Southeast,0
667,2025-09-09,Paid Search,Southwest,0
8852,2025-09-09,Paid Social,Midwest,0
8198,2025-09-09,Paid Search,West,0
2032,2025-09-09,Referral,Southwest,0
7755,2025-09-09,Paid Search,Southwest,0
1074,2025-09-09,Paid Search,Midwest,0
11354,2025-09-09,Organic Search,Midwest,0
1891,2025-09-09,Paid Social,Southeast,0
11032,2025-09-09,Paid Search,Northeast,0
9199,2025-09-09,Paid Social,West,0
8644,2025-09-09,Paid Search,West,0
8788,2025-09-09,Affiliate,Midwest,0
7258,2025-09-10,Referral,Northeast,0
8068,2025-09-10,Organic Search,Southwest,0
4440,2025-09-10,Referral,Southwest,0
11708,2025-09-10,Referral,Northeast,0
1448,2025-09-10,Organic Search,West,0
1263,2025-09-10,Affiliate,West,0
6305,2025-09-10,Paid Search,Southeast,0
6108,2025-09-10,Organic Search,Southeast,0
7413,2025-09-10,Paid Social,West,0
9843,2025-09-10,Organic Search,Southeast,0
9974,2025-09-10,Email,Southeast,0
9714,2025-09-10,Paid Social,Northeast,0
2453,2025-09-10,Paid Search,Northeast,0
4185,2025-09-10,Email,Northeast,0
11059,2025-09-10,Paid Search,Southeast,0
1281,2025-09-10,Organic Search,Southeast,0
11488,2025-09-10,Organic Search,Southeast,0
6422,2025-09-10,Email,Northeast,0
9684,2025-09-10,Paid Social,Northeast,0
5769,2025-09-10,Referral,West,0
2232,2025-09-10,Referral,Southeast,0
7473,2025-09-10,Affiliate,Southeast,0
10755,2025-09-10,Paid Search,Midwest,0
3954,2025-09-10,Organic Search,Southeast,0
1313,2025-09-10,Organic Search,Southeast,0
2073,2025-09-10,Organic Search,West,0
347,2025-09-10,Affiliate,Northeast,0
10299,2025-09-11,Paid Search,Midwest,0
11121,2025-09-11,Paid Search,Southeast,0
405,2025-09-11,Paid Search,Southeast,0
10968,2025-09-11,Referral,Southwest,0
7367,2025-09-11,Organic Search,Southwest,0
9120,2025-09-11,Referral,Northeast,0
6308,2025-09-11,Paid Search,West,0
3250,2025-09-11,Paid Social,West,0
6270,2025-09-11,Paid Social,Southeast,0
7158,2025-09-11,Paid Social,Midwest,0
6551,2025-09-11,Referral,Midwest,0
8949,2025-09-11,Organic Search,West,0
1323,2025-09-11,Paid Social,West,0
5904,2025-09-11,Organic Search,Midwest,0
1612,2025-09-11,Email,West,0
8459,2025-09-12,Organic Search,Midwest,0
4583,2025-09-12,Organic Search,Midwest,0
11491,2025-09-12,Paid Search,Midwest,0
7519,2025-09-12,Paid Social,Northeast,0
9590,2025-09-12,Paid Social,Southwest,0
10302,2025-09-12,Referral,Northeast,0
11669,2025-09-12,Organic Search,West,0
10112,2025-09-12,Paid Social,Midwest,0
9915,2025-09-12,Email,Northeast,0
11840,2025-09-12,Paid Search,West,0
9499,2025-09-12,Affiliate,West,0
7988,2025-09-12,Organic Search,Southwest,0
2639,2025-09-12,Paid Search,Northeast,0
10322,2025-09-12,Paid Social,Southwest,0
3992,2025-09-12,Paid Social,Midwest,0
7910,2025-09-12,Paid Search,Northeast,0
9616,2025-09-12,Affiliate,West,0
10820,2025-09-12,Paid Search,Northeast,0
3145,2025-09-13,Referral,Southeast,0
9571,2025-09-13,Paid Social,Southwest,0
10510,2025-09-13,Paid Search,Southwest,0
6756,2025-09-13,Referral,Midwest,0
6641,2025-09-13,Paid Search,Midwest,0
8086,2025-09-13,Paid Social,Southwest,0
2041,2025-09-13,Paid Search,Northeast,0
10418,2025-09-13,Affiliate,West,0
772,2025-09-13,Organic Search,West,0
11039,2025-09-13,Organic Search,Northeast,0
6949,2025-09-13,Organic Search,Midwest,0
11776,2025-09-13,Paid Social,Northeast,0
8705,2025-09-13,Paid Social,West,0
1475,2025-09-13,Referral,Southeast,0
3435,2025-09-13,Referral,Midwest,0
10744,2025-09-13,Paid Social,West,0
68,2025-09-13,Organic Search,West,0
1651,2025-09-13,Referral,West,0
3959,2025-09-13,Referral,Southeast,0
4740,2025-09-13,Paid Social,Northeast,0
11202,2025-09-13,Paid Social,Midwest,0
10658,2025-09-13,Organic Search,West,0
4233,2025-09-13,Paid Search,West,0
11706,2025-09-13,Referral,Northeast,0
5052,2025-09-13,Paid Social,Midwest,0
5641,2025-09-14,Organic Search,Midwest,0
1583,2025-09-14,Organic Search,Southwest,0
7570,2025-09-14,Affiliate,Midwest,0
7219,2025-09-14,Organic Search,Midwest,0
726,2025-09-14,Referral,West,0
3232,2025-09-14,Paid Social,Southeast,0
5578,2025-09-14,Paid Search,West,0
216,2025-09-14,Paid Social,Southwest,0
513,2025-09-14,Paid Search,Midwest,0
2992,2025-09-14,Paid Social,Northeast,0
2014,2025-09-15,Paid Social,Southeast,0
4718,2025-09-15,Paid Social,Midwest,0
11774,2025-09-15,Paid Social,Northeast,0
5473,2025-09-15,Organic Search,Northeast,0
11725,2025-09-15,Paid Search,Midwest,0
2332,2025-09-15,Paid Social,Northeast,0
3165,2025-09-15,Organic Search,West,0
11917,2025-09-15,Paid Social,West,0
10142,2025-09-15,Email,West,0
1839,2025-09-15,Organic Search,Northeast,0
5191,2025-09-15,Organic Search,Northeast,0
7989,2025-09-15,Affiliate,Midwest,0
7564,2025-09-15,Paid Search,Southeast,0
9990,2025-09-15,Paid Social,West,0
8292,2025-09-15,Referral,Southwest,0
2492,2025-09-15,Paid Search,Southwest,0
11990,2025-09-15,Referral,Midwest,0
11916,2025-09-16,Paid Search,West,0
10070,2025-09-16,Paid Search,Northeast,0
11377,2025-09-16,Organic Search,Midwest,0
5063,2025-09-16,Email,Northeast,0
3730,2025-09-16,Paid Social,West,0
3995,2025-09-16,Referral,Northeast,0
1640,2025-09-16,Organic Search,Southeast,0
5147,2025-09-16,Organic Search,West,0
4698,2025-09-16,Paid Search,West,0
3513,2025-09-16,Organic Search,Northeast,0
10991,2025-09-16,Paid Search,Northeast,0
966,2025-09-16,Paid Search,Midwest,0
11889,2025-09-16,Paid Search,Midwest,0
4741,2025-09-16,Organic Search,Northeast,0
1970,2025-09-17,Paid Social,West,0
9259,2025-09-17,Organic Search,Southwest,0
10149,2025-09-17,Email,Southeast,0
4381,2025-09-17,Referral,Northeast,0
908,2025-09-17,Paid Social,West,0
11775,2025-09-17,Referral,Southeast,0
9205,2025-09-17,Organic Search,Northeast,0
8142,2025-09-17,Paid Search,Southeast,0
11334,2025-09-17,Paid Social,Northeast,0
7960,2025-09-17,Affiliate,West,0
8867,2025-09-17,Email,Midwest,0
11987,2025-09-17,Paid Social,Northeast,0
7815,2025-09-17,Email,West,0
2948,2025-09-17,Paid Social,Southeast,0
5061,2025-09-17,Affiliate,Southeast,0
8314,2025-09-18,Paid Search,West,0
11365,2025-09-18,Paid Social,Midwest,0
2980,2025-09-18,Affiliate,Northeast,0
6776,2025-09-18,Paid Social,West,0
166,2025-09-18,Organic Search,West,0
3805,2025-09-18,Organic Search,Midwest,0
7332,2025-09-18,Referral,West,0
9076,2025-09-18,Referral,Southeast,0
3193,2025-09-18,Paid Social,Southeast,0
7717,2025-09-18,Paid Social,West,0
11404,2025-09-18,Paid Search,West,0
5043,2025-09-18,Referral,Northeast,0
9138,2025-09-18,Email,Southwest,0
9904,2025-09-18,Paid Social,Midwest,0
7327,2025-09-19,Paid Social,Southeast,0
7078,2025-09-19,Email,Midwest,0
10277,2025-09-19,Affiliate,Southeast,0
9749,2025-09-19,Referral,West,0
2793,2025-09-19,Referral,West,0
11490,2025-09-19,Referral,West,0
9112,2025-09-19,Paid Social,Northeast,0
6088,2025-09-19,Referral,Northeast,0
6732,2025-09-19,Paid Social,Southwest,0
5682,2025-09-19,Paid Search,Southwest,0
4779,2025-09-19,Email,Southwest,0
10845,2025-09-19,Paid Search,West,0
4844,2025-09-19,Paid Search,Southwest,0
6347,2025-09-19,Paid Social,Southwest,0
6651,2025-09-19,Affiliate,Midwest,0
5404,2025-09-19,Paid Search,Southeast,0
5643,2025-09-19,Email,West,0
6941,2025-09-19,Paid Search,Midwest,0
7792,2025-09-20,Paid Social,Northeast,0
898,2025-09-20,Organic Search,Southeast,0
1128,2025-09-20,Paid Search,Northeast,0
7115,2025-09-20,Email,West,0
6257,2025-09-20,Paid Social,West,0
3925,2025-09-20,Paid Search,West,0
1217,2025-09-20,Paid Social,Midwest,0
2956,2025-09-20,Paid Search,Northeast,0
10562,2025-09-20,Email,West,0
10274,2025-09-20,Paid Search,West,0
496,2025-09-20,Organic Search,Northeast,0
7557,2025-09-20,Organic Search,West,0
8992,2025-09-20,Paid Social,Southwest,0
10264,2025-09-20,Paid Social,Southeast,0
5717,2025-09-21,Affiliate,Northeast,0
7172,2025-09-21,Organic Search,Midwest,0
991,2025-09-21,Referral,Northeast,0
9788,2025-09-21,Paid Search,Southeast,0
2673,2025-09-21,Paid Social,West,0
2049,2025-09-21,Paid Social,West,0
1080,2025-09-21,Paid Social,West,0
1036,2025-09-21,Paid Social,West,0
1370,2025-09-21,Organic Search,Northeast,0
4210,2025-09-21,Organic Search,Northeast,0
9965,2025-09-21,Paid Search,Midwest,0
7861,2025-09-21,Email,Midwest,0
1614,2025-09-21,Email,Midwest,0
9782,2025-09-21,Email,Southwest,0
11078,2025-09-22,Paid Social,Midwest,0
4819,2025-09-22,Organic Search,Midwest,0
2727,2025-09-22,Paid Search,Southeast,0
5297,2025-09-22,Organic Search,Southeast,0
7199,2025-09-22,Organic Search,Southeast,0
9251,2025-09-22,Organic Search,Midwest,0
5521,2025-09-22,Affiliate,Northeast,0
1577,2025-09-22,Paid Search,West,0
1165,2025-09-22,Paid Social,West,0
6056,2025-09-22,Paid Search,Southeast,0
7077,2025-09-22,Paid Social,Southwest,0
3717,2025-09-22,Paid Search,Northeast,0
7520,2025-09-22,Paid Search,Southwest,0
10986,2025-09-23,Paid Social,West,0
7420,2025-09-23,Paid Social,Southeast,0
11845,2025-09-23,Organic Search,Northeast,0
1764,2025-09-23,Paid Search,Northeast,0
10114,2025-09-23,Paid Social,Northeast,0
10124,2025-09-23,Affiliate,Northeast,0
11539,2025-09-23,Organic Search,Southwest,0
219,2025-09-23,Organic Search,Southeast,0
2979,2025-09-23,Paid Social,Southwest,0
4637,2025-09-23,Organic Search,Southwest,0
1003,2025-09-23,Referral,Midwest,0
8322,2025-09-23,Email,Southeast,0
1557,2025-09-23,Organic Search,West,0
9114,2025-09-23,Referral,Northeast,0
11081,2025-09-23,Paid Search,Southwest,0
2808,2025-09-23,Paid Social,Southeast,0
11287,2025-09-23,Email,Southwest,0
10,2025-09-24,Paid Social,Southwest,0
8249,2025-09-24,Paid Search,West,0
11787,2025-09-24,Paid Social,Southwest,0
4946,2025-09-24,Paid Social,Northeast,0
6428,2025-09-24,Affiliate,West,0
6365,2025-09-24,Paid Social,Southeast,0
2465,2025-09-24,Paid Search,Midwest,0
9762,2025-09-24,Paid Search,Southeast,0
610,2025-09-24,Organic Search,Southeast,0
9562,2025-09-24,Paid Social,Midwest,0
786,2025-09-24,Paid Search,West,0
1112,2025-09-25,Referral,Southeast,0
8449,2025-09-25,Organic Search,Southeast,0
11665,2025-09-25,Paid Search,Southeast,0
8538,2025-09-25,Organic Search,Northeast,0
5140,2025-09-25,Email,Southeast,0
578,2025-09-25,Organic Search,Northeast,0
9677,2025-09-25,Paid Search,Midwest,0
5800,2025-09-25,Affiliate,Southeast,0
8659,2025-09-25,Organic Search,Southeast,0
11838,2025-09-25,Organic Search,Northeast,0
8498,2025-09-25,Email,Southwest,0
3225,2025-09-25,Paid Social,West,0
11463,2025-09-25,Paid Search,Northeast,0
10588,2025-09-25,Organic Search,Midwest,0
11156,2025-09-25,Paid Social,Midwest,0
4891,2025-09-25,Paid Search,West,0
9324,2025-09-25,Referral,Northeast,0
4032,2025-09-25,Paid Social,Northeast,0
2799,2025-09-25,Referral,Midwest,0
426,2025-09-25,Email,Southeast,0
4743,2025-09-25,Paid Search,Northeast,0
304,2025-09-25,Affiliate,Northeast,0
8,2025-09-25,Paid Social,Northeast,0
7107,2025-09-26,Paid Social,West,0
11088,2025-09-26,Affiliate,Midwest,0
276,2025-09-26,Email,Midwest,0
9809,2025-09-26,Paid Search,Southeast,0
7625,2025-09-26,Affiliate,Northeast,0
11913,2025-09-26,Paid Search,Northeast,0
5030,2025-09-26,Organic Search,Midwest,0
2425,2025-09-26,Organic Search,Southwest,0
2123,2025-09-26,Affiliate,West,0
6031,2025-09-26,Referral,Midwest,0
9658,2025-09-26,Email,Southeast,0
2811,2025-09-26,Organic Search,Southeast,0
7549,2025-09-26,Email,Northeast,0
4497,2025-09-26,Organic Search,Northeast,0
10751,2025-09-26,Paid Search,West,0
11280,2025-09-26,Paid Social,Southeast,0
2317,2025-09-26,Paid Social,Southwest,0
11790,2025-09-26,Organic Search,Midwest,0
3498,2025-09-26,Paid Social,Southeast,0
9867,2025-09-26,Paid Search,Northeast,0
649,2025-09-26,Referral,West,0
10026,2025-09-27,Paid Social,West,0
11208,2025-09-27,Paid Social,West,0
11048,2025-09-27,Paid Social,Southeast,0
2798,2025-09-27,Paid Search,Southeast,0
2079,2025-09-27,Paid Search,Southeast,0
3285,2025-09-27,Paid Search,West,0
9006,2025-09-27,Paid Search,Northeast,0
10410,2025-09-27,Paid Social,Southeast,0
11264,2025-09-27,Paid Social,Southeast,0
11393,2025-09-27,Paid Search,Southeast,0
8108,2025-09-27,Paid Search,Northeast,0
10119,2025-09-27,Paid Social,Northeast,0
1447,2025-09-27,Referral,Midwest,0
8935,2025-09-27,Paid Social,Northeast,0
8442,2025-09-27,Referral,West,0
5282,2025-09-27,Organic Search,Southeast,0
2050,2025-09-27,Paid Search,Midwest,0
7377,2025-09-27,Paid Search,Northeast,0
7467,2025-09-27,Organic Search,Southeast,0
3024,2025-09-28,Organic Search,Southeast,0
1151,2025-09-28,Organic Search,Midwest,0
9085,2025-09-28,Organic Search,Southeast,0
10489,2025-09-28,Paid Social,West,0
2059,2025-09-28,Paid Social,Midwest,0
2901,2025-09-28,Email,West,0
1424,2025-09-28,Referral,Southwest,0
3056,2025-09-28,Paid Social,Northeast,0
50,2025-09-28,Organic Search,Midwest,0
7361,2025-09-28,Paid Social,Southwest,0
7762,2025-09-28,Paid Social,Southwest,0
585,2025-09-28,Organic Search,Southwest,0
1887,2025-09-28,Paid Search,Midwest,0
6750,2025-09-28,Paid Search,Northeast,0
11282,2025-09-28,Paid Search,Northeast,0
597,2025-09-28,Paid Search,Southeast,0
6637,2025-09-29,Referral,Southeast,0
3502,2025-09-29,Organic Search,West,0
9911,2025-09-29,Organic Search,Southwest,0
3885,2025-09-29,Paid Social,Southwest,0
7509,2025-09-29,Paid Social,Northeast,0
345,2025-09-29,Affiliate,Southwest,0
3571,2025-09-29,Paid Social,Northeast,0
8620,2025-09-29,Affiliate,West,0
909,2025-09-29,Organic Search,Northeast,0
6985,2025-09-29,Organic Search,West,0
4000,2025-09-29,Referral,Northeast,0
6826,2025-09-29,Paid Social,Northeast,0
10357,2025-09-29,Paid Social,Northeast,0
1421,2025-09-29,Paid Social,Midwest,0
4563,2025-09-29,Paid Search,Northeast,0
9268,2025-09-29,Referral,Northeast,0
3017,2025-09-29,Paid Search,West,0
4240,2025-09-29,Paid Social,West,0
2184,2025-09-30,Email,Southwest,0
10421,2025-09-30,Paid Search,West,0
7424,2025-09-30,Paid Social,Northeast,0
6370,2025-09-30,Paid Social,Northeast,0
2206,2025-09-30,Paid Social,Northeast,0
8947,2025-09-30,Email,Southwest,0
10667,2025-09-30,Paid Social,Midwest,0
8921,2025-09-30,Email,Southwest,0
4297,2025-09-30,Organic Search,West,0
8911,2025-09-30,Paid Social,Northeast,0
7844,2025-09-30,Paid Search,Midwest,0
3217,2025-09-30,Paid Social,Northeast,0
3772,2025-09-30,Paid Search,West,0
8495,2025-09-30,Paid Search,West,0
4895,2025-09-30,Paid Social,West,0
5002,2025-09-30,Email,Southwest,0
6881,2025-09-30,Paid Social,West,0
11741,2025-09-30,Organic Search,Southwest,0
9603,2025-09-30,Email,Midwest,0
10653,2025-09-30,Email,West,0
2100,2025-10-01,Paid Social,Southeast,0
6591,2025-10-01,Referral,Northeast,0
6137,2025-10-01,Organic Search,Northeast,0
6225,2025-10-01,Affiliate,Northeast,0
4896,2025-10-01,Paid Search,Southwest,0
11721,2025-10-01,Referral,Southwest,0
1223,2025-10-01,Organic Search,Midwest,0
5819,2025-10-01,Referral,Southeast,0
7507,2025-10-01,Referral,Southeast,0
7843,2025-10-01,Organic Search,Midwest,0
512,2025-10-01,Organic Search,Northeast,0
2872,2025-10-01,Organic Search,Northeast,0
4412,2025-10-01,Organic Search,Southwest,0
11420,2025-10-01,Paid Social,West,0
8619,2025-10-01,Paid Social,Southeast,0
648,2025-10-01,Paid Search,Southeast,0
11010,2025-10-01,Paid Search,Northeast,0
7547,2025-10-01,Organic Search,Southwest,0
2485,2025-10-01,Paid Social,Southeast,0
11437,2025-10-02,Paid Social,Southwest,0
5993,2025-10-02,Paid Social,Southwest,0
11276,2025-10-02,Organic Search,Midwest,0
3218,2025-10-02,Organic Search,Northeast,0
403,2025-10-02,Organic Search,Southeast,0
9370,2025-10-02,Email,West,0
287,2025-10-02,Paid Social,Northeast,0
8771,2025-10-02,Paid Search,Southwest,0
9096,2025-10-02,Paid Search,Southeast,0
9933,2025-10-02,Email,West,0
6678,2025-10-02,Paid Search,Southeast,0
8618,2025-10-02,Email,Northeast,0
11793,2025-10-02,Paid Social,Northeast,0
3280,2025-10-02,Paid Social,Southeast,0
11656,2025-10-02,Paid Social,Southwest,0
2569,2025-10-03,Organic Search,Southwest,0
9783,2025-10-03,Paid Search,Southeast,0
2394,2025-10-03,Organic Search,Northeast,0
2536,2025-10-03,Paid Social,West,0
3929,2025-10-03,Paid Search,Northeast,0
3601,2025-10-03,Organic Search,Southwest,0
9629,2025-10-03,Organic Search,Midwest,0
761,2025-10-03,Paid Search,Southwest,0
2602,2025-10-03,Paid Social,West,0
5134,2025-10-03,Paid Social,West,0
5928,2025-10-03,Paid Search,Midwest,0
227,2025-10-03,Organic Search,West,0
4629,2025-10-03,Paid Search,Northeast,0
7727,2025-10-03,Paid Search,Northeast,0
11271,2025-10-04,Organic Search,West,0
1503,2025-10-04,Paid Search,Northeast,0
6350,2025-10-04,Email,West,0
10024,2025-10-04,Email,Midwest,0
6378,2025-10-04,Paid Search,Southwest,0
11681,2025-10-04,Paid Social,Northeast,0
11579,2025-10-04,Paid Search,Southwest,0
5763,2025-10-04,Organic Search,Southeast,0
11597,2025-10-04,Organic Search,West,0
2279,2025-10-04,Paid Search,Midwest,0
6134,2025-10-04,Paid Search,Northeast,0
7794,2025-10-04,Paid Social,Midwest,0
8605,2025-10-04,Organic Search,Northeast,0
5494,2025-10-04,Email,Southeast,0
8736,2025-10-04,Referral,Northeast,0
311,2025-10-05,Referral,Southwest,0
504,2025-10-05,Affiliate,Northeast,0
2163,2025-10-05,Paid Social,Midwest,0
171,2025-10-05,Email,Southeast,0
5926,2025-10-05,Organic Search,Northeast,0
322,2025-10-05,Paid Social,Midwest,0
553,2025-10-05,Email,Northeast,0
4342,2025-10-05,Paid Social,Southwest,0
6851,2025-10-05,Paid Social,West,0
4224,2025-10-05,Referral,Northeast,0
9525,2025-10-05,Paid Search,Northeast,0
1148,2025-10-05,Paid Search,Southeast,0
2508,2025-10-05,Affiliate,Southwest,0
739,2025-10-05,Paid Social,Southeast,0
7925,2025-10-05,Email,Southwest,0
2186,2025-10-05,Email,Southwest,0
5806,2025-10-05,Paid Social,Southwest,0
9159,2025-10-05,Paid Search,West,0
6674,2025-10-05,Affiliate,West,0
115,2025-10-05,Paid Search,West,0
2113,2025-10-05,Organic Search,Northeast,0
1621,2025-10-05,Organic Search,West,0
1004,2025-10-05,Paid Search,Northeast,0
11190,2025-10-05,Organic Search,Southeast,0
11468,2025-10-06,Referral,West,0
5110,2025-10-06,Paid Social,Southwest,0
3970,2025-10-06,Organic Search,Northeast,0
10046,2025-10-06,Paid Search,Northeast,0
7325,2025-10-06,Organic Search,West,0
53,2025-10-06,Paid Search,Midwest,0
7822,2025-10-06,Paid Search,West,0
8039,2025-10-06,Affiliate,Midwest,0
6885,2025-10-06,Paid Social,Southwest,0
3379,2025-10-06,Referral,West,0
3679,2025-10-06,Affiliate,Southeast,0
9674,2025-10-06,Organic Search,West,0
975,2025-10-06,Paid Search,West,0
8776,2025-10-06,Paid Search,Northeast,0
5221,2025-10-06,Email,Southwest,0
9739,2025-10-06,Organic Search,Midwest,0
8484,2025-10-07,Paid Social,Southeast,0
11415,2025-10-07,Paid Search,Northeast,0
2400,2025-10-07,Paid Search,West,0
6553,2025-10-07,Email,Southeast,0
5830,2025-10-07,Paid Social,Midwest,0
9540,2025-10-07,Paid Search,Northeast,0
6721,2025-10-07,Affiliate,West,0
6312,2025-10-07,Organic Search,Northeast,0
10992,2025-10-07,Paid Social,Midwest,0
8076,2025-10-07,Organic Search,Midwest,0
4070,2025-10-07,Email,Midwest,0
10681,2025-10-07,Paid Social,Southeast,0
6379,2025-10-07,Email,West,0
4812,2025-10-07,Referral,Southwest,0
6585,2025-10-07,Organic Search,Midwest,0
2941,2025-10-07,Paid Search,Midwest,0
1465,2025-10-07,Paid Search,West,0
4312,2025-10-07,Paid Search,Midwest,0
2898,2025-10-07,Paid Search,Midwest,0
1396,2025-10-08,Email,Southeast,0
971,2025-10-08,Paid Search,Southwest,0
7623,2025-10-08,Paid Search,Midwest,0
3984,2025-10-08,Email,Northeast,0
4995,2025-10-08,Referral,Southeast,0
11214,2025-10-08,Affiliate,Southeast,0
1919,2025-10-08,Affiliate,Midwest,0
7599,2025-10-08,Paid Social,Southwest,0
693,2025-10-08,Email,Southwest,0
5138,2025-10-08,Email,Southeast,0
1471,2025-10-08,Referral,West,0
8669,2025-10-08,Paid Search,Southeast,0
10390,2025-10-08,Paid Social,Southwest,0
10051,2025-10-08,Email,Southwest,0
2770,2025-10-08,Paid Social,Northeast,0
4754,2025-10-09,Email,Southwest,0
1531,2025-10-09,Organic Search,Southwest,0
5937,2025-10-09,Paid Social,Midwest,0
4648,2025-10-09,Organic Search,West,0
9730,2025-10-09,Organic Search,Southwest,0
7465,2025-10-09,Paid Social,West,0
2821,2025-10-09,Paid Social,Midwest,0
6409,2025-10-09,Email,Midwest,0
7399,2025-10-09,Referral,Midwest,0
7546,2025-10-09,Organic Search,West,0
4707,2025-10-09,Referral,Southwest,0
1009,2025-10-09,Email,Northeast,0
6003,2025-10-09,Paid Social,Southwest,0
10314,2025-10-09,Organic Search,Southwest,0
8453,2025-10-09,Paid Search,Southwest,0
8208,2025-10-09,Paid Social,Southwest,0
2810,2025-10-09,Referral,Midwest,0
11964,2025-10-09,Paid Search,Midwest,0
10649,2025-10-10,Paid Social,Northeast,0
4920,2025-10-10,Referral,Southwest,0
8483,2025-10-10,Organic Search,West,0
5742,2025-10-10,Organic Search,Midwest,0
6841,2025-10-10,Paid Search,Southeast,0
7301,2025-10-10,Email,West,0
10478,2025-10-10,Organic Search,Midwest,0
1525,2025-10-10,Organic Search,Southwest,0
3471,2025-10-10,Email,Northeast,0
1690,2025-10-10,Paid Social,West,0
2542,2025-10-10,Organic Search,Southwest,0
11388,2025-10-10,Paid Search,Northeast,0
4424,2025-10-10,Affiliate,Midwest,0
7016,2025-10-10,Paid Social,West,0
8226,2025-10-10,Paid Search,West,0
9648,2025-10-10,Organic Search,Southeast,0
2518,2025-10-10,Organic Search,Midwest,0
6394,2025-10-10,Email,West,0
1158,2025-10-10,Affiliate,Southeast,0
3985,2025-10-10,Email,Southeast,0
10182,2025-10-11,Paid Social,Midwest,0
1935,2025-10-11,Referral,Midwest,0
10939,2025-10-11,Paid Search,West,0
2775,2025-10-11,Organic Search,Northeast,0
65,2025-10-11,Affiliate,Northeast,0
4687,2025-10-11,Organic Search,Southeast,0
4622,2025-10-11,Paid Social,Northeast,0
3440,2025-10-11,Paid Social,Southeast,0
3431,2025-10-11,Paid Search,Southwest,0
4971,2025-10-11,Paid Search,Northeast,0
4182,2025-10-11,Paid Search,Southwest,0
1516,2025-10-12,Organic Search,Midwest,0
10984,2025-10-12,Paid Search,West,0
5311,2025-10-12,Paid Search,Southeast,0
4304,2025-10-12,Organic Search,West,0
2522,2025-10-12,Email,Midwest,0
2911,2025-10-12,Paid Social,West,0
1354,2025-10-12,Paid Search,West,0
9987,2025-10-12,Paid Search,Midwest,0
103,2025-10-12,Paid Social,West,0
6557,2025-10-12,Paid Social,Southeast,0
3243,2025-10-12,Paid Social,West,0
2346,2025-10-12,Paid Search,Midwest,0
102,2025-10-12,Paid Social,Southwest,0
10949,2025-10-12,Paid Search,Northeast,0
10601,2025-10-12,Paid Social,Northeast,0
2692,2025-10-12,Email,Midwest,0
5014,2025-10-12,Referral,Midwest,0
3834,2025-10-12,Organic Search,West,0
1468,2025-10-12,Paid Search,Southeast,0
8595,2025-10-13,Paid Search,Southwest,0
7259,2025-10-13,Affiliate,West,0
6046,2025-10-13,Email,Southwest,0
3161,2025-10-13,Paid Search,Southeast,0
6295,2025-10-13,Affiliate,Southwest,0
8132,2025-10-13,Email,Midwest,0
4790,2025-10-13,Email,Northeast,0
10151,2025-10-14,Paid Social,Northeast,0
9711,2025-10-14,Affiliate,Northeast,0
9678,2025-10-14,Organic Search,Midwest,0
186,2025-10-14,Paid Social,Southwest,0
3159,2025-10-14,Organic Search,Southwest,0
4738,2025-10-14,Email,Midwest,0
1013,2025-10-14,Paid Social,Southeast,0
2873,2025-10-14,Paid Social,Southwest,0
5291,2025-10-14,Organic Search,Northeast,0
5184,2025-10-14,Organic Search,Midwest,0
1585,2025-10-14,Paid Search,West,0
766,2025-10-14,Paid Social,Midwest,0
11762,2025-10-14,Email,Southwest,0
11740,2025-10-14,Paid Search,Northeast,0
8831,2025-10-14,Paid Social,Southeast,0
9611,2025-10-14,Paid Search,Northeast,0
9009,2025-10-14,Organic Search,Southeast,0
10384,2025-10-14,Paid Social,West,0
10486,2025-10-14,Referral,Southwest,0
11540,2025-10-15,Referral,West,0
9950,2025-10-15,Referral,Midwest,0
10663,2025-10-15,Paid Social,Midwest,0
3975,2025-10-15,Organic Search,Midwest,0
1440,2025-10-15,Organic Search,Southeast,0
3654,2025-10-15,Paid Social,Northeast,0
3238,2025-10-15,Paid Social,Northeast,0
8925,2025-10-15,Paid Search,Southeast,0
1759,2025-10-15,Paid Search,Southeast,0
1174,2025-10-15,Paid Search,Northeast,0
3080,2025-10-15,Paid Social,West,0
10179,2025-10-15,Referral,Northeast,0
2052,2025-10-15,Paid Social,West,0
4347,2025-10-15,Paid Search,Midwest,0
7447,2025-10-15,Affiliate,Northeast,0
10701,2025-10-15,Email,Northeast,0
4948,2025-10-15,Referral,Northeast,0
3072,2025-10-15,Organic Search,Northeast,0
8970,2025-10-15,Paid Social,Midwest,0
2313,2025-10-16,Organic Search,Southwest,0
4771,2025-10-16,Paid Search,Southeast,0
5728,2025-10-16,Paid Search,Midwest,0
7572,2025-10-16,Referral,Northeast,0
7604,2025-10-16,Organic Search,Southwest,0
7784,2025-10-16,Affiliate,Northeast,0
6145,2025-10-16,Paid Social,Midwest,0
9135,2025-10-16,Paid Social,West,0
3304,2025-10-16,Organic Search,Northeast,0
2981,2025-10-16,Organic Search,Midwest,0
4861,2025-10-16,Paid Search,Southeast,0
548,2025-10-16,Referral,Midwest,0
6410,2025-10-16,Paid Social,Southwest,0
1187,2025-10-16,Paid Social,West,0
9154,2025-10-16,Paid Social,Southeast,0
10877,2025-10-16,Paid Search,Northeast,0
5644,2025-10-16,Affiliate,Midwest,0
2043,2025-10-16,Paid Search,Midwest,0
4750,2025-10-16,Paid Social,Midwest,0
8572,2025-10-16,Organic Search,Midwest,0
10787,2025-10-16,Organic Search,Southeast,0
2147,2025-10-16,Organic Search,West,0
8615,2025-10-16,Paid Social,Southwest,0
7796,2025-10-16,Referral,West,0
11692,2025-10-16,Affiliate,Midwest,0
4152,2025-10-16,Affiliate,Midwest,0
8022,2025-10-16,Organic Search,Northeast,0
1445,2025-10-17,Email,Midwest,0
17,2025-10-17,Organic Search,West,0
7821,2025-10-17,Paid Search,Southwest,0
11739,2025-10-17,Paid Search,West,0
1399,2025-10-17,Organic Search,Midwest,0
10717,2025-10-17,Organic Search,Midwest,0
1947,2025-10-17,Affiliate,Southwest,0
4957,2025-10-17,Organic Search,Midwest,0
8775,2025-10-17,Paid Search,West,0
10926,2025-10-17,Paid Search,West,0
10139,2025-10-17,Paid Social,West,0
7055,2025-10-17,Paid Social,Southeast,0
2339,2025-10-17,Paid Social,Northeast,0
1715,2025-10-17,Paid Search,Southwest,0
3626,2025-10-17,Paid Social,Southwest,0
6809,2025-10-17,Email,Southeast,0
9767,2025-10-17,Organic Search,West,0
3899,2025-10-18,Affiliate,Midwest,0
2497,2025-10-18,Paid Social,West,0
885,2025-10-18,Organic Search,West,0
10246,2025-10-18,Organic Search,Northeast,0
2644,2025-10-18,Organic Search,Midwest,0
2679,2025-10-18,Paid Social,Southwest,0
5883,2025-10-18,Paid Social,Northeast,0
5649,2025-10-18,Paid Search,West,0
4339,2025-10-18,Paid Social,West,0
4534,2025-10-18,Paid Social,Southeast,0
4437,2025-10-18,Referral,Northeast,0
10492,2025-10-18,Paid Social,Northeast,0
9610,2025-10-18,Paid Search,West,0
11380,2025-10-18,Paid Social,Southwest,0
4596,2025-10-18,Email,Midwest,0
9748,2025-10-19,Paid Search,Southeast,0
6823,2025-10-19,Affiliate,Northeast,0
9187,2025-10-19,Paid Search,West,0
11213,2025-10-19,Referral,West,0
8888,2025-10-19,Organic Search,Northeast,0
5408,2025-10-19,Paid Search,Northeast,0
1425,2025-10-19,Affiliate,Southeast,0
5325,2025-10-19,Paid Social,Southeast,0
1642,2025-10-19,Organic Search,Northeast,0
1238,2025-10-19,Paid Social,Northeast,0
9768,2025-10-19,Organic Search,Southwest,0
3801,2025-10-19,Paid Social,Southeast,0
5905,2025-10-19,Paid Search,Northeast,0
7524,2025-10-19,Organic Search,Southwest,0
7471,2025-10-19,Organic Search,Northeast,0
6285,2025-10-19,Email,Southwest,0
5968,2025-10-19,Paid Social,Midwest,0
4230,2025-10-19,Paid Search,Northeast,0
5908,2025-10-19,Paid Social,Southeast,0
3912,2025-10-20,Email,Northeast,0
1300,2025-10-20,Paid Search,Southwest,0
11381,2025-10-20,Paid Social,Northeast,0
11303,2025-10-20,Paid Social,West,0
2370,2025-10-20,Paid Social,Southeast,0
3155,2025-10-20,Paid Search,Southeast,0
4136,2025-10-20,Email,West,0
1307,2025-10-20,Paid Search,West,0
9879,2025-10-20,Organic Search,West,0
6255,2025-10-20,Paid Social,Northeast,0
7819,2025-10-20,Affiliate,West,0
6541,2025-10-20,Paid Social,Midwest,0
8418,2025-10-20,Paid Social,Midwest,0
1006,2025-10-20,Paid Search,West,0
11717,2025-10-21,Organic Search,West,0
10832,2025-10-21,Paid Social,West,0
11680,2025-10-21,Email,Midwest,0
3827,2025-10-21,Email,Southeast,0
11936,2025-10-21,Referral,Northeast,0
9548,2025-10-21,Referral,Southwest,0
1369,2025-10-21,Paid Search,Northeast,0
1290,2025-10-21,Affiliate,Southeast,0
4959,2025-10-21,Paid Search,Midwest,0
8290,2025-10-21,Paid Social,Southeast,0
10642,2025-10-21,Organic Search,Northeast,0
1754,2025-10-21,Referral,Midwest,0
9923,2025-10-21,Paid Social,Northeast,0
10957,2025-10-21,Paid Search,Northeast,0
11696,2025-10-21,Organic Search,Midwest,0
1790,2025-10-21,Email,Midwest,0
2000,2025-10-21,Organic Search,Southwest,0
8049,2025-10-22,Referral,Midwest,0
4164,2025-10-22,Paid Social,Northeast,0
3204,2025-10-22,Paid Social,Southeast,0
2327,2025-10-22,Paid Social,Southwest,0
4875,2025-10-22,Referral,Southeast,0
1168,2025-10-22,Paid Social,Northeast,0
9072,2025-10-22,Paid Social,Midwest,0
4551,2025-10-22,Paid Social,Southeast,0
10278,2025-10-22,Paid Search,West,0
818,2025-10-22,Referral,West,0
4232,2025-10-22,Affiliate,Northeast,0
5724,2025-10-22,Organic Search,West,0
7281,2025-10-22,Paid Social,Northeast,0
6474,2025-10-22,Organic Search,West,0
3927,2025-10-22,Organic Search,Southeast,0
3797,2025-10-22,Organic Search,Southeast,0
10364,2025-10-23,Referral,West,0
2853,2025-10-23,Paid Search,Southwest,0
6957,2025-10-23,Paid Social,West,0
9394,2025-10-23,Paid Search,Southwest,0
7973,2025-10-23,Referral,Midwest,0
10491,2025-10-23,Organic Search,Southeast,0
5588,2025-10-23,Paid Search,Northeast,0
8760,2025-10-23,Organic Search,Midwest,0
2106,2025-10-23,Referral,West,0
2381,2025-10-23,Paid Social,Midwest,0
8485,2025-10-23,Affiliate,Southeast,0
9101,2025-10-23,Paid Social,Southeast,0
2927,2025-10-23,Paid Social,West,0
4160,2025-10-23,Paid Social,West,0
5446,2025-10-23,Organic Search,Northeast,0
3288,2025-10-23,Paid Search,Northeast,0
4829,2025-10-23,Organic Search,Northeast,0
3863,2025-10-23,Paid Social,Southwest,0
5702,2025-10-24,Paid Search,Northeast,0
2268,2025-10-24,Paid Social,Southeast,0
9209,2025-10-24,Affiliate,Midwest,0
67,2025-10-24,Referral,Midwest,0
9832,2025-10-24,Paid Social,Northeast,0
3986,2025-10-24,Organic Search,Southwest,0
7521,2025-10-24,Referral,Southwest,0
10466,2025-10-24,Organic Search,Northeast,0
4906,2025-10-24,Paid Search,Southwest,0
11203,2025-10-24,Paid Search,Northeast,0
4089,2025-10-24,Email,Northeast,0
4941,2025-10-24,Organic Search,West,0
10181,2025-10-24,Organic Search,West,0
6598,2025-10-24,Affiliate,Southeast,0
1698,2025-10-24,Email,West,0
8025,2025-10-24,Organic Search,Southeast,0
232,2025-10-25,Organic Search,Northeast,0
11003,2025-10-25,Paid Search,West,0
8216,2025-10-25,Affiliate,Southwest,0
4084,2025-10-25,Organic Search,Southeast,0
2771,2025-10-25,Organic Search,Southeast,0
1372,2025-10-25,Paid Search,Midwest,0
9204,2025-10-25,Organic Search,Midwest,0
11461,2025-10-25,Paid Social,Midwest,0
8997,2025-10-25,Organic Search,West,0
3044,2025-10-25,Referral,West,0
9505,2025-10-25,Paid Social,Southeast,0
1949,2025-10-25,Paid Social,West,0
2654,2025-10-25,Affiliate,West,0
10023,2025-10-25,Email,Midwest,0
8750,2025-10-25,Referral,Southeast,0
3336,2025-10-25,Organic Search,Northeast,0
768,2025-10-25,Referral,Southwest,0
3768,2025-10-25,Paid Social,Midwest,0
9662,2025-10-25,Paid Search,Northeast,0
9766,2025-10-25,Paid Social,Southwest,0
7873,2025-10-26,Organic Search,Northeast,0
5054,2025-10-26,Referral,West,0
9696,2025-10-26,Paid Social,Southwest,0
3436,2025-10-26,Paid Search,Northeast,0
3226,2025-10-26,Email,Northeast,0
5022,2025-10-26,Referral,Northeast,0
5661,2025-10-26,Paid Social,Southwest,0
886,2025-10-26,Paid Search,West,0
4209,2025-10-26,Paid Social,Southwest,0
7924,2025-10-26,Paid Social,Midwest,0
6860,2025-10-26,Organic Search,Northeast,0
4857,2025-10-26,Paid Search,Southwest,0
10871,2025-10-26,Paid Social,Southeast,0
11684,2025-10-26,Referral,West,0
4762,2025-10-26,Organic Search,Northeast,0
7931,2025-10-26,Organic Search,Southeast,0
9688,2025-10-26,Paid Search,Midwest,0
7122,2025-10-26,Paid Search,West,0
6469,2025-10-26,Paid Search,Northeast,0
3107,2025-10-26,Paid Search,Northeast,0
7544,2025-10-26,Paid Search,Southeast,0
11698,2025-10-26,Paid Social,West,0
4257,2025-10-26,Organic Search,Midwest,0
1222,2025-10-27,Paid Social,Southeast,0
4419,2025-10-27,Paid Search,Northeast,0
9520,2025-10-27,Email,Northeast,0
327,2025-10-27,Paid Social,West,0
4675,2025-10-27,Email,Southwest,0
5499,2025-10-27,Paid Search,Southwest,0
1814,2025-10-27,Email,Midwest,0
6187,2025-10-27,Referral,Southwest,0
8746,2025-10-27,Paid Social,Northeast,0
1865,2025-10-27,Paid Social,Southeast,0
4169,2025-10-27,Organic Search,West,0
10721,2025-10-27,Email,Midwest,0
8854,2025-10-28,Paid Social,Midwest,0
1023,2025-10-28,Organic Search,Midwest,0
10914,2025-10-28,Paid Social,Southwest,0
1529,2025-10-28,Paid Search,Midwest,0
6330,2025-10-28,Paid Social,Northeast,0
3942,2025-10-28,Affiliate,Southeast,0
517,2025-10-28,Paid Social,Southeast,0
201,2025-10-28,Email,Northeast,0
11182,2025-10-28,Paid Social,Midwest,0
1123,2025-10-28,Email,West,0
7680,2025-10-28,Paid Social,Northeast,0
2015,2025-10-28,Paid Search,West,0
1649,2025-10-28,Organic Search,Southeast,0
2976,2025-10-28,Organic Search,West,0
10353,2025-10-28,Paid Social,Southwest,0
5270,2025-10-28,Email,Southwest,0
6143,2025-10-28,Affiliate,Southwest,0
2055,2025-10-28,Paid Social,Northeast,0
6166,2025-10-28,Affiliate,West,0
1713,2025-10-28,Paid Social,Southeast,0
11773,2025-10-28,Paid Social,Southeast,0
1089,2025-10-29,Paid Social,Midwest,0
5374,2025-10-29,Paid Search,Midwest,0
11326,2025-10-29,Paid Search,Northeast,0
1333,2025-10-29,Paid Search,Northeast,0
3003,2025-10-29,Referral,Southeast,0
9844,2025-10-29,Paid Social,West,0
3969,2025-10-29,Referral,West,0
1049,2025-10-29,Paid Search,West,0
1598,2025-10-29,Email,Southwest,0
11084,2025-10-29,Referral,Northeast,0
10987,2025-10-29,Paid Social,Southeast,0
6112,2025-10-29,Paid Search,Southeast,0
5300,2025-10-29,Referral,West,0
5791,2025-10-29,Paid Search,Southeast,0
8365,2025-10-29,Email,Midwest,0
7257,2025-10-29,Affiliate,West,0
10196,2025-10-29,Paid Social,Southwest,0
5991,2025-10-30,Affiliate,Southeast,0
3475,2025-10-30,Affiliate,Southeast,0
2154,2025-10-30,Paid Search,West,0
8922,2025-10-30,Paid Social,Northeast,0
213,2025-10-30,Affiliate,Southeast,0
10870,2025-10-30,Paid Social,Southeast,0
11108,2025-10-30,Paid Search,West,0
11083,2025-10-30,Paid Social,Southwest,0
3758,2025-10-30,Organic Search,West,0
11847,2025-10-30,Organic Search,Southeast,0
9587,2025-10-30,Organic Search,Southeast,0
4811,2025-10-30,Referral,Midwest,0
5192,2025-10-30,Referral,Southwest,0
5230,2025-10-30,Affiliate,Southwest,0
8124,2025-10-31,Paid Social,Southwest,0
9375,2025-10-31,Paid Search,Northeast,0
11534,2025-10-31,Paid Search,Southeast,0
9086,2025-10-31,Referral,West,0
1897,2025-10-31,Affiliate,Southeast,0
7182,2025-10-31,Affiliate,West,0
9195,2025-10-31,Email,Midwest,0
3484,2025-10-31,Affiliate,Northeast,0
7307,2025-10-31,Organic Search,West,0
8584,2025-10-31,Paid Social,Northeast,0
8244,2025-10-31,Email,Southeast,0
4888,2025-10-31,Paid Social,Southeast,0
9778,2025-10-31,Paid Social,Northeast,0
1196,2025-10-31,Paid Search,West,0
1868,2025-10-31,Organic Search,Northeast,0
7152,2025-10-31,Affiliate,West,0
7082,2025-10-31,Paid Search,Northeast,0
9493,2025-10-31,Paid Search,Northeast,0
9365,2025-10-31,Organic Search,Southeast,0
3907,2025-11-01,Paid Social,Southeast,0
1728,2025-11-01,Email,Midwest,0
4186,2025-11-01,Organic Search,Northeast,0
6241,2025-11-01,Paid Social,Southwest,0
3826,2025-11-01,Organic Search,Northeast,0
4221,2025-11-01,Referral,Northeast,0
9954,2025-11-01,Paid Social,Southeast,0
4444,2025-11-01,Organic Search,West,0
7461,2025-11-01,Paid Social,Midwest,0
10251,2025-11-01,Affiliate,Southeast,0
6274,2025-11-01,Email,Northeast,0
1164,2025-11-01,Paid Social,Southwest,0
1157,2025-11-01,Paid Social,Midwest,0
7112,2025-11-01,Paid Search,Northeast,0
5910,2025-11-01,Referral,Northeast,0
8564,2025-11-01,Paid Search,Southeast,0
8725,2025-11-01,Email,Northeast,0
5824,2025-11-01,Paid Social,Northeast,0
10187,2025-11-01,Organic Search,Midwest,0
4068,2025-11-01,Organic Search,West,0
2172,2025-11-01,Paid Search,Northeast,0
3616,2025-11-01,Paid Social,Northeast,0
11961,2025-11-01,Organic Search,West,0
5279,2025-11-01,Affiliate,Northeast,0
10289,2025-11-01,Paid Search,Midwest,0
7692,2025-11-01,Email,Southwest,0
7504,2025-11-01,Paid Social,West,0
8590,2025-11-01,Paid Social,Southeast,0
10644,2025-11-01,Organic Search,Southeast,0
8298,2025-11-01,Referral,Midwest,0
6357,2025-11-01,Paid Search,Northeast,0
716,2025-11-01,Email,Midwest,0
9941,2025-11-02,Referral,Midwest,0
576,2025-11-02,Paid Search,West,0
4267,2025-11-02,Paid Social,Midwest,0
9725,2025-11-02,Organic Search,Southeast,0
4426,2025-11-02,Email,Midwest,0
2167,2025-11-02,Referral,Midwest,0
2450,2025-11-02,Paid Search,Southeast,0
1979,2025-11-02,Paid Social,Southeast,0
8003,2025-11-02,Organic Search,Southeast,0
2867,2025-11-02,Paid Social,West,0
1787,2025-11-02,Referral,West,0
7666,2025-11-02,Paid Social,Northeast,0
4129,2025-11-02,Paid Social,Southwest,0
11649,2025-11-02,Paid Social,Southeast,0
9549,2025-11-02,Email,Midwest,0
4654,2025-11-02,Organic Search,West,0
5704,2025-11-02,Paid Social,Southwest,0
2111,2025-11-02,Paid Search,Midwest,0
7335,2025-11-02,Organic Search,Northeast,0
4541,2025-11-02,Paid Social,Midwest,0
4651,2025-11-02,Paid Search,Southeast,0
73,2025-11-02,Paid Social,West,0
4690,2025-11-02,Affiliate,Northeast,0
256,2025-11-02,Paid Search,West,0
6995,2025-11-02,Paid Social,West,0
4668,2025-11-02,Paid Search,Southwest,0
2187,2025-11-02,Paid Social,Northeast,0
6588,2025-11-02,Paid Search,Southwest,0
6264,2025-11-02,Organic Search,West,0
11159,2025-11-02,Paid Search,West,0
9539,2025-11-02,Email,West,0
10831,2025-11-02,Paid Social,Midwest,0
10639,2025-11-02,Organic Search,West,0
5302,2025-11-02,Email,West,0
10549,2025-11-02,Paid Search,West,0
1658,2025-11-03,Organic Search,Northeast,0
5711,2025-11-03,Email,Southeast,0
4371,2025-11-03,Paid Search,West,0
11710,2025-11-03,Paid Social,Northeast,0
6210,2025-11-03,Affiliate,Midwest,0
3354,2025-11-03,Paid Search,Southeast,0
817,2025-11-03,Paid Search,West,0
9000,2025-11-03,Paid Social,Northeast,0
11918,2025-11-03,Paid Social,Southeast,0
1734,2025-11-03,Paid Social,Midwest,0
2801,2025-11-03,Organic Search,West,0
11498,2025-11-03,Paid Search,Midwest,0
8825,2025-11-03,Paid Search,Northeast,0
10153,2025-11-03,Email,West,0
2462,2025-11-03,Organic Search,Midwest,0
3619,2025-11-03,Affiliate,Midwest,0
6781,2025-11-03,Paid Social,Southwest,0
7641,2025-11-03,Referral,Southwest,0
2487,2025-11-03,Paid Search,West,0
4702,2025-11-03,Paid Search,Southeast,0
5615,2025-11-03,Email,Southeast,0
9580,2025-11-03,Email,Midwest,0
8812,2025-11-03,Paid Social,Northeast,0
7485,2025-11-03,Paid Social,Southeast,0
1166,2025-11-03,Organic Search,West,0
240,2025-11-03,Referral,Southeast,0
10009,2025-11-03,Paid Social,Northeast,0
11885,2025-11-03,Paid Social,West,0
11626,2025-11-03,Paid Search,Midwest,0
4197,2025-11-03,Email,Northeast,0
3123,2025-11-03,Paid Search,Northeast,0
5980,2025-11-03,Organic Search,Southeast,0
5528,2025-11-03,Paid Social,Northeast,0
11054,2025-11-03,Paid Social,Southeast,0
2388,2025-11-03,Organic Search,Southeast,0
5338,2025-11-03,Organic Search,West,0
2359,2025-11-04,Paid Search,Southwest,0
8592,2025-11-04,Organic Search,Northeast,0
11994,2025-11-04,Referral,Southwest,0
6067,2025-11-04,Paid Search,West,0
8371,2025-11-04,Paid Search,Northeast,0
9938,2025-11-04,Paid Social,Southwest,0
9516,2025-11-04,Affiliate,Northeast,0
8001,2025-11-04,Paid Search,West,0
2571,2025-11-04,Affiliate,West,0
4681,2025-11-04,Paid Social,Northeast,0
8279,2025-11-04,Paid Search,Southeast,0
279,2025-11-04,Paid Social,Southeast,0
8029,2025-11-04,Organic Search,Northeast,0
9227,2025-11-04,Affiliate,West,0
7788,2025-11-04,Organic Search,Southwest,0
5723,2025-11-04,Paid Social,Southwest,0
3001,2025-11-04,Organic Search,Midwest,0
7711,2025-11-04,Email,Southeast,0
1034,2025-11-04,Affiliate,Southeast,0
5554,2025-11-04,Paid Social,Northeast,0
11770,2025-11-04,Paid Social,Southeast,0
5103,2025-11-04,Organic Search,Southeast,0
9379,2025-11-04,Email,West,0
8551,2025-11-04,Paid Social,Midwest,0
4384,2025-11-04,Email,Southeast,0
655,2025-11-04,Paid Search,Southeast,0
5053,2025-11-04,Paid Social,Northeast,0
5879,2025-11-04,Affiliate,West,0
1118,2025-11-04,Email,Northeast,0
8733,2025-11-04,Paid Search,Southeast,0
6527,2025-11-04,Paid Search,Southwest,0
1794,2025-11-04,Organic Search,Midwest,0
1848,2025-11-05,Paid Search,Southeast,0
3200,2025-11-05,Organic Search,Midwest,0
3791,2025-11-05,Paid Social,Northeast,0
6978,2025-11-05,Referral,West,0
11546,2025-11-05,Organic Search,Southeast,0
520,2025-11-05,Email,Midwest,0
5073,2025-11-05,Paid Social,Midwest,0
5321,2025-11-05,Paid Social,Northeast,0
9309,2025-11-05,Email,West,0
10272,2025-11-05,Organic Search,West,0
3538,2025-11-05,Paid Social,Southwest,0
9391,2025-11-05,Referral,Northeast,0
10516,2025-11-05,Email,Northeast,0
5189,2025-11-05,Affiliate,West,0
8119,2025-11-05,Paid Search,Southeast,0
10455,2025-11-05,Paid Social,West,0
10906,2025-11-05,Paid Social,Southwest,0
11392,2025-11-05,Paid Social,Northeast,0
1380,2025-11-05,Paid Search,Southwest,0
9348,2025-11-05,Paid Search,West,0
10176,2025-11-05,Email,Southeast,0
3099,2025-11-05,Paid Search,Southeast,0
280,2025-11-05,Paid Search,Southwest,0
97,2025-11-05,Referral,Midwest,0
9141,2025-11-05,Email,West,0
10387,2025-11-05,Paid Social,West,0
10674,2025-11-06,Paid Search,Midwest,0
9202,2025-11-06,Organic Search,Southeast,0
2844,2025-11-06,Paid Social,Northeast,0
1559,2025-11-06,Paid Search,Southeast,0
9193,2025-11-06,Paid Search,Southwest,0
8432,2025-11-06,Organic Search,Southeast,0
3523,2025-11-06,Paid Social,Southwest,0
9382,2025-11-06,Organic Search,West,0
701,2025-11-06,Referral,Southwest,0
8876,2025-11-06,Paid Social,Southeast,0
8217,2025-11-06,Paid Search,West,0
9626,2025-11-06,Referral,Southwest,0
2320,2025-11-06,Paid Search,Southwest,0
3413,2025-11-06,Organic Search,Southeast,0
601,2025-11-06,Paid Search,West,0
11505,2025-11-06,Paid Search,Midwest,0
2009,2025-11-06,Paid Search,Southwest,0
6427,2025-11-06,Paid Social,Midwest,0
8058,2025-11-06,Paid Social,Midwest,0
727,2025-11-06,Paid Social,Midwest,0
3941,2025-11-06,Paid Social,Northeast,0
8545,2025-11-06,Paid Search,Northeast,0
529,2025-11-06,Paid Social,Midwest,0
3916,2025-11-06,Affiliate,Northeast,0
900,2025-11-06,Paid Social,West,0
11745,2025-11-06,Paid Social,Northeast,0
7919,2025-11-06,Organic Search,Northeast,0
349,2025-11-07,Paid Search,Southeast,0
3943,2025-11-07,Paid Social,Northeast,0
2963,2025-11-07,Organic Search,West,0
978,2025-11-07,Paid Search,West,0
4672,2025-11-07,Organic Search,Midwest,0
7378,2025-11-07,Paid Social,West,0
8074,2025-11-07,Organic Search,Southwest,0
5056,2025-11-07,Paid Social,Midwest,0
8220,2025-11-07,Email,Southwest,0
9178,2025-11-07,Affiliate,Midwest,0
4258,2025-11-07,Paid Search,Southwest,0
10828,2025-11-07,Paid Social,Southwest,0
4626,2025-11-07,Organic Search,Midwest,0
9402,2025-11-07,Paid Social,West,0
2013,2025-11-07,Paid Search,Southwest,0
9270,2025-11-07,Organic Search,Southeast,0
11320,2025-11-07,Paid Social,Midwest,0
2019,2025-11-07,Referral,Northeast,0
6606,2025-11-08,Email,West,0
723,2025-11-08,Paid Social,West,0
11576,2025-11-08,Referral,Northeast,0
1958,2025-11-08,Paid Social,Northeast,0
2755,2025-11-08,Paid Social,Southeast,0
8748,2025-11-08,Organic Search,Southwest,0
1476,2025-11-08,Organic Search,Northeast,0
4925,2025-11-08,Paid Social,Southeast,0
3839,2025-11-08,Paid Search,Midwest,0
10170,2025-11-08,Organic Search,Northeast,0
8530,2025-11-08,Paid Social,Southeast,0
4914,2025-11-08,Paid Social,Northeast,0
7419,2025-11-08,Referral,Midwest,0
10199,2025-11-08,Paid Social,Northeast,0
2022,2025-11-08,Paid Search,Northeast,0
8398,2025-11-08,Referral,Southeast,0
7133,2025-11-08,Paid Search,Northeast,0
4191,2025-11-08,Organic Search,Northeast,0
5657,2025-11-08,Referral,West,0
5368,2025-11-08,Paid Social,Northeast,0
672,2025-11-08,Paid Social,Southwest,0
1200,2025-11-08,Email,Northeast,0
9702,2025-11-08,Paid Search,Northeast,0
2379,2025-11-08,Paid Social,Northeast,0
1694,2025-11-09,Affiliate,West,0
4636,2025-11-09,Paid Social,West,0
3631,2025-11-09,Email,West,0
7992,2025-11-09,Paid Search,Southwest,0
11045,2025-11-09,Organic Search,West,0
10000,2025-11-09,Organic Search,Midwest,0
3205,2025-11-09,Paid Search,Northeast,0
1821,2025-11-09,Paid Search,Southeast,0
6233,2025-11-09,Paid Social,Southwest,0
8792,2025-11-09,Paid Social,Northeast,0
4125,2025-11-09,Paid Social,Southeast,0
6951,2025-11-09,Paid Social,Southwest,0
2153,2025-11-09,Paid Social,Midwest,0
6897,2025-11-09,Email,Midwest,0
7005,2025-11-09,Paid Search,West,0
11743,2025-11-09,Organic Search,West,0
8458,2025-11-09,Paid Social,Southeast,0
10897,2025-11-09,Paid Social,Southeast,0
7267,2025-11-09,Organic Search,Northeast,0
7293,2025-11-09,Paid Social,West,0
4494,2025-11-09,Paid Search,Northeast,0
5102,2025-11-09,Paid Social,Northeast,0
8184,2025-11-09,Organic Search,West,0
632,2025-11-09,Referral,Northeast,0
6344,2025-11-09,Email,Midwest,0
2623,2025-11-09,Organic Search,Midwest,0
10189,2025-11-09,Referral,Northeast,0
2136,2025-11-09,Paid Social,West,0
9598,2025-11-09,Paid Search,West,0
3700,2025-11-09,Paid Search,Midwest,0
11245,2025-11-09,Paid Social,Midwest,0
2746,2025-11-09,Organic Search,Midwest,0
775,2025-11-09,Paid Social,Northeast,0
5918,2025-11-09,Organic Search,Northeast,0
5772,2025-11-10,Paid Social,Southwest,0
6214,2025-11-10,Organic Search,Southeast,0
3402,2025-11-10,Organic Search,Midwest,0
4867,2025-11-10,Paid Search,Southeast,0
3291,2025-11-10,Email,Southeast,0
3640,2025-11-10,Paid Social,Midwest,0
9737,2025-11-10,Organic Search,Southeast,0
2480,2025-11-10,Paid Social,West,0
6425,2025-11-10,Referral,West,0
7896,2025-11-10,Organic Search,Northeast,0
4737,2025-11-10,Organic Search,Northeast,0
4290,2025-11-10,Paid Search,Midwest,0
7132,2025-11-10,Paid Search,Midwest,0
2284,2025-11-10,Referral,West,0
4204,2025-11-10,Email,Midwest,0
2717,2025-11-10,Paid Social,Southwest,0
11307,2025-11-10,Affiliate,Southwest,0
3027,2025-11-10,Paid Search,Southwest,0
1537,2025-11-10,Paid Search,Midwest,0
7472,2025-11-10,Organic Search,Southeast,0
10131,2025-11-10,Paid Search,Northeast,0
4057,2025-11-10,Email,Southeast,0
10783,2025-11-10,Paid Social,Midwest,0
44,2025-11-10,Organic Search,Northeast,0
4721,2025-11-10,Paid Social,West,0
2818,2025-11-10,Affiliate,Midwest,0
7841,2025-11-10,Paid Social,Northeast,0
602,2025-11-10,Affiliate,Southwest,0
3014,2025-11-11,Email,Northeast,0
3171,2025-11-11,Affiliate,Southeast,0
2767,2025-11-11,Paid Social,Southeast,0
1304,2025-11-11,Organic Search,West,0
5298,2025-11-11,Paid Social,Northeast,0
4234,2025-11-11,Referral,Northeast,0
2264,2025-11-11,Organic Search,West,0
5012,2025-11-11,Paid Search,Midwest,0
2058,2025-11-11,Affiliate,Northeast,0
8259,2025-11-11,Organic Search,Southeast,0
747,2025-11-11,Paid Social,Northeast,0
10590,2025-11-11,Paid Search,West,0
6345,2025-11-11,Paid Search,Midwest,0
8433,2025-11-11,Paid Social,West,0
3233,2025-11-11,Referral,West,0
7462,2025-11-11,Paid Search,Southeast,0
1536,2025-11-11,Referral,Southeast,0
9902,2025-11-11,Paid Social,West,0
3858,2025-11-11,Paid Search,Northeast,0
2084,2025-11-11,Paid Search,West,0
6582,2025-11-11,Paid Search,Southeast,0
8559,2025-11-11,Paid Social,Midwest,0
8743,2025-11-11,Organic Search,Southeast,0
9400,2025-11-12,Referral,Southeast,0
6243,2025-11-12,Paid Social,West,0
2748,2025-11-12,Referral,Northeast,0
5360,2025-11-12,Email,Midwest,0
6493,2025-11-12,Referral,Southeast,0
10600,2025-11-12,Paid Social,Midwest,0
7403,2025-11-12,Paid Social,Midwest,0
8508,2025-11-12,Referral,Midwest,0
3381,2025-11-12,Referral,Southeast,0
2915,2025-11-12,Paid Search,Southeast,0
9515,2025-11-12,Referral,Southeast,0
10276,2025-11-12,Organic Search,Midwest,0
11611,2025-11-12,Email,Southeast,0
4130,2025-11-12,Paid Search,Northeast,0
6910,2025-11-12,Email,Northeast,0
3542,2025-11-12,Organic Search,Southeast,0
10127,2025-11-12,Paid Search,Southwest,0
7996,2025-11-12,Referral,Northeast,0
3919,2025-11-12,Paid Social,Northeast,0
7981,2025-11-12,Paid Search,Midwest,0
93,2025-11-12,Paid Search,Southeast,0
2422,2025-11-12,Affiliate,West,0
9916,2025-11-12,Paid Search,Northeast,0
8405,2025-11-12,Paid Social,Midwest,0
3684,2025-11-12,Paid Search,West,0
10438,2025-11-12,Email,Southeast,0
6774,2025-11-12,Organic Search,Midwest,0
2156,2025-11-12,Affiliate,Midwest,0
5662,2025-11-12,Paid Search,Midwest,0
6373,2025-11-13,Organic Search,Northeast,0
11285,2025-11-13,Organic Search,Northeast,0
4172,2025-11-13,Organic Search,Southeast,0
2764,2025-11-13,Email,Northeast,0
778,2025-11-13,Affiliate,Southeast,0
9310,2025-11-13,Paid Search,West,0
4105,2025-11-13,Referral,Southeast,0
9425,2025-11-13,Paid Social,Southeast,0
1573,2025-11-13,Email,Southwest,0
4031,2025-11-13,Paid Search,Midwest,0
8729,2025-11-13,Paid Social,Northeast,0
8784,2025-11-13,Organic Search,Northeast,0
1351,2025-11-13,Email,Southeast,0
2826,2025-11-13,Referral,West,0
10761,2025-11-13,Paid Search,Northeast,0
4211,2025-11-13,Paid Social,Southeast,0
7498,2025-11-13,Paid Search,Southeast,0
4625,2025-11-13,Paid Social,Southwest,0
10790,2025-11-13,Paid Social,Southwest,0
8430,2025-11-13,Paid Social,Southwest,0
182,2025-11-13,Paid Social,Northeast,0
9947,2025-11-13,Referral,Southeast,0
8642,2025-11-13,Organic Search,Northeast,0
2227,2025-11-13,Referral,Southeast,0
4800,2025-11-13,Email,Southwest,1
4940,2025-11-13,Paid Social,West,0
274,2025-11-13,Affiliate,Southwest,0
9211,2025-11-13,Paid Social,West,0
7980,2025-11-13,Paid Search,Midwest,0
8174,2025-11-13,Paid Social,Northeast,0
758,2025-11-13,Paid Search,Southeast,0
2277,2025-11-13,Email,West,0
3866,2025-11-13,Paid Social,Southwest,0
596,2025-11-14,Affiliate,West,0
9628,2025-11-14,Organic Search,Southeast,0
90,2025-11-14,Paid Social,Northeast,0
7867,2025-11-14,Paid Social,West,0
725,2025-11-14,Paid Social,Southwest,0
4640,2025-11-14,Paid Social,Southeast,0
6828,2025-11-14,Email,Southeast,0
6751,2025-11-14,Paid Search,West,0
6450,2025-11-14,Email,Midwest,0
2578,2025-11-14,Paid Search,Northeast,0
3510,2025-11-14,Paid Search,West,0
6972,2025-11-14,Organic Search,Midwest,0
11379,2025-11-14,Email,Southwest,0
7083,2025-11-14,Paid Search,Southwest,0
2993,2025-11-14,Paid Social,Northeast,0
11843,2025-11-14,Paid Social,Midwest,0
371,2025-11-14,Paid Search,Northeast,0
1410,2025-11-14,Organic Search,Northeast,0
8885,2025-11-14,Referral,Midwest,0
1161,2025-11-14,Organic Search,Northeast,0
9863,2025-11-14,Paid Search,West,0
927,2025-11-14,Organic Search,Midwest,0
8506,2025-11-15,Paid Search,West,0
8115,2025-11-15,Paid Social,Southeast,0
1980,2025-11-15,Paid Social,Northeast,0
9363,2025-11-15,Referral,Southwest,0
8283,2025-11-15,Affiliate,West,0
8604,2025-11-15,Paid Search,Southwest,0
837,2025-11-15,Paid Search,Northeast,0
3771,2025-11-15,Paid Social,West,0
5475,2025-11-15,Paid Search,Midwest,0
10422,2025-11-15,Paid Social,West,0
10413,2025-11-15,Paid Search,Northeast,0
2135,2025-11-15,Email,West,0
2064,2025-11-15,Referral,West,0
4382,2025-11-15,Referral,Southeast,0
508,2025-11-15,Referral,West,0
5534,2025-11-15,Organic Search,Northeast,0
8623,2025-11-15,Organic Search,Midwest,0
956,2025-11-15,Paid Social,Northeast,0
11076,2025-11-15,Referral,Northeast,0
7439,2025-11-15,Referral,Southeast,0
6502,2025-11-15,Email,Northeast,0
1348,2025-11-15,Email,West,0
11548,2025-11-15,Paid Social,West,0
10785,2025-11-15,Organic Search,Southeast,0
5363,2025-11-15,Paid Search,Southeast,0
8667,2025-11-15,Paid Social,West,0
10173,2025-11-15,Paid Social,Southwest,0
10150,2025-11-15,Email,West,0
10742,2025-11-16,Paid Social,Northeast,0
5924,2025-11-16,Paid Social,Southeast,0
10708,2025-11-16,Paid Social,West,0
11145,2025-11-16,Organic Search,Midwest,0
2040,2025-11-16,Paid Social,Northeast,0
5379,2025-11-16,Paid Social,Midwest,0
3889,2025-11-16,Paid Search,Southwest,0
174,2025-11-16,Paid Social,Southwest,0
7280,2025-11-16,Paid Social,Southwest,0
10472,2025-11-16,Affiliate,Southeast,0
11716,2025-11-16,Paid Search,West,0
11591,2025-11-16,Paid Social,Midwest,0
951,2025-11-16,Organic Search,Midwest,0
2572,2025-11-16,Referral,Northeast,0
8136,2025-11-16,Paid Search,Southeast,0
9457,2025-11-16,Paid Social,Northeast,0
2864,2025-11-16,Organic Search,Southwest,0
7350,2025-11-16,Paid Social,Southwest,0
8919,2025-11-16,Paid Social,Midwest,0
7636,2025-11-16,Paid Social,Southwest,0
4403,2025-11-16,Paid Social,West,0
9389,2025-11-16,Organic Search,West,0
406,2025-11-16,Affiliate,Midwest,0
3979,2025-11-16,Paid Social,West,0
805,2025-11-16,Paid Social,Midwest,0
2704,2025-11-16,Referral,Midwest,0
7915,2025-11-17,Paid Social,Midwest,0
4512,2025-11-17,Referral,Northeast,0
2564,2025-11-17,Paid Search,Northeast,0
2216,2025-11-17,Referral,Southwest,0
1854,2025-11-17,Email,Southwest,0
1195,2025-11-17,Paid Social,Midwest,0
5709,2025-11-17,Referral,Southeast,0
3570,2025-11-17,Organic Search,Northeast,0
6886,2025-11-17,Email,Southeast,0
1757,2025-11-17,Paid Social,Southeast,0
11400,2025-11-17,Organic Search,Midwest,0
629,2025-11-17,Paid Search,West,0
7883,2025-11-17,Email,Southwest,0
3547,2025-11-17,Affiliate,West,0
8306,2025-11-17,Referral,West,0
1441,2025-11-17,Paid Social,Southwest,0
4836,2025-11-17,Affiliate,Southeast,0
3849,2025-11-17,Paid Social,Southeast,0
6294,2025-11-17,Email,West,0
6161,2025-11-17,Referral,Northeast,0
10557,2025-11-17,Referral,Northeast,0
6568,2025-11-17,Paid Search,West,0
8693,2025-11-17,Affiliate,West,0
3064,2025-11-17,Organic Search,Midwest,0
4552,2025-11-17,Paid Search,Southeast,0
10878,2025-11-17,Referral,Northeast,0
3883,2025-11-17,Referral,Southeast,0
706,2025-11-17,Paid Search,Northeast,0
3591,2025-11-17,Paid Social,Southeast,0
530,2025-11-18,Paid Social,Midwest,0
7330,2025-11-18,Referral,Southwest,0
3738,2025-11-18,Paid Social,West,0
5956,2025-11-18,Paid Social,West,0
10055,2025-11-18,Affiliate,Northeast,0
5100,2025-11-18,Paid Social,Southwest,0
3957,2025-11-18,Paid Search,Northeast,0
1450,2025-11-18,Email,Southeast,0
9924,2025-11-18,Paid Social,Midwest,0
11641,2025-11-18,Organic Search,Southeast,0
10194,2025-11-18,Paid Social,Midwest,0
7534,2025-11-18,Email,Southeast,0
7690,2025-11-18,Affiliate,Midwest,0
11553,2025-11-18,Referral,Northeast,0
2496,2025-11-18,Paid Search,Northeast,0
11515,2025-11-18,Organic Search,Southwest,0
1575,2025-11-18,Referral,Midwest,0
10595,2025-11-18,Referral,Northeast,0
9686,2025-11-18,Paid Search,Northeast,0
851,2025-11-18,Paid Social,Midwest,0
1952,2025-11-18,Paid Social,Southeast,0
1543,2025-11-18,Paid Search,Midwest,0
8520,2025-11-18,Organic Search,Southeast,0
5646,2025-11-18,Paid Search,Southwest,0
8887,2025-11-18,Paid Social,West,0
8240,2025-11-18,Organic Search,Northeast,0
4525,2025-11-18,Paid Search,Northeast,0
7438,2025-11-18,Paid Social,Southeast,0
8139,2025-11-18,Affiliate,Northeast,0
8133,2025-11-18,Paid Social,Midwest,0
4803,2025-11-18,Paid Social,Southeast,0
481,2025-11-18,Paid Search,Northeast,0
9338,2025-11-18,Paid Social,Southeast,0
1494,2025-11-18,Organic Search,West,0
211,2025-11-18,Paid Search,Northeast,0
5060,2025-11-19,Affiliate,Northeast,0
2809,2025-11-19,Paid Social,Southeast,0
5900,2025-11-19,Paid Search,Southwest,0
5876,2025-11-19,Paid Search,Midwest,0
804,2025-11-19,Paid Social,Northeast,0
8040,2025-11-19,Referral,Northeast,0
2604,2025-11-19,Paid Social,Midwest,0
9643,2025-11-19,Paid Social,Southwest,0
2010,2025-11-19,Organic Search,Southeast,0
3260,2025-11-19,Referral,Midwest,0
1274,2025-11-19,Organic Search,West,0
8238,2025-11-19,Email,West,0
8229,2025-11-19,Organic Search,Southwest,0
8104,2025-11-19,Paid Search,Midwest,0
1824,2025-11-19,Paid Search,West,0
3562,2025-11-19,Paid Search,Midwest,0
1795,2025-11-19,Affiliate,West,0
1985,2025-11-19,Organic Search,Northeast,0
3832,2025-11-19,Organic Search,Southwest,0
4196,2025-11-19,Organic Search,Northeast,0
6136,2025-11-19,Organic Search,Midwest,0
1616,2025-11-19,Paid Search,Southwest,0
2190,2025-11-19,Paid Social,Northeast,0
7098,2025-11-19,Affiliate,Midwest,0
10495,2025-11-19,Organic Search,Northeast,0
1376,2025-11-19,Paid Search,Southeast,0
10586,2025-11-19,Paid Social,Midwest,0
2324,2025-11-19,Paid Social,Southwest,0
4628,2025-11-19,Organic Search,West,0
6929,2025-11-19,Paid Social,Midwest,0
11355,2025-11-19,Organic Search,Southeast,0
1366,2025-11-19,Email,Southwest,0
11082,2025-11-20,Paid Social,Northeast,0
5028,2025-11-20,Email,Southeast,0
11558,2025-11-20,Organic Search,Southeast,0
7052,2025-11-20,Organic Search,West,0
10033,2025-11-20,Affiliate,Midwest,0
7047,2025-11-20,Paid Social,West,0
492,2025-11-20,Paid Social,West,0
4490,2025-11-20,Affiliate,Southwest,0
8417,2025-11-20,Paid Search,Southeast,0
10848,2025-11-20,Organic Search,Northeast,0
7058,2025-11-20,Paid Search,Midwest,0
2523,2025-11-20,Organic Search,Midwest,0
8161,2025-11-20,Paid Search,West,0
8285,2025-11-20,Organic Search,Midwest,0
5686,2025-11-20,Paid Social,Midwest,0
9463,2025-11-20,Paid Search,Northeast,0
9237,2025-11-20,Email,Midwest,0
4882,2025-11-20,Referral,Southwest,0
7684,2025-11-20,Email,Northeast,0
7408,2025-11-20,Paid Social,Southeast,0
2683,2025-11-20,Organic Search,Southwest,0
889,2025-11-20,Paid Social,Southeast,0
3659,2025-11-20,Referral,Southeast,0
9546,2025-11-20,Referral,West,0
6547,2025-11-20,Paid Search,Northeast,0
8892,2025-11-20,Organic Search,Southeast,0
2978,2025-11-21,Paid Social,Southeast,0
6250,2025-11-21,Paid Search,Midwest,0
2115,2025-11-21,Paid Search,West,0
7040,2025-11-21,Paid Social,West,0
6298,2025-11-21,Organic Search,Northeast,0
11969,2025-11-21,Organic Search,Southwest,0
4769,2025-11-21,Paid Search,Midwest,0
8105,2025-11-21,Paid Social,Northeast,0
9617,2025-11-21,Paid Social,Southeast,0
1515,2025-11-21,Paid Search,Northeast,0
2875,2025-11-21,Paid Search,Midwest,0
387,2025-11-21,Referral,West,0
8367,2025-11-21,Organic Search,Southwest,0
9689,2025-11-21,Organic Search,Northeast,0
4930,2025-11-21,Paid Search,Southeast,0
10156,2025-11-21,Paid Search,Southeast,0
5617,2025-11-21,Organic Search,Midwest,0
8668,2025-11-21,Paid Social,Southeast,0
1353,2025-11-21,Email,West,0
7760,2025-11-21,Referral,Midwest,0
7937,2025-11-21,Referral,West,0
7603,2025-11-21,Paid Social,Southeast,0
3709,2025-11-21,Paid Social,Southwest,0
10062,2025-11-21,Paid Search,West,0
625,2025-11-21,Paid Social,Midwest,0
11053,2025-11-21,Paid Social,Midwest,0
1409,2025-11-21,Affiliate,Northeast,0
9936,2025-11-22,Paid Social,Northeast,0
1812,2025-11-22,Referral,Southeast,0
3838,2025-11-22,Email,West,0
5198,2025-11-22,Organic Search,Southeast,0
10853,2025-11-22,Organic Search,Southwest,0
5216,2025-11-22,Organic Search,Southwest,0
11086,2025-11-22,Paid Search,West,0
5234,2025-11-22,Paid Social,Southwest,0
11253,2025-11-22,Paid Social,Northeast,0
8687,2025-11-22,Paid Social,Southwest,0
8835,2025-11-22,Paid Social,Southeast,0
4679,2025-11-22,Paid Social,Southeast,0
2969,2025-11-22,Organic Search,Midwest,0
2883,2025-11-22,Email,Southwest,0
10183,2025-11-22,Paid Search,Southwest,0
11522,2025-11-22,Organic Search,Northeast,0
1780,2025-11-22,Referral,Southeast,0
572,2025-11-22,Organic Search,Midwest,0
3671,2025-11-22,Paid Social,Southeast,0
3388,2025-11-22,Paid Search,Southwest,0
10680,2025-11-22,Paid Social,Southeast,0
7874,2025-11-22,Paid Social,Midwest,0
4353,2025-11-22,Paid Social,West,0
4434,2025-11-22,Organic Search,Southwest,0
11349,2025-11-22,Paid Search,Northeast,0
8031,2025-11-22,Paid Social,Northeast,0
4417,2025-11-22,Paid Social,Midwest,0
8070,2025-11-22,Organic Search,Southwest,0
11105,2025-11-23,Paid Social,West,0
4602,2025-11-23,Organic Search,Northeast,0
1686,2025-11-23,Organic Search,Southeast,0
5854,2025-11-23,Organic Search,Southeast,0
7064,2025-11-23,Paid Social,West,0
2696,2025-11-23,Referral,Southwest,0
3102,2025-11-23,Referral,Northeast,0
9130,2025-11-23,Paid Search,West,0
11945,2025-11-23,Paid Search,Northeast,0
5699,2025-11-23,Organic Search,Midwest,0
3966,2025-11-23,Paid Social,Southwest,0
2962,2025-11-23,Paid Social,West,0
11619,2025-11-23,Email,West,0
5326,2025-11-23,Paid Social,Midwest,0
11462,2025-11-23,Paid Search,Midwest,0
8899,2025-11-23,Email,Southeast,0
7562,2025-11-23,Paid Social,Southeast,0
2368,2025-11-23,Paid Social,Southeast,0
8953,2025-11-23,Organic Search,Northeast,0
10213,2025-11-23,Paid Search,Southeast,0
8985,2025-11-23,Paid Search,West,0
3043,2025-11-23,Organic Search,Northeast,0
9169,2025-11-23,Paid Social,Southeast,0
5341,2025-11-23,Paid Search,West,0
11788,2025-11-23,Referral,Northeast,0
8386,2025-11-23,Email,Southeast,0
5781,2025-11-23,Organic Search,Southeast,0
3377,2025-11-23,Paid Social,West,0
7881,2025-11-23,Paid Search,Midwest,0
6082,2025-11-23,Paid Social,Southeast,0
4868,2025-11-23,Paid Search,Northeast,0
8409,2025-11-23,Organic Search,West,0
2260,2025-11-23,Paid Social,Southwest,0
11514,2025-11-23,Organic Search,Northeast,0
11746,2025-11-23,Organic Search,Northeast,0
2761,2025-11-23,Organic Search,Southeast,0
7706,2025-11-23,Paid Social,Northeast,0
2672,2025-11-23,Paid Social,Southeast,0
10121,2025-11-23,Paid Social,West,0
9718,2025-11-23,Paid Search,Southwest,0
328,2025-11-23,Email,West,0
1473,2025-11-23,Paid Search,Southwest,0
2286,2025-11-23,Organic Search,West,0
10457,2025-11-23,Paid Search,Northeast,0
7895,2025-11-23,Email,Northeast,0
6170,2025-11-24,Paid Social,Southeast,0
3582,2025-11-24,Paid Social,Southwest,0
10922,2025-11-24,Paid Social,West,0
2807,2025-11-24,Paid Social,Northeast,0
7505,2025-11-24,Paid Social,Midwest,0
9142,2025-11-24,Paid Search,Midwest,0
2133,2025-11-24,Paid Social,Southwest,0
7042,2025-11-24,Organic Search,Southwest,0
2337,2025-11-24,Organic Search,Southwest,0
9437,2025-11-24,Referral,Southeast,0
830,2025-11-24,Paid Social,Southeast,0
4463,2025-11-24,Paid Social,Northeast,0
10542,2025-11-24,Referral,Southwest,0
6220,2025-11-24,Paid Social,Midwest,0
6065,2025-11-24,Affiliate,Northeast,0
3358,2025-11-24,Paid Social,Northeast,0
3334,2025-11-24,Paid Search,Northeast,0
10262,2025-11-24,Paid Search,Southeast,0
1558,2025-11-24,Paid Social,West,0
7248,2025-11-24,Paid Social,Northeast,0
8629,2025-11-24,Paid Search,Northeast,0
11896,2025-11-24,Paid Social,Southeast,0
4303,2025-11-24,Email,Southeast,0
9868,2025-11-24,Organic Search,Northeast,0
5613,2025-11-24,Paid Social,Midwest,0
3117,2025-11-24,Paid Social,Southwest,0
8905,2025-11-24,Referral,Southwest,0
3057,2025-11-24,Email,Northeast,0
9567,2025-11-24,Referral,Southwest,0
7632,2025-11-24,Paid Social,Northeast,0
11458,2025-11-24,Referral,Southeast,0
5559,2025-11-24,Organic Search,West,0
3032,2025-11-24,Paid Social,Midwest,0
2729,2025-11-25,Paid Search,Northeast,0
187,2025-11-25,Paid Social,West,0
11300,2025-11-25,Paid Search,Midwest,0
4542,2025-11-25,Referral,Northeast,0
2584,2025-11-25,Paid Social,Southwest,0
11111,2025-11-25,Affiliate,Northeast,0
3921,2025-11-25,Organic Search,Northeast,0
3104,2025-11-25,Organic Search,West,0
4410,2025-11-25,Paid Social,Southeast,0
10956,2025-11-25,Paid Social,Southeast,0
4184,2025-11-25,Organic Search,Northeast,0
2732,2025-11-25,Affiliate,West,0
9074,2025-11-25,Referral,Southwest,0
9053,2025-11-25,Paid Social,West,0
7576,2025-11-25,Paid Social,Southwest,0
8800,2025-11-25,Paid Social,Midwest,0
785,2025-11-25,Organic Search,West,0
9845,2025-11-25,Paid Social,Southeast,0
9568,2025-11-25,Paid Search,Southeast,0
793,2025-11-25,Organic Search,West,0
9191,2025-11-25,Organic Search,Northeast,0
5842,2025-11-25,Affiliate,West,0
9810,2025-11-25,Paid Search,Southeast,0
9858,2025-11-25,Email,West,0
9358,2025-11-25,Paid Search,Northeast,0
5971,2025-11-25,Email,West,0
5983,2025-11-25,Paid Social,West,0
10714,2025-11-25,Paid Social,Southeast,0
5384,2025-11-25,Paid Social,Southeast,0
7228,2025-11-26,Organic Search,Southwest,0
2490,2025-11-26,Organic Search,West,0
8783,2025-11-26,Paid Search,Midwest,0
4370,2025-11-26,Organic Search,West,0
5240,2025-11-26,Paid Social,Southeast,0
2069,2025-11-26,Paid Search,Midwest,0
1545,2025-11-26,Paid Social,Southeast,0
834,2025-11-26,Paid Social,Southeast,0
9105,2025-11-26,Paid Search,Midwest,0
11950,2025-11-26,Paid Search,Northeast,0
5936,2025-11-26,Paid Search,Southwest,0
8337,2025-11-26,Referral,West,0
7809,2025-11-26,Referral,Southeast,0
3645,2025-11-26,Paid Search,West,0
5753,2025-11-26,Organic Search,Northeast,0
1505,2025-11-26,Paid Social,Southwest,0
8364,2025-11-26,Paid Social,Northeast,0
1509,2025-11-26,Organic Search,Southwest,0
6155,2025-11-26,Paid Social,Midwest,0
11830,2025-11-26,Paid Search,Midwest,0
7597,2025-11-26,Paid Social,Northeast,0
2949,2025-11-26,Organic Search,Northeast,0
5736,2025-11-26,Organic Search,Southeast,0
8137,2025-11-26,Paid Social,West,0
4557,2025-11-26,Paid Social,Southeast,0
7390,2025-11-26,Paid Social,Southeast,0
5342,2025-11-26,Paid Social,Midwest,0
3965,2025-11-26,Email,Midwest,0
814,2025-11-26,Paid Social,Southeast,0
2057,2025-11-27,Paid Social,West,0
6870,2025-11-27,Email,Southeast,0
5324,2025-11-27,Paid Social,Southwest,0
8688,2025-11-27,Paid Social,Southwest,0
8673,2025-11-27,Paid Social,Northeast,0
10815,2025-11-27,Paid Search,West,0
11517,2025-11-27,Paid Social,Northeast,0
8679,2025-11-27,Organic Search,West,0
1385,2025-11-27,Paid Social,Midwest,0
2020,2025-11-27,Paid Social,West,0
10705,2025-11-27,Email,Southwest,0
1785,2025-11-27,Affiliate,Midwest,0
10396,2025-11-27,Referral,Midwest,0
2884,2025-11-27,Paid Social,Midwest,0
1925,2025-11-27,Paid Search,Southeast,0
6203,2025-11-27,Paid Search,Northeast,0
3753,2025-11-27,Paid Social,West,0
6272,2025-11-27,Organic Search,Southeast,0
6729,2025-11-27,Organic Search,Midwest,0
7855,2025-11-27,Paid Search,Southeast,0
11565,2025-11-27,Paid Social,Northeast,0
9998,2025-11-27,Referral,Southwest,0
393,2025-11-27,Paid Social,Northeast,0
10325,2025-11-27,Organic Search,West,0
2401,2025-11-27,Paid Search,Southeast,0
372,2025-11-27,Email,Northeast,0
4885,2025-11-27,Affiliate,West,0
8653,2025-11-27,Paid Social,Southwest,0
5243,2025-11-27,Organic Search,West,0
10242,2025-11-27,Email,Southwest,0
3564,2025-11-27,Paid Search,Southeast,0
9063,2025-11-27,Organic Search,Southeast,0
676,2025-11-27,Email,Southeast,0
10103,2025-11-27,Email,West,0
11682,2025-11-27,Paid Social,Midwest,0
11858,2025-11-27,Referral,Northeast,0
9380,2025-11-27,Referral,Southwest,0
8939,2025-11-28,Referral,Southwest,0
7173,2025-11-28,Email,Northeast,0
2607,2025-11-28,Paid Social,Northeast,0
5837,2025-11-28,Affiliate,Northeast,0
4621,2025-11-28,Paid Social,West,0
6111,2025-11-28,Organic Search,West,0
3048,2025-11-28,Paid Social,Southeast,0
6403,2025-11-28,Organic Search,Northeast,0
268,2025-11-28,Organic Search,Midwest,0
8454,2025-11-28,Email,Southeast,0
9343,2025-11-28,Paid Social,West,0
10718,2025-11-28,Paid Social,West,0
2183,2025-11-28,Affiliate,Northeast,0
5567,2025-11-28,Paid Search,Southeast,0
926,2025-11-28,Affiliate,West,0
611,2025-11-28,Organic Search,West,0
11601,2025-11-28,Paid Social,Southeast,0
6282,2025-11-28,Affiliate,Southeast,0
4929,2025-11-28,Affiliate,Southwest,0
5349,2025-11-28,Paid Search,Southeast,0
6148,2025-11-28,Paid Social,Midwest,0
4807,2025-11-28,Paid Social,Midwest,0
10273,2025-11-28,Paid Social,Southwest,0
2087,2025-11-28,Email,Midwest,0
7979,2025-11-28,Paid Search,Northeast,0
8090,2025-11-28,Paid Search,West,0
333,2025-11-28,Paid Social,Northeast,0
10344,2025-11-28,Paid Search,West,0
11357,2025-11-29,Paid Search,Midwest,0
9441,2025-11-29,Paid Search,West,0
11715,2025-11-29,Paid Social,Southeast,0
1518,2025-11-29,Organic Search,Southeast,0
11571,2025-11-29,Paid Social,Midwest,0
10889,2025-11-29,Paid Social,Southeast,0
1113,2025-11-29,Email,West,0
1057,2025-11-29,Paid Search,West,0
173,2025-11-29,Organic Search,Southwest,0
8877,2025-11-29,Paid Social,Midwest,0
9252,2025-11-29,Affiliate,West,0
8006,2025-11-29,Paid Social,Midwest,0
2605,2025-11-29,Paid Social,Northeast,0
323,2025-11-29,Organic Search,Northeast,0
4113,2025-11-29,Paid Search,Northeast,0
4448,2025-11-29,Organic Search,Southeast,0
6150,2025-11-29,Organic Search,Midwest,0
10910,2025-11-29,Paid Search,Midwest,0
9524,2025-11-29,Organic Search,Northeast,0
7178,2025-11-29,Paid Social,Northeast,0
6907,2025-11-29,Paid Social,Midwest,0
1820,2025-11-29,Paid Social,Northeast,0
3330,2025-11-29,Paid Search,Southeast,0
6901,2025-11-29,Email,Southeast,0
6472,2025-11-29,Paid Search,West,0
8402,2025-11-29,Paid Social,West,0
7480,2025-11-29,Paid Search,Northeast,0
9898,2025-11-29,Organic Search,Northeast,0
141,2025-11-29,Paid Social,Southeast,0
4688,2025-11-29,Paid Social,Midwest,0
9143,2025-11-29,Paid Social,Southeast,0
6820,2025-11-29,Organic Search,Southeast,0
4213,2025-11-29,Paid Social,Southeast,0
7917,2025-11-29,Email,West,0
6807,2025-11-29,Paid Search,Midwest,0
5716,2025-11-30,Affiliate,Northeast,0
6617,2025-11-30,Organic Search,Midwest,0
3344,2025-11-30,Paid Social,West,0
474,2025-11-30,Email,Midwest,0
798,2025-11-30,Referral,Southeast,0
9495,2025-11-30,Paid Social,Northeast,0
7113,2025-11-30,Paid Social,Northeast,0
4019,2025-11-30,Organic Search,Southeast,0
1934,2025-11-30,Email,Southeast,0
8148,2025-11-30,Affiliate,Midwest,0
10966,2025-11-30,Referral,Midwest,0
1951,2025-11-30,Organic Search,Northeast,0
6817,2025-11-30,Referral,Southwest,0
985,2025-11-30,Organic Search,Northeast,0
5637,2025-11-30,Paid Social,Northeast,0
10539,2025-11-30,Referral,Southeast,0
7801,2025-11-30,Paid Social,Midwest,0
4767,2025-11-30,Organic Search,Southeast,0
6404,2025-11-30,Organic Search,Southeast,0
10351,2025-11-30,Affiliate,Northeast,0
1618,2025-11-30,Organic Search,West,0
583,2025-11-30,Referral,West,0
6684,2025-11-30,Paid Search,Northeast,0
9661,2025-11-30,Paid Social,Northeast,0
11236,2025-11-30,Paid Social,Northeast,0
11096,2025-11-30,Referral,Southeast,0
5746,2025-11-30,Paid Search,Southeast,0
9756,2025-11-30,Paid Search,Northeast,0
10617,2025-12-01,Paid Social,Southeast,0
7460,2025-12-01,Paid Social,Midwest,0
6850,2025-12-01,Affiliate,Northeast,0
10574,2025-12-01,Paid Search,Northeast,0
1398,2025-12-01,Paid Social,Northeast,0
6290,2025-12-01,Paid Search,Southeast,0
4161,2025-12-01,Referral,Southeast,0
4872,2025-12-01,Paid Search,Southeast,0
8882,2025-12-01,Organic Search,Midwest,0
2447,2025-12-01,Paid Social,Southwest,0
5652,2025-12-01,Organic Search,Southeast,0
1373,2025-12-01,Referral,West,0
3606,2025-12-01,Paid Search,West,0
6559,2025-12-01,Paid Search,Northeast,0
8363,2025-12-01,Organic Search,Southeast,0
5510,2025-12-01,Referral,Northeast,0
8712,2025-12-01,Organic Search,Southeast,0
9642,2025-12-01,Paid Social,Northeast,0
4422,2025-12-01,Organic Search,West,0
4045,2025-12-01,Paid Search,Southeast,0
7418,2025-12-01,Paid Social,Southeast,0
10551,2025-12-01,Organic Search,Southwest,0
8452,2025-12-01,Organic Search,Midwest,0
209,2025-12-01,Referral,Southeast,0
8234,2025-12-01,Referral,Southeast,0
4461,2025-12-01,Organic Search,Southeast,0
1750,2025-12-01,Paid Social,Midwest,0
9454,2025-12-01,Paid Search,Southeast,0
6318,2025-12-02,Email,Northeast,0
8963,2025-12-02,Organic Search,Southeast,0
2538,2025-12-02,Email,Southwest,0
2351,2025-12-02,Organic Search,Southwest,0
8145,2025-12-02,Paid Search,Northeast,0
4352,2025-12-02,Affiliate,West,0
6043,2025-12-02,Paid Social,Northeast,0
8011,2025-12-02,Organic Search,Northeast,0
8606,2025-12-02,Affiliate,Southwest,0
4777,2025-12-02,Paid Social,West,0
4144,2025-12-02,Referral,Northeast,0
735,2025-12-02,Paid Social,Southeast,0
8999,2025-12-02,Organic Search,Southwest,0
4141,2025-12-02,Affiliate,Southwest,0
8599,2025-12-02,Organic Search,Northeast,0
10568,2025-12-02,Paid Search,Southeast,0
35,2025-12-02,Paid Social,Southeast,0
6156,2025-12-02,Referral,Southeast,0
8913,2025-12-02,Paid Social,Midwest,0
10224,2025-12-02,Referral,Southeast,0
7990,2025-12-02,Affiliate,Northeast,0
5329,2025-12-03,Referral,West,0
10436,2025-12-03,Email,Midwest,0
11370,2025-12-03,Email,Northeast,0
8242,2025-12-03,Referral,West,0
3183,2025-12-03,Email,Southeast,0
10927,2025-12-03,Paid Search,West,0
6660,2025-12-03,Paid Social,Northeast,0
6387,2025-12-03,Paid Social,Midwest,0
10093,2025-12-03,Affiliate,Midwest,0
6561,2025-12-03,Referral,Southeast,0
1989,2025-12-03,Paid Social,Southwest,0
3828,2025-12-03,Paid Social,West,0
8532,2025-12-03,Organic Search,Northeast,0
1684,2025-12-03,Paid Social,Southeast,0
3026,2025-12-03,Organic Search,Southwest,0
9468,2025-12-03,Organic Search,Southwest,0
8610,2025-12-03,Paid Social,West,0
4367,2025-12-03,Referral,Southeast,0
4048,2025-12-03,Paid Social,Midwest,0
3672,2025-12-03,Email,West,0
2700,2025-12-03,Affiliate,Southwest,0
6139,2025-12-03,Paid Social,Midwest,0
3028,2025-12-03,Paid Social,Northeast,0
9526,2025-12-04,Organic Search,Southwest,0
6499,2025-12-04,Email,West,0
9517,2025-12-04,Organic Search,Northeast,0
4699,2025-12-04,Organic Search,Northeast,0
2334,2025-12-04,Paid Search,Northeast,0
6876,2025-12-04,Paid Search,West,0
2788,2025-12-04,Organic Search,Southeast,0
680,2025-12-04,Paid Social,Midwest,0
7773,2025-12-04,Email,West,0
4446,2025-12-04,Paid Search,Southeast,0
379,2025-12-04,Paid Search,Northeast,0
5636,2025-12-04,Organic Search,Southeast,0
5954,2025-12-04,Paid Search,West,0
1275,2025-12-04,Paid Social,Midwest,0
8096,2025-12-04,Organic Search,Southeast,0
806,2025-12-04,Organic Search,West,0
1344,2025-12-04,Organic Search,Northeast,0
2004,2025-12-04,Paid Social,Midwest,0
2219,2025-12-04,Email,Northeast,0
8403,2025-12-04,Paid Social,Southeast,0
5078,2025-12-04,Affiliate,Southwest,0
1915,2025-12-04,Paid Search,Southwest,0
7740,2025-12-04,Organic Search,Southwest,0
9927,2025-12-04,Paid Search,Northeast,0
6863,2025-12-04,Organic Search,West,0
9483,2025-12-04,Organic Search,Southeast,0
3283,2025-12-04,Paid Social,West,0
6198,2025-12-04,Paid Search,West,0
8480,2025-12-04,Organic Search,Southwest,0
694,2025-12-04,Paid Social,West,0
2,2025-12-04,Email,Midwest,0
2204,2025-12-04,Organic Search,Southeast,0
2085,2025-12-04,Organic Search,Southeast,0
4903,2025-12-04,Paid Search,Southwest,0
3170,2025-12-04,Affiliate,Northeast,0
9381,2025-12-05,Referral,Northeast,0
5241,2025-12-05,Organic Search,Northeast,0
11672,2025-12-05,Affiliate,Southwest,0
5511,2025-12-05,Paid Search,Northeast,0
855,2025-12-05,Paid Social,West,0
7088,2025-12-05,Affiliate,Midwest,0
3136,2025-12-05,Paid Social,Southeast,0
8987,2025-12-05,Paid Social,West,0
10918,2025-12-05,Organic Search,Southeast,0
7429,2025-12-05,Paid Search,Midwest,0
7303,2025-12-05,Email,Northeast,0
7857,2025-12-05,Organic Search,Northeast,0
860,2025-12-05,Paid Search,Midwest,0
10944,2025-12-05,Organic Search,Southeast,0
9594,2025-12-05,Paid Social,Southeast,0
4507,2025-12-05,Paid Social,Southeast,0
533,2025-12-05,Paid Search,West,0
11456,2025-12-05,Organic Search,Northeast,0
2382,2025-12-05,Organic Search,Midwest,0
391,2025-12-05,Organic Search,West,0
11470,2025-12-05,Referral,Northeast,0
9472,2025-12-05,Paid Social,Midwest,0
6006,2025-12-05,Paid Search,Midwest,0
11751,2025-12-05,Affiliate,Northeast,0
8830,2025-12-05,Email,Northeast,0
7860,2025-12-05,Paid Search,Southwest,0
223,2025-12-05,Email,West,0
1782,2025-12-05,Paid Social,West,0
8641,2025-12-05,Paid Social,West,0
6670,2025-12-06,Referral,Northeast,0
10401,2025-12-06,Paid Search,Northeast,0
4466,2025-12-06,Paid Social,Southeast,0
8671,2025-12-06,Paid Social,Northeast,0
11294,2025-12-06,Email,West,0
4379,2025-12-06,Paid Social,West,0
9357,2025-12-06,Organic Search,Northeast,0
6218,2025-12-06,Organic Search,Northeast,0
3378,2025-12-06,Referral,Southeast,0
5620,2025-12-06,Organic Search,Southeast,0
8549,2025-12-06,Email,West,0
6222,2025-12-06,Paid Search,Southeast,0
413,2025-12-06,Paid Search,Northeast,0
1180,2025-12-06,Paid Search,Southeast,0
1046,2025-12-06,Paid Social,West,0
5782,2025-12-06,Paid Social,Midwest,0
8463,2025-12-06,Organic Search,Southeast,0
9854,2025-12-06,Organic Search,Midwest,0
5250,2025-12-06,Paid Social,Southeast,0
11910,2025-12-06,Paid Search,Northeast,0
8387,2025-12-06,Referral,West,0
6236,2025-12-06,Paid Social,Northeast,0
9134,2025-12-06,Email,West,0
1784,2025-12-06,Paid Search,Southwest,0
5082,2025-12-06,Email,Southwest,0
8194,2025-12-06,Referral,Southeast,0
5018,2025-12-06,Paid Social,Northeast,0
11831,2025-12-07,Paid Search,West,0
1065,2025-12-07,Email,West,0
1437,2025-12-07,Paid Search,West,0
6990,2025-12-07,Paid Social,Southeast,0
6961,2025-12-07,Paid Search,Northeast,0
1852,2025-12-07,Paid Social,Midwest,0
5031,2025-12-07,Affiliate,Midwest,0
8836,2025-12-07,Organic Search,Midwest,0
10420,2025-12-07,Organic Search,West,0
8004,2025-12-07,Referral,Midwest,0
5081,2025-12-07,Paid Social,Southeast,0
9955,2025-12-07,Referral,Southeast,0
10702,2025-12-07,Paid Social,Southeast,0
10677,2025-12-07,Paid Social,Northeast,0
8943,2025-12-07,Email,West,0
11627,2025-12-07,Organic Search,Southeast,0
3049,2025-12-07,Paid Search,West,0
3115,2025-12-07,Paid Search,West,0
10097,2025-12-07,Paid Search,Southwest,0
11399,2025-12-07,Paid Social,Southwest,0
3514,2025-12-07,Organic Search,West,0
3454,2025-12-07,Paid Social,Northeast,0
4345,2025-12-07,Paid Search,West,0
6565,2025-12-07,Organic Search,Northeast,0
1899,2025-12-07,Affiliate,Southeast,0
9497,2025-12-07,Affiliate,Southeast,0
1462,2025-12-07,Referral,Midwest,0
4020,2025-12-07,Affiliate,Midwest,0
9541,2025-12-07,Email,West,0
3553,2025-12-07,Paid Social,Northeast,0
8616,2025-12-07,Paid Social,Northeast,0
6563,2025-12-07,Paid Search,Southeast,0
7358,2025-12-07,Email,West,0
10885,2025-12-07,Referral,Southeast,0
6329,2025-12-07,Paid Social,Northeast,0
6320,2025-12-07,Paid Social,West,0
9050,2025-12-07,Paid Search,Southeast,0
1603,2025-12-07,Paid Search,Northeast,0
410,2025-12-07,Email,Southeast,0
10627,2025-12-07,Referral,Southeast,0
1377,2025-12-07,Referral,Midwest,0
2131,2025-12-07,Organic Search,Northeast,0
10395,2025-12-08,Paid Social,Northeast,0
5467,2025-12-08,Paid Search,Midwest,0
8199,2025-12-08,Paid Search,Midwest,0
8308,2025-12-08,Paid Social,Midwest,0
9764,2025-12-08,Paid Social,Southwest,0
2240,2025-12-08,Paid Search,Midwest,0
5618,2025-12-08,Organic Search,Southwest,0
4279,2025-12-08,Paid Search,West,0
8803,2025-12-08,Paid Search,Northeast,0
9874,2025-12-08,Paid Social,Midwest,0
3577,2025-12-08,Paid Search,Southeast,0
9281,2025-12-08,Email,Southeast,0
2448,2025-12-08,Organic Search,Southwest,0
5885,2025-12-08,Paid Search,Southeast,0
8206,2025-12-08,Email,West,0
11385,2025-12-08,Affiliate,Southeast,0
4146,2025-12-08,Paid Social,Southeast,0
411,2025-12-08,Paid Search,Southwest,0
3008,2025-12-08,Email,Northeast,0
8561,2025-12-08,Referral,West,0
2107,2025-12-08,Paid Search,West,0
4547,2025-12-08,Paid Search,Southwest,0
11441,2025-12-08,Paid Social,Southwest,0
11171,2025-12-08,Paid Search,Northeast,0
2935,2025-12-08,Paid Social,West,0
2851,2025-12-08,Organic Search,Southwest,0
6217,2025-12-08,Paid Social,Southwest,0
1419,2025-12-08,Affiliate,Northeast,0
8622,2025-12-08,Paid Social,Midwest,0
6705,2025-12-08,Paid Social,Southeast,0
1352,2025-12-08,Paid Social,Northeast,0
7464,2025-12-08,Paid Social,Southwest,0
1005,2025-12-08,Organic Search,Southwest,0
5921,2025-12-08,Paid Social,Southwest,0
1590,2025-12-08,Paid Social,Southeast,0
1254,2025-12-08,Organic Search,Southeast,0
3819,2025-12-08,Email,Northeast,0
6572,2025-12-08,Referral,Northeast,0
7220,2025-12-08,Paid Social,Northeast,0
9078,2025-12-08,Paid Social,Southwest,0
7752,2025-12-08,Paid Search,Midwest,0
3851,2025-12-08,Paid Search,Southeast,0
4944,2025-12-08,Referral,Northeast,0
2906,2025-12-08,Paid Social,Northeast,0
11891,2025-12-08,Paid Search,Southeast,0
6186,2025-12-08,Referral,Southeast,0
544,2025-12-09,Referral,Southeast,0
11712,2025-12-09,Email,Southeast,0
10216,2025-12-09,Referral,Southeast,0
9655,2025-12-09,Paid Search,Southeast,0
7906,2025-12-09,Paid Search,Southeast,0
10087,2025-12-09,Organic Search,Northeast,0
681,2025-12-09,Organic Search,Midwest,0
4207,2025-12-09,Affiliate,Northeast,0
89,2025-12-09,Organic Search,Northeast,0
7150,2025-12-09,Email,Southwest,0
3311,2025-12-09,Paid Search,Southwest,0
7725,2025-12-09,Paid Social,Midwest,0
3162,2025-12-09,Organic Search,Midwest,0
3821,2025-12-09,Email,Midwest,0
7849,2025-12-09,Organic Search,Southeast,0
4174,2025-12-09,Paid Search,Northeast,0
4094,2025-12-09,Organic Search,West,0
2213,2025-12-09,Affiliate,Midwest,0
5133,2025-12-09,Organic Search,Southeast,0
5607,2025-12-09,Paid Social,Northeast,0
5659,2025-12-09,Organic Search,Northeast,0
10740,2025-12-09,Paid Social,West,0
11911,2025-12-09,Paid Social,Midwest,0
5853,2025-12-09,Paid Social,Midwest,0
6947,2025-12-09,Affiliate,West,0
6836,2025-12-09,Paid Social,Southeast,0
8777,2025-12-09,Paid Social,Southwest,0
5829,2025-12-09,Organic Search,West,0
827,2025-12-09,Organic Search,Southeast,0
11895,2025-12-09,Paid Social,West,0
6690,2025-12-09,Organic Search,Southwest,0
2659,2025-12-09,Organic Search,Midwest,0
8879,2025-12-09,Email,Southwest,0
11265,2025-12-10,Email,Southeast,0
543,2025-12-10,Email,West,0
459,2025-12-10,Email,West,0
9012,2025-12-10,Paid Search,Northeast,0
3722,2025-12-10,Paid Social,Northeast,0
6789,2025-12-10,Paid Social,Southwest,0
4474,2025-12-10,Paid Social,Southeast,0
10428,2025-12-10,Paid Social,Northeast,0
2211,2025-12-10,Paid Search,Northeast,0
9650,2025-12-10,Organic Search,Northeast,0
10415,2025-12-10,Email,Southeast,0
10154,2025-12-10,Email,Northeast,0
11031,2025-12-10,Affiliate,West,0
754,2025-12-10,Referral,Southeast,0
11635,2025-12-10,Paid Search,Southeast,0
11908,2025-12-10,Paid Social,Southwest,0
5847,2025-12-10,Affiliate,Southeast,0
2952,2025-12-10,Paid Search,Northeast,0
6752,2025-12-10,Paid Social,Southwest,0
7749,2025-12-10,Referral,Northeast,0
7799,2025-12-10,Paid Social,Midwest,0
3309,2025-12-10,Email,Southeast,0
8761,2025-12-10,Paid Search,Northeast,0
5011,2025-12-10,Referral,West,0
6034,2025-12-10,Organic Search,Midwest,0
11765,2025-12-10,Paid Search,Northeast,0
1031,2025-12-10,Affiliate,Southeast,0
6027,2025-12-10,Paid Search,Northeast,0
10034,2025-12-10,Paid Search,Southeast,0
8441,2025-12-10,Organic Search,Northeast,0
10329,2025-12-10,Email,West,0
13,2025-12-10,Organic Search,West,0
7493,2025-12-10,Paid Search,Southeast,0
10746,2025-12-10,Email,Northeast,0
1933,2025-12-10,Organic Search,Northeast,0
3369,2025-12-10,Paid Social,Southeast,0
8518,2025-12-10,Paid Social,Southeast,0
4919,2025-12-11,Paid Social,Northeast,0
1836,2025-12-11,Paid Social,Southwest,0
9465,2025-12-11,Organic Search,Northeast,0
10218,2025-12-11,Referral,Northeast,0
6049,2025-12-11,Paid Social,Northeast,0
3384,2025-12-11,Organic Search,Midwest,0
9970,2025-12-11,Organic Search,Midwest,0
4842,2025-12-11,Referral,Midwest,0
4035,2025-12-11,Paid Search,Northeast,0
5973,2025-12-11,Referral,Southeast,0
2420,2025-12-11,Organic Search,West,0
7533,2025-12-11,Organic Search,Southwest,0
1338,2025-12-11,Paid Social,Midwest,0
7468,2025-12-11,Paid Social,Northeast,0
8493,2025-12-11,Paid Social,West,0
4073,2025-12-11,Affiliate,Northeast,0
2625,2025-12-11,Referral,Southwest,0
297,2025-12-11,Paid Social,West,0
2208,2025-12-11,Email,Southwest,0
2610,2025-12-11,Paid Social,Southeast,0
7233,2025-12-11,Email,Midwest,0
11423,2025-12-11,Affiliate,Southeast,0
10285,2025-12-11,Paid Social,West,0
181,2025-12-11,Paid Social,Southeast,0
193,2025-12-11,Paid Social,Northeast,0
3125,2025-12-11,Paid Social,Midwest,0
11862,2025-12-11,Affiliate,Midwest,0
503,2025-12-11,Paid Social,Southeast,0
11927,2025-12-12,Paid Social,Southwest,0
11846,2025-12-12,Paid Social,Midwest,0
11429,2025-12-12,Email,Southeast,0
4310,2025-12-12,Paid Search,Northeast,0
9439,2025-12-12,Paid Social,Northeast,0
5493,2025-12-12,Email,Southwest,0
8084,2025-12-12,Paid Search,West,0
6455,2025-12-12,Paid Search,Southeast,0
7205,2025-12-12,Organic Search,Southwest,0
7688,2025-12-12,Organic Search,Southeast,0
10068,2025-12-12,Paid Social,Northeast,0
11530,2025-12-12,Paid Social,Southeast,0
2407,2025-12-12,Paid Search,Southeast,0
7756,2025-12-12,Referral,Northeast,0
5316,2025-12-12,Referral,Northeast,0
8711,2025-12-12,Organic Search,West,0
8155,2025-12-12,Affiliate,Southeast,0
7589,2025-12-12,Paid Social,Southwest,0
2159,2025-12-12,Referral,Southeast,0
10035,2025-12-12,Paid Social,West,0
3176,2025-12-12,Organic Search,Southwest,0
5725,2025-12-12,Email,Southwest,0
3592,2025-12-12,Paid Social,Southeast,0
6694,2025-12-12,Organic Search,Northeast,0
11648,2025-12-12,Affiliate,Northeast,0
9232,2025-12-12,Paid Social,Southeast,0
10446,2025-12-12,Paid Social,West,0
1179,2025-12-12,Paid Search,Northeast,0
6624,2025-12-12,Organic Search,Northeast,0
11296,2025-12-12,Paid Search,Northeast,0
5811,2025-12-12,Organic Search,Midwest,0
4516,2025-12-12,Paid Social,Southeast,0
11646,2025-12-13,Organic Search,Northeast,0
6261,2025-12-13,Email,West,0
11857,2025-12-13,Paid Social,Southwest,0
8426,2025-12-13,Organic Search,West,0
8979,2025-12-13,Organic Search,Midwest,0
2008,2025-12-13,Paid Social,Northeast,0
5555,2025-12-13,Referral,Southeast,0
10973,2025-12-13,Email,Southeast,0
11761,2025-12-13,Affiliate,Northeast,0
10378,2025-12-13,Referral,West,0
9727,2025-12-13,Paid Search,Midwest,0
11324,2025-12-13,Organic Search,Southeast,0
4059,2025-12-13,Email,Southeast,0
5064,2025-12-13,Paid Search,Southeast,0
10671,2025-12-13,Organic Search,Southeast,0
26,2025-12-13,Paid Social,Southeast,0
6516,2025-12-13,Paid Search,Midwest,0
6757,2025-12-13,Organic Search,Southwest,0
8689,2025-12-13,Email,Southeast,0
11100,2025-12-13,Email,Southeast,0
3009,2025-12-13,Paid Search,Northeast,0
8446,2025-12-13,Paid Social,West,0
5271,2025-12-13,Paid Social,Southeast,0
11132,2025-12-14,Paid Social,Southeast,0
7333,2025-12-14,Paid Search,West,0
699,2025-12-14,Paid Social,Midwest,0
4859,2025-12-14,Organic Search,Midwest,0
11025,2025-12-14,Organic Search,Southeast,0
4954,2025-12-14,Paid Social,Southwest,0
5168,2025-12-14,Paid Search,Southeast,0
894,2025-12-14,Paid Social,Southeast,0
8197,2025-12-14,Organic Search,Northeast,0
9918,2025-12-14,Paid Social,West,0
6699,2025-12-14,Email,Southwest,0
7543,2025-12-14,Paid Search,Northeast,0
3263,2025-12-14,Paid Search,West,0
7269,2025-12-14,Paid Social,Northeast,0
639,2025-12-14,Paid Search,Southeast,0
7412,2025-12-14,Organic Search,Midwest,0
1359,2025-12-14,Referral,Southeast,0
2600,2025-12-14,Paid Social,Southeast,0
10582,2025-12-14,Paid Search,Northeast,0
1770,2025-12-14,Paid Social,Southeast,0
1087,2025-12-14,Referral,Midwest,0
573,2025-12-14,Paid Social,Southwest,0
7942,2025-12-14,Organic Search,Northeast,0
5290,2025-12-14,Organic Search,Southeast,0
480,2025-12-14,Paid Search,West,0
5305,2025-12-15,Email,West,0
5826,2025-12-15,Paid Search,West,0
5752,2025-12-15,Paid Social,Southeast,0
11622,2025-12-15,Paid Social,Southeast,0
10827,2025-12-15,Organic Search,West,0
3450,2025-12-15,Organic Search,West,0
4936,2025-12-15,Paid Social,West,0
9885,2025-12-15,Paid Search,Southeast,0
4917,2025-12-15,Organic Search,Southeast,0
11007,2025-12-15,Organic Search,West,0
5897,2025-12-15,Paid Social,Midwest,0
8023,2025-12-15,Paid Search,Midwest,0
1894,2025-12-15,Email,Northeast,0
250,2025-12-15,Email,Southwest,0
810,2025-12-15,Paid Social,West,0
10881,2025-12-15,Organic Search,Northeast,0
10747,2025-12-15,Email,Northeast,0
4972,2025-12-15,Paid Social,West,0
11014,2025-12-15,Email,Midwest,0
2837,2025-12-15,Affiliate,Northeast,0
763,2025-12-15,Referral,Southwest,0
2252,2025-12-15,Paid Search,Southwest,0
1499,2025-12-15,Organic Search,West,0
4789,2025-12-15,Referral,West,0
128,2025-12-15,Affiliate,Southeast,0
4849,2025-12-15,Referral,Southwest,0
3239,2025-12-15,Referral,West,0
2110,2025-12-15,Paid Social,Northeast,0
10656,2025-12-15,Paid Social,Midwest,0
4661,2025-12-15,Paid Social,Northeast,0
157,2025-12-15,Paid Social,Northeast,0
7365,2025-12-15,Paid Social,West,0
10222,2025-12-15,Email,Northeast,0
7715,2025-12-15,Paid Social,Southwest,0
594,2025-12-15,Organic Search,West,0
4203,2025-12-16,Email,Southeast,0
9994,2025-12-16,Affiliate,Midwest,0
6,2025-12-16,Email,Midwest,0
9308,2025-12-16,Paid Social,Southwest,0
11791,2025-12-16,Paid Social,Southeast,0
6925,2025-12-16,Paid Social,Midwest,0
2817,2025-12-16,Paid Search,Southwest,0
7902,2025-12-16,Email,Northeast,0
9263,2025-12-16,Affiliate,Northeast,0
6444,2025-12-16,Paid Social,Northeast,0
8045,2025-12-16,Organic Search,West,0
6867,2025-12-16,Affiliate,Midwest,0
7456,2025-12-16,Paid Search,West,0
1416,2025-12-16,Referral,Northeast,0
8041,2025-12-16,Paid Search,Northeast,0
1136,2025-12-16,Organic Search,Northeast,0
6768,2025-12-16,Email,Southeast,0
6246,2025-12-16,Email,Midwest,0
7686,2025-12-16,Email,Northeast,0
1048,2025-12-16,Paid Search,Northeast,0
2274,2025-12-16,Referral,Southeast,0
774,2025-12-16,Paid Search,Northeast,0
896,2025-12-16,Email,Southwest,0
5433,2025-12-16,Email,Southeast,0
8144,2025-12-16,Paid Social,Southeast,0
2947,2025-12-16,Paid Social,Southeast,0
2402,2025-12-17,Affiliate,Northeast,0
6775,2025-12-17,Organic Search,Northeast,0
2987,2025-12-17,Paid Social,Northeast,0
9073,2025-12-17,Paid Search,Southwest,0
9353,2025-12-17,Paid Social,Midwest,0
4090,2025-12-17,Paid Search,Midwest,0
11293,2025-12-17,Referral,Midwest,0
1181,2025-12-17,Paid Social,Southeast,0
9052,2025-12-17,Referral,West,0
5193,2025-12-17,Referral,Southwest,0
4532,2025-12-17,Affiliate,Northeast,0
2285,2025-12-17,Paid Search,West,0
3209,2025-12-17,Paid Search,Northeast,0
815,2025-12-17,Organic Search,West,0
4415,2025-12-17,Paid Search,West,0
4768,2025-12-17,Organic Search,Southwest,0
7061,2025-12-17,Email,Southwest,0
8097,2025-12-17,Organic Search,Midwest,0
9602,2025-12-17,Paid Search,Northeast,0
2866,2025-12-17,Organic Search,Midwest,0
2221,2025-12-17,Paid Search,Southwest,0
1964,2025-12-17,Paid Search,Southwest,0
1460,2025-12-17,Affiliate,Southeast,0
5427,2025-12-18,Paid Social,West,0
1847,2025-12-18,Paid Social,West,0
3010,2025-12-18,Organic Search,Southeast,0
290,2025-12-18,Paid Search,Northeast,0
8192,2025-12-18,Organic Search,Midwest,0
3103,2025-12-18,Affiliate,Midwest,0
9288,2025-12-18,Paid Social,West,0
4166,2025-12-18,Paid Social,Midwest,0
8251,2025-12-18,Paid Social,Northeast,0
3109,2025-12-18,Organic Search,Northeast,0
4321,2025-12-18,Email,Midwest,0
6884,2025-12-18,Paid Social,Southwest,0
8675,2025-12-18,Paid Social,Midwest,0
6147,2025-12-18,Paid Search,West,0
10532,2025-12-18,Affiliate,Southwest,0
6399,2025-12-18,Paid Social,West,0
11166,2025-12-18,Organic Search,Southeast,0
5075,2025-12-18,Paid Social,Midwest,0
7938,2025-12-18,Paid Search,West,0
2155,2025-12-18,Paid Social,Midwest,0
4666,2025-12-18,Email,Southeast,0
6190,2025-12-18,Paid Social,West,0
11047,2025-12-18,Paid Search,Midwest,0
7642,2025-12-18,Organic Search,Southwest,0
11523,2025-12-18,Organic Search,Midwest,0
6135,2025-12-18,Referral,Midwest,0
3854,2025-12-18,Organic Search,West,0
7385,2025-12-18,Paid Search,West,0
5146,2025-12-18,Organic Search,Southeast,0
451,2025-12-18,Paid Social,Northeast,0
599,2025-12-18,Paid Search,Northeast,0
8656,2025-12-18,Paid Social,Northeast,0
10504,2025-12-18,Paid Search,West,0
11410,2025-12-19,Paid Social,Southwest,0
9861,2025-12-19,Referral,Southeast,0
9113,2025-12-19,Paid Social,Southeast,0
6009,2025-12-19,Affiliate,Midwest,0
7807,2025-12-19,Paid Social,Southeast,0
6095,2025-12-19,Affiliate,Northeast,0
2670,2025-12-19,Referral,Midwest,0
384,2025-12-19,Paid Social,Midwest,0
4986,2025-12-19,Paid Social,West,0
1332,2025-12-19,Organic Search,Midwest,0
6172,2025-12-19,Organic Search,Southeast,0
5303,2025-12-19,Organic Search,Northeast,0
4597,2025-12-19,Referral,West,0
6300,2025-12-19,Paid Search,West,0
5951,2025-12-19,Paid Social,West,0
4578,2025-12-19,Email,West,0
1393,2025-12-19,Paid Search,Southwest,0
7735,2025-12-19,Referral,West,0
7324,2025-12-19,Paid Social,Midwest,0
865,2025-12-19,Paid Social,West,0
10190,2025-12-19,Paid Social,Southeast,0
6509,2025-12-19,Affiliate,West,0
6258,2025-12-19,Organic Search,Midwest,0
6476,2025-12-19,Organic Search,West,0
2434,2025-12-19,Email,Northeast,0
6412,2025-12-19,Paid Social,Southwest,0
2792,2025-12-19,Paid Search,Southwest,0
6426,2025-12-19,Paid Social,West,0
8646,2025-12-19,Paid Search,Southeast,0
8816,2025-12-20,Paid Search,Southeast,0
8732,2025-12-20,Paid Social,Northeast,0
2618,2025-12-20,Affiliate,Northeast,0
3290,2025-12-20,Organic Search,Southwest,0
9455,2025-12-20,Paid Search,Southeast,0
9171,2025-12-20,Paid Search,Midwest,0
8210,2025-12-20,Referral,West,0
8424,2025-12-20,Paid Social,Southwest,0
9424,2025-12-20,Email,Southeast,0
8815,2025-12-20,Paid Social,West,0
10936,2025-12-20,Paid Social,Midwest,0
4120,2025-12-20,Organic Search,Southeast,0
7909,2025-12-20,Affiliate,Midwest,0
6093,2025-12-20,Referral,Southeast,0
4934,2025-12-20,Organic Search,West,0
6414,2025-12-20,Email,Southeast,0
7654,2025-12-20,Referral,Northeast,0
1572,2025-12-20,Paid Social,West,0
7594,2025-12-20,Paid Social,West,0
10403,2025-12-20,Paid Social,Southeast,0
4442,2025-12-20,Paid Search,Southwest,0
4401,2025-12-20,Paid Social,Southeast,0
4397,2025-12-20,Paid Social,Midwest,0
2347,2025-12-20,Email,West,0
7028,2025-12-20,Organic Search,West,0
3997,2025-12-20,Referral,West,0
10163,2025-12-20,Organic Search,Southwest,0
7048,2025-12-20,Email,Southeast,0
7431,2025-12-20,Organic Search,Midwest,0
558,2025-12-20,Paid Social,West,0
7110,2025-12-20,Paid Search,Southeast,0
10698,2025-12-20,Paid Social,Northeast,0
11080,2025-12-20,Email,Midwest,0
6633,2025-12-20,Email,West,0
1426,2025-12-20,Paid Social,West,0
5658,2025-12-20,Paid Social,Southeast,0
11667,2025-12-20,Organic Search,Southwest,0
5343,2025-12-21,Organic Search,Northeast,0
10343,2025-12-21,Paid Search,Midwest,0
4623,2025-12-21,Affiliate,Midwest,0
1708,2025-12-21,Email,Southeast,0
9736,2025-12-21,Paid Social,Midwest,0
1269,2025-12-21,Affiliate,Southeast,0
6612,2025-12-21,Referral,Northeast,0
5289,2025-12-21,Paid Social,Southeast,0
1428,2025-12-21,Paid Search,Southeast,0
6801,2025-12-21,Paid Search,Northeast,0
10052,2025-12-21,Organic Search,Northeast,0
6655,2025-12-21,Paid Social,Northeast,0
7659,2025-12-21,Paid Social,Southeast,0
7630,2025-12-21,Paid Search,Southeast,0
4577,2025-12-21,Email,Northeast,0
10082,2025-12-21,Paid Social,Southwest,0
6114,2025-12-21,Paid Search,Southeast,0
2909,2025-12-21,Organic Search,Southeast,0
5258,2025-12-21,Referral,West,0
9414,2025-12-21,Organic Search,Midwest,0
3629,2025-12-21,Paid Social,Southeast,0
5850,2025-12-21,Paid Search,Northeast,0
10773,2025-12-21,Paid Social,West,0
3174,2025-12-21,Paid Social,West,0
11731,2025-12-21,Referral,Midwest,0
7283,2025-12-21,Email,Southeast,0
518,2025-12-21,Referral,West,0
2686,2025-12-21,Paid Search,Northeast,0
10316,2025-12-21,Paid Social,Northeast,0
11106,2025-12-21,Affiliate,West,0
4100,2025-12-22,Affiliate,Midwest,0
7282,2025-12-22,Paid Social,Midwest,0
7436,2025-12-22,Affiliate,West,0
7074,2025-12-22,Affiliate,Southwest,0
5420,2025-12-22,Affiliate,Southwest,0
2521,2025-12-22,Email,West,0
9665,2025-12-22,Organic Search,Northeast,0
8245,2025-12-22,Paid Search,West,0
7581,2025-12-22,Paid Search,Southwest,0
7218,2025-12-22,Affiliate,Southeast,0
6946,2025-12-22,Paid Social,Northeast,0
4533,2025-12-22,Paid Social,Southeast,0
10385,2025-12-22,Organic Search,West,0
3221,2025-12-22,Organic Search,West,0
6883,2025-12-22,Affiliate,Southeast,0
7401,2025-12-22,Paid Social,West,0
11869,2025-12-22,Affiliate,Midwest,0
3230,2025-12-22,Referral,Southwest,0
10797,2025-12-22,Referral,Southeast,0
6745,2025-12-22,Paid Social,West,0
4841,2025-12-22,Referral,West,0
7783,2025-12-22,Email,West,0
9991,2025-12-22,Paid Search,Southeast,0
9150,2025-12-22,Referral,West,0
5786,2025-12-22,Paid Social,Southeast,0
7863,2025-12-22,Referral,West,0
4650,2025-12-22,Referral,Midwest,0
1580,2025-12-22,Organic Search,West,0
2449,2025-12-22,Paid Social,Northeast,0
7941,2025-12-22,Paid Search,Midwest,0
9347,2025-12-23,Referral,Midwest,0
10692,2025-12-23,Paid Search,Northeast,0
342,2025-12-23,Paid Search,Midwest,0
4826,2025-12-23,Paid Search,Northeast,0
7481,2025-12-23,Paid Social,Southeast,0
1969,2025-12-23,Email,Southwest,0
1932,2025-12-23,Organic Search,West,0
11948,2025-12-23,Organic Search,West,0
9572,2025-12-23,Paid Social,Northeast,0
7582,2025-12-23,Referral,Midwest,0
1856,2025-12-23,Paid Social,West,0
595,2025-12-23,Paid Search,Southeast,0
4214,2025-12-23,Affiliate,Midwest,0
6500,2025-12-23,Organic Search,Northeast,0
5563,2025-12-23,Referral,Midwest,0
10570,2025-12-23,Organic Search,Midwest,0
9901,2025-12-23,Referral,Northeast,0
4418,2025-12-23,Paid Social,Midwest,0
2322,2025-12-23,Paid Search,Northeast,0
2278,2025-12-24,Paid Search,Northeast,0
8676,2025-12-24,Paid Social,West,0
6047,2025-12-24,Paid Social,West,0
979,2025-12-24,Paid Social,Midwest,0
6004,2025-12-24,Paid Search,Southeast,0
5058,2025-12-24,Paid Social,Midwest,0
6702,2025-12-24,Paid Social,Northeast,0
5157,2025-12-24,Paid Search,Midwest,0
4326,2025-12-24,Organic Search,Southwest,0
4334,2025-12-24,Paid Social,Southeast,0
7069,2025-12-24,Referral,Midwest,0
1901,2025-12-24,Paid Social,Northeast,0
11172,2025-12-24,Affiliate,West,0
7002,2025-12-24,Email,Southwest,0
6989,2025-12-24,Email,Southwest,0
10972,2025-12-24,Paid Search,Southeast,0
6251,2025-12-24,Paid Social,Southeast,0
10978,2025-12-24,Paid Social,Southeast,0
8958,2025-12-24,Paid Social,Southeast,0
5783,2025-12-24,Paid Social,Southwest,0
4850,2025-12-24,Organic Search,Southeast,0
11702,2025-12-24,Affiliate,Southeast,0
7877,2025-12-24,Affiliate,West,0
3536,2025-12-24,Paid Search,West,0
10025,2025-12-24,Paid Social,Southwest,0
7440,2025-12-24,Paid Search,Midwest,0
3674,2025-12-24,Organic Search,Southeast,0
719,2025-12-24,Email,Midwest,0
2550,2025-12-24,Referral,West,0
3559,2025-12-24,Paid Social,West,0
7782,2025-12-24,Paid Social,Southwest,0
11466,2025-12-24,Affiliate,Southeast,0
3390,2025-12-24,Paid Search,West,0
1026,2025-12-24,Email,Northeast,0
8271,2025-12-24,Referral,Southwest,0
8033,2025-12-24,Organic Search,Northeast,0
1986,2025-12-25,Email,Southeast,0
7918,2025-12-25,Paid Social,West,0
11528,2025-12-25,Paid Search,West,0
5701,2025-12-25,Paid Search,Southwest,0
9865,2025-12-25,Organic Search,Southeast,0
3958,2025-12-25,Email,Northeast,0
964,2025-12-25,Organic Search,West,0
8516,2025-12-25,Paid Search,Southeast,0
11782,2025-12-25,Email,West,0
3956,2025-12-25,Email,Southwest,0
3093,2025-12-25,Paid Social,West,0
2982,2025-12-25,Paid Social,Midwest,0
10528,2025-12-25,Paid Search,Midwest,0
11677,2025-12-25,Affiliate,Southeast,0
3507,2025-12-25,Affiliate,Midwest,0
4855,2025-12-25,Paid Search,Northeast,0
7146,2025-12-25,Paid Search,West,0
2726,2025-12-25,Email,Northeast,0
4289,2025-12-25,Organic Search,West,0
10313,2025-12-25,Organic Search,Midwest,0
10165,2025-12-25,Organic Search,Southeast,0
1825,2025-12-25,Affiliate,West,0
8165,2025-12-25,Paid Social,Midwest,0
6494,2025-12-25,Paid Search,Southeast,0
9592,2025-12-25,Email,West,0
2125,2025-12-26,Organic Search,Midwest,0
6080,2025-12-26,Paid Social,Southeast,0
6530,2025-12-26,Organic Search,Southeast,0
5797,2025-12-26,Paid Search,Northeast,0
10031,2025-12-26,Paid Social,West,0
1079,2025-12-26,Referral,West,0
1763,2025-12-26,Paid Social,Northeast,0
1043,2025-12-26,Paid Social,Northeast,0
872,2025-12-26,Paid Social,Northeast,0
1643,2025-12-26,Paid Search,West,0
2983,2025-12-26,Organic Search,Southeast,0
1756,2025-12-26,Paid Social,Southwest,0
11729,2025-12-26,Affiliate,Southeast,0
6042,2025-12-26,Paid Search,West,0
2651,2025-12-26,Referral,Midwest,0
7007,2025-12-26,Organic Search,Midwest,0
790,2025-12-26,Organic Search,Northeast,0
10125,2025-12-26,Paid Social,West,0
10321,2025-12-26,Email,West,0
11527,2025-12-26,Paid Search,Midwest,0
1390,2025-12-26,Paid Search,Northeast,0
9692,2025-12-26,Organic Search,West,0
11796,2025-12-26,Organic Search,Northeast,0
3121,2025-12-26,Paid Social,Midwest,0
188,2025-12-26,Organic Search,Northeast,0
4299,2025-12-27,Organic Search,West,0
1871,2025-12-27,Paid Search,Southeast,0
2557,2025-12-27,Organic Search,Northeast,0
9489,2025-12-27,Paid Search,Southwest,0
3213,2025-12-27,Paid Search,Midwest,0
1687,2025-12-27,Paid Search,Southeast,0
7790,2025-12-27,Paid Social,West,0
8626,2025-12-27,Affiliate,Midwest,0
6771,2025-12-27,Referral,Southwest,0
407,2025-12-27,Paid Social,West,0
6437,2025-12-27,Email,West,0
976,2025-12-27,Paid Search,Midwest,0
1459,2025-12-27,Paid Social,Southwest,0
458,2025-12-27,Paid Social,Southwest,0
1059,2025-12-27,Paid Social,Midwest,0
8522,2025-12-27,Email,Southwest,0
537,2025-12-27,Paid Social,Northeast,0
5209,2025-12-27,Organic Search,Midwest,0
663,2025-12-27,Paid Social,Southeast,0
5609,2025-12-27,Paid Social,Southwest,0
455,2025-12-27,Referral,Northeast,0
8052,2025-12-27,Organic Search,Southeast,0
10494,2025-12-27,Paid Social,Northeast,0
1125,2025-12-27,Affiliate,Northeast,0
5893,2025-12-27,Organic Search,Southeast,0
10133,2025-12-27,Organic Search,West,0
636,2025-12-27,Email,Southwest,0
683,2025-12-28,Paid Social,Southeast,0
5451,2025-12-28,Affiliate,Southeast,0
11666,2025-12-28,Paid Search,West,0
9451,2025-12-28,Paid Social,Northeast,0
5959,2025-12-28,Affiliate,Midwest,0
1772,2025-12-28,Paid Search,Midwest,0
9250,2025-12-28,Paid Social,Midwest,0
1813,2025-12-28,Paid Search,Northeast,0
10803,2025-12-28,Paid Social,Midwest,0
1108,2025-12-28,Paid Search,West,0
9883,2025-12-28,Paid Social,Midwest,0
5017,2025-12-28,Email,West,0
10982,2025-12-28,Paid Search,Southeast,0
9735,2025-12-28,Organic Search,Southwest,0
3938,2025-12-28,Paid Social,Southeast,0
3184,2025-12-28,Email,West,0
1294,2025-12-28,Paid Social,Midwest,0
7712,2025-12-28,Organic Search,Southeast,0
11700,2025-12-28,Paid Social,Midwest,0
11596,2025-12-28,Organic Search,Northeast,0
4572,2025-12-28,Paid Search,Southwest,0
8762,2025-12-28,Organic Search,West,0
4646,2025-12-28,Paid Search,Midwest,0
2662,2025-12-28,Paid Search,West,0
3297,2025-12-28,Affiliate,West,0
3068,2025-12-28,Paid Search,Northeast,0
4574,2025-12-29,Email,Southwest,0
1990,2025-12-29,Referral,Northeast,0
7496,2025-12-29,Paid Social,Southeast,0
4955,2025-12-29,Paid Search,Northeast,0
9296,2025-12-29,Organic Search,Southeast,0
2769,2025-12-29,Email,Northeast,0
8248,2025-12-29,Email,Northeast,0
10333,2025-12-29,Paid Search,Southeast,0
2502,2025-12-29,Organic Search,Southwest,0
7097,2025-12-29,Affiliate,Northeast,0
9816,2025-12-29,Organic Search,West,0
5264,2025-12-29,Paid Social,Northeast,0
824,2025-12-29,Organic Search,Southwest,0
10094,2025-12-29,Paid Social,West,0
10255,2025-12-29,Referral,Northeast,0
9041,2025-12-29,Paid Social,Northeast,0
2175,2025-12-29,Paid Social,Midwest,0
2559,2025-12-29,Paid Social,Southeast,0
1634,2025-12-29,Paid Social,Southeast,0
4704,2025-12-29,Organic Search,Midwest,0
3328,2025-12-29,Paid Social,Southeast,0
401,2025-12-29,Paid Social,Southwest,0
6227,2025-12-29,Paid Search,Midwest,0
10038,2025-12-29,Organic Search,Northeast,0
8318,2025-12-29,Affiliate,Southeast,0
3876,2025-12-29,Paid Social,Midwest,0
11604,2025-12-30,Email,Northeast,0
11395,2025-12-30,Paid Search,Southeast,0
11985,2025-12-30,Email,Northeast,0
3360,2025-12-30,Paid Search,Southwest,0
5533,2025-12-30,Paid Search,Southeast,0
7829,2025-12-30,Referral,Southeast,0
11454,2025-12-30,Paid Social,West,0
7129,2025-12-30,Paid Search,Southwest,0
4822,2025-12-30,Organic Search,Southeast,0
2435,2025-12-30,Organic Search,Southeast,0
10230,2025-12-30,Organic Search,Southwest,0
9842,2025-12-30,Paid Social,Midwest,0
6746,2025-12-30,Organic Search,Southeast,0
11499,2025-12-30,Paid Social,Northeast,0
2238,2025-12-30,Paid Search,Midwest,0
5267,2025-12-30,Email,Midwest,0
829,2025-12-30,Organic Search,Northeast,0
3247,2025-12-30,Paid Social,Northeast,0
8597,2025-12-30,Organic Search,Southeast,0
84,2025-12-30,Referral,West,0
8570,2025-12-30,Paid Search,Southwest,0
10392,2025-12-30,Affiliate,Northeast,0
3740,2025-12-30,Paid Social,Northeast,0
4520,2025-12-30,Paid Social,Northeast,0
6827,2025-12-30,Referral,West,0
8088,2025-12-30,Paid Social,Northeast,0
8889,2025-12-30,Referral,Midwest,0
7978,2025-12-30,Paid Search,Northeast,0
7261,2025-12-30,Paid Social,Southwest,0
