order_id,customer_id,order_date,status
100001,11935,2024-01-01,Completed
100002,8146,2024-01-01,Completed
100003,11736,2024-01-01,Completed
100004,11736,2024-03-05,Completed
100005,808,2024-01-01,Completed
100006,9377,2024-01-01,Cancelled
100007,7856,2024-01-01,Returned
100008,7856,2024-01-28,Completed
100009,2998,2024-01-01,Completed
100010,3835,2024-01-02,Completed
100011,4950,2024-01-02,Cancelled
100012,4950,2024-02-09,Completed
100013,4950,2024-04-11,Completed
100014,4950,2024-05-03,Completed
100015,4950,2024-06-17,Completed
100016,2843,2024-01-02,Completed
100017,2843,2024-01-28,Completed
100018,5911,2024-01-02,Returned
100019,5911,2024-02-01,Completed
100020,5911,2024-05-26,Completed
100021,5911,2024-07-27,Completed
100022,8329,2024-01-03,Returned
100023,1121,2024-01-03,Completed
100024,1186,2024-01-03,Completed
100025,5204,2024-01-03,Completed
100026,5204,2024-02-07,Returned
100027,5204,2024-03-31,Completed
100028,2145,2024-01-03,Completed
100029,11311,2024-01-03,Cancelled
100030,11311,2024-02-09,Completed
100031,11311,2024-03-06,Completed
100032,6782,2024-01-03,Completed
100033,2713,2024-01-03,Completed
100034,5333,2024-01-03,Completed
100035,5333,2024-01-31,Completed
100036,3960,2024-01-03,Completed
100037,3960,2024-02-22,Completed
100038,3025,2024-01-03,Completed
100039,3025,2024-03-01,Completed
100040,3011,2024-01-03,Completed
100041,5517,2024-01-03,Completed
100042,4475,2024-01-03,Returned
100043,2243,2024-01-03,Completed
100044,1650,2024-01-04,Completed
100045,1650,2024-03-28,Completed
100046,4561,2024-01-04,Completed
100047,3655,2024-01-04,Completed
100048,6053,2024-01-04,Completed
100049,2404,2024-01-04,Completed
100050,3955,2024-01-04,Returned
100051,10672,2024-01-04,Completed
100052,215,2024-01-04,Completed
100053,2350,2024-01-04,Completed
100054,2350,2024-01-31,Completed
100055,2350,2024-03-03,Completed
100056,11972,2024-01-04,Completed
100057,11972,2024-02-09,Completed
100058,11972,2024-03-11,Completed
100059,3529,2024-01-04,Returned
100060,3529,2024-02-06,Completed
100061,3529,2024-02-27,Completed
100062,3529,2024-06-08,Completed
100063,10084,2024-01-05,Completed
100064,10084,2024-02-16,Completed
100065,10084,2024-08-13,Completed
100066,5067,2024-01-05,Completed
100067,7425,2024-01-05,Completed
100068,7425,2024-01-29,Completed
100069,7425,2024-02-28,Completed
100070,7425,2024-04-07,Completed
100071,7425,2024-05-13,Completed
100072,10105,2024-01-05,Returned
100073,10105,2024-02-28,Completed
100074,10105,2024-04-23,Completed
100075,10105,2024-05-15,Completed
100076,10105,2024-09-01,Completed
100077,10105,2024-12-24,Completed
100078,10105,2025-02-02,Completed
100079,10105,2025-09-18,Completed
100080,10105,2025-10-08,Completed
100081,7687,2024-01-05,Completed
100082,7687,2024-04-08,Returned
100083,466,2024-01-05,Completed
100084,4962,2024-01-05,Completed
100085,4962,2024-03-04,Completed
100086,4962,2024-06-27,Completed
100087,4962,2024-07-26,Completed
100088,4962,2024-09-06,Completed
100089,10275,2024-01-05,Completed
100090,4365,2024-01-05,Completed
100091,4365,2024-03-03,Completed
100092,10781,2024-01-05,Completed
100093,3847,2024-01-05,Completed
100094,7489,2024-01-06,Completed
100095,6996,2024-01-06,Returned
100096,6996,2024-03-26,Completed
100097,6996,2024-05-17,Completed
100098,6996,2024-11-05,Completed
100099,5365,2024-01-06,Completed
100100,5365,2024-02-04,Completed
100101,1193,2024-01-06,Completed
100102,2877,2024-01-06,Returned
100103,4776,2024-01-06,Completed
100104,4776,2024-02-12,Completed
100105,4776,2024-03-08,Returned
100106,4776,2024-04-06,Completed
100107,4776,2024-06-14,Completed
100108,4776,2024-07-14,Completed
100109,4776,2024-11-21,Cancelled
100110,3066,2024-01-06,Completed
100111,3066,2024-07-12,Completed
100112,7948,2024-01-06,Completed
100113,7948,2024-03-10,Completed
100114,7948,2024-06-03,Completed
100115,2891,2024-01-06,Cancelled
100116,2891,2024-03-03,Completed
100117,5907,2024-01-06,Completed
100118,5907,2024-01-31,Completed
100119,5722,2024-01-06,Completed
100120,5722,2024-02-18,Completed
100121,5722,2024-03-30,Completed
100122,5722,2024-07-15,Completed
100123,7000,2024-01-06,Completed
100124,8834,2024-01-06,Completed
100125,8843,2024-01-06,Completed
100126,6590,2024-01-06,Completed
100127,9097,2024-01-07,Completed
100128,9097,2024-02-03,Completed
100129,11937,2024-01-07,Completed
100130,5397,2024-01-07,Completed
100131,697,2024-01-07,Returned
100132,7179,2024-01-07,Completed
100133,7179,2024-01-20,Completed
100134,7179,2024-02-10,Completed
100135,7179,2024-04-03,Completed
100136,7179,2024-07-20,Completed
100137,7179,2024-08-30,Returned
100138,7179,2024-09-28,Completed
100139,7179,2024-09-28,Completed
100140,7179,2024-11-22,Returned
100141,7179,2024-12-07,Completed
100142,7179,2024-12-09,Completed
100143,7179,2024-12-19,Completed
100144,7179,2024-12-23,Completed
100145,7179,2025-01-24,Completed
100146,7179,2025-04-07,Completed
100147,7179,2025-04-17,Completed
100148,7179,2025-04-21,Completed
100149,7179,2025-05-30,Completed
100150,7179,2025-05-31,Completed
100151,7179,2025-06-24,Completed
100152,7179,2025-07-20,Completed
100153,7179,2025-08-24,Returned
100154,7179,2025-08-26,Completed
100155,7179,2025-09-03,Completed
100156,7179,2025-10-13,Completed
100157,7179,2025-11-16,Completed
100158,1480,2024-01-07,Completed
100159,2701,2024-01-07,Completed
100160,281,2024-01-07,Completed
100161,8158,2024-01-07,Completed
100162,4984,2024-01-07,Completed
100163,4984,2024-02-18,Completed
100164,4984,2024-03-18,Completed
100165,4984,2024-05-05,Completed
100166,11479,2024-01-07,Completed
100167,4096,2024-01-07,Completed
100168,4096,2024-04-06,Completed
100169,4096,2024-07-07,Completed
100170,4096,2024-08-10,Completed
100171,4096,2024-08-27,Completed
100172,10689,2024-01-07,Completed
100173,7184,2024-01-08,Completed
100174,2543,2024-01-08,Completed
100175,1394,2024-01-08,Completed
100176,1394,2024-02-14,Completed
100177,1394,2024-06-09,Completed
100178,1394,2024-08-19,Completed
100179,11970,2024-01-08,Completed
100180,11970,2024-01-28,Cancelled
100181,11970,2024-03-27,Completed
100182,11077,2024-01-08,Completed
100183,7673,2024-01-08,Completed
100184,3331,2024-01-08,Completed
100185,11919,2024-01-08,Completed
100186,11919,2024-01-31,Completed
100187,11919,2024-08-07,Completed
100188,11919,2024-10-17,Completed
100189,8971,2024-01-08,Completed
100190,4831,2024-01-09,Completed
100191,4831,2024-04-01,Completed
100192,4831,2024-11-22,Completed
100193,4831,2024-12-20,Completed
100194,1837,2024-01-09,Completed
100195,1837,2024-02-13,Completed
100196,8624,2024-01-09,Completed
100197,1360,2024-01-09,Completed
100198,10095,2024-01-09,Completed
100199,10095,2024-02-01,Completed
100200,2573,2024-01-09,Returned
100201,7810,2024-01-09,Completed
100202,5546,2024-01-09,Completed
100203,5546,2024-03-31,Completed
100204,10858,2024-01-09,Completed
100205,10858,2024-02-19,Completed
100206,524,2024-01-09,Completed
100207,524,2024-03-12,Completed
100208,524,2024-04-08,Completed
100209,524,2024-05-30,Completed
100210,524,2024-06-23,Completed
100211,10822,2024-01-09,Completed
100212,7500,2024-01-10,Completed
100213,7500,2024-04-30,Completed
100214,7500,2024-05-26,Completed
100215,7500,2024-07-05,Cancelled
100216,7500,2024-07-29,Completed
100217,7500,2024-09-10,Completed
100218,7500,2024-11-20,Completed
100219,4456,2024-01-10,Completed
100220,5227,2024-01-10,Completed
100221,5227,2024-05-30,Completed
100222,5227,2024-08-22,Completed
100223,5227,2024-09-15,Completed
100224,5227,2025-01-05,Completed
100225,5227,2025-04-19,Cancelled
100226,1882,2024-01-10,Completed
100227,1882,2024-03-07,Completed
100228,836,2024-01-10,Completed
100229,836,2024-02-27,Completed
100230,836,2024-07-02,Completed
100231,836,2024-09-01,Completed
100232,836,2024-11-06,Returned
100233,836,2024-11-26,Completed
100234,836,2025-01-11,Completed
100235,836,2025-05-07,Completed
100236,836,2025-07-10,Returned
100237,836,2025-09-22,Completed
100238,6256,2024-01-10,Completed
100239,6256,2024-03-21,Returned
100240,6256,2024-07-27,Returned
100241,6256,2024-09-24,Completed
100242,6256,2024-10-15,Returned
100243,6256,2024-12-27,Completed
100244,6256,2025-03-20,Completed
100245,478,2024-01-10,Completed
100246,5275,2024-01-10,Completed
100247,7904,2024-01-10,Completed
100248,5553,2024-01-11,Completed
100249,5553,2024-02-08,Completed
100250,5553,2024-05-12,Completed
100251,5553,2024-06-08,Completed
100252,5553,2024-08-08,Completed
100253,5553,2024-10-09,Completed
100254,2656,2024-01-11,Completed
100255,2656,2024-02-09,Returned
100256,6171,2024-01-11,Completed
100257,6171,2024-03-18,Completed
100258,6338,2024-01-11,Returned
100259,6338,2024-06-02,Completed
100260,6338,2024-09-06,Completed
100261,6338,2025-01-06,Completed
100262,6338,2025-02-21,Completed
100263,6338,2025-03-14,Completed
100264,6338,2025-04-17,Cancelled
100265,6338,2025-05-10,Completed
100266,6338,2025-06-24,Completed
100267,6338,2025-07-20,Completed
100268,6338,2025-08-21,Completed
100269,6338,2025-09-12,Completed
100270,6338,2025-09-28,Completed
100271,6338,2025-11-01,Completed
100272,6338,2025-12-02,Completed
100273,7163,2024-01-11,Completed
100274,7343,2024-01-11,Completed
100275,7343,2024-03-08,Completed
100276,2596,2024-01-11,Completed
100277,3517,2024-01-11,Completed
100278,9329,2024-01-11,Completed
100279,5817,2024-01-11,Completed
100280,9230,2024-01-11,Completed
100281,9230,2024-02-07,Completed
100282,5185,2024-01-11,Completed
100283,5185,2024-04-01,Completed
100284,8773,2024-01-12,Completed
100285,8714,2024-01-12,Completed
100286,5005,2024-01-12,Completed
100287,4692,2024-01-12,Completed
100288,2831,2024-01-12,Completed
100289,2831,2024-05-28,Completed
100290,6069,2024-01-12,Completed
100291,6069,2024-06-24,Completed
100292,6424,2024-01-12,Completed
100293,6424,2024-04-06,Completed
100294,7596,2024-01-12,Completed
100295,7596,2024-02-04,Returned
100296,2109,2024-01-12,Completed
100297,2109,2024-02-15,Completed
100298,2109,2024-03-13,Completed
100299,11028,2024-01-13,Completed
100300,8176,2024-01-13,Completed
100301,8176,2024-03-25,Completed
100302,8176,2024-05-02,Completed
100303,8176,2024-10-19,Completed
100304,10607,2024-01-13,Completed
100305,10607,2024-04-04,Completed
100306,10607,2024-05-27,Completed
100307,1268,2024-01-13,Returned
100308,1268,2024-02-03,Completed
100309,8266,2024-01-13,Completed
100310,8266,2024-02-15,Completed
100311,1071,2024-01-13,Completed
100312,8574,2024-01-13,Completed
100313,5519,2024-01-13,Completed
100314,2856,2024-01-13,Completed
100315,10108,2024-01-13,Completed
100316,10018,2024-01-13,Completed
100317,10018,2024-03-11,Completed
100318,10018,2024-07-03,Returned
100319,10018,2024-07-29,Completed
100320,9697,2024-01-14,Completed
100321,9697,2024-03-14,Completed
100322,9697,2024-07-19,Completed
100323,9697,2024-08-26,Completed
100324,9697,2024-11-07,Completed
100325,9697,2024-12-28,Completed
100326,9697,2025-02-24,Completed
100327,9697,2025-08-16,Completed
100328,9697,2025-10-25,Completed
100329,9697,2025-11-28,Completed
100330,6914,2024-01-14,Completed
100331,6914,2024-02-08,Cancelled
100332,11063,2024-01-14,Completed
100333,9729,2024-01-14,Completed
100334,736,2024-01-14,Completed
100335,736,2024-05-29,Completed
100336,736,2024-08-28,Completed
100337,736,2025-02-03,Cancelled
100338,736,2025-04-10,Completed
100339,736,2025-05-05,Cancelled
100340,736,2025-07-29,Cancelled
100341,736,2025-09-19,Completed
100342,736,2025-12-02,Completed
100343,348,2024-01-14,Completed
100344,9322,2024-01-14,Completed
100345,9322,2024-01-31,Cancelled
100346,3135,2024-01-14,Completed
100347,3135,2024-04-02,Cancelled
100348,9118,2024-01-14,Completed
100349,8589,2024-01-14,Completed
100350,3653,2024-01-14,Completed
100351,3653,2024-02-06,Completed
100352,3653,2024-03-01,Completed
100353,3653,2024-04-09,Completed
100354,4148,2024-01-14,Returned
100355,7930,2024-01-14,Completed
100356,7930,2024-02-22,Completed
100357,7930,2024-03-12,Completed
100358,613,2024-01-14,Completed
100359,613,2024-08-03,Returned
100360,613,2024-08-30,Completed
100361,5092,2024-01-14,Cancelled
100362,554,2024-01-15,Completed
100363,554,2024-09-03,Completed
100364,554,2024-09-25,Completed
100365,554,2025-05-18,Returned
100366,554,2025-05-31,Completed
100367,5437,2024-01-15,Cancelled
100368,5437,2024-03-22,Completed
100369,5437,2024-04-19,Completed
100370,5437,2024-05-04,Completed
100371,5437,2024-06-12,Completed
100372,7060,2024-01-15,Completed
100373,9221,2024-01-15,Completed
100374,1942,2024-01-15,Completed
100375,3820,2024-01-15,Completed
100376,3820,2024-06-09,Completed
100377,3820,2024-07-17,Completed
100378,1363,2024-01-15,Completed
100379,9664,2024-01-15,Completed
100380,9597,2024-01-15,Completed
100381,1633,2024-01-15,Returned
100382,8085,2024-01-15,Completed
100383,8085,2024-05-13,Returned
100384,8085,2024-08-27,Completed
100385,8085,2024-10-04,Completed
100386,5122,2024-01-15,Completed
100387,5122,2024-02-13,Completed
100388,3701,2024-01-15,Returned
100389,7791,2024-01-15,Completed
100390,7791,2024-06-16,Completed
100391,7791,2024-08-23,Completed
100392,7791,2024-10-29,Returned
100393,3361,2024-01-15,Completed
100394,5751,2024-01-15,Returned
100395,9194,2024-01-15,Completed
100396,9194,2024-08-13,Completed
100397,7969,2024-01-16,Completed
100398,507,2024-01-16,Completed
100399,8024,2024-01-16,Completed
100400,8024,2024-02-14,Completed
100401,8024,2024-06-14,Completed
100402,8024,2024-07-20,Completed
100403,8024,2024-09-13,Completed
100404,8024,2024-11-09,Completed
100405,8024,2024-12-25,Completed
100406,9271,2024-01-16,Completed
100407,6441,2024-01-16,Completed
100408,9818,2024-01-16,Cancelled
100409,8254,2024-01-16,Cancelled
100410,10573,2024-01-16,Completed
100411,10573,2024-02-22,Completed
100412,10573,2024-03-20,Completed
100413,10573,2024-08-30,Completed
100414,5982,2024-01-16,Returned
100415,640,2024-01-16,Completed
100416,640,2024-02-08,Completed
100417,8930,2024-01-16,Completed
100418,11623,2024-01-16,Completed
100419,3541,2024-01-16,Completed
100420,162,2024-01-16,Completed
100421,7363,2024-01-16,Completed
100422,7363,2024-03-12,Completed
100423,7363,2024-04-16,Completed
100424,7363,2024-06-26,Completed
100425,10679,2024-01-17,Completed
100426,4642,2024-01-17,Cancelled
100427,5244,2024-01-17,Completed
100428,9145,2024-01-17,Completed
100429,3754,2024-01-17,Returned
100430,3493,2024-01-17,Completed
100431,3522,2024-01-17,Completed
100432,3522,2024-02-12,Cancelled
100433,3522,2024-07-10,Completed
100434,3522,2024-07-29,Completed
100435,11861,2024-01-17,Completed
100436,3830,2024-01-17,Returned
100437,2544,2024-01-17,Returned
100438,2544,2024-02-13,Returned
100439,2544,2024-03-11,Completed
100440,4188,2024-01-17,Completed
100441,4188,2024-03-27,Completed
100442,4188,2024-05-19,Completed
100443,4188,2024-06-22,Completed
100444,4188,2024-08-17,Completed
100445,10709,2024-01-17,Completed
100446,25,2024-01-17,Completed
100447,25,2024-02-15,Returned
100448,4402,2024-01-18,Returned
100449,4402,2024-02-18,Completed
100450,5731,2024-01-18,Completed
100451,5731,2024-03-22,Returned
100452,5731,2024-04-09,Completed
100453,6673,2024-01-18,Completed
100454,6673,2024-02-10,Completed
100455,2741,2024-01-18,Completed
100456,2741,2024-04-12,Completed
100457,2741,2024-05-12,Completed
100458,2741,2024-06-01,Completed
100459,2741,2025-03-27,Completed
100460,2741,2025-06-10,Completed
100461,4827,2024-01-18,Completed
100462,6526,2024-01-18,Completed
100463,10338,2024-01-18,Completed
100464,7314,2024-01-18,Completed
100465,7192,2024-01-18,Completed
100466,4513,2024-01-18,Completed
100467,4513,2024-02-26,Completed
100468,1436,2024-01-18,Completed
100469,2273,2024-01-18,Completed
100470,8847,2024-01-18,Completed
100471,8847,2024-02-17,Completed
100472,866,2024-01-18,Completed
100473,866,2024-02-18,Completed
100474,866,2024-04-24,Completed
100475,866,2024-05-31,Cancelled
100476,3697,2024-01-18,Completed
100477,3697,2024-02-21,Completed
100478,3098,2024-01-19,Completed
100479,1284,2024-01-19,Completed
100480,1284,2024-02-07,Cancelled
100481,945,2024-01-19,Completed
100482,945,2024-11-19,Completed
100483,2358,2024-01-19,Completed
100484,2358,2024-04-06,Completed
100485,2358,2024-06-15,Completed
100486,8010,2024-01-19,Completed
100487,11720,2024-01-19,Completed
100488,11720,2024-03-08,Completed
100489,7381,2024-01-19,Completed
100490,5665,2024-01-19,Completed
100491,5665,2024-04-19,Completed
100492,5665,2024-05-21,Completed
100493,5665,2024-06-21,Completed
100494,5252,2024-01-19,Completed
100495,5252,2024-02-25,Completed
100496,5252,2024-03-20,Completed
100497,9881,2024-01-19,Completed
100498,9881,2024-02-12,Completed
100499,11251,2024-01-19,Returned
100500,10098,2024-01-19,Completed
100501,10098,2024-03-13,Completed
100502,10098,2024-04-02,Completed
100503,10098,2024-05-17,Completed
100504,10098,2024-06-08,Completed
100505,9763,2024-01-19,Completed
100506,4785,2024-01-20,Completed
100507,1653,2024-01-20,Completed
100508,565,2024-01-20,Completed
100509,565,2024-02-17,Completed
100510,565,2024-03-12,Returned
100511,565,2024-07-12,Returned
100512,8061,2024-01-20,Completed
100513,11361,2024-01-20,Completed
100514,11361,2024-03-23,Completed
100515,3052,2024-01-20,Completed
100516,6017,2024-01-20,Completed
100517,6017,2024-12-17,Completed
100518,6017,2025-01-15,Completed
100519,6017,2025-06-02,Completed
100520,6017,2025-07-28,Completed
100521,1586,2024-01-20,Completed
100522,7073,2024-01-20,Completed
100523,7073,2024-03-09,Completed
100524,7073,2024-04-10,Completed
100525,7073,2024-05-15,Completed
100526,10584,2024-01-20,Cancelled
100527,10584,2024-04-13,Completed
100528,7868,2024-01-20,Completed
100529,7868,2024-04-19,Completed
100530,9467,2024-01-20,Returned
100531,9467,2024-02-13,Completed
100532,9467,2024-05-05,Completed
100533,9467,2024-09-25,Completed
100534,1997,2024-01-20,Completed
100535,8576,2024-01-20,Completed
100536,197,2024-01-20,Completed
100537,197,2024-04-08,Completed
100538,6488,2024-01-20,Completed
100539,3669,2024-01-21,Cancelled
100540,4003,2024-01-21,Completed
100541,4003,2024-03-03,Completed
100542,9512,2024-01-21,Completed
100543,8272,2024-01-21,Returned
100544,8272,2024-02-06,Returned
100545,2236,2024-01-21,Returned
100546,2236,2024-02-15,Completed
100547,2236,2024-03-09,Completed
100548,2236,2024-05-16,Completed
100549,1232,2024-01-21,Completed
100550,1232,2024-04-08,Completed
100551,7667,2024-01-21,Completed
100552,7667,2024-09-06,Completed
100553,7667,2024-09-29,Completed
100554,4187,2024-01-21,Completed
100555,1977,2024-01-21,Returned
100556,1977,2024-02-22,Completed
100557,8467,2024-01-21,Completed
100558,9177,2024-01-21,Cancelled
100559,1924,2024-01-22,Completed
100560,9139,2024-01-22,Completed
100561,9139,2024-03-04,Completed
100562,11383,2024-01-22,Returned
100563,5457,2024-01-22,Completed
100564,11727,2024-01-22,Completed
100565,10837,2024-01-22,Completed
100566,10837,2024-03-19,Returned
100567,10837,2024-06-21,Completed
100568,11286,2024-01-22,Completed
100569,2128,2024-01-22,Completed
100570,2128,2024-03-23,Completed
100571,2128,2024-07-26,Completed
100572,2128,2024-08-24,Returned
100573,2698,2024-01-22,Completed
100574,2698,2024-04-30,Completed
100575,2698,2024-06-23,Completed
100576,10168,2024-01-22,Completed
100577,11925,2024-01-22,Completed
100578,3796,2024-01-22,Completed
100579,3796,2024-10-14,Completed
100580,3796,2025-02-23,Completed
100581,3796,2025-06-18,Completed
100582,4732,2024-01-23,Completed
100583,4732,2024-02-25,Completed
100584,4732,2024-04-07,Completed
100585,6672,2024-01-23,Completed
100586,1807,2024-01-23,Completed
100587,1149,2024-01-23,Completed
100588,4480,2024-01-23,Completed
100589,4480,2024-02-24,Completed
100590,4480,2024-04-02,Completed
100591,4480,2024-07-04,Completed
100592,4480,2024-09-03,Completed
100593,4480,2024-10-16,Completed
100594,7443,2024-01-23,Completed
100595,7443,2024-04-14,Completed
100596,7443,2024-09-27,Completed
100597,11887,2024-01-23,Completed
100598,11887,2024-03-29,Completed
100599,8324,2024-01-23,Completed
100600,11175,2024-01-24,Completed
100601,11175,2024-03-01,Completed
100602,11452,2024-01-24,Completed
100603,11186,2024-01-24,Completed
100604,11888,2024-01-24,Completed
100605,7748,2024-01-24,Completed
100606,7748,2024-02-21,Completed
100607,7748,2024-04-16,Cancelled
100608,7748,2024-06-28,Completed
100609,7748,2024-09-04,Completed
100610,7748,2024-10-06,Completed
100611,988,2024-01-24,Completed
100612,988,2024-02-21,Completed
100613,1697,2024-01-24,Cancelled
100614,2396,2024-01-24,Completed
100615,5344,2024-01-25,Completed
100616,5344,2024-08-13,Completed
100617,5344,2024-09-19,Completed
100618,5344,2024-11-14,Completed
100619,7416,2024-01-25,Completed
100620,7416,2024-02-17,Completed
100621,7416,2024-04-22,Completed
100622,7416,2024-06-23,Completed
100623,8282,2024-01-25,Completed
100624,7532,2024-01-25,Completed
100625,7532,2024-03-04,Completed
100626,1591,2024-01-25,Completed
100627,1591,2024-06-03,Completed
100628,8173,2024-01-25,Returned
100629,8173,2024-04-23,Completed
100630,8173,2024-08-01,Completed
100631,8173,2024-08-20,Completed
100632,8173,2024-09-15,Completed
100633,8173,2024-11-29,Completed
100634,8173,2025-01-22,Returned
100635,8173,2025-07-07,Completed
100636,8173,2025-12-16,Completed
100637,1291,2024-01-25,Completed
100638,1291,2024-04-09,Completed
100639,11792,2024-01-25,Cancelled
100640,1872,2024-01-25,Completed
100641,11561,2024-01-25,Completed
100642,4247,2024-01-25,Completed
100643,4247,2024-02-22,Completed
100644,4247,2024-03-29,Completed
100645,4247,2024-05-02,Cancelled
100646,4247,2024-11-14,Completed
100647,4247,2025-01-12,Completed
100648,10295,2024-01-25,Completed
100649,11547,2024-01-25,Completed
100650,11547,2024-04-07,Completed
100651,4821,2024-01-26,Completed
100652,4821,2024-02-24,Completed
100653,4821,2024-03-19,Completed
100654,4821,2024-08-06,Completed
100655,4821,2024-10-11,Cancelled
100656,4821,2025-02-21,Completed
100657,4821,2025-03-22,Completed
100658,4821,2025-05-23,Completed
100659,4821,2025-08-05,Completed
100660,4821,2025-09-18,Returned
100661,4821,2025-12-21,Completed
100662,6622,2024-01-26,Completed
100663,7451,2024-01-26,Completed
100664,3516,2024-01-26,Returned
100665,1160,2024-01-26,Completed
100666,1160,2024-05-11,Completed
100667,8780,2024-01-26,Completed
100668,8289,2024-01-27,Completed
100669,8289,2024-02-20,Completed
100670,1959,2024-01-27,Completed
100671,1959,2024-03-27,Returned
100672,5371,2024-01-27,Completed
100673,487,2024-01-27,Cancelled
100674,487,2024-04-18,Completed
100675,487,2024-05-12,Completed
100676,487,2024-07-30,Completed
100677,158,2024-01-27,Completed
100678,158,2024-03-04,Returned
100679,4720,2024-01-27,Completed
100680,6926,2024-01-27,Completed
100681,3139,2024-01-27,Completed
100682,3139,2024-04-04,Completed
100683,3139,2024-06-01,Returned
100684,3139,2024-08-25,Completed
100685,3139,2025-03-05,Completed
100686,3139,2025-04-10,Cancelled
100687,3139,2025-05-11,Returned
100688,3139,2025-06-14,Completed
100689,3139,2025-09-12,Completed
100690,4225,2024-01-27,Completed
100691,5246,2024-01-27,Completed
100692,5124,2024-01-27,Completed
100693,5124,2024-05-29,Completed
100694,5124,2024-06-19,Completed
100695,5124,2024-11-28,Completed
100696,5124,2024-12-26,Returned
100697,1725,2024-01-27,Returned
100698,9538,2024-01-27,Completed
100699,9538,2024-02-15,Completed
100700,9129,2024-01-27,Completed
100701,9129,2024-03-01,Completed
100702,9129,2024-04-07,Completed
100703,9129,2024-05-14,Completed
100704,2989,2024-01-27,Completed
100705,9087,2024-01-28,Completed
100706,9087,2024-04-25,Returned
100707,9212,2024-01-28,Completed
100708,8995,2024-01-28,Completed
100709,8995,2024-03-18,Completed
100710,249,2024-01-28,Completed
100711,11199,2024-01-28,Completed
100712,11199,2024-04-13,Cancelled
100713,5914,2024-01-28,Completed
100714,3131,2024-01-28,Completed
100715,3892,2024-01-28,Completed
100716,3892,2024-04-13,Completed
100717,5844,2024-01-28,Completed
100718,5844,2024-06-06,Completed
100719,5844,2024-08-18,Completed
100720,5844,2024-12-02,Completed
100721,10348,2024-01-28,Cancelled
100722,10348,2024-08-22,Completed
100723,10348,2024-09-10,Completed
100724,10348,2024-12-17,Completed
100725,10348,2025-02-20,Completed
100726,10348,2025-05-05,Completed
100727,10348,2025-06-08,Completed
100728,9840,2024-01-28,Completed
100729,9840,2025-01-09,Cancelled
100730,7983,2024-01-28,Completed
100731,7983,2024-05-27,Completed
100732,7983,2024-08-09,Completed
100733,7983,2024-09-20,Completed
100734,7983,2024-11-10,Completed
100735,7983,2024-11-25,Completed
100736,7983,2024-12-13,Completed
100737,7994,2024-01-28,Returned
100738,10284,2024-01-29,Cancelled
100739,10284,2024-04-26,Completed
100740,10284,2024-05-29,Completed
100741,10284,2024-08-06,Completed
100742,10284,2024-09-15,Returned
100743,2253,2024-01-29,Completed
100744,9450,2024-01-29,Completed
100745,9450,2024-04-01,Completed
100746,9450,2024-06-25,Completed
100747,9450,2024-07-30,Completed
100748,9450,2024-12-18,Completed
100749,3457,2024-01-29,Cancelled
100750,5335,2024-01-29,Completed
100751,4330,2024-01-29,Completed
100752,11254,2024-01-29,Completed
100753,5071,2024-01-29,Completed
100754,10207,2024-01-29,Completed
100755,11809,2024-01-30,Completed
100756,11809,2025-03-02,Completed
100757,11809,2025-04-07,Completed
100758,11809,2025-06-07,Completed
100759,11809,2025-08-06,Completed
100760,11809,2025-08-30,Completed
100761,7701,2024-01-30,Completed
100762,11074,2024-01-30,Completed
100763,11074,2024-06-02,Cancelled
100764,11074,2024-11-12,Returned
100765,6011,2024-01-30,Completed
100766,11732,2024-01-30,Completed
100767,11732,2024-04-16,Completed
100768,11778,2024-01-30,Completed
100769,3262,2024-01-30,Completed
100770,10800,2024-01-30,Completed
100771,10800,2024-03-02,Completed
100772,4025,2024-01-30,Completed
100773,485,2024-01-30,Completed
100774,3710,2024-01-30,Completed
100775,3710,2024-03-29,Completed
100776,3710,2024-05-27,Completed
100777,3710,2024-07-04,Completed
100778,3710,2024-08-19,Completed
100779,3806,2024-01-31,Cancelled
100780,637,2024-01-31,Completed
100781,9719,2024-01-31,Completed
100782,11812,2024-01-31,Completed
100783,8372,2024-01-31,Completed
100784,5116,2024-02-01,Cancelled
100785,2072,2024-02-01,Completed
100786,7368,2024-02-01,Completed
100787,7368,2024-02-27,Completed
100788,9584,2024-02-01,Completed
100789,11630,2024-02-01,Completed
100790,5512,2024-02-01,Completed
100791,5512,2024-04-04,Completed
100792,11652,2024-02-01,Completed
100793,11984,2024-02-01,Completed
100794,11984,2024-03-01,Completed
100795,11984,2024-06-01,Completed
100796,11984,2024-11-16,Completed
100797,11984,2025-02-07,Completed
100798,6662,2024-02-01,Returned
100799,682,2024-02-01,Returned
100800,6287,2024-02-01,Completed
100801,8053,2024-02-02,Completed
100802,8053,2024-03-13,Completed
100803,10631,2024-02-02,Completed
100804,7244,2024-02-02,Completed
100805,7244,2024-03-14,Completed
100806,7244,2024-09-01,Completed
100807,7244,2024-10-07,Completed
100808,6701,2024-02-02,Completed
100809,6701,2024-04-02,Completed
100810,6701,2024-07-23,Completed
100811,6701,2024-10-22,Completed
100812,473,2024-02-02,Completed
100813,473,2024-03-09,Completed
100814,473,2024-04-06,Completed
100815,473,2024-05-01,Completed
100816,473,2024-07-08,Completed
100817,473,2024-10-08,Completed
100818,5995,2024-02-02,Completed
100819,5995,2024-04-13,Returned
100820,2096,2024-02-02,Returned
100821,2096,2024-04-15,Completed
100822,7486,2024-02-02,Completed
100823,7864,2024-02-03,Completed
100824,7864,2024-05-05,Completed
100825,7864,2024-05-31,Completed
100826,8496,2024-02-03,Completed
100827,8100,2024-02-03,Completed
100828,3479,2024-02-03,Returned
100829,6642,2024-02-03,Completed
100830,6642,2024-03-28,Completed
100831,6642,2024-04-26,Completed
100832,8477,2024-02-03,Completed
100833,11608,2024-02-03,Returned
100834,6796,2024-02-03,Completed
100835,6796,2024-03-14,Completed
100836,7404,2024-02-03,Completed
100837,7404,2024-03-07,Completed
100838,7404,2024-05-19,Completed
100839,7404,2024-07-08,Completed
100840,1356,2024-02-03,Completed
100841,2876,2024-02-03,Completed
100842,8722,2024-02-03,Completed
100843,8722,2024-04-19,Completed
100844,8722,2024-06-10,Completed
100845,8722,2025-01-06,Completed
100846,8722,2025-03-01,Returned
100847,8722,2025-04-05,Completed
100848,8722,2025-05-05,Completed
100849,11678,2024-02-03,Completed
100850,185,2024-02-03,Completed
100851,6880,2024-02-03,Completed
100852,8228,2024-02-04,Completed
100853,1110,2024-02-04,Completed
100854,6481,2024-02-04,Completed
100855,4593,2024-02-04,Completed
100856,6120,2024-02-04,Completed
100857,6120,2024-04-17,Completed
100858,6120,2024-08-22,Completed
100859,11193,2024-02-04,Completed
100860,4088,2024-02-04,Completed
100861,4088,2024-03-03,Completed
100862,4088,2024-05-18,Completed
100863,2250,2024-02-04,Completed
100864,8383,2024-02-04,Cancelled
100865,4027,2024-02-04,Returned
100866,4027,2024-03-13,Completed
100867,4027,2024-10-25,Completed
100868,4027,2024-12-06,Completed
100869,3822,2024-02-04,Completed
100870,5516,2024-02-04,Completed
100871,5516,2024-04-01,Completed
100872,392,2024-02-04,Completed
100873,8476,2024-02-05,Completed
100874,441,2024-02-05,Completed
100875,4270,2024-02-05,Returned
100876,4270,2024-07-23,Completed
100877,4270,2024-08-20,Completed
100878,71,2024-02-05,Completed
100879,71,2024-03-10,Completed
100880,71,2024-05-08,Completed
100881,9397,2024-02-05,Completed
100882,9397,2024-03-03,Completed
100883,364,2024-02-05,Completed
100884,364,2024-03-11,Completed
100885,9243,2024-02-06,Completed
100886,467,2024-02-06,Completed
100887,11359,2024-02-06,Completed
100888,11359,2024-03-02,Completed
100889,11359,2024-03-25,Completed
100890,11359,2024-05-30,Completed
100891,9047,2024-02-06,Completed
100892,9047,2024-03-04,Completed
100893,1526,2024-02-06,Completed
100894,6146,2024-02-06,Completed
100895,6146,2024-04-24,Completed
100896,6811,2024-02-06,Completed
100897,9732,2024-02-06,Returned
100898,11752,2024-02-06,Returned
100899,11752,2024-03-10,Returned
100900,11752,2024-04-01,Completed
100901,11752,2024-05-19,Completed
100902,11752,2024-11-29,Completed
100903,11752,2025-03-16,Completed
100904,11752,2025-04-18,Completed
100905,2730,2024-02-06,Completed
100906,2730,2024-06-01,Completed
100907,2730,2024-07-01,Cancelled
100908,230,2024-02-06,Completed
100909,230,2024-03-29,Completed
100910,2953,2024-02-06,Completed
100911,2953,2024-04-08,Completed
100912,2953,2024-06-05,Completed
100913,2953,2024-07-10,Completed
100914,2953,2024-10-24,Completed
100915,6739,2024-02-06,Completed
100916,6739,2024-03-12,Completed
100917,6739,2024-07-14,Completed
100918,6739,2024-12-25,Completed
100919,4004,2024-02-06,Completed
100920,4004,2024-03-12,Completed
100921,4004,2024-04-07,Completed
100922,516,2024-02-06,Completed
100923,8490,2024-02-06,Completed
100924,11066,2024-02-06,Completed
100925,11066,2024-03-06,Completed
100926,11066,2024-10-29,Completed
100927,11215,2024-02-06,Completed
100928,6213,2024-02-07,Completed
100929,4751,2024-02-07,Completed
100930,4751,2024-03-07,Completed
100931,2068,2024-02-07,Completed
100932,7660,2024-02-07,Completed
100933,7660,2024-03-13,Completed
100934,7660,2024-05-03,Cancelled
100935,7660,2024-06-12,Completed
100936,7660,2024-10-24,Completed
100937,11879,2024-02-07,Completed
100938,11879,2024-03-20,Completed
100939,1239,2024-02-07,Completed
100940,1239,2025-02-08,Completed
100941,7975,2024-02-07,Completed
100942,7331,2024-02-07,Completed
100943,3477,2024-02-08,Returned
100944,9388,2024-02-08,Completed
100945,9388,2024-04-01,Returned
100946,9388,2024-05-03,Completed
100947,2739,2024-02-08,Completed
100948,4832,2024-02-08,Completed
100949,4832,2024-04-08,Completed
100950,11920,2024-02-08,Completed
100951,11920,2024-03-05,Returned
100952,11920,2024-10-07,Completed
100953,3392,2024-02-08,Cancelled
100954,3392,2024-03-17,Returned
100955,3392,2024-04-13,Completed
100956,9986,2024-02-08,Completed
100957,4338,2024-02-08,Completed
100958,4338,2024-02-29,Returned
100959,9996,2024-02-08,Completed
100960,11431,2024-02-08,Completed
100961,11431,2024-07-16,Completed
100962,11431,2024-08-18,Completed
100963,11431,2024-10-24,Completed
100964,11431,2024-12-14,Completed
100965,11431,2025-01-22,Completed
100966,5351,2024-02-08,Returned
100967,10963,2024-02-08,Completed
100968,1461,2024-02-08,Completed
100969,7482,2024-02-08,Completed
100970,7482,2024-06-17,Completed
100971,7575,2024-02-08,Completed
100972,7575,2024-03-30,Completed
100973,7273,2024-02-08,Completed
100974,7273,2024-06-01,Completed
100975,4099,2024-02-09,Completed
100976,9807,2024-02-09,Completed
100977,9807,2024-03-03,Completed
100978,5710,2024-02-09,Returned
100979,10850,2024-02-09,Completed
100980,7294,2024-02-09,Completed
100981,6040,2024-02-09,Completed
100982,6040,2024-07-15,Completed
100983,6040,2024-12-19,Completed
100984,2990,2024-02-09,Completed
100985,2263,2024-02-09,Completed
100986,2263,2024-06-21,Completed
100987,2263,2024-07-23,Completed
100988,2263,2024-09-18,Completed
100989,2263,2025-06-01,Completed
100990,2263,2025-09-30,Completed
100991,8870,2024-02-09,Returned
100992,8870,2024-03-01,Returned
100993,7035,2024-02-10,Completed
100994,7035,2024-05-11,Completed
100995,1265,2024-02-10,Completed
100996,11886,2024-02-10,Completed
100997,11886,2024-04-26,Cancelled
100998,2477,2024-02-10,Completed
100999,2477,2024-03-14,Completed
101000,2477,2024-04-21,Completed
101001,5318,2024-02-10,Cancelled
101002,10049,2024-02-10,Completed
101003,10049,2024-04-26,Completed
101004,1064,2024-02-10,Completed
101005,7297,2024-02-10,Completed
101006,1641,2024-02-10,Completed
101007,1641,2024-03-26,Completed
101008,5090,2024-02-10,Completed
101009,5090,2024-05-01,Completed
101010,5090,2024-07-01,Returned
101011,36,2024-02-11,Completed
101012,36,2024-03-17,Returned
101013,36,2024-04-12,Completed
101014,2585,2024-02-11,Completed
101015,10291,2024-02-11,Completed
101016,10291,2024-03-21,Completed
101017,10291,2024-08-04,Completed
101018,10291,2024-09-05,Completed
101019,10291,2024-10-28,Completed
101020,10291,2024-11-27,Completed
101021,10368,2024-02-11,Completed
101022,10368,2024-03-16,Completed
101023,10368,2024-06-09,Completed
101024,11226,2024-02-11,Completed
101025,7353,2024-02-11,Completed
101026,6489,2024-02-11,Completed
101027,10158,2024-02-11,Completed
101028,1685,2024-02-11,Completed
101029,1685,2024-04-15,Completed
101030,8056,2024-02-11,Completed
101031,8056,2024-06-13,Completed
101032,9024,2024-02-12,Completed
101033,5987,2024-02-12,Completed
101034,5987,2024-03-10,Completed
101035,5987,2024-05-15,Completed
101036,5987,2024-11-21,Completed
101037,8204,2024-02-12,Completed
101038,8093,2024-02-12,Completed
101039,8093,2024-05-24,Completed
101040,6583,2024-02-12,Completed
101041,4758,2024-02-12,Completed
101042,2537,2024-02-12,Completed
101043,5471,2024-02-12,Completed
101044,3327,2024-02-13,Completed
101045,2646,2024-02-13,Completed
101046,2646,2024-03-18,Completed
101047,2646,2024-09-17,Completed
101048,2646,2024-12-04,Cancelled
101049,2646,2025-02-26,Completed
101050,2646,2025-04-05,Completed
101051,2646,2025-07-21,Completed
101052,10330,2024-02-13,Completed
101053,10330,2024-06-25,Completed
101054,5877,2024-02-13,Completed
101055,5909,2024-02-13,Completed
101056,8440,2024-02-13,Completed
101057,9004,2024-02-13,Completed
101058,6163,2024-02-13,Completed
101059,10439,2024-02-13,Returned
101060,460,2024-02-13,Returned
101061,2822,2024-02-13,Completed
101062,292,2024-02-13,Completed
101063,7337,2024-02-13,Completed
101064,7337,2024-03-18,Completed
101065,841,2024-02-14,Returned
101066,4763,2024-02-14,Completed
101067,9575,2024-02-14,Completed
101068,8352,2024-02-14,Completed
101069,8352,2024-03-14,Completed
101070,8352,2024-04-21,Completed
101071,11794,2024-02-14,Completed
101072,11794,2024-03-19,Completed
101073,1388,2024-02-14,Completed
101074,1953,2024-02-14,Completed
101075,1953,2024-06-11,Completed
101076,8878,2024-02-14,Completed
101077,4592,2024-02-14,Completed
101078,2816,2024-02-14,Completed
101079,2816,2024-04-18,Completed
101080,5040,2024-02-15,Completed
101081,5040,2024-06-25,Returned
101082,5040,2024-08-21,Completed
101083,5040,2024-09-26,Completed
101084,5040,2024-12-29,Completed
101085,5040,2025-04-17,Completed
101086,5040,2025-05-08,Completed
101087,10258,2024-02-15,Completed
101088,10258,2024-03-12,Completed
101089,10258,2024-04-23,Cancelled
101090,10258,2024-07-01,Completed
101091,10258,2024-09-21,Completed
101092,2549,2024-02-15,Completed
101093,4726,2024-02-15,Completed
101094,10643,2024-02-15,Returned
101095,7691,2024-02-15,Completed
101096,7691,2024-06-03,Completed
101097,9179,2024-02-15,Completed
101098,11513,2024-02-15,Completed
101099,3639,2024-02-15,Completed
101100,3639,2024-04-11,Returned
101101,3639,2024-05-04,Completed
101102,329,2024-02-15,Completed
101103,329,2024-07-26,Returned
101104,2229,2024-02-15,Completed
101105,7743,2024-02-15,Completed
101106,1615,2024-02-15,Completed
101107,1615,2024-03-18,Completed
101108,6028,2024-02-15,Completed
101109,6532,2024-02-16,Completed
101110,6532,2024-04-27,Completed
101111,3765,2024-02-16,Completed
101112,5059,2024-02-16,Completed
101113,5059,2024-03-30,Completed
101114,5059,2024-09-30,Completed
101115,6486,2024-02-16,Completed
101116,6486,2024-06-18,Completed
101117,6486,2024-09-13,Completed
101118,4706,2024-02-16,Completed
101119,7430,2024-02-16,Returned
101120,9956,2024-02-16,Completed
101121,8421,2024-02-16,Completed
101122,8421,2024-05-18,Cancelled
101123,8421,2024-06-15,Completed
101124,3999,2024-02-16,Completed
101125,3999,2024-03-21,Completed
101126,3999,2024-06-28,Completed
101127,3999,2024-07-21,Completed
101128,7503,2024-02-16,Cancelled
101129,11051,2024-02-17,Completed
101130,5771,2024-02-17,Completed
101131,3047,2024-02-17,Completed
101132,3047,2024-03-22,Cancelled
101133,3047,2024-05-27,Completed
101134,3047,2024-09-09,Completed
101135,3047,2024-10-02,Completed
101136,3455,2024-02-17,Completed
101137,2570,2024-02-17,Returned
101138,1700,2024-02-17,Completed
101139,9043,2024-02-17,Completed
101140,9475,2024-02-17,Completed
101141,7260,2024-02-17,Completed
101142,7260,2024-03-12,Completed
101143,3728,2024-02-17,Completed
101144,6449,2024-02-17,Completed
101145,2738,2024-02-17,Completed
101146,2738,2024-08-21,Completed
101147,2738,2025-01-30,Returned
101148,2738,2025-02-18,Completed
101149,2738,2025-03-24,Completed
101150,9670,2024-02-17,Returned
101151,9670,2024-03-19,Completed
101152,9913,2024-02-17,Completed
101153,9913,2024-04-29,Completed
101154,9913,2024-05-19,Completed
101155,9913,2024-06-13,Completed
101156,9913,2024-07-05,Returned
101157,9913,2024-11-11,Completed
101158,9913,2024-12-12,Completed
101159,9913,2024-12-31,Completed
101160,9913,2025-04-04,Completed
101161,9913,2025-06-01,Completed
101162,9913,2025-08-15,Completed
101163,536,2024-02-17,Completed
101164,849,2024-02-17,Returned
101165,1907,2024-02-17,Completed
101166,4808,2024-02-17,Completed
101167,4808,2024-04-20,Completed
101168,9972,2024-02-18,Cancelled
101169,9559,2024-02-18,Completed
101170,9559,2024-03-14,Completed
101171,9559,2024-05-31,Completed
101172,8575,2024-02-18,Completed
101173,4021,2024-02-18,Completed
101174,7955,2024-02-18,Completed
101175,7955,2024-05-15,Returned
101176,9480,2024-02-18,Completed
101177,9480,2024-03-24,Completed
101178,9480,2024-05-31,Completed
101179,9995,2024-02-18,Completed
101180,3993,2024-02-18,Completed
101181,1296,2024-02-18,Completed
101182,1296,2024-06-24,Completed
101183,9596,2024-02-18,Completed
101184,9596,2024-04-16,Returned
101185,9596,2024-05-19,Returned
101186,9596,2024-06-09,Completed
101187,7253,2024-02-18,Completed
101188,7253,2024-06-27,Completed
101189,3783,2024-02-18,Completed
101190,3783,2024-03-23,Completed
101191,3840,2024-02-18,Returned
101192,3840,2024-08-12,Completed
101193,3681,2024-02-19,Completed
101194,3681,2024-03-24,Completed
101195,6328,2024-02-19,Completed
101196,6328,2024-05-06,Completed
101197,6966,2024-02-19,Cancelled
101198,9771,2024-02-19,Completed
101199,9771,2024-06-30,Completed
101200,6671,2024-02-19,Completed
101201,6671,2024-09-21,Completed
101202,11133,2024-02-19,Completed
101203,11133,2024-05-04,Completed
101204,11133,2024-06-22,Cancelled
101205,11133,2024-07-15,Completed
101206,3691,2024-02-19,Completed
101207,4332,2024-02-19,Completed
101208,4332,2024-05-15,Completed
101209,10519,2024-02-19,Completed
101210,10519,2024-03-16,Completed
101211,10519,2024-04-03,Completed
101212,10519,2024-09-14,Completed
101213,10519,2024-12-26,Completed
101214,10519,2025-04-12,Completed
101215,9007,2024-02-19,Returned
101216,6496,2024-02-19,Returned
101217,6496,2024-06-26,Completed
101218,6496,2024-07-27,Completed
101219,6496,2024-10-08,Completed
101220,5131,2024-02-19,Completed
101221,6228,2024-02-20,Completed
101222,6228,2024-04-05,Completed
101223,9781,2024-02-20,Completed
101224,176,2024-02-20,Completed
101225,2200,2024-02-20,Completed
101226,6997,2024-02-20,Completed
101227,6997,2024-06-12,Completed
101228,10940,2024-02-20,Completed
101229,4871,2024-02-20,Completed
101230,4871,2024-09-23,Completed
101231,4074,2024-02-21,Completed
101232,1810,2024-02-21,Completed
101233,5570,2024-02-21,Completed
101234,6922,2024-02-21,Completed
101235,6922,2024-05-05,Completed
101236,6922,2024-07-11,Completed
101237,6922,2024-09-22,Returned
101238,2467,2024-02-21,Completed
101239,2467,2024-04-10,Completed
101240,2467,2024-05-05,Cancelled
101241,1470,2024-02-21,Completed
101242,11545,2024-02-21,Completed
101243,844,2024-02-21,Returned
101244,844,2024-03-31,Completed
101245,854,2024-02-21,Completed
101246,687,2024-02-21,Completed
101247,687,2024-03-14,Completed
101248,687,2024-09-05,Completed
101249,687,2025-03-01,Completed
101250,687,2025-04-12,Completed
101251,1834,2024-02-21,Completed
101252,1834,2024-03-14,Completed
101253,1834,2024-06-18,Completed
101254,1834,2024-07-17,Completed
101255,4071,2024-02-21,Completed
101256,3731,2024-02-22,Completed
101257,3731,2024-06-11,Completed
101258,2481,2024-02-22,Completed
101259,2481,2024-05-11,Completed
101260,4251,2024-02-22,Completed
101261,5569,2024-02-22,Cancelled
101262,5569,2024-04-23,Completed
101263,5569,2024-05-19,Completed
101264,5569,2024-09-03,Completed
101265,5569,2025-04-02,Completed
101266,5569,2025-05-05,Completed
101267,5569,2025-07-05,Completed
101268,2515,2024-02-22,Completed
101269,2515,2024-07-19,Completed
101270,6882,2024-02-22,Completed
101271,6882,2024-04-06,Completed
101272,6882,2024-05-03,Completed
101273,6882,2024-06-22,Returned
101274,2228,2024-02-22,Completed
101275,2228,2024-03-28,Completed
101276,7884,2024-02-22,Returned
101277,7884,2024-02-28,Completed
101278,7884,2024-03-23,Completed
101279,7884,2024-03-23,Completed
101280,7884,2024-04-03,Completed
101281,7884,2024-04-04,Completed
101282,7884,2024-04-30,Completed
101283,7884,2024-05-18,Completed
101284,7884,2024-06-05,Completed
101285,7884,2024-06-10,Completed
101286,7884,2024-06-21,Completed
101287,7884,2024-07-03,Completed
101288,7884,2024-07-17,Cancelled
101289,7884,2024-08-11,Cancelled
101290,7884,2024-08-21,Completed
101291,7884,2024-08-26,Returned
101292,7884,2024-08-28,Completed
101293,7884,2024-08-31,Completed
101294,7884,2024-09-20,Completed
101295,7884,2024-09-24,Completed
101296,7884,2024-10-18,Returned
101297,7884,2024-12-18,Completed
101298,7884,2025-01-02,Completed
101299,7884,2025-01-16,Completed
101300,7884,2025-01-23,Completed
101301,7884,2025-01-27,Completed
101302,7884,2025-02-18,Completed
101303,7884,2025-02-21,Completed
101304,7884,2025-02-23,Completed
101305,7884,2025-02-24,Completed
101306,7884,2025-04-22,Completed
101307,7884,2025-04-25,Completed
101308,7884,2025-04-25,Completed
101309,7884,2025-04-26,Completed
101310,7884,2025-05-20,Completed
101311,7884,2025-05-30,Completed
101312,7884,2025-06-04,Returned
101313,7884,2025-06-29,Cancelled
101314,7884,2025-07-28,Completed
101315,7884,2025-07-29,Completed
101316,7884,2025-07-31,Completed
101317,7884,2025-08-01,Completed
101318,7884,2025-08-13,Completed
101319,7884,2025-09-02,Completed
101320,7884,2025-09-03,Completed
101321,7884,2025-09-06,Completed
101322,7884,2025-09-11,Completed
101323,7884,2025-09-15,Returned
101324,7884,2025-10-31,Completed
101325,7884,2025-12-03,Completed
101326,7884,2025-12-07,Returned
101327,7884,2025-12-17,Returned
101328,7884,2025-12-30,Completed
101329,3515,2024-02-22,Completed
101330,3515,2024-05-17,Completed
101331,3515,2024-10-24,Completed
101332,3515,2025-02-13,Completed
101333,3515,2025-06-05,Completed
101334,5119,2024-02-23,Completed
101335,6386,2024-02-23,Completed
101336,2499,2024-02-23,Completed
101337,2499,2024-09-28,Completed
101338,8663,2024-02-23,Completed
101339,8663,2024-04-28,Completed
101340,8663,2024-06-07,Completed
101341,8984,2024-02-23,Completed
101342,8984,2024-04-27,Completed
101343,8984,2024-06-10,Completed
101344,9703,2024-02-23,Completed
101345,6528,2024-02-23,Completed
101346,6528,2024-06-19,Completed
101347,8391,2024-02-23,Returned
101348,8391,2024-04-11,Completed
101349,11352,2024-02-23,Returned
101350,11027,2024-02-23,Completed
101351,11027,2024-04-13,Completed
101352,11027,2024-06-07,Completed
101353,11027,2024-08-07,Completed
101354,10360,2024-02-23,Completed
101355,10360,2024-05-19,Completed
101356,10360,2024-07-20,Completed
101357,357,2024-02-23,Completed
101358,357,2024-04-10,Completed
101359,10784,2024-02-24,Completed
101360,10784,2024-06-13,Completed
101361,10784,2024-09-11,Completed
101362,10784,2024-12-08,Completed
101363,10784,2025-02-01,Completed
101364,10784,2025-03-26,Cancelled
101365,6994,2024-02-24,Completed
101366,6574,2024-02-24,Cancelled
101367,6574,2024-05-12,Completed
101368,6574,2024-11-05,Completed
101369,9069,2024-02-24,Completed
101370,7767,2024-02-24,Completed
101371,7767,2024-03-14,Completed
101372,1273,2024-02-24,Completed
101373,1273,2024-04-29,Completed
101374,1273,2024-07-20,Completed
101375,749,2024-02-24,Completed
101376,8541,2024-02-24,Completed
101377,8541,2024-03-25,Completed
101378,5522,2024-02-24,Returned
101379,3708,2024-02-24,Completed
101380,584,2024-02-25,Completed
101381,6857,2024-02-25,Completed
101382,6857,2024-03-20,Completed
101383,9335,2024-02-25,Completed
101384,5759,2024-02-25,Completed
101385,2702,2024-02-25,Completed
101386,2702,2024-04-07,Completed
101387,2702,2024-06-01,Completed
101388,11198,2024-02-25,Returned
101389,539,2024-02-26,Returned
101390,6311,2024-02-26,Completed
101391,2456,2024-02-26,Completed
101392,2456,2024-03-19,Completed
101393,2456,2024-04-20,Completed
101394,11103,2024-02-26,Completed
101395,8509,2024-02-26,Returned
101396,8509,2024-04-28,Completed
101397,3511,2024-02-26,Completed
101398,7777,2024-02-26,Returned
101399,2783,2024-02-26,Returned
101400,2783,2024-08-29,Completed
101401,9104,2024-02-26,Completed
101402,9104,2024-03-26,Completed
101403,9104,2024-04-12,Completed
101404,9104,2024-07-06,Completed
101405,2349,2024-02-26,Completed
101406,2349,2024-04-18,Completed
101407,2349,2024-08-25,Completed
101408,2349,2024-11-16,Completed
101409,7848,2024-02-27,Completed
101410,7848,2024-05-08,Completed
101411,7848,2024-07-11,Completed
101412,4274,2024-02-27,Completed
101413,4274,2024-04-26,Completed
101414,6932,2024-02-27,Completed
101415,11933,2024-02-27,Completed
101416,7029,2024-02-27,Completed
101417,7029,2024-05-28,Completed
101418,7029,2024-10-01,Completed
101419,7029,2024-11-01,Completed
101420,7029,2025-04-15,Completed
101421,7029,2025-05-16,Completed
101422,7029,2025-06-20,Completed
101423,7029,2025-08-17,Completed
101424,7029,2025-09-24,Completed
101425,5776,2024-02-27,Completed
101426,5776,2024-04-08,Completed
101427,5776,2024-06-15,Completed
101428,5776,2024-11-08,Completed
101429,5776,2024-12-07,Completed
101430,5776,2025-01-02,Completed
101431,10294,2024-02-28,Returned
101432,10294,2024-03-26,Completed
101433,3067,2024-02-28,Completed
101434,4246,2024-02-28,Completed
101435,4246,2024-04-23,Completed
101436,5440,2024-02-28,Completed
101437,7071,2024-02-28,Completed
101438,7071,2024-05-29,Completed
101439,7071,2024-07-01,Completed
101440,2390,2024-02-28,Completed
101441,9121,2024-02-28,Completed
101442,11038,2024-02-28,Completed
101443,928,2024-02-28,Completed
101444,563,2024-02-28,Completed
101445,563,2024-05-01,Completed
101446,563,2024-06-25,Completed
101447,113,2024-02-28,Completed
101448,113,2024-12-12,Completed
101449,560,2024-02-28,Completed
101450,728,2024-02-28,Completed
101451,11225,2024-02-28,Completed
101452,9339,2024-02-28,Completed
101453,9442,2024-02-28,Completed
101454,2486,2024-02-29,Completed
101455,2331,2024-02-29,Completed
101456,2331,2024-05-16,Completed
101457,2331,2024-06-11,Completed
101458,8215,2024-02-29,Completed
101459,8215,2024-04-02,Cancelled
101460,8215,2024-05-12,Completed
101461,8215,2024-07-06,Completed
101462,3332,2024-02-29,Completed
101463,3332,2024-03-30,Returned
101464,10833,2024-02-29,Cancelled
101465,10833,2024-06-29,Completed
101466,2722,2024-02-29,Completed
101467,2722,2024-04-17,Completed
101468,2722,2024-05-31,Completed
101469,4755,2024-02-29,Completed
101470,10638,2024-02-29,Returned
101471,10490,2024-02-29,Completed
101472,10324,2024-03-01,Completed
101473,10324,2024-08-13,Completed
101474,10324,2024-12-04,Returned
101475,10324,2025-03-07,Completed
101476,10324,2025-05-09,Returned
101477,10324,2025-06-23,Cancelled
101478,10324,2025-10-21,Completed
101479,10324,2025-11-11,Completed
101480,7004,2024-03-01,Completed
101481,717,2024-03-01,Completed
101482,2134,2024-03-01,Completed
101483,10925,2024-03-01,Completed
101484,10925,2024-03-28,Completed
101485,5256,2024-03-01,Completed
101486,5256,2024-03-17,Completed
101487,5256,2024-05-22,Completed
101488,5256,2024-06-18,Completed
101489,5256,2024-10-29,Completed
101490,5256,2025-01-28,Completed
101491,4470,2024-03-01,Cancelled
101492,11742,2024-03-01,Completed
101493,11742,2024-05-24,Completed
101494,9060,2024-03-01,Completed
101495,2215,2024-03-02,Completed
101496,5309,2024-03-02,Returned
101497,4527,2024-03-02,Completed
101498,4527,2024-04-07,Completed
101499,4560,2024-03-02,Completed
101500,4560,2024-03-29,Completed
101501,4560,2024-08-29,Returned
101502,4560,2024-10-01,Completed
101503,4560,2024-10-31,Returned
101504,4560,2024-11-18,Returned
101505,4560,2025-02-05,Completed
101506,4560,2025-03-08,Completed
101507,4560,2025-06-12,Completed
101508,4560,2025-08-16,Returned
101509,4560,2025-11-12,Completed
101510,9503,2024-03-02,Completed
101511,9827,2024-03-02,Completed
101512,7757,2024-03-02,Completed
101513,7757,2024-05-18,Returned
101514,7757,2024-08-25,Completed
101515,8612,2024-03-02,Completed
101516,8612,2024-05-24,Completed
101517,8612,2024-07-16,Completed
101518,8612,2024-08-07,Completed
101519,8612,2024-09-30,Returned
101520,8612,2024-10-26,Completed
101521,8612,2025-01-09,Completed
101522,8612,2025-04-12,Completed
101523,8612,2025-07-23,Completed
101524,4320,2024-03-02,Completed
101525,4320,2024-06-06,Completed
101526,4320,2024-07-14,Completed
101527,4320,2024-08-05,Cancelled
101528,4320,2024-11-26,Completed
101529,4320,2025-04-08,Completed
101530,4320,2025-05-06,Completed
101531,4320,2025-06-04,Completed
101532,4320,2025-10-03,Completed
101533,4320,2025-11-08,Returned
101534,8594,2024-03-02,Completed
101535,8594,2024-04-03,Completed
101536,8765,2024-03-02,Completed
101537,812,2024-03-02,Completed
101538,812,2024-04-05,Completed
101539,8795,2024-03-02,Completed
101540,11218,2024-03-02,Completed
101541,3391,2024-03-02,Completed
101542,3391,2024-03-31,Completed
101543,8698,2024-03-02,Completed
101544,4833,2024-03-03,Completed
101545,1207,2024-03-03,Completed
101546,11899,2024-03-03,Completed
101547,11899,2024-05-13,Completed
101548,7201,2024-03-03,Returned
101549,422,2024-03-03,Completed
101550,422,2024-12-05,Completed
101551,422,2025-03-14,Completed
101552,422,2025-05-09,Returned
101553,422,2025-08-13,Returned
101554,422,2025-10-16,Completed
101555,7306,2024-03-03,Returned
101556,7306,2024-05-21,Completed
101557,7306,2024-06-26,Completed
101558,7306,2024-10-13,Completed
101559,7306,2024-11-02,Completed
101560,7306,2025-01-02,Completed
101561,3850,2024-03-03,Completed
101562,3850,2024-04-26,Completed
101563,6600,2024-03-03,Completed
101564,6600,2024-07-11,Completed
101565,8856,2024-03-03,Completed
101566,8856,2024-05-07,Completed
101567,4816,2024-03-03,Completed
101568,4816,2024-05-29,Completed
101569,4816,2024-06-26,Completed
101570,7292,2024-03-03,Completed
101571,907,2024-03-03,Completed
101572,907,2024-03-28,Returned
101573,907,2024-07-26,Completed
101574,907,2025-05-28,Completed
101575,907,2025-06-29,Completed
101576,907,2025-08-26,Completed
101577,907,2025-11-05,Completed
101578,907,2025-11-23,Completed
101579,907,2025-12-20,Completed
101580,3964,2024-03-03,Completed
101581,3964,2024-07-09,Completed
101582,10304,2024-03-03,Completed
101583,10762,2024-03-04,Completed
101584,5069,2024-03-04,Completed
101585,5069,2024-04-14,Completed
101586,9038,2024-03-04,Completed
101587,11529,2024-03-04,Completed
101588,11529,2024-04-27,Completed
101589,11529,2024-05-24,Completed
101590,11529,2024-07-01,Completed
101591,11529,2024-07-24,Completed
101592,11529,2024-09-28,Completed
101593,9440,2024-03-04,Completed
101594,7745,2024-03-04,Completed
101595,11394,2024-03-04,Completed
101596,11394,2024-04-04,Completed
101597,4825,2024-03-04,Completed
101598,1358,2024-03-05,Completed
101599,1358,2024-04-03,Completed
101600,1358,2024-08-05,Completed
101601,1358,2024-10-10,Completed
101602,264,2024-03-05,Completed
101603,1823,2024-03-05,Completed
101604,1823,2024-04-28,Completed
101605,3512,2024-03-05,Completed
101606,3512,2024-04-27,Returned
101607,10623,2024-03-05,Completed
101608,10623,2024-05-17,Completed
101609,10623,2024-06-23,Completed
101610,4901,2024-03-05,Completed
101611,1902,2024-03-05,Completed
101612,1902,2024-04-21,Completed
101613,1902,2024-05-20,Completed
101614,1902,2024-07-17,Completed
101615,3194,2024-03-05,Completed
101616,3194,2024-04-15,Completed
101617,1142,2024-03-05,Completed
101618,1142,2024-03-29,Completed
101619,1142,2024-05-21,Completed
101620,1142,2024-12-17,Completed
101621,1142,2025-02-24,Cancelled
101622,1142,2025-07-02,Completed
101623,6899,2024-03-05,Completed
101624,6899,2024-04-04,Completed
101625,117,2024-03-05,Completed
101626,7577,2024-03-05,Completed
101627,7577,2024-04-12,Completed
101628,3761,2024-03-05,Completed
101629,8785,2024-03-05,Completed
101630,8785,2024-06-13,Completed
101631,3862,2024-03-05,Completed
101632,3862,2024-04-24,Completed
101633,3862,2024-05-17,Completed
101634,3862,2024-06-19,Completed
101635,3862,2024-08-08,Completed
101636,6237,2024-03-06,Completed
101637,4766,2024-03-06,Completed
101638,4011,2024-03-06,Completed
101639,1568,2024-03-06,Completed
101640,5835,2024-03-06,Completed
101641,2083,2024-03-06,Completed
101642,6856,2024-03-06,Completed
101643,5705,2024-03-06,Completed
101644,6780,2024-03-06,Completed
101645,2531,2024-03-07,Completed
101646,2531,2024-03-28,Completed
101647,7117,2024-03-07,Completed
101648,11022,2024-03-07,Returned
101649,11022,2024-04-02,Returned
101650,4652,2024-03-07,Completed
101651,9939,2024-03-07,Completed
101652,9939,2024-04-11,Completed
101653,9939,2024-06-27,Completed
101654,9939,2024-07-16,Returned
101655,9939,2025-04-22,Returned
101656,9939,2025-06-30,Completed
101657,9939,2025-07-28,Completed
101658,1600,2024-03-07,Completed
101659,1600,2024-03-28,Cancelled
101660,23,2024-03-07,Completed
101661,3308,2024-03-07,Completed
101662,3481,2024-03-07,Completed
101663,8237,2024-03-07,Completed
101664,7397,2024-03-07,Completed
101665,7397,2024-04-03,Completed
101666,8419,2024-03-07,Returned
101667,8419,2024-04-02,Completed
101668,4988,2024-03-07,Completed
101669,4988,2024-05-18,Completed
101670,4988,2024-06-10,Completed
101671,4988,2024-09-21,Completed
101672,773,2024-03-08,Returned
101673,4116,2024-03-08,Returned
101674,4116,2024-07-09,Completed
101675,4852,2024-03-08,Completed
101676,6650,2024-03-08,Completed
101677,8357,2024-03-08,Completed
101678,1711,2024-03-08,Completed
101679,1711,2024-04-10,Completed
101680,7478,2024-03-08,Completed
101681,7478,2024-04-02,Completed
101682,7478,2024-04-18,Completed
101683,7478,2024-07-25,Completed
101684,7478,2024-12-01,Completed
101685,7478,2024-12-26,Completed
101686,7478,2025-01-30,Completed
101687,4981,2024-03-08,Completed
101688,4981,2024-06-24,Cancelled
101689,6921,2024-03-08,Completed
101690,6327,2024-03-08,Completed
101691,1519,2024-03-08,Completed
101692,3182,2024-03-08,Completed
101693,3182,2024-05-08,Completed
101694,3182,2024-06-11,Completed
101695,9726,2024-03-08,Completed
101696,9726,2024-03-29,Returned
101697,3019,2024-03-08,Completed
101698,3019,2024-04-18,Completed
101699,5015,2024-03-08,Returned
101700,5015,2024-04-12,Completed
101701,1862,2024-03-08,Completed
101702,4749,2024-03-08,Completed
101703,4749,2024-04-03,Completed
101704,4749,2024-07-06,Completed
101705,4749,2024-10-12,Completed
101706,7137,2024-03-08,Completed
101707,3844,2024-03-08,Returned
101708,1941,2024-03-08,Completed
101709,1941,2024-04-03,Completed
101710,4163,2024-03-09,Completed
101711,4163,2024-05-08,Completed
101712,4163,2024-08-28,Completed
101713,4163,2024-09-27,Completed
101714,6510,2024-03-09,Completed
101715,10132,2024-03-09,Completed
101716,395,2024-03-09,Returned
101717,395,2024-05-02,Cancelled
101718,9668,2024-03-09,Completed
101719,5418,2024-03-09,Completed
101720,2209,2024-03-09,Completed
101721,2209,2024-04-04,Returned
101722,2209,2024-08-29,Completed
101723,2209,2024-10-11,Completed
101724,277,2024-03-09,Completed
101725,277,2024-04-15,Completed
101726,277,2024-05-14,Completed
101727,8891,2024-03-09,Completed
101728,2566,2024-03-09,Completed
101729,1130,2024-03-09,Completed
101730,1130,2024-05-06,Completed
101731,8159,2024-03-09,Completed
101732,5495,2024-03-09,Completed
101733,509,2024-03-09,Completed
101734,509,2024-04-16,Completed
101735,509,2024-05-24,Completed
101736,2391,2024-03-10,Completed
101737,4097,2024-03-10,Returned
101738,4097,2024-04-08,Completed
101739,4305,2024-03-10,Completed
101740,4305,2024-04-25,Completed
101741,4305,2024-06-02,Cancelled
101742,132,2024-03-10,Completed
101743,132,2024-04-08,Completed
101744,132,2024-06-06,Completed
101745,132,2024-08-15,Returned
101746,132,2024-09-23,Completed
101747,132,2024-10-06,Returned
101748,4319,2024-03-10,Completed
101749,4319,2024-04-23,Returned
101750,3696,2024-03-10,Completed
101751,3696,2024-04-06,Completed
101752,11035,2024-03-10,Completed
101753,11035,2024-04-11,Completed
101754,11035,2024-05-14,Completed
101755,11035,2024-06-10,Completed
101756,11035,2025-01-27,Completed
101757,4949,2024-03-10,Returned
101758,4949,2024-10-15,Completed
101759,10565,2024-03-10,Completed
101760,11321,2024-03-10,Completed
101761,5535,2024-03-10,Completed
101762,5535,2024-07-06,Completed
101763,10530,2024-03-10,Completed
101764,6791,2024-03-10,Completed
101765,6791,2024-04-18,Completed
101766,6791,2024-05-08,Completed
101767,6791,2024-06-02,Completed
101768,6791,2024-07-08,Returned
101769,6791,2024-09-01,Completed
101770,11316,2024-03-10,Returned
101771,11316,2024-06-25,Returned
101772,9619,2024-03-10,Completed
101773,9619,2024-05-31,Completed
101774,9619,2024-07-21,Completed
101775,9619,2024-08-23,Returned
101776,9619,2024-09-24,Completed
101777,9619,2025-01-22,Completed
101778,9619,2025-03-13,Completed
101779,9619,2025-04-21,Completed
101780,3953,2024-03-11,Completed
101781,1339,2024-03-11,Completed
101782,1339,2024-05-06,Completed
101783,5000,2024-03-11,Returned
101784,5000,2024-04-24,Completed
101785,4518,2024-03-11,Completed
101786,1081,2024-03-11,Completed
101787,11061,2024-03-11,Completed
101788,8471,2024-03-11,Completed
101789,4085,2024-03-11,Completed
101790,4085,2024-04-03,Completed
101791,1253,2024-03-11,Completed
101792,1253,2024-05-01,Completed
101793,1253,2024-07-05,Completed
101794,1253,2025-02-20,Completed
101795,4075,2024-03-12,Completed
101796,8374,2024-03-12,Completed
101797,8374,2024-05-17,Completed
101798,8374,2024-06-26,Completed
101799,8374,2024-07-28,Completed
101800,7629,2024-03-12,Cancelled
101801,7629,2024-09-28,Completed
101802,9201,2024-03-12,Completed
101803,10945,2024-03-12,Completed
101804,3795,2024-03-12,Completed
101805,9831,2024-03-12,Completed
101806,5571,2024-03-12,Completed
101807,334,2024-03-12,Completed
101808,334,2024-04-23,Completed
101809,4570,2024-03-12,Completed
101810,4570,2024-09-07,Completed
101811,4570,2024-12-15,Completed
101812,4570,2025-05-22,Completed
101813,4570,2025-07-01,Completed
101814,4570,2025-07-30,Cancelled
101815,4570,2025-12-01,Completed
101816,589,2024-03-12,Completed
101817,2459,2024-03-12,Completed
101818,1126,2024-03-12,Completed
101819,1971,2024-03-12,Completed
101820,4854,2024-03-12,Completed
101821,4854,2024-05-18,Completed
101822,1654,2024-03-12,Completed
101823,10887,2024-03-13,Returned
101824,11989,2024-03-13,Completed
101825,5288,2024-03-13,Completed
101826,8038,2024-03-13,Completed
101827,8038,2024-05-26,Completed
101828,6779,2024-03-13,Completed
101829,6779,2024-07-01,Completed
101830,6779,2025-01-12,Completed
101831,6779,2025-06-10,Completed
101832,6779,2025-07-13,Completed
101833,6779,2025-09-29,Completed
101834,10976,2024-03-13,Completed
101835,10976,2024-11-24,Completed
101836,10976,2025-02-09,Completed
101837,10976,2025-04-04,Returned
101838,10976,2025-05-30,Completed
101839,10976,2025-09-17,Completed
101840,10976,2025-12-10,Completed
101841,2291,2024-03-13,Completed
101842,2291,2024-06-22,Completed
101843,2291,2024-09-12,Completed
101844,2291,2024-11-12,Completed
101845,2291,2025-01-31,Returned
101846,2291,2025-03-20,Completed
101847,2291,2025-08-22,Completed
101848,2291,2025-12-18,Completed
101849,6078,2024-03-13,Completed
101850,6078,2024-05-19,Completed
101851,6078,2024-06-30,Completed
101852,6078,2024-07-22,Cancelled
101853,11071,2024-03-13,Completed
101854,11071,2024-05-16,Completed
101855,11071,2024-06-13,Completed
101856,7382,2024-03-13,Completed
101857,2855,2024-03-13,Completed
101858,2855,2024-05-09,Completed
101859,3316,2024-03-13,Completed
101860,3744,2024-03-13,Completed
101861,3744,2024-05-14,Completed
101862,3744,2024-07-30,Completed
101863,2613,2024-03-13,Returned
101864,2613,2024-04-07,Completed
101865,2613,2024-06-08,Returned
101866,2613,2024-07-05,Completed
101867,2613,2024-09-06,Returned
101868,2613,2024-10-07,Completed
101869,2613,2025-03-28,Completed
101870,8539,2024-03-13,Completed
101871,472,2024-03-13,Returned
101872,4358,2024-03-13,Completed
101873,11789,2024-03-14,Completed
101874,6984,2024-03-14,Completed
101875,6984,2024-05-17,Completed
101876,6984,2024-07-26,Completed
101877,8526,2024-03-14,Completed
101878,8869,2024-03-14,Completed
101879,4500,2024-03-14,Completed
101880,4500,2024-04-22,Completed
101881,7093,2024-03-14,Completed
101882,7093,2024-05-10,Completed
101883,7093,2024-07-06,Completed
101884,9945,2024-03-14,Completed
101885,11906,2024-03-14,Completed
101886,8368,2024-03-14,Completed
101887,8368,2024-04-07,Completed
101888,8368,2024-05-25,Completed
101889,8368,2024-06-26,Completed
101890,8368,2024-07-17,Completed
101891,8368,2024-10-01,Completed
101892,8368,2024-11-20,Completed
101893,8368,2024-12-11,Completed
101894,8368,2025-07-20,Completed
101895,8368,2025-09-16,Completed
101896,8368,2025-12-07,Completed
101897,3495,2024-03-14,Completed
101898,3495,2024-06-28,Completed
101899,1877,2024-03-14,Completed
101900,11403,2024-03-14,Completed
101901,11403,2024-06-04,Completed
101902,9873,2024-03-14,Completed
101903,9873,2024-04-23,Completed
101904,7878,2024-03-14,Completed
101905,7878,2024-06-02,Completed
101906,4430,2024-03-14,Completed
101907,10637,2024-03-15,Completed
101908,96,2024-03-15,Completed
101909,96,2024-07-13,Completed
101910,96,2024-08-07,Completed
101911,96,2024-09-04,Completed
101912,7871,2024-03-15,Completed
101913,7871,2024-04-20,Completed
101914,7871,2024-06-12,Completed
101915,4573,2024-03-15,Completed
101916,4864,2024-03-15,Completed
101917,4818,2024-03-15,Completed
101918,285,2024-03-15,Completed
101919,285,2024-04-15,Completed
101920,285,2024-05-19,Completed
101921,11884,2024-03-15,Completed
101922,11884,2024-04-05,Completed
101923,685,2024-03-16,Completed
101924,685,2024-04-15,Completed
101925,5115,2024-03-16,Completed
101926,5115,2024-06-14,Completed
101927,949,2024-03-16,Completed
101928,7982,2024-03-16,Completed
101929,40,2024-03-16,Completed
101930,40,2024-04-15,Completed
101931,3452,2024-03-16,Cancelled
101932,4897,2024-03-16,Completed
101933,4897,2024-04-18,Completed
101934,11257,2024-03-16,Completed
101935,2149,2024-03-16,Completed
101936,2149,2024-04-15,Returned
101937,8170,2024-03-16,Returned
101938,8170,2024-05-07,Completed
101939,2352,2024-03-16,Completed
101940,2352,2024-05-12,Completed
101941,8713,2024-03-16,Completed
101942,8993,2024-03-17,Completed
101943,272,2024-03-17,Completed
101944,272,2024-05-22,Completed
101945,272,2024-06-12,Completed
101946,272,2024-07-01,Completed
101947,3464,2024-03-17,Completed
101948,3464,2024-04-19,Completed
101949,10232,2024-03-17,Completed
101950,10232,2024-04-29,Completed
101951,5394,2024-03-17,Completed
101952,5394,2024-04-15,Completed
101953,6126,2024-03-17,Completed
101954,6126,2024-04-11,Completed
101955,863,2024-03-17,Completed
101956,11405,2024-03-17,Completed
101957,11405,2024-04-17,Completed
101958,4682,2024-03-17,Completed
101959,2493,2024-03-17,Returned
101960,2493,2024-06-07,Completed
101961,4647,2024-03-17,Completed
101962,10101,2024-03-17,Completed
101963,10101,2024-04-26,Completed
101964,10101,2024-07-24,Completed
101965,4302,2024-03-18,Returned
101966,4302,2024-04-20,Completed
101967,4302,2024-06-18,Completed
101968,4302,2024-07-20,Completed
101969,4302,2024-08-21,Completed
101970,4302,2024-10-27,Completed
101971,4302,2025-04-24,Completed
101972,4302,2025-05-29,Completed
101973,4302,2025-07-30,Completed
101974,4302,2025-08-14,Completed
101975,4302,2025-10-14,Completed
101976,1097,2024-03-18,Completed
101977,1097,2024-05-19,Completed
101978,1097,2024-07-23,Completed
101979,1097,2024-08-21,Completed
101980,1097,2024-10-22,Completed
101981,1097,2024-12-09,Completed
101982,1097,2025-02-15,Completed
101983,1097,2025-04-07,Cancelled
101984,1097,2025-05-08,Completed
101985,10890,2024-03-18,Completed
101986,10890,2024-04-10,Completed
101987,469,2024-03-18,Completed
101988,469,2024-05-28,Cancelled
101989,469,2024-08-21,Completed
101990,469,2024-10-16,Completed
101991,469,2025-01-28,Completed
101992,469,2025-02-26,Completed
101993,3976,2024-03-18,Completed
101994,2297,2024-03-18,Completed
101995,2297,2024-04-16,Completed
101996,10525,2024-03-18,Cancelled
101997,3244,2024-03-18,Completed
101998,3244,2024-04-17,Completed
101999,1627,2024-03-18,Completed
102000,1627,2024-07-19,Completed
102001,1365,2024-03-18,Completed
102002,1365,2024-04-05,Completed
102003,1365,2024-05-02,Completed
102004,10531,2024-03-19,Completed
102005,260,2024-03-19,Completed
102006,260,2024-04-15,Completed
102007,260,2024-06-21,Completed
102008,8482,2024-03-19,Completed
102009,10614,2024-03-19,Completed
102010,10614,2024-05-12,Completed
102011,10471,2024-03-19,Completed
102012,10471,2024-04-10,Completed
102013,6081,2024-03-20,Completed
102014,6081,2024-08-03,Completed
102015,7846,2024-03-20,Completed
102016,7474,2024-03-20,Completed
102017,7474,2024-04-15,Completed
102018,8465,2024-03-20,Completed
102019,7655,2024-03-20,Completed
102020,4030,2024-03-20,Completed
102021,10234,2024-03-20,Completed
102022,10234,2024-04-09,Completed
102023,9019,2024-03-20,Completed
102024,204,2024-03-20,Completed
102025,3168,2024-03-20,Completed
102026,3168,2024-05-23,Completed
102027,3823,2024-03-20,Completed
102028,3823,2024-04-24,Returned
102029,4435,2024-03-21,Completed
102030,10443,2024-03-21,Completed
102031,10443,2024-07-13,Completed
102032,6868,2024-03-21,Completed
102033,5107,2024-03-21,Completed
102034,11959,2024-03-21,Completed
102035,11959,2024-04-14,Completed
102036,11959,2024-05-18,Completed
102037,11959,2024-07-24,Completed
102038,11959,2024-08-05,Completed
102039,3939,2024-03-21,Completed
102040,3939,2024-07-12,Completed
102041,5880,2024-03-21,Returned
102042,5880,2024-04-22,Completed
102043,1921,2024-03-21,Completed
102044,1921,2024-09-01,Completed
102045,5712,2024-03-21,Completed
102046,11707,2024-03-21,Completed
102047,11707,2024-06-09,Completed
102048,8027,2024-03-21,Returned
102049,1189,2024-03-21,Returned
102050,10596,2024-03-21,Completed
102051,6955,2024-03-22,Completed
102052,5808,2024-03-22,Completed
102053,9745,2024-03-22,Completed
102054,10041,2024-03-22,Completed
102055,10041,2024-06-23,Completed
102056,8098,2024-03-22,Completed
102057,8098,2024-04-18,Cancelled
102058,8098,2024-05-14,Completed
102059,8098,2024-07-12,Completed
102060,8098,2024-10-24,Completed
102061,8098,2025-03-14,Completed
102062,8098,2025-04-23,Completed
102063,8098,2025-06-08,Completed
102064,8098,2025-08-24,Completed
102065,8098,2025-09-30,Completed
102066,4026,2024-03-22,Completed
102067,4026,2024-04-29,Returned
102068,4026,2024-07-20,Completed
102069,9834,2024-03-22,Completed
102070,9940,2024-03-22,Completed
102071,5395,2024-03-22,Returned
102072,5395,2024-04-20,Returned
102073,5395,2024-06-26,Completed
102074,5395,2024-11-09,Completed
102075,5395,2025-03-20,Completed
102076,5395,2025-04-26,Completed
102077,5395,2025-05-26,Completed
102078,5395,2025-07-13,Completed
102079,5395,2025-11-08,Completed
102080,5395,2025-12-11,Completed
102081,6157,2024-03-22,Completed
102082,6157,2024-08-16,Cancelled
102083,6157,2025-03-13,Returned
102084,3557,2024-03-22,Returned
102085,7721,2024-03-22,Completed
102086,9561,2024-03-22,Completed
102087,10178,2024-03-22,Completed
102088,8514,2024-03-22,Completed
102089,6458,2024-03-22,Completed
102090,6458,2024-06-06,Completed
102091,11581,2024-03-22,Completed
102092,11581,2024-04-25,Completed
102093,450,2024-03-22,Completed
102094,7364,2024-03-22,Completed
102095,7364,2024-04-27,Completed
102096,9279,2024-03-22,Completed
102097,4119,2024-03-22,Returned
102098,4119,2024-06-29,Completed
102099,9675,2024-03-22,Completed
102100,9675,2024-04-18,Cancelled
102101,9675,2024-08-12,Completed
102102,9675,2024-09-02,Completed
102103,9675,2024-11-30,Completed
102104,4112,2024-03-22,Cancelled
102105,7300,2024-03-22,Completed
102106,7300,2025-01-27,Completed
102107,7300,2025-03-07,Completed
102108,7300,2025-06-13,Completed
102109,6224,2024-03-22,Completed
102110,6224,2024-04-28,Completed
102111,11747,2024-03-23,Completed
102112,1140,2024-03-23,Completed
102113,7814,2024-03-23,Cancelled
102114,9547,2024-03-23,Completed
102115,9547,2024-05-10,Completed
102116,7312,2024-03-23,Completed
102117,9838,2024-03-23,Completed
102118,9838,2024-09-24,Completed
102119,9838,2024-10-10,Completed
102120,9838,2024-12-22,Completed
102121,9838,2025-03-01,Completed
102122,6595,2024-03-23,Returned
102123,2408,2024-03-23,Completed
102124,4784,2024-03-23,Cancelled
102125,4056,2024-03-23,Completed
102126,4056,2024-05-21,Cancelled
102127,4056,2024-06-16,Returned
102128,4056,2024-08-17,Completed
102129,8588,2024-03-23,Returned
102130,11808,2024-03-23,Completed
102131,4678,2024-03-23,Returned
102132,4678,2024-05-31,Completed
102133,4678,2024-06-21,Returned
102134,4678,2024-07-24,Completed
102135,4678,2024-09-28,Completed
102136,4678,2025-03-04,Completed
102137,4678,2025-03-21,Completed
102138,4678,2025-04-21,Returned
102139,4678,2025-06-21,Completed
102140,2306,2024-03-24,Completed
102141,10622,2024-03-24,Completed
102142,10622,2024-05-12,Completed
102143,1866,2024-03-24,Completed
102144,5377,2024-03-24,Completed
102145,5377,2024-05-28,Completed
102146,5377,2024-06-30,Cancelled
102147,3249,2024-03-24,Completed
102148,10079,2024-03-24,Completed
102149,10079,2024-08-14,Completed
102150,6808,2024-03-24,Completed
102151,295,2024-03-24,Completed
102152,295,2024-06-03,Completed
102153,295,2024-09-10,Completed
102154,295,2024-10-05,Completed
102155,295,2024-11-03,Completed
102156,3396,2024-03-24,Completed
102157,3396,2024-05-21,Completed
102158,8156,2024-03-24,Completed
102159,8156,2024-05-06,Completed
102160,8156,2024-06-01,Completed
102161,8346,2024-03-25,Cancelled
102162,8346,2024-04-26,Completed
102163,8346,2024-08-04,Completed
102164,8346,2024-09-16,Completed
102165,3295,2024-03-25,Completed
102166,7287,2024-03-25,Completed
102167,7287,2024-06-05,Cancelled
102168,7287,2024-08-04,Returned
102169,7287,2024-09-01,Completed
102170,7287,2025-04-14,Completed
102171,707,2024-03-25,Completed
102172,707,2024-04-26,Cancelled
102173,5801,2024-03-25,Completed
102174,5801,2024-04-14,Completed
102175,5801,2024-06-11,Completed
102176,5801,2024-07-03,Completed
102177,1432,2024-03-25,Completed
102178,4761,2024-03-25,Completed
102179,4761,2024-04-28,Completed
102180,4761,2024-10-22,Completed
102181,4761,2024-11-26,Completed
102182,4761,2024-12-30,Completed
102183,10371,2024-03-25,Completed
102184,6933,2024-03-25,Completed
102185,6933,2024-11-21,Completed
102186,10169,2024-03-25,Completed
102187,9045,2024-03-25,Completed
102188,8724,2024-03-25,Completed
102189,7237,2024-03-25,Completed
102190,6099,2024-03-25,Completed
102191,6099,2024-04-13,Completed
102192,6099,2024-05-12,Completed
102193,5111,2024-03-26,Completed
102194,3151,2024-03-26,Completed
102195,3151,2024-09-08,Completed
102196,3151,2025-02-03,Completed
102197,3151,2025-04-29,Completed
102198,3151,2025-05-23,Completed
102199,3151,2025-06-22,Cancelled
102200,3151,2025-08-26,Completed
102201,7334,2024-03-26,Completed
102202,5196,2024-03-26,Completed
102203,5196,2024-11-02,Returned
102204,10995,2024-03-26,Returned
102205,8340,2024-03-26,Returned
102206,8340,2024-05-26,Completed
102207,8340,2024-09-07,Returned
102208,3343,2024-03-26,Completed
102209,233,2024-03-26,Completed
102210,913,2024-03-26,Completed
102211,6580,2024-03-26,Completed
102212,6580,2024-05-02,Completed
102213,6580,2024-07-13,Completed
102214,6580,2024-08-18,Completed
102215,1878,2024-03-26,Completed
102216,2742,2024-03-26,Completed
102217,6239,2024-03-26,Completed
102218,801,2024-03-26,Completed
102219,801,2024-04-30,Completed
102220,801,2024-08-01,Completed
102221,801,2024-11-04,Completed
102222,801,2024-12-06,Completed
102223,9876,2024-03-26,Completed
102224,9876,2024-09-10,Completed
102225,4212,2024-03-26,Completed
102226,4212,2024-06-11,Completed
102227,8737,2024-03-26,Completed
102228,8737,2024-05-06,Completed
102229,10766,2024-03-26,Completed
102230,2745,2024-03-27,Completed
102231,3554,2024-03-27,Completed
102232,3554,2024-05-15,Completed
102233,3554,2024-06-30,Completed
102234,32,2024-03-27,Completed
102235,32,2024-04-18,Completed
102236,32,2024-05-15,Completed
102237,32,2024-06-14,Cancelled
102238,32,2024-07-15,Completed
102239,6845,2024-03-27,Completed
102240,6845,2024-06-04,Completed
102241,799,2024-03-27,Completed
102242,799,2024-04-29,Completed
102243,799,2024-06-03,Completed
102244,9800,2024-03-27,Completed
102245,9800,2024-04-27,Completed
102246,9196,2024-03-27,Completed
102247,4775,2024-03-27,Completed
102248,4775,2024-04-19,Completed
102249,4775,2024-08-26,Completed
102250,10002,2024-03-27,Returned
102251,10002,2024-04-21,Completed
102252,4620,2024-03-27,Completed
102253,4620,2024-05-08,Completed
102254,4620,2024-08-23,Completed
102255,11797,2024-03-27,Completed
102256,3952,2024-03-27,Completed
102257,9153,2024-03-28,Completed
102258,643,2024-03-28,Completed
102259,643,2024-11-30,Completed
102260,643,2025-02-02,Completed
102261,643,2025-03-05,Returned
102262,495,2024-03-28,Completed
102263,495,2024-06-16,Completed
102264,1379,2024-03-28,Completed
102265,3946,2024-03-28,Completed
102266,3946,2024-05-17,Completed
102267,3946,2024-06-27,Completed
102268,3946,2024-10-23,Completed
102269,4041,2024-03-28,Completed
102270,1032,2024-03-28,Completed
102271,1032,2024-05-01,Completed
102272,8257,2024-03-28,Completed
102273,4268,2024-03-28,Completed
102274,3572,2024-03-28,Completed
102275,10076,2024-03-28,Completed
102276,2262,2024-03-28,Completed
102277,2262,2024-12-26,Completed
102278,11087,2024-03-28,Returned
102279,10745,2024-03-28,Completed
102280,10745,2024-05-04,Completed
102281,10745,2024-10-06,Completed
102282,10745,2025-02-01,Returned
102283,10745,2025-04-14,Completed
102284,10745,2025-05-06,Cancelled
102285,10745,2025-07-29,Completed
102286,10745,2025-09-25,Completed
102287,10745,2025-10-23,Completed
102288,10745,2025-12-29,Completed
102289,4714,2024-03-28,Completed
102290,5388,2024-03-28,Completed
102291,5388,2024-04-22,Completed
102292,6916,2024-03-28,Completed
102293,8252,2024-03-28,Completed
102294,2516,2024-03-29,Completed
102295,10064,2024-03-29,Completed
102296,3923,2024-03-29,Returned
102297,3923,2024-04-24,Completed
102298,3923,2024-06-11,Completed
102299,5331,2024-03-29,Completed
102300,3497,2024-03-29,Completed
102301,8635,2024-03-29,Completed
102302,8635,2024-06-19,Completed
102303,8635,2024-07-28,Completed
102304,1498,2024-03-29,Returned
102305,1498,2024-08-04,Completed
102306,791,2024-03-29,Completed
102307,745,2024-03-29,Returned
102308,6169,2024-03-29,Completed
102309,6169,2024-04-19,Returned
102310,10461,2024-03-29,Completed
102311,10461,2024-04-21,Returned
102312,10461,2024-05-24,Completed
102313,10461,2024-06-21,Completed
102314,10461,2024-10-17,Completed
102315,10461,2025-05-30,Returned
102316,10461,2025-07-07,Completed
102317,771,2024-03-29,Completed
102318,771,2024-05-04,Completed
102319,771,2024-07-18,Completed
102320,1663,2024-03-29,Completed
102321,8566,2024-03-29,Cancelled
102322,8566,2024-07-25,Completed
102323,8566,2024-09-20,Completed
102324,8566,2024-11-15,Completed
102325,11277,2024-03-29,Completed
102326,11277,2024-05-07,Completed
102327,11487,2024-03-29,Completed
102328,8243,2024-03-29,Cancelled
102329,1726,2024-03-30,Completed
102330,10578,2024-03-30,Completed
102331,10578,2024-05-02,Completed
102332,10578,2024-06-17,Completed
102333,9811,2024-03-30,Cancelled
102334,9476,2024-03-30,Completed
102335,10195,2024-03-30,Completed
102336,5035,2024-03-30,Completed
102337,1777,2024-03-30,Completed
102338,1777,2024-05-26,Completed
102339,1777,2024-08-03,Completed
102340,10924,2024-03-30,Completed
102341,10924,2024-04-21,Completed
102342,923,2024-03-30,Completed
102343,11143,2024-03-30,Completed
102344,11143,2024-04-27,Returned
102345,11143,2024-06-07,Completed
102346,11143,2024-07-04,Returned
102347,3338,2024-03-30,Completed
102348,3338,2024-12-20,Completed
102349,3338,2025-03-26,Cancelled
102350,3338,2025-06-13,Completed
102351,3338,2025-07-04,Returned
102352,3338,2025-10-05,Completed
102353,3338,2025-12-03,Completed
102354,2636,2024-03-30,Returned
102355,4865,2024-03-30,Completed
102356,6601,2024-03-30,Returned
102357,11072,2024-03-30,Completed
102358,7943,2024-03-30,Completed
102359,2577,2024-03-31,Completed
102360,1506,2024-03-31,Completed
102361,1506,2024-09-12,Completed
102362,1506,2024-10-13,Completed
102363,9068,2024-03-31,Completed
102364,3191,2024-03-31,Completed
102365,10448,2024-03-31,Returned
102366,10448,2024-05-21,Returned
102367,8710,2024-03-31,Completed
102368,8630,2024-03-31,Completed
102369,8630,2024-04-26,Completed
102370,7092,2024-03-31,Completed
102371,6973,2024-04-01,Completed
102372,7031,2024-04-01,Returned
102373,7031,2024-05-22,Completed
102374,2328,2024-04-01,Completed
102375,2328,2024-06-01,Completed
102376,10391,2024-04-01,Completed
102377,10391,2024-04-24,Returned
102378,8923,2024-04-01,Completed
102379,8923,2024-08-15,Completed
102380,3094,2024-04-01,Completed
102381,1884,2024-04-01,Completed
102382,1000,2024-04-01,Completed
102383,5989,2024-04-01,Completed
102384,5989,2024-06-21,Completed
102385,4217,2024-04-01,Completed
102386,3315,2024-04-01,Completed
102387,3315,2024-06-26,Completed
102388,4331,2024-04-01,Completed
102389,7537,2024-04-02,Returned
102390,7537,2024-05-06,Completed
102391,7537,2024-06-05,Returned
102392,7537,2024-08-03,Completed
102393,7537,2024-09-23,Completed
102394,7537,2024-10-23,Completed
102395,7537,2025-02-08,Completed
102396,7372,2024-04-02,Completed
102397,7372,2024-06-09,Completed
102398,7372,2024-07-27,Completed
102399,7372,2024-08-29,Completed
102400,7372,2024-12-14,Completed
102401,7372,2025-02-11,Completed
102402,7372,2025-08-20,Completed
102403,7372,2025-12-18,Completed
102404,9332,2024-04-02,Completed
102405,9332,2024-04-26,Completed
102406,9332,2024-07-02,Returned
102407,9332,2024-09-29,Completed
102408,7993,2024-04-02,Completed
102409,7993,2024-07-09,Completed
102410,7993,2024-08-06,Completed
102411,7993,2024-09-01,Completed
102412,5480,2024-04-02,Returned
102413,5480,2024-04-30,Completed
102414,5480,2024-09-08,Returned
102415,5480,2025-03-07,Completed
102416,5480,2025-05-19,Returned
102417,5480,2025-10-04,Completed
102418,5497,2024-04-02,Completed
102419,4951,2024-04-02,Completed
102420,1347,2024-04-02,Returned
102421,9170,2024-04-02,Completed
102422,9532,2024-04-02,Completed
102423,6296,2024-04-02,Completed
102424,5,2024-04-02,Completed
102425,5,2024-04-07,Completed
102426,5,2024-04-13,Completed
102427,5,2024-04-20,Returned
102428,5,2024-05-07,Returned
102429,5,2024-05-10,Returned
102430,5,2024-05-13,Completed
102431,5,2024-05-14,Completed
102432,5,2024-05-30,Completed
102433,5,2024-07-14,Completed
102434,5,2024-07-24,Completed
102435,5,2024-08-11,Completed
102436,5,2024-08-18,Cancelled
102437,5,2024-09-03,Completed
102438,5,2024-09-18,Completed
102439,5,2024-09-21,Completed
102440,5,2024-09-25,Completed
102441,5,2024-09-27,Completed
102442,5,2024-09-29,Completed
102443,5,2024-10-08,Completed
102444,5,2024-11-01,Completed
102445,5,2024-11-02,Completed
102446,5,2024-11-06,Returned
102447,5,2024-11-08,Completed
102448,5,2024-11-12,Completed
102449,5,2024-11-28,Completed
102450,5,2024-12-16,Completed
102451,5,2024-12-18,Completed
102452,5,2025-01-01,Completed
102453,5,2025-01-02,Completed
102454,5,2025-01-16,Completed
102455,5,2025-01-22,Completed
102456,5,2025-01-26,Completed
102457,5,2025-03-01,Completed
102458,5,2025-03-02,Completed
102459,5,2025-03-14,Completed
102460,5,2025-04-20,Completed
102461,5,2025-04-27,Completed
102462,5,2025-05-09,Completed
102463,5,2025-05-15,Completed
102464,5,2025-05-18,Returned
102465,5,2025-05-24,Completed
102466,5,2025-06-21,Completed
102467,5,2025-06-30,Completed
102468,5,2025-08-10,Completed
102469,5,2025-08-18,Cancelled
102470,5,2025-09-13,Completed
102471,5,2025-10-24,Completed
102472,5,2025-11-15,Completed
102473,5,2025-11-23,Completed
102474,5,2025-11-29,Cancelled
102475,5,2025-12-24,Completed
102476,6697,2024-04-02,Completed
102477,6697,2024-07-24,Completed
102478,6697,2024-09-06,Completed
102479,6697,2024-11-25,Completed
102480,6697,2024-12-25,Completed
102481,6697,2025-01-30,Completed
102482,7542,2024-04-03,Completed
102483,7542,2024-05-05,Completed
102484,7542,2024-08-26,Cancelled
102485,7542,2024-10-06,Completed
102486,7542,2024-11-08,Returned
102487,7542,2025-02-12,Completed
102488,7542,2025-03-22,Completed
102489,7542,2025-05-18,Cancelled
102490,7542,2025-06-30,Completed
102491,7542,2025-08-25,Returned
102492,7542,2025-09-28,Completed
102493,7542,2025-11-19,Completed
102494,7542,2025-12-30,Completed
102495,9812,2024-04-03,Completed
102496,7617,2024-04-03,Completed
102497,7617,2024-11-09,Completed
102498,7617,2024-12-20,Completed
102499,7617,2025-03-20,Completed
102500,7617,2025-08-08,Completed
102501,7617,2025-10-12,Completed
102502,7617,2025-11-03,Completed
102503,4723,2024-04-03,Returned
102504,4429,2024-04-03,Completed
102505,4429,2024-04-29,Completed
102506,4429,2024-07-01,Completed
102507,4429,2025-04-01,Completed
102508,4429,2025-08-14,Returned
102509,7409,2024-04-03,Completed
102510,389,2024-04-03,Completed
102511,842,2024-04-03,Completed
102512,11128,2024-04-03,Completed
102513,3020,2024-04-03,Completed
102514,3020,2024-05-28,Completed
102515,1610,2024-04-03,Completed
102516,1029,2024-04-03,Completed
102517,6648,2024-04-03,Returned
102518,6648,2024-05-04,Completed
102519,11244,2024-04-03,Cancelled
102520,8260,2024-04-03,Returned
102521,8260,2024-05-16,Completed
102522,8260,2024-06-13,Completed
102523,8260,2024-06-26,Returned
102524,8260,2024-07-26,Completed
102525,8260,2024-11-26,Completed
102526,8260,2024-12-24,Completed
102527,8260,2025-02-10,Completed
102528,8260,2025-04-23,Completed
102529,8260,2025-07-05,Completed
102530,8260,2025-10-09,Completed
102531,8260,2025-11-30,Completed
102532,2918,2024-04-03,Completed
102533,2918,2024-09-16,Completed
102534,2918,2024-10-02,Returned
102535,8645,2024-04-03,Completed
102536,4781,2024-04-03,Completed
102537,4254,2024-04-03,Completed
102538,4254,2024-05-31,Completed
102539,4254,2024-07-20,Completed
102540,2199,2024-04-04,Returned
102541,483,2024-04-04,Completed
102542,7972,2024-04-04,Completed
102543,1309,2024-04-04,Completed
102544,9119,2024-04-04,Completed
102545,7081,2024-04-04,Completed
102546,7081,2024-08-30,Completed
102547,7081,2024-10-30,Completed
102548,11366,2024-04-04,Completed
102549,7108,2024-04-04,Completed
102550,3122,2024-04-04,Completed
102551,3122,2024-06-01,Completed
102552,11769,2024-04-04,Completed
102553,7366,2024-04-04,Returned
102554,5874,2024-04-04,Completed
102555,9206,2024-04-05,Returned
102556,9206,2024-06-14,Returned
102557,11382,2024-04-05,Completed
102558,11459,2024-04-05,Completed
102559,5774,2024-04-05,Completed
102560,4298,2024-04-05,Completed
102561,4298,2024-05-12,Completed
102562,11348,2024-04-05,Returned
102563,11348,2024-06-17,Completed
102564,11348,2024-09-09,Completed
102565,6180,2024-04-05,Completed
102566,5780,2024-04-05,Completed
102567,8399,2024-04-05,Completed
102568,8399,2024-06-26,Completed
102569,8399,2024-07-23,Completed
102570,8399,2024-09-27,Completed
102571,8399,2024-11-02,Completed
102572,8399,2025-05-16,Completed
102573,8399,2025-07-26,Completed
102574,8399,2025-10-16,Returned
102575,8399,2025-12-16,Completed
102576,3485,2024-04-05,Completed
102577,634,2024-04-05,Completed
102578,634,2024-05-11,Completed
102579,11728,2024-04-05,Completed
102580,4880,2024-04-05,Completed
102581,2997,2024-04-05,Completed
102582,7761,2024-04-06,Returned
102583,7761,2024-05-03,Completed
102584,7761,2024-06-04,Completed
102585,7761,2024-06-26,Completed
102586,7952,2024-04-06,Completed
102587,7952,2024-08-15,Completed
102588,7952,2024-10-11,Completed
102589,2507,2024-04-06,Completed
102590,3415,2024-04-06,Completed
102591,3415,2024-05-02,Completed
102592,3415,2024-07-10,Completed
102593,3415,2024-10-01,Completed
102594,8550,2024-04-06,Completed
102595,8550,2024-05-08,Completed
102596,1397,2024-04-06,Completed
102597,1888,2024-04-06,Completed
102598,2431,2024-04-06,Completed
102599,9192,2024-04-06,Completed
102600,1776,2024-04-07,Completed
102601,1776,2024-06-29,Completed
102602,11178,2024-04-07,Completed
102603,11178,2024-06-10,Completed
102604,11178,2024-07-08,Completed
102605,11178,2024-08-20,Completed
102606,11178,2024-09-11,Completed
102607,11178,2025-05-15,Completed
102608,11178,2025-06-15,Completed
102609,535,2024-04-07,Completed
102610,535,2024-10-13,Completed
102611,535,2024-12-05,Cancelled
102612,2920,2024-04-07,Completed
102613,2928,2024-04-07,Completed
102614,11475,2024-04-07,Completed
102615,11064,2024-04-07,Completed
102616,9207,2024-04-07,Returned
102617,9207,2024-05-08,Completed
102618,9207,2024-07-09,Completed
102619,6503,2024-04-08,Completed
102620,6503,2024-05-16,Completed
102621,5120,2024-04-08,Completed
102622,6643,2024-04-08,Completed
102623,6643,2024-05-10,Completed
102624,6783,2024-04-08,Completed
102625,7818,2024-04-08,Returned
102626,7818,2024-05-04,Completed
102627,7818,2024-11-11,Cancelled
102628,7818,2025-03-10,Completed
102629,5013,2024-04-08,Completed
102630,9757,2024-04-08,Completed
102631,9757,2024-10-17,Completed
102632,2348,2024-04-08,Completed
102633,2348,2024-06-07,Completed
102634,2912,2024-04-08,Completed
102635,2912,2024-05-05,Completed
102636,592,2024-04-08,Returned
102637,592,2024-05-01,Completed
102638,592,2024-05-26,Completed
102639,722,2024-04-08,Completed
102640,9700,2024-04-09,Completed
102641,9700,2024-06-26,Returned
102642,9700,2024-07-27,Completed
102643,6480,2024-04-09,Completed
102644,9319,2024-04-09,Completed
102645,9319,2024-09-06,Completed
102646,9319,2024-10-01,Completed
102647,9319,2025-01-10,Completed
102648,6546,2024-04-09,Completed
102649,6546,2024-05-03,Completed
102650,9909,2024-04-09,Completed
102651,1804,2024-04-09,Completed
102652,10244,2024-04-09,Returned
102653,4608,2024-04-09,Completed
102654,9224,2024-04-09,Completed
102655,9224,2024-08-02,Completed
102656,2967,2024-04-09,Cancelled
102657,2967,2024-06-29,Completed
102658,2967,2024-07-30,Completed
102659,5042,2024-04-09,Completed
102660,2703,2024-04-09,Returned
102661,2703,2024-06-14,Completed
102662,8089,2024-04-09,Completed
102663,10481,2024-04-10,Completed
102664,10481,2024-05-02,Completed
102665,10481,2024-07-03,Completed
102666,7622,2024-04-10,Returned
102667,7622,2024-09-15,Returned
102668,7622,2024-11-04,Completed
102669,7622,2025-03-22,Completed
102670,7622,2025-04-18,Completed
102671,7622,2025-09-02,Completed
102672,7622,2025-10-08,Completed
102673,5718,2024-04-10,Returned
102674,5718,2024-05-15,Completed
102675,5718,2024-11-29,Completed
102676,5718,2024-12-28,Completed
102677,5718,2025-10-14,Completed
102678,5718,2025-12-12,Completed
102679,2552,2024-04-10,Cancelled
102680,2552,2024-05-12,Completed
102681,2395,2024-04-10,Returned
102682,2395,2024-06-13,Completed
102683,2395,2024-07-06,Completed
102684,2395,2024-08-12,Completed
102685,2395,2024-11-16,Completed
102686,1890,2024-04-10,Completed
102687,1890,2024-07-16,Completed
102688,1890,2024-08-14,Completed
102689,7556,2024-04-10,Completed
102690,7556,2024-06-23,Completed
102691,3333,2024-04-10,Completed
102692,6764,2024-04-10,Completed
102693,820,2024-04-10,Completed
102694,4575,2024-04-10,Completed
102695,8126,2024-04-10,Completed
102696,8126,2024-05-14,Completed
102697,8126,2024-10-11,Cancelled
102698,2031,2024-04-11,Completed
102699,5208,2024-04-11,Completed
102700,5208,2024-06-21,Completed
102701,9163,2024-04-11,Completed
102702,9163,2024-08-02,Completed
102703,9163,2024-09-15,Completed
102704,11537,2024-04-11,Completed
102705,6310,2024-04-11,Returned
102706,8637,2024-04-11,Completed
102707,8637,2024-06-28,Completed
102708,3579,2024-04-11,Completed
102709,490,2024-04-11,Completed
102710,490,2024-05-25,Completed
102711,490,2024-06-12,Completed
102712,490,2024-07-21,Completed
102713,6714,2024-04-11,Completed
102714,500,2024-04-11,Completed
102715,8450,2024-04-11,Completed
102716,324,2024-04-12,Cancelled
102717,324,2024-06-01,Completed
102718,324,2024-09-22,Completed
102719,2384,2024-04-12,Completed
102720,2384,2024-05-07,Cancelled
102721,2384,2024-06-29,Completed
102722,2384,2024-07-26,Completed
102723,3110,2024-04-12,Completed
102724,3110,2024-06-22,Completed
102725,3110,2025-03-27,Completed
102726,3110,2025-05-07,Completed
102727,3110,2025-07-16,Completed
102728,3110,2025-08-02,Completed
102729,3110,2025-11-27,Cancelled
102730,11006,2024-04-12,Completed
102731,5754,2024-04-12,Cancelled
102732,9558,2024-04-12,Completed
102733,3540,2024-04-12,Completed
102734,3540,2024-05-05,Completed
102735,3540,2024-08-26,Completed
102736,3540,2024-09-13,Completed
102737,3569,2024-04-12,Completed
102738,9198,2024-04-12,Completed
102739,9198,2024-05-23,Completed
102740,9198,2024-08-01,Completed
102741,1068,2024-04-12,Completed
102742,1068,2024-05-15,Completed
102743,1068,2024-06-27,Completed
102744,11568,2024-04-13,Completed
102745,11568,2024-09-24,Completed
102746,11568,2025-01-31,Cancelled
102747,4149,2024-04-13,Completed
102748,4149,2024-06-18,Completed
102749,4149,2024-07-16,Completed
102750,4149,2024-08-02,Returned
102751,8756,2024-04-13,Returned
102752,8756,2024-06-18,Completed
102753,1732,2024-04-13,Completed
102754,1732,2024-06-02,Completed
102755,1349,2024-04-13,Completed
102756,9886,2024-04-13,Completed
102757,2719,2024-04-13,Completed
102758,1084,2024-04-13,Completed
102759,1084,2024-05-14,Completed
102760,10372,2024-04-13,Completed
102761,4630,2024-04-13,Completed
102762,10008,2024-04-13,Completed
102763,4638,2024-04-13,Completed
102764,5948,2024-04-13,Completed
102765,5948,2024-06-20,Completed
102766,5948,2024-10-23,Completed
102767,5948,2024-11-15,Completed
102768,4886,2024-04-13,Completed
102769,1150,2024-04-14,Completed
102770,1150,2024-06-11,Completed
102771,1150,2024-08-01,Completed
102772,1150,2024-12-30,Completed
102773,1909,2024-04-14,Completed
102774,8101,2024-04-14,Completed
102775,1054,2024-04-14,Completed
102776,1054,2024-04-24,Completed
102777,1054,2024-05-14,Completed
102778,1054,2024-06-04,Completed
102779,1054,2024-06-21,Completed
102780,1054,2024-07-13,Completed
102781,1054,2024-07-18,Completed
102782,1054,2024-07-23,Completed
102783,1054,2024-07-26,Completed
102784,1054,2024-07-28,Returned
102785,1054,2024-07-30,Completed
102786,1054,2024-08-12,Completed
102787,1054,2024-08-14,Completed
102788,1054,2024-08-15,Completed
102789,1054,2024-09-14,Completed
102790,1054,2024-09-14,Completed
102791,1054,2024-09-27,Completed
102792,1054,2024-10-04,Completed
102793,1054,2024-11-14,Completed
102794,1054,2024-11-16,Completed
102795,1054,2024-11-16,Completed
102796,1054,2024-11-18,Completed
102797,1054,2024-11-26,Cancelled
102798,1054,2024-12-09,Completed
102799,1054,2024-12-14,Completed
102800,1054,2024-12-16,Completed
102801,1054,2024-12-28,Returned
102802,1054,2024-12-31,Completed
102803,1054,2025-01-04,Completed
102804,1054,2025-01-04,Completed
102805,1054,2025-01-29,Completed
102806,1054,2025-01-31,Completed
102807,1054,2025-02-16,Cancelled
102808,1054,2025-03-07,Completed
102809,1054,2025-03-09,Completed
102810,1054,2025-03-23,Completed
102811,1054,2025-03-28,Completed
102812,1054,2025-04-28,Completed
102813,1054,2025-05-02,Returned
102814,1054,2025-05-13,Completed
102815,1054,2025-05-14,Completed
102816,1054,2025-05-25,Completed
102817,1054,2025-06-26,Completed
102818,1054,2025-07-09,Completed
102819,1054,2025-07-17,Returned
102820,1054,2025-07-24,Completed
102821,1054,2025-07-28,Completed
102822,1054,2025-08-06,Completed
102823,1054,2025-09-10,Completed
102824,1054,2025-09-19,Completed
102825,1054,2025-09-21,Completed
102826,1054,2025-09-23,Completed
102827,1054,2025-10-02,Completed
102828,1054,2025-10-13,Completed
102829,1054,2025-10-18,Completed
102830,1054,2025-11-16,Returned
102831,6713,2024-04-14,Completed
102832,5452,2024-04-14,Completed
102833,7487,2024-04-14,Completed
102834,7487,2024-10-27,Completed
102835,388,2024-04-14,Completed
102836,11314,2024-04-14,Completed
102837,10738,2024-04-14,Completed
102838,6332,2024-04-14,Completed
102839,2415,2024-04-14,Completed
102840,11570,2024-04-15,Completed
102841,11570,2024-10-05,Completed
102842,11570,2024-10-31,Completed
102843,11570,2024-11-24,Returned
102844,11570,2025-02-16,Returned
102845,5748,2024-04-15,Returned
102846,5748,2024-05-13,Returned
102847,5748,2024-07-14,Returned
102848,5748,2024-08-21,Completed
102849,5748,2024-09-29,Completed
102850,5748,2024-10-31,Completed
102851,5748,2025-01-09,Completed
102852,5748,2025-02-10,Completed
102853,5748,2025-03-26,Completed
102854,9071,2024-04-15,Completed
102855,9071,2024-06-18,Completed
102856,953,2024-04-15,Completed
102857,11759,2024-04-15,Completed
102858,11965,2024-04-15,Completed
102859,2451,2024-04-15,Completed
102860,2451,2024-05-15,Completed
102861,3284,2024-04-15,Completed
102862,1103,2024-04-16,Completed
102863,1103,2024-08-10,Completed
102864,1103,2024-09-11,Completed
102865,6092,2024-04-16,Completed
102866,6092,2024-05-08,Completed
102867,6092,2024-06-03,Completed
102868,6092,2024-07-02,Returned
102869,7709,2024-04-16,Completed
102870,5201,2024-04-16,Completed
102871,5201,2024-10-15,Completed
102872,5201,2025-01-22,Returned
102873,2192,2024-04-16,Returned
102874,2192,2024-05-23,Completed
102875,1857,2024-04-16,Completed
102876,1857,2024-07-19,Completed
102877,1676,2024-04-16,Completed
102878,10935,2024-04-16,Completed
102879,10935,2024-06-07,Completed
102880,6784,2024-04-16,Completed
102881,10388,2024-04-16,Completed
102882,10020,2024-04-17,Returned
102883,6772,2024-04-17,Completed
102884,6772,2024-05-24,Completed
102885,6772,2024-06-16,Returned
102886,436,2024-04-17,Completed
102887,3544,2024-04-17,Completed
102888,9728,2024-04-17,Completed
102889,8205,2024-04-17,Completed
102890,8205,2024-07-09,Completed
102891,8205,2024-08-06,Completed
102892,8205,2024-11-02,Completed
102893,8205,2025-02-24,Completed
102894,8205,2025-05-09,Completed
102895,8205,2025-06-05,Completed
102896,8205,2025-07-11,Completed
102897,10678,2024-04-17,Completed
102898,10678,2024-08-02,Completed
102899,1053,2024-04-17,Completed
102900,1053,2024-05-15,Completed
102901,9988,2024-04-17,Completed
102902,9988,2024-08-29,Completed
102903,9988,2025-04-30,Completed
102904,9988,2025-05-30,Returned
102905,9988,2025-08-05,Completed
102906,1695,2024-04-17,Completed
102907,3089,2024-04-17,Completed
102908,3089,2024-06-23,Completed
102909,7118,2024-04-17,Completed
102910,7118,2024-05-17,Returned
102911,7118,2024-06-24,Completed
102912,7118,2024-07-22,Cancelled
102913,7118,2024-12-25,Returned
102914,7118,2025-02-27,Completed
102915,7118,2025-05-11,Completed
102916,7118,2025-06-14,Returned
102917,7118,2025-07-04,Completed
102918,7118,2025-10-29,Completed
102919,7118,2025-12-01,Completed
102920,7118,2025-12-31,Completed
102921,8916,2024-04-17,Completed
102922,8916,2024-08-23,Completed
102923,8916,2024-10-18,Returned
102924,8752,2024-04-17,Returned
102925,8752,2024-06-16,Completed
102926,321,2024-04-17,Completed
102927,11176,2024-04-18,Completed
102928,10152,2024-04-18,Completed
102929,9398,2024-04-18,Returned
102930,6793,2024-04-18,Completed
102931,10920,2024-04-18,Cancelled
102932,10920,2024-06-15,Completed
102933,10920,2024-07-31,Completed
102934,3833,2024-04-18,Completed
102935,3833,2024-05-27,Completed
102936,10288,2024-04-18,Returned
102937,10288,2024-08-13,Completed
102938,10288,2024-09-11,Completed
102939,7887,2024-04-18,Completed
102940,9802,2024-04-18,Completed
102941,2678,2024-04-18,Completed
102942,2678,2024-06-04,Cancelled
102943,2678,2024-08-24,Completed
102944,9791,2024-04-18,Completed
102945,4431,2024-04-18,Completed
102946,4431,2024-07-11,Completed
102947,4431,2024-09-04,Cancelled
102948,4431,2024-10-10,Completed
102949,5459,2024-04-19,Completed
102950,5459,2024-05-27,Completed
102951,5459,2024-08-09,Completed
102952,2640,2024-04-19,Completed
102953,3307,2024-04-19,Completed
102954,647,2024-04-19,Completed
102955,7308,2024-04-19,Completed
102956,7308,2024-07-27,Returned
102957,1483,2024-04-19,Returned
102958,11043,2024-04-19,Completed
102959,6940,2024-04-19,Completed
102960,6940,2024-06-11,Completed
102961,5627,2024-04-19,Completed
102962,5627,2024-06-20,Completed
102963,6354,2024-04-19,Completed
102964,9313,2024-04-19,Completed
102965,3694,2024-04-19,Completed
102966,3694,2024-07-03,Completed
102967,5565,2024-04-19,Cancelled
102968,8665,2024-04-20,Completed
102969,8665,2024-05-17,Returned
102970,8665,2024-07-01,Completed
102971,10872,2024-04-20,Cancelled
102972,8527,2024-04-20,Cancelled
102973,9421,2024-04-20,Completed
102974,9421,2024-06-16,Completed
102975,7940,2024-04-20,Completed
102976,9622,2024-04-20,Completed
102977,9622,2024-07-25,Completed
102978,11240,2024-04-20,Returned
102979,11240,2024-05-18,Cancelled
102980,11240,2024-09-08,Returned
102981,11240,2024-10-29,Returned
102982,11240,2025-01-02,Completed
102983,11240,2025-01-26,Completed
102984,11240,2025-06-11,Completed
102985,11240,2025-08-14,Completed
102986,11240,2025-10-04,Completed
102987,10792,2024-04-20,Completed
102988,10792,2024-05-26,Completed
102989,10792,2024-11-26,Completed
102990,3621,2024-04-20,Completed
102991,3621,2024-09-07,Completed
102992,3621,2025-01-07,Returned
102993,3621,2025-02-06,Completed
102994,3621,2025-03-15,Completed
102995,3621,2025-04-13,Returned
102996,3621,2025-05-26,Completed
102997,3621,2025-08-03,Completed
102998,3621,2025-10-02,Completed
102999,9416,2024-04-20,Completed
103000,3778,2024-04-21,Completed
103001,1458,2024-04-21,Completed
103002,2298,2024-04-21,Completed
103003,1859,2024-04-21,Completed
103004,4711,2024-04-21,Returned
103005,7998,2024-04-21,Completed
103006,7998,2024-05-16,Completed
103007,7998,2024-09-15,Returned
103008,7998,2024-10-06,Completed
103009,9639,2024-04-21,Completed
103010,5253,2024-04-21,Returned
103011,2429,2024-04-21,Completed
103012,2429,2024-05-24,Completed
103013,11046,2024-04-21,Completed
103014,11799,2024-04-21,Cancelled
103015,11799,2024-05-23,Completed
103016,11799,2024-07-23,Completed
103017,9356,2024-04-21,Completed
103018,10765,2024-04-21,Completed
103019,10765,2024-09-24,Completed
103020,10765,2025-04-28,Completed
103021,10765,2025-06-02,Completed
103022,10765,2025-06-30,Returned
103023,10765,2025-07-26,Completed
103024,10765,2025-09-01,Completed
103025,10765,2025-11-23,Completed
103026,10765,2025-12-31,Completed
103027,9815,2024-04-22,Completed
103028,9815,2024-06-26,Completed
103029,9815,2024-12-10,Completed
103030,2590,2024-04-22,Completed
103031,2590,2024-06-01,Completed
103032,6681,2024-04-22,Completed
103033,6681,2024-06-19,Completed
103034,6681,2024-08-08,Completed
103035,6681,2024-09-01,Completed
103036,6681,2024-12-01,Completed
103037,6681,2025-03-05,Completed
103038,5334,2024-04-22,Completed
103039,6584,2024-04-22,Completed
103040,7961,2024-04-22,Completed
103041,7961,2024-05-17,Completed
103042,7961,2024-07-22,Cancelled
103043,7961,2024-11-20,Completed
103044,8051,2024-04-22,Completed
103045,8051,2024-05-29,Completed
103046,6931,2024-04-22,Completed
103047,6931,2025-03-23,Completed
103048,2292,2024-04-22,Completed
103049,5539,2024-04-22,Returned
103050,5539,2024-06-22,Completed
103051,3412,2024-04-22,Completed
103052,2667,2024-04-22,Completed
103053,2667,2024-06-05,Completed
103054,7573,2024-04-22,Completed
103055,7573,2024-06-05,Completed
103056,7573,2024-06-22,Completed
103057,7573,2024-09-11,Completed
103058,7573,2025-01-03,Completed
103059,5238,2024-04-22,Completed
103060,4598,2024-04-22,Cancelled
103061,3930,2024-04-23,Completed
103062,9469,2024-04-23,Completed
103063,9469,2024-09-06,Returned
103064,9469,2024-11-10,Completed
103065,9469,2024-12-15,Completed
103066,10955,2024-04-23,Completed
103067,10955,2024-06-13,Completed
103068,10431,2024-04-23,Completed
103069,8349,2024-04-23,Completed
103070,8349,2024-05-20,Cancelled
103071,8349,2024-11-10,Completed
103072,7384,2024-04-23,Returned
103073,7384,2024-05-24,Completed
103074,6066,2024-04-23,Completed
103075,6066,2024-05-27,Completed
103076,11390,2024-04-23,Completed
103077,11092,2024-04-23,Completed
103078,9106,2024-04-23,Completed
103079,9106,2024-06-02,Completed
103080,9106,2024-08-05,Completed
103081,6445,2024-04-23,Completed
103082,6445,2024-06-19,Cancelled
103083,6445,2024-07-13,Completed
103084,8080,2024-04-23,Completed
103085,2129,2024-04-23,Completed
103086,2129,2024-05-18,Returned
103087,2129,2024-12-10,Completed
103088,2129,2025-01-02,Cancelled
103089,2129,2025-03-19,Completed
103090,2129,2025-04-14,Completed
103091,2129,2025-05-18,Completed
103092,2129,2025-06-16,Completed
103093,5681,2024-04-23,Completed
103094,9315,2024-04-23,Returned
103095,9315,2024-05-28,Completed
103096,6738,2024-04-24,Completed
103097,10184,2024-04-24,Completed
103098,1324,2024-04-24,Completed
103099,658,2024-04-24,Completed
103100,1422,2024-04-24,Completed
103101,183,2024-04-24,Completed
103102,183,2024-09-01,Completed
103103,183,2025-01-21,Completed
103104,183,2025-03-30,Cancelled
103105,3661,2024-04-24,Completed
103106,9644,2024-04-24,Returned
103107,9644,2024-06-03,Completed
103108,9644,2024-07-12,Completed
103109,9644,2025-05-21,Completed
103110,9644,2025-06-29,Completed
103111,9644,2025-07-10,Completed
103112,9993,2024-04-24,Completed
103113,9993,2024-09-08,Cancelled
103114,2943,2024-04-24,Completed
103115,3241,2024-04-24,Completed
103116,3241,2024-05-16,Completed
103117,3241,2024-08-27,Returned
103118,10077,2024-04-24,Completed
103119,10077,2024-06-17,Completed
103120,9530,2024-04-24,Completed
103121,10106,2024-04-24,Completed
103122,11758,2024-04-25,Completed
103123,4522,2024-04-25,Completed
103124,4522,2024-08-15,Completed
103125,4522,2024-09-01,Completed
103126,10188,2024-04-25,Completed
103127,1661,2024-04-25,Completed
103128,5033,2024-04-25,Completed
103129,5033,2024-07-17,Completed
103130,5033,2024-08-25,Completed
103131,5033,2025-01-09,Completed
103132,5033,2025-03-13,Completed
103133,5033,2025-05-04,Completed
103134,5033,2025-06-20,Completed
103135,5033,2025-09-17,Completed
103136,10512,2024-04-25,Completed
103137,5229,2024-04-25,Completed
103138,11279,2024-04-25,Completed
103139,9428,2024-04-25,Cancelled
103140,9428,2024-09-24,Completed
103141,1675,2024-04-25,Completed
103142,8547,2024-04-26,Completed
103143,8547,2024-07-14,Completed
103144,8547,2024-08-15,Completed
103145,4223,2024-04-26,Completed
103146,4223,2024-07-23,Completed
103147,1672,2024-04-26,Completed
103148,1672,2024-10-03,Completed
103149,344,2024-04-26,Cancelled
103150,344,2024-06-02,Completed
103151,5884,2024-04-26,Completed
103152,5884,2024-07-19,Completed
103153,5884,2024-12-09,Cancelled
103154,5884,2025-02-12,Completed
103155,5884,2025-03-05,Completed
103156,5884,2025-10-01,Completed
103157,10996,2024-04-26,Returned
103158,7216,2024-04-26,Completed
103159,7450,2024-04-26,Completed
103160,7450,2024-07-03,Completed
103161,7450,2024-09-14,Completed
103162,11633,2024-04-26,Completed
103163,10238,2024-04-26,Completed
103164,4036,2024-04-26,Completed
103165,4036,2024-07-06,Completed
103166,4036,2024-08-09,Completed
103167,4036,2024-08-26,Completed
103168,5194,2024-04-26,Cancelled
103169,5194,2024-08-28,Completed
103170,5194,2024-10-31,Completed
103171,5194,2025-01-29,Completed
103172,5194,2025-04-09,Cancelled
103173,3292,2024-04-26,Returned
103174,3292,2024-05-24,Completed
103175,3292,2024-06-23,Completed
103176,7147,2024-04-26,Completed
103177,11806,2024-04-26,Completed
103178,11806,2024-07-04,Completed
103179,11806,2024-10-24,Returned
103180,11806,2025-01-24,Completed
103181,11806,2025-06-30,Completed
103182,3961,2024-04-26,Completed
103183,3961,2024-11-04,Completed
103184,3961,2024-12-12,Completed
103185,3961,2025-02-06,Completed
103186,3961,2025-02-28,Cancelled
103187,3961,2025-03-28,Completed
103188,6384,2024-04-27,Completed
103189,6647,2024-04-27,Returned
103190,6647,2024-06-01,Completed
103191,2785,2024-04-27,Returned
103192,2785,2024-05-24,Completed
103193,2785,2024-06-12,Completed
103194,2785,2024-10-28,Completed
103195,2785,2025-02-26,Completed
103196,4691,2024-04-27,Completed
103197,4691,2024-06-22,Completed
103198,4691,2024-10-13,Completed
103199,3299,2024-04-27,Completed
103200,9531,2024-04-27,Completed
103201,9531,2024-06-28,Cancelled
103202,9531,2024-09-09,Completed
103203,9531,2024-10-05,Completed
103204,10849,2024-04-27,Completed
103205,10849,2024-09-12,Returned
103206,6351,2024-04-27,Completed
103207,8906,2024-04-27,Completed
103208,5445,2024-04-28,Completed
103209,8766,2024-04-28,Completed
103210,8766,2024-06-12,Completed
103211,8696,2024-04-28,Completed
103212,960,2024-04-28,Completed
103213,4893,2024-04-28,Completed
103214,4893,2024-06-02,Completed
103215,228,2024-04-28,Completed
103216,228,2024-09-15,Returned
103217,228,2024-10-09,Completed
103218,2558,2024-04-28,Cancelled
103219,2558,2024-08-23,Completed
103220,2558,2024-09-28,Completed
103221,2558,2025-01-13,Completed
103222,2558,2025-04-08,Completed
103223,10296,2024-04-28,Completed
103224,11640,2024-04-28,Completed
103225,7800,2024-04-28,Returned
103226,10905,2024-04-28,Cancelled
103227,10905,2024-08-03,Completed
103228,5172,2024-04-28,Completed
103229,5172,2024-05-20,Completed
103230,8354,2024-04-29,Completed
103231,8354,2024-05-27,Completed
103232,708,2024-04-29,Completed
103233,10075,2024-04-29,Completed
103234,8738,2024-04-29,Completed
103235,3746,2024-04-29,Completed
103236,5501,2024-04-29,Completed
103237,5501,2024-08-04,Completed
103238,5501,2024-09-05,Completed
103239,5501,2024-10-05,Completed
103240,5501,2024-12-21,Cancelled
103241,5501,2025-04-03,Completed
103242,5501,2025-05-30,Completed
103243,5501,2025-06-23,Cancelled
103244,2266,2024-04-29,Completed
103245,3459,2024-04-29,Cancelled
103246,9560,2024-04-29,Completed
103247,9560,2024-05-18,Completed
103248,9560,2024-06-08,Completed
103249,9560,2024-08-19,Cancelled
103250,700,2024-04-29,Cancelled
103251,700,2025-04-03,Completed
103252,700,2025-04-23,Completed
103253,700,2025-09-17,Completed
103254,3991,2024-04-29,Returned
103255,3991,2024-06-09,Returned
103256,3991,2024-10-10,Completed
103257,3991,2024-11-15,Completed
103258,3991,2024-12-10,Returned
103259,10271,2024-04-29,Completed
103260,10271,2024-10-03,Completed
103261,5149,2024-04-30,Completed
103262,10160,2024-04-30,Completed
103263,5875,2024-04-30,Completed
103264,5886,2024-04-30,Completed
103265,5886,2024-09-18,Completed
103266,5886,2024-11-21,Completed
103267,5886,2024-12-27,Completed
103268,5886,2025-02-10,Completed
103269,5886,2025-03-07,Completed
103270,7106,2024-04-30,Returned
103271,7106,2024-06-06,Completed
103272,7106,2024-08-26,Completed
103273,7106,2024-10-16,Completed
103274,7106,2024-11-14,Completed
103275,7106,2025-01-29,Returned
103276,7106,2025-04-22,Completed
103277,7106,2025-10-04,Completed
103278,7106,2025-10-19,Completed
103279,7106,2025-11-18,Completed
103280,7106,2025-12-31,Completed
103281,5802,2024-04-30,Completed
103282,2624,2024-04-30,Completed
103283,8543,2024-04-30,Completed
103284,8543,2024-05-31,Completed
103285,11670,2024-04-30,Completed
103286,11670,2024-05-23,Cancelled
103287,11670,2024-06-25,Completed
103288,11670,2024-07-22,Returned
103289,9944,2024-04-30,Cancelled
103290,11149,2024-04-30,Completed
103291,11149,2024-05-23,Completed
103292,11999,2024-04-30,Completed
103293,1230,2024-04-30,Completed
103294,1230,2024-07-08,Completed
103295,5531,2024-04-30,Completed
103296,10022,2024-04-30,Returned
103297,10022,2024-05-26,Completed
103298,8552,2024-04-30,Completed
103299,8552,2024-06-02,Completed
103300,7476,2024-05-01,Completed
103301,2042,2024-05-01,Completed
103302,6715,2024-05-01,Completed
103303,1712,2024-05-01,Completed
103304,1712,2024-05-30,Completed
103305,5917,2024-05-01,Completed
103306,9445,2024-05-01,Completed
103307,4242,2024-05-01,Completed
103308,8625,2024-05-01,Completed
103309,2575,2024-05-01,Completed
103310,2575,2024-06-05,Completed
103311,3932,2024-05-02,Completed
103312,5700,2024-05-02,Completed
103313,5700,2024-07-23,Completed
103314,11524,2024-05-02,Completed
103315,11524,2024-07-25,Completed
103316,11524,2024-08-22,Completed
103317,11524,2025-01-09,Completed
103318,11524,2025-04-08,Completed
103319,7726,2024-05-02,Completed
103320,7726,2024-05-27,Completed
103321,11302,2024-05-02,Completed
103322,1632,2024-05-02,Completed
103323,8652,2024-05-02,Completed
103324,8652,2024-10-25,Completed
103325,8652,2025-02-18,Returned
103326,8652,2025-05-25,Completed
103327,7188,2024-05-02,Completed
103328,7188,2024-07-09,Completed
103329,7188,2024-09-06,Completed
103330,7188,2024-10-01,Completed
103331,7188,2024-10-23,Completed
103332,7188,2024-12-03,Completed
103333,7188,2025-02-06,Completed
103334,7188,2025-03-23,Completed
103335,7188,2025-05-03,Completed
103336,7188,2025-05-29,Completed
103337,7188,2025-06-20,Completed
103338,7188,2025-08-15,Completed
103339,7188,2025-10-20,Completed
103340,11173,2024-05-02,Completed
103341,3989,2024-05-02,Completed
103342,7207,2024-05-02,Completed
103343,10200,2024-05-02,Completed
103344,10200,2024-05-26,Returned
103345,10200,2024-07-13,Completed
103346,10200,2024-10-05,Completed
103347,1599,2024-05-02,Completed
103348,2293,2024-05-02,Completed
103349,9595,2024-05-02,Completed
103350,957,2024-05-02,Completed
103351,957,2024-07-31,Completed
103352,957,2024-08-19,Completed
103353,11785,2024-05-02,Completed
103354,11785,2024-08-10,Completed
103355,8063,2024-05-02,Completed
103356,6440,2024-05-02,Completed
103357,6440,2024-06-08,Completed
103358,3879,2024-05-03,Completed
103359,3879,2024-07-14,Completed
103360,11036,2024-05-03,Returned
103361,852,2024-05-03,Completed
103362,852,2024-11-27,Completed
103363,852,2025-01-24,Cancelled
103364,852,2025-02-21,Completed
103365,9709,2024-05-03,Completed
103366,9709,2024-10-11,Completed
103367,10493,2024-05-03,Completed
103368,10493,2024-08-12,Completed
103369,10493,2024-09-14,Completed
103370,10493,2024-12-12,Completed
103371,10493,2025-01-17,Completed
103372,10493,2025-03-08,Completed
103373,3718,2024-05-03,Completed
103374,2289,2024-05-04,Completed
103375,11419,2024-05-04,Completed
103376,11419,2024-07-02,Completed
103377,8817,2024-05-04,Returned
103378,8817,2024-06-03,Completed
103379,8817,2024-07-01,Completed
103380,1762,2024-05-04,Returned
103381,6615,2024-05-04,Cancelled
103382,6615,2024-06-27,Completed
103383,6615,2024-10-06,Cancelled
103384,3187,2024-05-04,Completed
103385,3187,2024-05-27,Completed
103386,3187,2024-09-08,Completed
103387,3187,2025-02-17,Completed
103388,3187,2025-07-25,Completed
103389,3187,2025-08-12,Returned
103390,3187,2025-10-08,Returned
103391,4510,2024-05-04,Completed
103392,3016,2024-05-04,Completed
103393,9519,2024-05-04,Completed
103394,6548,2024-05-04,Completed
103395,6548,2024-07-07,Cancelled
103396,6548,2024-08-14,Completed
103397,6548,2024-09-01,Completed
103398,7446,2024-05-04,Completed
103399,5458,2024-05-04,Completed
103400,5458,2024-06-18,Returned
103401,5458,2024-12-01,Completed
103402,5458,2025-01-22,Completed
103403,8758,2024-05-05,Completed
103404,6012,2024-05-05,Cancelled
103405,608,2024-05-05,Completed
103406,608,2024-06-10,Returned
103407,7769,2024-05-05,Completed
103408,780,2024-05-05,Returned
103409,780,2024-06-07,Completed
103410,780,2024-08-23,Completed
103411,8965,2024-05-05,Completed
103412,8965,2024-06-08,Returned
103413,8965,2024-08-12,Completed
103414,8965,2024-10-14,Completed
103415,8965,2025-01-18,Returned
103416,1464,2024-05-05,Completed
103417,1464,2024-06-29,Completed
103418,3180,2024-05-05,Returned
103419,3180,2024-06-13,Completed
103420,273,2024-05-05,Completed
103421,3086,2024-05-05,Completed
103422,3086,2024-12-24,Returned
103423,3086,2025-01-23,Completed
103424,3086,2025-04-20,Completed
103425,4028,2024-05-05,Completed
103426,545,2024-05-05,Completed
103427,3137,2024-05-05,Returned
103428,5310,2024-05-05,Completed
103429,5310,2024-06-08,Cancelled
103430,5310,2024-08-04,Completed
103431,5310,2024-09-04,Returned
103432,11153,2024-05-06,Completed
103433,488,2024-05-06,Completed
103434,833,2024-05-06,Completed
103435,833,2024-09-03,Completed
103436,7999,2024-05-06,Completed
103437,7999,2024-08-12,Completed
103438,10884,2024-05-06,Completed
103439,10884,2024-06-14,Completed
103440,10884,2024-07-07,Completed
103441,1703,2024-05-06,Completed
103442,1703,2024-07-27,Completed
103443,11832,2024-05-06,Completed
103444,10778,2024-05-06,Completed
103445,10778,2024-05-29,Completed
103446,10778,2024-07-04,Completed
103447,10778,2024-08-11,Completed
103448,10778,2024-10-09,Completed
103449,10778,2024-11-06,Completed
103450,10778,2024-11-26,Completed
103451,10778,2025-01-06,Completed
103452,10778,2025-03-05,Completed
103453,10778,2025-04-30,Completed
103454,7119,2024-05-06,Completed
103455,7770,2024-05-06,Returned
103456,7770,2024-06-15,Completed
103457,5679,2024-05-06,Completed
103458,4644,2024-05-06,Completed
103459,4260,2024-05-06,Completed
103460,4260,2024-09-04,Completed
103461,4260,2024-10-30,Returned
103462,4260,2024-11-20,Completed
103463,4260,2024-12-14,Completed
103464,777,2024-05-07,Cancelled
103465,3318,2024-05-07,Completed
103466,1546,2024-05-07,Completed
103467,765,2024-05-07,Completed
103468,765,2024-06-15,Completed
103469,765,2024-07-26,Completed
103470,5359,2024-05-07,Completed
103471,5359,2024-05-29,Completed
103472,7415,2024-05-07,Completed
103473,3972,2024-05-07,Completed
103474,3972,2024-07-10,Completed
103475,10699,2024-05-07,Completed
103476,10699,2024-05-29,Returned
103477,7026,2024-05-07,Completed
103478,955,2024-05-07,Completed
103479,4340,2024-05-07,Completed
103480,11856,2024-05-08,Completed
103481,11856,2024-06-03,Completed
103482,11856,2024-10-04,Completed
103483,6636,2024-05-08,Cancelled
103484,6636,2024-06-16,Completed
103485,6636,2024-07-02,Completed
103486,9872,2024-05-08,Completed
103487,9872,2024-06-07,Completed
103488,11535,2024-05-08,Completed
103489,11535,2024-07-08,Completed
103490,3888,2024-05-08,Completed
103491,5112,2024-05-08,Completed
103492,5255,2024-05-08,Completed
103493,5255,2024-06-11,Completed
103494,3116,2024-05-08,Completed
103495,3116,2024-06-04,Completed
103496,609,2024-05-08,Completed
103497,8931,2024-05-08,Completed
103498,8931,2024-08-07,Completed
103499,1236,2024-05-08,Returned
103500,386,2024-05-08,Completed
103501,7716,2024-05-09,Completed
103502,510,2024-05-09,Returned
103503,510,2024-07-10,Completed
103504,10012,2024-05-09,Completed
103505,8253,2024-05-09,Completed
103506,8253,2024-06-26,Completed
103507,6315,2024-05-09,Returned
103508,6315,2024-10-11,Completed
103509,6315,2024-11-16,Completed
103510,10424,2024-05-09,Completed
103511,3859,2024-05-09,Returned
103512,3859,2024-06-06,Completed
103513,3859,2024-10-24,Completed
103514,3859,2025-01-06,Completed
103515,3859,2025-03-16,Completed
103516,3859,2025-07-16,Completed
103517,8810,2024-05-09,Completed
103518,8810,2024-07-16,Completed
103519,8810,2024-08-14,Completed
103520,5568,2024-05-09,Completed
103521,5568,2024-06-16,Cancelled
103522,5568,2024-09-12,Completed
103523,5568,2024-10-07,Completed
103524,226,2024-05-09,Completed
103525,226,2024-05-27,Completed
103526,226,2024-09-05,Completed
103527,226,2024-11-25,Completed
103528,5804,2024-05-10,Completed
103529,5804,2024-09-14,Returned
103530,1976,2024-05-10,Completed
103531,1976,2024-07-10,Completed
103532,1976,2024-08-03,Completed
103533,7449,2024-05-10,Completed
103534,8035,2024-05-10,Completed
103535,7901,2024-05-10,Completed
103536,5862,2024-05-10,Completed
103537,5862,2024-06-02,Cancelled
103538,5955,2024-05-10,Returned
103539,11330,2024-05-10,Completed
103540,11330,2024-06-06,Returned
103541,359,2024-05-10,Completed
103542,359,2024-06-07,Returned
103543,359,2024-07-05,Completed
103544,4010,2024-05-10,Completed
103545,10161,2024-05-10,Completed
103546,11621,2024-05-10,Completed
103547,11621,2024-05-28,Completed
103548,11621,2024-07-24,Completed
103549,11621,2024-08-17,Completed
103550,10078,2024-05-10,Completed
103551,3253,2024-05-10,Completed
103552,3253,2024-07-02,Completed
103553,7225,2024-05-11,Completed
103554,8297,2024-05-11,Completed
103555,4820,2024-05-11,Completed
103556,4669,2024-05-11,Completed
103557,3634,2024-05-11,Completed
103558,3634,2024-10-18,Completed
103559,2903,2024-05-11,Completed
103560,6864,2024-05-11,Completed
103561,6864,2024-06-04,Completed
103562,7853,2024-05-11,Completed
103563,7853,2024-07-21,Cancelled
103564,7376,2024-05-11,Completed
103565,383,2024-05-11,Completed
103566,2832,2024-05-11,Completed
103567,2832,2024-06-12,Completed
103568,10480,2024-05-11,Completed
103569,9789,2024-05-11,Completed
103570,7145,2024-05-11,Completed
103571,7145,2024-06-12,Completed
103572,5423,2024-05-11,Completed
103573,5423,2024-10-25,Completed
103574,5423,2024-11-20,Completed
103575,5423,2024-12-10,Returned
103576,5423,2025-01-12,Completed
103577,8655,2024-05-12,Completed
103578,4933,2024-05-12,Completed
103579,9563,2024-05-12,Completed
103580,1628,2024-05-12,Completed
103581,1628,2024-09-13,Completed
103582,1628,2024-11-08,Completed
103583,1628,2025-02-09,Completed
103584,205,2024-05-12,Cancelled
103585,205,2024-06-11,Completed
103586,4517,2024-05-12,Completed
103587,4517,2024-09-07,Completed
103588,11360,2024-05-12,Completed
103589,11360,2024-06-05,Completed
103590,11360,2024-07-01,Completed
103591,11819,2024-05-13,Returned
103592,11819,2024-07-26,Completed
103593,11819,2024-11-16,Returned
103594,8275,2024-05-13,Completed
103595,973,2024-05-13,Completed
103596,8694,2024-05-13,Completed
103597,8694,2024-08-08,Completed
103598,4615,2024-05-13,Completed
103599,10621,2024-05-13,Completed
103600,3915,2024-05-13,Completed
103601,3915,2024-07-21,Completed
103602,3915,2024-10-21,Completed
103603,8247,2024-05-13,Completed
103604,8247,2024-06-07,Completed
103605,10021,2024-05-13,Completed
103606,4631,2024-05-13,Completed
103607,7631,2024-05-13,Completed
103608,11755,2024-05-13,Completed
103609,11755,2024-07-31,Completed
103610,11755,2024-08-29,Cancelled
103611,11207,2024-05-13,Completed
103612,10734,2024-05-13,Completed
103613,10734,2024-06-09,Completed
103614,10734,2024-09-05,Completed
103615,3255,2024-05-13,Completed
103616,11015,2024-05-13,Completed
103617,312,2024-05-14,Completed
103618,312,2024-06-11,Returned
103619,312,2024-10-05,Completed
103620,5010,2024-05-14,Completed
103621,5010,2024-06-22,Returned
103622,6039,2024-05-14,Returned
103623,6039,2024-07-29,Completed
103624,6039,2024-08-21,Completed
103625,6039,2024-12-01,Completed
103626,6039,2025-04-02,Returned
103627,6039,2025-06-16,Completed
103628,6039,2025-08-09,Completed
103629,6039,2025-08-29,Completed
103630,9473,2024-05-14,Completed
103631,10239,2024-05-14,Completed
103632,10239,2024-08-29,Completed
103633,8988,2024-05-14,Completed
103634,2933,2024-05-14,Completed
103635,11865,2024-05-14,Completed
103636,4341,2024-05-14,Cancelled
103637,2276,2024-05-14,Completed
103638,4591,2024-05-14,Completed
103639,4991,2024-05-14,Cancelled
103640,4991,2025-03-13,Returned
103641,4991,2025-03-30,Returned
103642,4991,2025-05-13,Completed
103643,4991,2025-07-11,Completed
103644,615,2024-05-14,Completed
103645,4956,2024-05-14,Completed
103646,4956,2024-06-10,Completed
103647,11876,2024-05-15,Completed
103648,11876,2024-05-31,Completed
103649,11876,2024-06-19,Completed
103650,4062,2024-05-15,Completed
103651,11272,2024-05-15,Completed
103652,8759,2024-05-15,Returned
103653,8973,2024-05-15,Completed
103654,8973,2024-06-12,Cancelled
103655,3973,2024-05-15,Completed
103656,8468,2024-05-15,Completed
103657,153,2024-05-15,Returned
103658,7317,2024-05-15,Completed
103659,7317,2024-06-07,Completed
103660,10048,2024-05-15,Completed
103661,10048,2024-06-20,Completed
103662,8303,2024-05-15,Completed
103663,11368,2024-05-15,Completed
103664,1967,2024-05-15,Completed
103665,1967,2024-08-09,Completed
103666,4674,2024-05-15,Completed
103667,3114,2024-05-16,Completed
103668,1928,2024-05-16,Completed
103669,1928,2024-06-14,Completed
103670,1928,2024-08-04,Completed
103671,1928,2024-10-17,Returned
103672,3687,2024-05-16,Completed
103673,3687,2024-06-09,Completed
103674,5935,2024-05-16,Completed
103675,137,2024-05-16,Completed
103676,137,2024-08-31,Cancelled
103677,137,2024-09-23,Returned
103678,3058,2024-05-16,Completed
103679,9746,2024-05-16,Completed
103680,9746,2024-06-07,Completed
103681,9746,2024-08-16,Completed
103682,9746,2024-09-18,Completed
103683,9746,2024-10-18,Completed
103684,9746,2025-02-24,Completed
103685,9746,2025-03-16,Completed
103686,9746,2025-04-27,Completed
103687,9746,2025-07-05,Completed
103688,9746,2025-09-01,Completed
103689,9746,2025-10-28,Completed
103690,3711,2024-05-16,Completed
103691,3711,2024-06-10,Completed
103692,635,2024-05-16,Completed
103693,822,2024-05-16,Completed
103694,822,2024-08-10,Completed
103695,3078,2024-05-16,Completed
103696,2671,2024-05-16,Completed
103697,2671,2024-06-16,Completed
103698,9716,2024-05-16,Completed
103699,10804,2024-05-17,Completed
103700,10312,2024-05-17,Completed
103701,9164,2024-05-17,Completed
103702,9164,2024-07-22,Completed
103703,9164,2024-10-01,Completed
103704,3224,2024-05-17,Completed
103705,11866,2024-05-17,Completed
103706,11866,2024-07-30,Completed
103707,11866,2024-10-09,Completed
103708,2036,2024-05-17,Completed
103709,5770,2024-05-17,Completed
103710,1122,2024-05-17,Completed
103711,1122,2024-06-03,Completed
103712,154,2024-05-17,Completed
103713,154,2024-07-13,Completed
103714,2779,2024-05-17,Completed
103715,8020,2024-05-17,Completed
103716,8020,2024-06-15,Completed
103717,8020,2024-07-21,Completed
103718,651,2024-05-17,Returned
103719,3636,2024-05-17,Completed
103720,3636,2024-06-11,Completed
103721,3636,2024-09-12,Completed
103722,3636,2024-10-19,Completed
103723,3636,2024-11-15,Completed
103724,8685,2024-05-17,Completed
103725,3519,2024-05-17,Completed
103726,11449,2024-05-18,Completed
103727,11449,2024-06-25,Completed
103728,6242,2024-05-18,Returned
103729,9912,2024-05-18,Completed
103730,9912,2024-08-27,Completed
103731,4356,2024-05-18,Completed
103732,4356,2024-11-15,Completed
103733,4356,2025-04-03,Completed
103734,4356,2025-05-03,Returned
103735,4356,2025-06-29,Completed
103736,4356,2025-07-30,Completed
103737,4356,2025-10-27,Completed
103738,376,2024-05-18,Completed
103739,1047,2024-05-18,Completed
103740,1047,2024-07-26,Completed
103741,895,2024-05-18,Completed
103742,5444,2024-05-18,Completed
103743,4998,2024-05-18,Returned
103744,355,2024-05-18,Completed
103745,355,2024-11-29,Returned
103746,355,2024-12-28,Completed
103747,355,2025-01-21,Completed
103748,355,2025-06-20,Completed
103749,355,2025-07-22,Completed
103750,355,2025-10-14,Completed
103751,11767,2024-05-18,Completed
103752,11767,2024-06-08,Completed
103753,6924,2024-05-18,Completed
103754,6924,2024-10-01,Completed
103755,2790,2024-05-18,Completed
103756,8377,2024-05-18,Completed
103757,8377,2024-08-01,Completed
103758,11238,2024-05-18,Completed
103759,4997,2024-05-18,Completed
103760,7584,2024-05-18,Completed
103761,7584,2024-07-02,Completed
103762,8897,2024-05-18,Completed
103763,8897,2024-07-22,Completed
103764,6442,2024-05-18,Completed
103765,6442,2024-07-10,Cancelled
103766,5766,2024-05-19,Completed
103767,421,2024-05-19,Completed
103768,421,2024-06-20,Completed
103769,421,2024-07-27,Returned
103770,967,2024-05-19,Completed
103771,967,2024-07-10,Completed
103772,8672,2024-05-19,Completed
103773,8628,2024-05-19,Completed
103774,8628,2024-07-19,Completed
103775,8628,2024-09-10,Completed
103776,8628,2024-10-02,Completed
103777,8628,2024-10-24,Completed
103778,8628,2024-11-15,Completed
103779,9553,2024-05-19,Completed
103780,5594,2024-05-19,Completed
103781,7214,2024-05-19,Completed
103782,8181,2024-05-19,Completed
103783,8212,2024-05-19,Returned
103784,7698,2024-05-19,Completed
103785,11946,2024-05-19,Completed
103786,4284,2024-05-19,Returned
103787,4284,2024-06-11,Completed
103788,10979,2024-05-19,Completed
103789,5057,2024-05-19,Completed
103790,5057,2024-06-21,Completed
103791,5057,2024-07-26,Completed
103792,10628,2024-05-19,Completed
103793,10628,2024-08-15,Completed
103794,10628,2025-02-07,Returned
103795,10628,2025-02-24,Completed
103796,10628,2025-03-16,Completed
103797,10628,2025-04-13,Completed
103798,5159,2024-05-19,Completed
103799,8933,2024-05-19,Completed
103800,8933,2024-06-12,Completed
103801,8933,2024-08-15,Returned
103802,8933,2024-09-19,Cancelled
103803,9287,2024-05-19,Completed
103804,1175,2024-05-20,Completed
103805,3810,2024-05-20,Completed
103806,11115,2024-05-20,Completed
103807,6891,2024-05-20,Completed
103808,6891,2024-06-10,Completed
103809,6891,2024-07-21,Completed
103810,3643,2024-05-20,Completed
103811,7722,2024-05-20,Completed
103812,7722,2024-10-01,Completed
103813,9265,2024-05-20,Completed
103814,9321,2024-05-20,Completed
103815,4335,2024-05-20,Completed
103816,4335,2024-06-24,Completed
103817,11541,2024-05-20,Completed
103818,11541,2024-12-30,Completed
103819,7428,2024-05-20,Completed
103820,7428,2024-06-25,Completed
103821,7428,2024-12-02,Completed
103822,7428,2025-02-11,Returned
103823,7428,2025-04-23,Completed
103824,7428,2025-05-23,Returned
103825,340,2024-05-20,Returned
103826,340,2024-06-26,Completed
103827,7023,2024-05-21,Completed
103828,7023,2024-06-20,Completed
103829,7023,2024-07-21,Completed
103830,8683,2024-05-21,Completed
103831,8683,2024-11-19,Completed
103832,8786,2024-05-21,Completed
103833,1765,2024-05-21,Completed
103834,150,2024-05-21,Cancelled
103835,11829,2024-05-21,Completed
103836,11473,2024-05-21,Completed
103837,11473,2024-06-06,Completed
103838,10297,2024-05-21,Completed
103839,2158,2024-05-21,Cancelled
103840,2158,2024-08-25,Completed
103841,2158,2024-10-06,Completed
103842,612,2024-05-21,Completed
103843,10339,2024-05-21,Completed
103844,5152,2024-05-21,Completed
103845,218,2024-05-21,Completed
103846,7209,2024-05-22,Returned
103847,7209,2024-06-13,Completed
103848,7209,2024-08-17,Completed
103849,2513,2024-05-22,Completed
103850,11958,2024-05-22,Completed
103851,10488,2024-05-22,Completed
103852,8143,2024-05-22,Completed
103853,5795,2024-05-22,Completed
103854,5795,2024-09-17,Returned
103855,1400,2024-05-22,Completed
103856,10412,2024-05-22,Completed
103857,10412,2024-06-17,Completed
103858,10412,2024-07-27,Completed
103859,3903,2024-05-22,Completed
103860,3903,2024-06-19,Completed
103861,3903,2024-08-15,Completed
103862,7484,2024-05-22,Completed
103863,6133,2024-05-22,Completed
103864,6133,2024-06-23,Completed
103865,6133,2024-08-29,Completed
103866,10201,2024-05-22,Completed
103867,8072,2024-05-22,Completed
103868,11602,2024-05-22,Completed
103869,11602,2024-07-02,Completed
103870,11602,2024-10-04,Returned
103871,9669,2024-05-23,Completed
103872,9669,2024-07-12,Completed
103873,10499,2024-05-23,Completed
103874,9508,2024-05-23,Completed
103875,9508,2024-06-21,Completed
103876,9508,2024-10-22,Completed
103877,5025,2024-05-23,Returned
103878,5025,2024-06-22,Completed
103879,6487,2024-05-23,Completed
103880,6487,2024-06-21,Completed
103881,6487,2024-10-22,Completed
103882,6487,2024-12-27,Completed
103883,11409,2024-05-23,Completed
103884,11409,2024-06-26,Completed
103885,11409,2024-11-13,Completed
103886,11409,2024-12-28,Completed
103887,9307,2024-05-23,Completed
103888,9307,2024-07-26,Completed
103889,9307,2024-09-19,Completed
103890,9461,2024-05-23,Completed
103891,9461,2024-06-23,Completed
103892,9226,2024-05-23,Completed
103893,3445,2024-05-23,Completed
103894,3445,2024-06-18,Completed
103895,6871,2024-05-23,Completed
103896,10664,2024-05-23,Completed
103897,4109,2024-05-23,Completed
103898,4109,2024-06-25,Completed
103899,4109,2024-07-17,Completed
103900,11440,2024-05-23,Completed
103901,7875,2024-05-23,Cancelled
103902,3007,2024-05-24,Returned
103903,3007,2024-07-05,Cancelled
103904,11555,2024-05-24,Completed
103905,11555,2024-07-04,Completed
103906,9691,2024-05-24,Completed
103907,9691,2024-09-12,Completed
103908,5038,2024-05-24,Returned
103909,5038,2024-07-26,Completed
103910,1552,2024-05-24,Completed
103911,1555,2024-05-24,Completed
103912,5602,2024-05-24,Completed
103913,380,2024-05-24,Completed
103914,7933,2024-05-25,Completed
103915,8128,2024-05-25,Returned
103916,8128,2024-07-12,Completed
103917,5029,2024-05-25,Completed
103918,1061,2024-05-25,Returned
103919,1061,2024-06-19,Completed
103920,1061,2024-09-21,Completed
103921,6374,2024-05-25,Completed
103922,3451,2024-05-25,Completed
103923,3451,2024-06-20,Completed
103924,10915,2024-05-25,Completed
103925,10426,2024-05-25,Completed
103926,10426,2024-07-02,Completed
103927,10426,2025-04-02,Completed
103928,10426,2025-05-02,Completed
103929,10426,2025-06-03,Returned
103930,10426,2025-09-28,Completed
103931,2437,2024-05-25,Returned
103932,5698,2024-05-25,Completed
103933,5698,2024-07-12,Completed
103934,5698,2024-08-05,Completed
103935,711,2024-05-26,Completed
103936,7094,2024-05-26,Completed
103937,7094,2024-08-01,Completed
103938,7094,2024-08-20,Completed
103939,3743,2024-05-26,Completed
103940,9336,2024-05-26,Completed
103941,8982,2024-05-26,Completed
103942,5123,2024-05-26,Completed
103943,6051,2024-05-26,Completed
103944,6051,2024-07-28,Completed
103945,10640,2024-05-26,Completed
103946,7193,2024-05-26,Completed
103947,7193,2024-06-28,Completed
103948,7193,2024-10-30,Completed
103949,7193,2024-11-27,Completed
103950,7193,2025-01-05,Completed
103951,7772,2024-05-26,Completed
103952,6457,2024-05-26,Completed
103953,8558,2024-05-26,Completed
103954,8558,2024-06-24,Completed
103955,8558,2024-08-02,Returned
103956,11986,2024-05-27,Returned
103957,7141,2024-05-27,Completed
103958,3613,2024-05-27,Cancelled
103959,5260,2024-05-27,Completed
103960,11342,2024-05-27,Completed
103961,11342,2024-06-16,Completed
103962,11342,2024-07-15,Completed
103963,10081,2024-05-27,Completed
103964,882,2024-05-27,Completed
103965,882,2024-06-19,Completed
103966,882,2024-07-07,Completed
103967,882,2024-07-12,Completed
103968,882,2024-07-28,Completed
103969,882,2024-07-30,Returned
103970,882,2024-08-01,Completed
103971,882,2024-09-06,Completed
103972,882,2024-09-11,Completed
103973,882,2024-09-19,Completed
103974,882,2024-09-19,Completed
103975,882,2024-09-24,Completed
103976,882,2024-09-26,Completed
103977,882,2024-10-24,Returned
103978,882,2024-10-26,Completed
103979,882,2024-10-29,Completed
103980,882,2024-11-03,Completed
103981,882,2024-11-15,Completed
103982,882,2024-11-26,Completed
103983,882,2024-12-26,Completed
103984,882,2024-12-30,Returned
103985,882,2025-01-08,Completed
103986,882,2025-01-11,Completed
103987,882,2025-02-10,Completed
103988,882,2025-02-24,Completed
103989,882,2025-02-28,Completed
103990,882,2025-03-25,Completed
103991,882,2025-04-09,Completed
103992,882,2025-04-18,Completed
103993,882,2025-04-27,Completed
103994,882,2025-05-12,Completed
103995,882,2025-05-29,Completed
103996,882,2025-06-13,Completed
103997,882,2025-06-26,Returned
103998,882,2025-08-03,Completed
103999,882,2025-08-04,Completed
104000,882,2025-09-13,Completed
104001,882,2025-10-19,Completed
104002,882,2025-11-18,Returned
104003,882,2025-11-18,Completed
104004,882,2025-11-25,Completed
104005,882,2025-11-28,Completed
104006,882,2025-12-16,Completed
104007,882,2025-12-17,Returned
104008,882,2025-12-23,Completed
104009,3652,2024-05-27,Completed
104010,3652,2024-07-26,Completed
104011,3652,2024-08-21,Completed
104012,6314,2024-05-27,Completed
104013,6314,2024-08-01,Completed
104014,8591,2024-05-27,Completed
104015,1769,2024-05-27,Completed
104016,1769,2024-09-13,Returned
104017,1769,2024-10-14,Completed
104018,1769,2024-11-03,Cancelled
104019,1769,2024-12-04,Completed
104020,1769,2025-01-27,Completed
104021,1769,2025-03-09,Completed
104022,6451,2024-05-27,Completed
104023,5322,2024-05-27,Completed
104024,3083,2024-05-28,Completed
104025,3083,2024-07-17,Completed
104026,3083,2024-09-22,Completed
104027,10909,2024-05-28,Completed
104028,1738,2024-05-28,Completed
104029,1738,2024-11-08,Completed
104030,8296,2024-05-28,Completed
104031,8296,2024-07-01,Completed
104032,3483,2024-05-28,Completed
104033,9352,2024-05-29,Completed
104034,9352,2024-10-25,Returned
104035,10695,2024-05-29,Completed
104036,9091,2024-05-29,Completed
104037,5441,2024-05-29,Completed
104038,2405,2024-05-29,Completed
104039,2405,2024-07-22,Completed
104040,6812,2024-05-29,Completed
104041,6812,2024-09-25,Completed
104042,11691,2024-05-29,Completed
104043,11691,2024-06-19,Completed
104044,11691,2024-07-22,Cancelled
104045,11691,2024-09-22,Completed
104046,11691,2024-10-25,Completed
104047,9659,2024-05-29,Completed
104048,9839,2024-05-29,Completed
104049,9839,2024-09-28,Completed
104050,9839,2024-11-28,Completed
104051,9964,2024-05-29,Completed
104052,9964,2024-07-02,Completed
104053,9498,2024-05-29,Completed
104054,9498,2025-04-03,Completed
104055,9498,2025-05-06,Returned
104056,9498,2025-05-27,Returned
104057,9498,2025-11-01,Completed
104058,3240,2024-05-30,Completed
104059,6976,2024-05-30,Completed
104060,6976,2024-07-18,Returned
104061,4383,2024-05-30,Completed
104062,4383,2024-07-31,Completed
104063,4383,2024-09-21,Completed
104064,2270,2024-05-30,Completed
104065,1939,2024-05-30,Completed
104066,5009,2024-05-30,Completed
104067,5009,2024-06-21,Completed
104068,3421,2024-05-30,Completed
104069,3421,2024-12-31,Completed
104070,3421,2025-05-03,Returned
104071,546,2024-05-30,Completed
104072,11408,2024-05-30,Returned
104073,6767,2024-05-30,Completed
104074,6767,2024-08-15,Completed
104075,2001,2024-05-31,Cancelled
104076,11662,2024-05-31,Completed
104077,2230,2024-05-31,Completed
104078,2230,2024-08-29,Completed
104079,3980,2024-05-31,Completed
104080,11008,2024-05-31,Completed
104081,11008,2024-11-11,Completed
104082,11008,2025-01-16,Returned
104083,11008,2025-03-20,Completed
104084,11008,2025-05-04,Returned
104085,11008,2025-07-16,Completed
104086,11008,2025-10-22,Returned
104087,294,2024-05-31,Completed
104088,294,2024-07-31,Cancelled
104089,6230,2024-05-31,Returned
104090,3612,2024-05-31,Completed
104091,6492,2024-05-31,Completed
104092,6492,2024-08-19,Completed
104093,6492,2024-09-16,Completed
104094,8339,2024-05-31,Cancelled
104095,8339,2024-06-28,Completed
104096,8339,2024-09-03,Completed
104097,3596,2024-05-31,Cancelled
104098,3596,2024-08-26,Completed
104099,4467,2024-06-01,Returned
104100,4467,2024-06-30,Cancelled
104101,6661,2024-06-01,Completed
104102,5034,2024-06-01,Completed
104103,5034,2024-07-08,Returned
104104,5034,2024-08-02,Completed
104105,448,2024-06-01,Completed
104106,448,2024-09-07,Completed
104107,448,2024-10-06,Completed
104108,448,2024-10-26,Completed
104109,448,2024-11-27,Completed
104110,1299,2024-06-01,Completed
104111,5332,2024-06-02,Completed
104112,11566,2024-06-02,Returned
104113,5899,2024-06-02,Completed
104114,5899,2024-07-11,Completed
104115,5899,2024-11-20,Completed
104116,5899,2024-12-21,Completed
104117,5899,2025-05-02,Completed
104118,5899,2025-05-29,Completed
104119,5899,2025-07-24,Completed
104120,5899,2025-08-28,Completed
104121,5899,2025-11-27,Completed
104122,1786,2024-06-02,Completed
104123,10626,2024-06-02,Completed
104124,10626,2024-07-15,Returned
104125,10626,2024-09-11,Completed
104126,10626,2024-10-07,Completed
104127,3587,2024-06-02,Completed
104128,10138,2024-06-02,Completed
104129,1019,2024-06-02,Completed
104130,1019,2024-07-04,Completed
104131,11599,2024-06-02,Returned
104132,11599,2024-06-29,Completed
104133,10331,2024-06-02,Completed
104134,11434,2024-06-02,Completed
104135,10615,2024-06-02,Completed
104136,5079,2024-06-02,Returned
104137,3,2024-06-02,Completed
104138,5200,2024-06-02,Completed
104139,5200,2024-10-30,Completed
104140,5200,2024-11-27,Completed
104141,5200,2024-12-30,Completed
104142,5200,2025-01-26,Completed
104143,5200,2025-03-16,Completed
104144,11339,2024-06-03,Completed
104145,5195,2024-06-03,Completed
104146,5195,2024-07-07,Completed
104147,491,2024-06-03,Returned
104148,491,2024-08-15,Completed
104149,10056,2024-06-03,Completed
104150,3418,2024-06-03,Completed
104151,3418,2024-09-17,Cancelled
104152,3418,2024-10-13,Completed
104153,8828,2024-06-03,Completed
104154,8828,2024-10-04,Completed
104155,3186,2024-06-03,Completed
104156,5823,2024-06-03,Completed
104157,11413,2024-06-03,Completed
104158,1226,2024-06-04,Completed
104159,9124,2024-06-04,Completed
104160,9124,2024-11-09,Cancelled
104161,9124,2025-01-16,Completed
104162,9124,2025-02-15,Completed
104163,9124,2025-03-09,Completed
104164,5688,2024-06-04,Returned
104165,5688,2024-12-02,Completed
104166,5688,2025-03-02,Completed
104167,5688,2025-03-29,Completed
104168,8894,2024-06-04,Completed
104169,5167,2024-06-04,Completed
104170,11624,2024-06-04,Cancelled
104171,1624,2024-06-04,Completed
104172,1624,2024-07-10,Completed
104173,7697,2024-06-04,Completed
104174,7697,2024-09-02,Completed
104175,9280,2024-06-04,Completed
104176,9750,2024-06-04,Returned
104177,10685,2024-06-04,Returned
104178,10685,2024-07-07,Completed
104179,10685,2024-08-26,Completed
104180,10685,2024-10-08,Completed
104181,10685,2024-11-09,Completed
104182,10685,2024-11-21,Completed
104183,402,2024-06-04,Completed
104184,402,2024-08-08,Completed
104185,11598,2024-06-04,Completed
104186,11598,2024-09-16,Cancelled
104187,4731,2024-06-05,Returned
104188,4731,2024-07-05,Completed
104189,4731,2024-09-12,Completed
104190,4731,2025-01-16,Completed
104191,4731,2025-02-24,Completed
104192,4731,2025-07-15,Completed
104193,4731,2025-08-11,Completed
104194,4731,2025-09-09,Completed
104195,4731,2025-10-01,Completed
104196,11674,2024-06-05,Returned
104197,11674,2024-08-10,Completed
104198,11674,2024-10-16,Completed
104199,11674,2025-02-15,Completed
104200,6800,2024-06-05,Completed
104201,6800,2024-08-02,Completed
104202,6800,2025-03-23,Completed
104203,6800,2025-06-03,Returned
104204,6800,2025-07-02,Returned
104205,6800,2025-07-24,Completed
104206,10337,2024-06-05,Completed
104207,10337,2024-08-05,Completed
104208,7964,2024-06-05,Completed
104209,7964,2024-09-23,Completed
104210,7964,2024-10-12,Completed
104211,7964,2025-05-16,Completed
104212,7964,2025-07-17,Completed
104213,7222,2024-06-05,Completed
104214,11229,2024-06-06,Completed
104215,11229,2024-07-12,Completed
104216,11229,2024-07-24,Completed
104217,11559,2024-06-06,Completed
104218,5430,2024-06-06,Completed
104219,5430,2024-07-07,Completed
104220,4488,2024-06-06,Completed
104221,8227,2024-06-06,Completed
104222,4537,2024-06-06,Completed
104223,9681,2024-06-06,Completed
104224,1063,2024-06-06,Returned
104225,1063,2024-12-18,Completed
104226,11146,2024-06-06,Completed
104227,11146,2024-08-03,Completed
104228,3359,2024-06-06,Returned
104229,8106,2024-06-06,Completed
104230,3593,2024-06-06,Completed
104231,3593,2024-07-25,Completed
104232,4550,2024-06-06,Completed
104233,4550,2024-07-08,Completed
104234,4550,2024-12-31,Returned
104235,9306,2024-06-06,Completed
104236,4717,2024-06-06,Completed
104237,3662,2024-06-07,Completed
104238,6722,2024-06-07,Returned
104239,2046,2024-06-07,Completed
104240,10259,2024-06-07,Completed
104241,11119,2024-06-07,Completed
104242,2065,2024-06-07,Completed
104243,5314,2024-06-07,Completed
104244,5314,2024-10-05,Completed
104245,5340,2024-06-07,Completed
104246,5340,2024-07-10,Completed
104247,5340,2025-03-24,Completed
104248,7552,2024-06-07,Cancelled
104249,7552,2024-07-04,Completed
104250,10359,2024-06-07,Completed
104251,10359,2024-09-16,Completed
104252,9509,2024-06-07,Completed
104253,5925,2024-06-07,Completed
104254,5925,2024-07-13,Completed
104255,5925,2024-08-05,Completed
104256,8028,2024-06-07,Completed
104257,6226,2024-06-07,Completed
104258,6226,2024-09-22,Completed
104259,1796,2024-06-07,Returned
104260,5855,2024-06-07,Cancelled
104261,5855,2025-02-06,Completed
104262,4805,2024-06-07,Completed
104263,4805,2024-07-01,Completed
104264,4805,2025-03-09,Completed
104265,4805,2025-04-14,Completed
104266,4805,2025-07-11,Completed
104267,4805,2025-08-12,Completed
104268,4805,2025-09-06,Completed
104269,6446,2024-06-07,Completed
104270,172,2024-06-08,Completed
104271,172,2024-08-08,Completed
104272,7245,2024-06-08,Completed
104273,3129,2024-06-08,Completed
104274,3129,2024-07-03,Completed
104275,1566,2024-06-08,Completed
104276,8140,2024-06-08,Completed
104277,2345,2024-06-08,Completed
104278,1203,2024-06-08,Completed
104279,6369,2024-06-08,Completed
104280,8304,2024-06-08,Returned
104281,8304,2024-12-19,Completed
104282,787,2024-06-08,Cancelled
104283,787,2024-09-13,Completed
104284,787,2024-11-21,Completed
104285,787,2025-03-04,Returned
104286,787,2025-03-28,Completed
104287,787,2025-05-29,Cancelled
104288,787,2025-06-27,Cancelled
104289,787,2025-07-16,Completed
104290,7771,2024-06-08,Completed
104291,7771,2024-07-13,Completed
104292,10209,2024-06-08,Completed
104293,1303,2024-06-08,Completed
104294,6733,2024-06-08,Completed
104295,1319,2024-06-08,Completed
104296,11120,2024-06-08,Completed
104297,5845,2024-06-08,Returned
104298,2845,2024-06-08,Completed
104299,3716,2024-06-08,Completed
104300,641,2024-06-08,Completed
104301,641,2024-09-22,Completed
104302,641,2024-11-21,Completed
104303,641,2024-12-31,Completed
104304,641,2025-06-09,Completed
104305,641,2025-08-03,Cancelled
104306,641,2025-08-26,Completed
104307,641,2025-10-30,Cancelled
104308,7134,2024-06-09,Completed
104309,7134,2024-08-14,Completed
104310,7134,2024-10-08,Completed
104311,7134,2024-12-04,Completed
104312,7134,2025-03-22,Completed
104313,7134,2025-04-21,Completed
104314,8293,2024-06-09,Completed
104315,8293,2024-07-15,Completed
104316,164,2024-06-09,Completed
104317,9963,2024-06-09,Cancelled
104318,9963,2024-06-28,Completed
104319,10810,2024-06-09,Completed
104320,10016,2024-06-09,Returned
104321,10016,2024-09-28,Completed
104322,10016,2024-11-01,Returned
104323,8455,2024-06-09,Completed
104324,8455,2024-10-15,Completed
104325,3533,2024-06-09,Completed
104326,350,2024-06-09,Completed
104327,7356,2024-06-10,Completed
104328,7356,2024-07-09,Completed
104329,8553,2024-06-10,Completed
104330,5614,2024-06-10,Completed
104331,4380,2024-06-10,Completed
104332,9930,2024-06-10,Completed
104333,5572,2024-06-10,Completed
104334,5572,2024-07-06,Completed
104335,5572,2025-04-06,Completed
104336,3900,2024-06-10,Completed
104337,3900,2024-08-18,Completed
104338,3900,2025-08-15,Completed
104339,3900,2025-09-21,Completed
104340,3900,2025-11-12,Completed
104341,9534,2024-06-10,Completed
104342,5482,2024-06-10,Completed
104343,5482,2024-09-22,Completed
104344,5065,2024-06-10,Completed
104345,5065,2024-08-02,Completed
104346,4121,2024-06-10,Completed
104347,4121,2024-07-14,Completed
104348,2535,2024-06-10,Returned
104349,11216,2024-06-10,Completed
104350,7912,2024-06-11,Completed
104351,7912,2024-07-07,Cancelled
104352,3467,2024-06-11,Returned
104353,6462,2024-06-11,Completed
104354,6859,2024-06-11,Completed
104355,6859,2024-07-23,Completed
104356,6859,2024-09-19,Returned
104357,6859,2024-12-19,Completed
104358,6859,2025-02-15,Completed
104359,6859,2025-03-12,Completed
104360,1176,2024-06-11,Completed
104361,2680,2024-06-11,Completed
104362,160,2024-06-11,Completed
104363,4735,2024-06-11,Completed
104364,4735,2024-09-02,Returned
104365,9220,2024-06-11,Completed
104366,9723,2024-06-11,Completed
104367,9723,2024-07-13,Completed
104368,9723,2024-08-19,Completed
104369,5369,2024-06-11,Completed
104370,2819,2024-06-11,Returned
104371,2819,2024-09-10,Returned
104372,2819,2024-12-11,Completed
104373,10373,2024-06-11,Completed
104374,10373,2024-12-14,Completed
104375,10373,2025-07-12,Completed
104376,5151,2024-06-11,Completed
104377,3118,2024-06-12,Cancelled
104378,3118,2024-07-11,Completed
104379,3118,2024-08-07,Completed
104380,3118,2024-10-22,Completed
104381,3118,2025-01-29,Completed
104382,3118,2025-03-02,Completed
104383,3118,2025-05-07,Completed
104384,3118,2025-07-05,Completed
104385,3118,2025-09-07,Cancelled
104386,3118,2025-12-24,Completed
104387,3875,2024-06-12,Cancelled
104388,10534,2024-06-12,Completed
104389,8515,2024-06-12,Completed
104390,8515,2024-07-11,Completed
104391,7970,2024-06-12,Completed
104392,7970,2024-08-25,Completed
104393,7970,2024-11-19,Completed
104394,7970,2025-03-28,Completed
104395,354,2024-06-12,Completed
104396,354,2024-08-14,Completed
104397,354,2024-11-06,Completed
104398,6519,2024-06-12,Completed
104399,6519,2024-07-12,Completed
104400,6519,2024-10-12,Completed
104401,6519,2024-11-16,Completed
104402,4294,2024-06-12,Cancelled
104403,8789,2024-06-12,Completed
104404,8789,2024-07-11,Returned
104405,8789,2024-08-05,Completed
104406,309,2024-06-12,Completed
104407,309,2024-12-02,Completed
104408,309,2024-12-31,Cancelled
104409,309,2025-03-03,Completed
104410,309,2025-05-29,Completed
104411,2926,2024-06-12,Completed
104412,2926,2024-07-17,Completed
104413,2926,2024-11-20,Cancelled
104414,2926,2025-01-31,Completed
104415,2926,2025-05-19,Completed
104416,2926,2025-06-27,Completed
104417,2926,2025-07-19,Completed
104418,10346,2024-06-12,Completed
104419,11607,2024-06-12,Completed
104420,11607,2024-07-31,Completed
104421,11607,2024-09-09,Completed
104422,11607,2025-01-31,Completed
104423,11607,2025-03-12,Completed
104424,11607,2025-05-06,Completed
104425,11607,2025-05-31,Completed
104426,11607,2025-06-23,Completed
104427,11607,2025-07-27,Completed
104428,11607,2025-10-25,Completed
104429,11607,2025-11-30,Returned
104430,11607,2025-12-22,Completed
104431,1547,2024-06-12,Returned
104432,1547,2024-08-12,Completed
104433,9261,2024-06-12,Completed
104434,9261,2024-07-10,Completed
104435,11356,2024-06-13,Completed
104436,4689,2024-06-13,Completed
104437,4689,2024-08-10,Completed
104438,11325,2024-06-13,Completed
104439,11315,2024-06-13,Completed
104440,5148,2024-06-13,Completed
104441,5148,2025-03-06,Completed
104442,5148,2025-05-31,Completed
104443,4823,2024-06-13,Completed
104444,7838,2024-06-13,Completed
104445,9245,2024-06-13,Completed
104446,1279,2024-06-13,Completed
104447,2814,2024-06-13,Completed
104448,8695,2024-06-13,Completed
104449,8695,2025-01-29,Completed
104450,8695,2025-03-22,Completed
104451,2634,2024-06-13,Completed
104452,9828,2024-06-14,Completed
104453,4464,2024-06-14,Returned
104454,4464,2024-09-02,Completed
104455,4276,2024-06-14,Completed
104456,4276,2024-07-11,Completed
104457,4276,2024-08-16,Completed
104458,4276,2024-09-08,Completed
104459,11878,2024-06-14,Completed
104460,7389,2024-06-14,Completed
104461,9690,2024-06-14,Completed
104462,9690,2024-10-20,Completed
104463,3046,2024-06-14,Completed
104464,4538,2024-06-14,Completed
104465,4538,2024-07-20,Completed
104466,4538,2024-10-03,Completed
104467,2924,2024-06-14,Completed
104468,6531,2024-06-14,Returned
104469,6531,2024-09-23,Completed
104470,6531,2025-06-12,Completed
104471,6531,2025-09-16,Completed
104472,6420,2024-06-14,Completed
104473,9613,2024-06-15,Completed
104474,3370,2024-06-15,Completed
104475,8262,2024-06-15,Completed
104476,4728,2024-06-15,Completed
104477,4728,2024-07-20,Completed
104478,4728,2024-10-19,Completed
104479,4728,2024-12-03,Returned
104480,5997,2024-06-15,Completed
104481,5997,2024-09-10,Completed
104482,5997,2024-10-14,Completed
104483,5997,2024-11-20,Returned
104484,3164,2024-06-15,Returned
104485,4515,2024-06-15,Completed
104486,4515,2024-10-15,Completed
104487,4515,2024-11-02,Completed
104488,4515,2025-03-11,Completed
104489,4515,2025-05-08,Completed
104490,6711,2024-06-15,Completed
104491,6153,2024-06-15,Completed
104492,6153,2024-07-13,Completed
104493,3206,2024-06-15,Completed
104494,10141,2024-06-15,Completed
104495,10141,2024-07-06,Completed
104496,7702,2024-06-15,Completed
104497,7702,2024-07-12,Completed
104498,7702,2024-08-10,Completed
104499,7702,2024-12-24,Completed
104500,7702,2025-01-20,Completed
104501,7702,2025-02-11,Completed
104502,7702,2025-03-15,Completed
104503,7702,2025-05-05,Completed
104504,7702,2025-06-09,Completed
104505,4509,2024-06-15,Completed
104506,8730,2024-06-15,Completed
104507,4884,2024-06-16,Completed
104508,9795,2024-06-16,Completed
104509,2734,2024-06-16,Completed
104510,1815,2024-06-16,Completed
104511,1815,2024-10-28,Returned
104512,1815,2024-11-30,Cancelled
104513,1815,2025-10-22,Completed
104514,5579,2024-06-16,Completed
104515,4252,2024-06-16,Returned
104516,8087,2024-06-16,Completed
104517,7703,2024-06-16,Completed
104518,7703,2024-09-10,Completed
104519,5386,2024-06-16,Completed
104520,5386,2024-08-20,Completed
104521,6854,2024-06-16,Completed
104522,6854,2024-07-12,Returned
104523,6854,2024-08-19,Completed
104524,6854,2024-11-17,Completed
104525,6854,2024-12-04,Completed
104526,6854,2025-01-16,Completed
104527,6854,2025-01-31,Completed
104528,6854,2025-07-28,Completed
104529,6854,2025-08-23,Completed
104530,1923,2024-06-16,Completed
104531,1923,2024-09-06,Completed
104532,1923,2024-10-13,Completed
104533,856,2024-06-17,Completed
104534,856,2024-09-01,Completed
104535,3897,2024-06-17,Completed
104536,3897,2024-09-25,Completed
104537,3897,2024-11-30,Completed
104538,3897,2025-01-04,Completed
104539,3897,2025-02-28,Completed
104540,3897,2025-04-03,Returned
104541,335,2024-06-17,Completed
104542,335,2024-09-27,Completed
104543,335,2024-10-24,Completed
104544,10524,2024-06-17,Completed
104545,6512,2024-06-17,Completed
104546,6512,2024-09-20,Completed
104547,5144,2024-06-17,Completed
104548,5144,2024-08-09,Completed
104549,5144,2024-12-21,Returned
104550,5144,2025-07-02,Completed
104551,5144,2025-08-11,Completed
104552,5144,2025-10-06,Completed
104553,5144,2025-11-27,Completed
104554,4783,2024-06-17,Completed
104555,10687,2024-06-17,Completed
104556,1818,2024-06-17,Completed
104557,1818,2024-07-13,Completed
104558,1818,2024-08-21,Completed
104559,7619,2024-06-17,Completed
104560,7640,2024-06-17,Cancelled
104561,7640,2024-07-26,Completed
104562,7640,2024-11-21,Completed
104563,7640,2025-08-17,Completed
104564,7640,2025-09-22,Completed
104565,6383,2024-06-18,Completed
104566,6383,2024-07-11,Completed
104567,6383,2024-12-02,Completed
104568,9318,2024-06-18,Completed
104569,11544,2024-06-18,Completed
104570,11544,2024-07-23,Completed
104571,4671,2024-06-18,Returned
104572,4671,2024-07-16,Completed
104573,4671,2024-08-26,Completed
104574,7025,2024-06-18,Completed
104575,4436,2024-06-18,Completed
104576,8230,2024-06-18,Completed
104577,8230,2024-08-07,Completed
104578,10791,2024-06-18,Completed
104579,1243,2024-06-18,Returned
104580,2621,2024-06-18,Completed
104581,9049,2024-06-19,Completed
104582,263,2024-06-19,Completed
104583,263,2024-08-29,Completed
104584,5402,2024-06-19,Completed
104585,5402,2024-10-11,Completed
104586,5402,2025-01-17,Completed
104587,10425,2024-06-19,Completed
104588,2062,2024-06-19,Completed
104589,2062,2024-07-29,Completed
104590,8420,2024-06-19,Completed
104591,155,2024-06-19,Completed
104592,7322,2024-06-19,Completed
104593,326,2024-06-19,Completed
104594,326,2024-09-06,Completed
104595,5871,2024-06-19,Completed
104596,571,2024-06-19,Completed
104597,10946,2024-06-19,Completed
104598,11705,2024-06-20,Completed
104599,1931,2024-06-20,Returned
104600,4138,2024-06-20,Completed
104601,10340,2024-06-20,Completed
104602,10340,2024-10-08,Completed
104603,3383,2024-06-20,Returned
104604,3383,2024-07-12,Completed
104605,4354,2024-06-20,Returned
104606,3061,2024-06-20,Cancelled
104607,2033,2024-06-20,Completed
104608,10136,2024-06-20,Completed
104609,10136,2024-08-01,Completed
104610,10136,2024-09-07,Returned
104611,10136,2024-10-07,Completed
104612,4708,2024-06-20,Completed
104613,8138,2024-06-20,Completed
104614,2939,2024-06-20,Completed
104615,2939,2024-07-18,Cancelled
104616,2939,2024-10-27,Completed
104617,2939,2025-01-18,Completed
104618,7022,2024-06-20,Completed
104619,7022,2024-11-12,Completed
104620,7022,2024-12-06,Completed
104621,7022,2025-01-07,Completed
104622,7954,2024-06-21,Completed
104623,9859,2024-06-21,Completed
104624,9859,2024-07-23,Completed
104625,11585,2024-06-21,Returned
104626,8525,2024-06-21,Completed
104627,8525,2024-07-19,Returned
104628,668,2024-06-21,Completed
104629,3723,2024-06-21,Cancelled
104630,3723,2024-08-24,Completed
104631,9821,2024-06-21,Completed
104632,9821,2024-08-13,Completed
104633,5596,2024-06-21,Returned
104634,5846,2024-06-21,Completed
104635,5846,2024-07-19,Completed
104636,5846,2025-01-18,Completed
104637,5846,2025-02-21,Completed
104638,5846,2025-03-18,Completed
104639,5846,2025-05-14,Completed
104640,7043,2024-06-21,Completed
104641,1408,2024-06-21,Completed
104642,1408,2024-07-17,Completed
104643,2171,2024-06-22,Completed
104644,2171,2024-10-16,Completed
104645,5860,2024-06-22,Cancelled
104646,5860,2024-07-17,Completed
104647,5860,2024-08-15,Completed
104648,5860,2024-09-04,Completed
104649,3789,2024-06-22,Completed
104650,4910,2024-06-22,Completed
104651,1563,2024-06-22,Completed
104652,9075,2024-06-22,Completed
104653,9075,2024-08-26,Completed
104654,1957,2024-06-22,Completed
104655,9383,2024-06-22,Cancelled
104656,9383,2024-11-02,Completed
104657,9383,2025-04-23,Completed
104658,9383,2025-05-22,Completed
104659,9383,2025-07-14,Completed
104660,9383,2025-10-28,Completed
104661,9383,2025-11-14,Completed
104662,5923,2024-06-22,Completed
104663,7754,2024-06-22,Completed
104664,7754,2024-08-27,Completed
104665,4705,2024-06-22,Completed
104666,4705,2024-10-26,Completed
104667,4705,2024-12-09,Completed
104668,4705,2025-02-22,Completed
104669,4705,2025-03-26,Completed
104670,868,2024-06-22,Completed
104671,515,2024-06-22,Completed
104672,7045,2024-06-22,Completed
104673,6317,2024-06-23,Completed
104674,6317,2024-10-12,Completed
104675,6317,2025-02-18,Completed
104676,10931,2024-06-23,Completed
104677,10931,2024-09-25,Completed
104678,10931,2025-01-06,Returned
104679,10931,2025-02-07,Completed
104680,4364,2024-06-23,Completed
104681,4364,2024-07-24,Completed
104682,1588,2024-06-23,Completed
104683,1588,2024-10-12,Completed
104684,6096,2024-06-23,Completed
104685,6096,2024-07-17,Completed
104686,6096,2024-11-24,Completed
104687,6096,2025-01-02,Completed
104688,6096,2025-03-12,Returned
104689,6096,2025-08-04,Returned
104690,6096,2025-08-28,Completed
104691,6096,2025-10-29,Completed
104692,6096,2025-11-22,Completed
104693,2834,2024-06-23,Completed
104694,2834,2024-10-29,Returned
104695,11194,2024-06-23,Completed
104696,11194,2024-07-23,Completed
104697,11194,2024-08-25,Completed
104698,5410,2024-06-23,Completed
104699,5410,2024-07-27,Completed
104700,598,2024-06-23,Completed
104701,7319,2024-06-23,Completed
104702,4733,2024-06-24,Completed
104703,2861,2024-06-24,Completed
104704,10045,2024-06-24,Completed
104705,9890,2024-06-24,Completed
104706,2865,2024-06-24,Completed
104707,2865,2024-10-20,Completed
104708,2865,2024-11-21,Completed
104709,3410,2024-06-24,Completed
104710,7545,2024-06-24,Completed
104711,3236,2024-06-24,Completed
104712,3236,2024-09-05,Completed
104713,3236,2024-09-28,Completed
104714,3236,2025-03-21,Completed
104715,10863,2024-06-24,Completed
104716,10863,2024-09-12,Completed
104717,10863,2025-03-01,Returned
104718,10863,2025-05-01,Completed
104719,10863,2025-09-15,Completed
104720,10863,2025-10-06,Completed
104721,1727,2024-06-24,Completed
104722,4015,2024-06-24,Cancelled
104723,10496,2024-06-24,Completed
104724,10496,2024-07-22,Completed
104725,10496,2024-11-05,Completed
104726,9128,2024-06-24,Completed
104727,9067,2024-06-24,Completed
104728,9067,2024-08-02,Completed
104729,9067,2024-11-23,Completed
104730,9067,2024-12-20,Completed
104731,9067,2025-03-29,Completed
104732,9067,2025-04-27,Cancelled
104733,9067,2025-05-26,Completed
104734,9403,2024-06-24,Completed
104735,2177,2024-06-24,Completed
104736,9210,2024-06-25,Completed
104737,9210,2024-07-20,Completed
104738,8412,2024-06-25,Returned
104739,6613,2024-06-25,Completed
104740,7063,2024-06-25,Completed
104741,11645,2024-06-25,Completed
104742,7417,2024-06-25,Completed
104743,10613,2024-06-25,Completed
104744,10613,2024-07-13,Completed
104745,10613,2024-08-22,Completed
104746,1664,2024-06-25,Completed
104747,7525,2024-06-25,Completed
104748,7525,2024-08-21,Completed
104749,7525,2024-10-02,Completed
104750,7525,2025-03-16,Completed
104751,11292,2024-06-25,Completed
104752,11292,2024-11-25,Completed
104753,11292,2025-01-07,Completed
104754,6718,2024-06-25,Cancelled
104755,6718,2024-11-10,Completed
104756,2846,2024-06-26,Completed
104757,2846,2024-10-31,Completed
104758,2846,2025-03-17,Completed
104759,2846,2025-06-20,Completed
104760,2846,2025-09-28,Completed
104761,2846,2025-11-30,Completed
104762,3963,2024-06-26,Completed
104763,3963,2024-10-20,Cancelled
104764,3757,2024-06-26,Completed
104765,3757,2025-01-11,Completed
104766,3757,2025-03-23,Returned
104767,3757,2025-06-11,Completed
104768,3757,2025-07-18,Completed
104769,3757,2025-09-02,Completed
104770,3757,2025-10-07,Completed
104771,6000,2024-06-26,Completed
104772,9605,2024-06-26,Cancelled
104773,9605,2024-08-19,Completed
104774,6036,2024-06-26,Completed
104775,5621,2024-06-26,Completed
104776,1104,2024-06-26,Completed
104777,1104,2024-07-29,Completed
104778,1104,2025-04-26,Completed
104779,2108,2024-06-26,Completed
104780,2108,2024-07-27,Returned
104781,2108,2024-08-18,Completed
104782,2108,2025-04-02,Completed
104783,2108,2025-05-22,Completed
104784,2108,2025-06-24,Completed
104785,2108,2025-07-25,Completed
104786,2108,2025-08-29,Completed
104787,2108,2025-11-10,Completed
104788,2108,2025-12-06,Returned
104789,7426,2024-06-26,Completed
104790,7426,2024-07-27,Completed
104791,5839,2024-06-26,Completed
104792,5839,2024-08-14,Completed
104793,10704,2024-06-26,Completed
104794,10704,2024-09-01,Completed
104795,10704,2024-12-09,Completed
104796,10704,2024-12-28,Completed
104797,10704,2025-04-06,Completed
104798,10704,2025-05-26,Returned
104799,10704,2025-06-25,Completed
104800,10704,2025-07-12,Completed
104801,10704,2025-08-13,Completed
104802,2966,2024-06-27,Completed
104803,2966,2024-09-08,Completed
104804,7653,2024-06-27,Completed
104805,7653,2024-09-29,Completed
104806,7653,2024-12-11,Completed
104807,9183,2024-06-27,Completed
104808,9183,2024-09-18,Completed
104809,3465,2024-06-27,Completed
104810,3465,2024-09-08,Completed
104811,3465,2024-10-09,Completed
104812,5077,2024-06-27,Completed
104813,7548,2024-06-27,Completed
104814,10888,2024-06-27,Completed
104815,10888,2025-01-30,Completed
104816,10888,2025-03-02,Completed
104817,10888,2025-04-09,Completed
104818,5312,2024-06-27,Completed
104819,6151,2024-06-27,Completed
104820,6151,2024-08-02,Completed
104821,6151,2024-10-11,Completed
104822,6151,2025-04-27,Completed
104823,5683,2024-06-27,Completed
104824,5683,2024-07-23,Returned
104825,5683,2024-12-30,Completed
104826,5683,2025-03-22,Completed
104827,5683,2025-04-11,Completed
104828,3002,2024-06-27,Cancelled
104829,3002,2024-08-02,Completed
104830,3002,2025-01-22,Completed
104831,11020,2024-06-27,Completed
104832,9826,2024-06-27,Returned
104833,9826,2024-10-13,Completed
104834,9826,2024-11-18,Completed
104835,6497,2024-06-27,Completed
104836,6497,2024-08-09,Completed
104837,11664,2024-06-27,Completed
104838,11664,2024-12-01,Cancelled
104839,11664,2025-03-17,Completed
104840,1960,2024-06-27,Completed
104841,7393,2024-06-27,Completed
104842,2377,2024-06-27,Returned
104843,2377,2024-09-10,Returned
104844,2377,2024-10-14,Completed
104845,8700,2024-06-28,Completed
104846,3420,2024-06-28,Completed
104847,11451,2024-06-28,Completed
104848,1647,2024-06-28,Completed
104849,80,2024-06-28,Completed
104850,6968,2024-06-28,Completed
104851,6968,2024-08-29,Completed
104852,6968,2024-10-26,Cancelled
104853,6968,2024-12-26,Completed
104854,6968,2025-02-11,Completed
104855,6968,2025-04-10,Completed
104856,6968,2025-05-08,Completed
104857,6968,2025-07-12,Completed
104858,6968,2025-09-08,Completed
104859,3214,2024-06-28,Completed
104860,7463,2024-06-28,Completed
104861,1799,2024-06-29,Completed
104862,10824,2024-06-29,Completed
104863,10824,2024-07-30,Completed
104864,10824,2024-12-01,Completed
104865,10824,2025-04-03,Completed
104866,10824,2025-05-03,Completed
104867,10824,2025-09-04,Completed
104868,10824,2025-10-05,Completed
104869,10824,2025-12-14,Completed
104870,10433,2024-06-29,Completed
104871,9456,2024-06-29,Completed
104872,9456,2024-08-25,Completed
104873,4579,2024-06-29,Returned
104874,8755,2024-06-29,Completed
104875,8755,2024-08-22,Returned
104876,11942,2024-06-29,Completed
104877,11942,2024-07-31,Completed
104878,11942,2024-09-26,Completed
104879,4065,2024-06-29,Completed
104880,4065,2024-08-13,Completed
104881,6928,2024-06-29,Completed
104882,159,2024-06-29,Returned
104883,159,2025-01-10,Returned
104884,2914,2024-06-29,Completed
104885,206,2024-06-29,Completed
104886,206,2024-08-07,Completed
104887,167,2024-06-29,Returned
104888,167,2024-08-27,Completed
104889,3902,2024-06-29,Completed
104890,3902,2024-08-14,Completed
104891,3902,2024-10-14,Completed
104892,3902,2024-12-03,Completed
104893,3902,2025-01-01,Completed
104894,3902,2025-03-12,Completed
104895,10283,2024-06-29,Completed
104896,4285,2024-06-29,Completed
104897,4285,2024-11-22,Completed
104898,2579,2024-06-29,Completed
104899,835,2024-06-30,Returned
104900,7561,2024-06-30,Cancelled
104901,8893,2024-06-30,Completed
104902,689,2024-06-30,Completed
104903,689,2024-07-24,Completed
104904,7277,2024-06-30,Completed
104905,8270,2024-06-30,Completed
104906,8270,2024-09-15,Completed
104907,8270,2024-11-19,Completed
104908,8270,2024-12-23,Completed
104909,8270,2025-01-21,Completed
104910,8270,2025-02-18,Completed
104911,8270,2025-04-16,Completed
104912,9951,2024-06-30,Completed
104913,2214,2024-06-30,Completed
104914,6388,2024-06-30,Completed
104915,6388,2024-10-12,Returned
104916,8401,2024-06-30,Completed
104917,5398,2024-06-30,Completed
104918,5398,2024-08-28,Completed
104919,2699,2024-06-30,Completed
104920,2787,2024-06-30,Completed
104921,5132,2024-06-30,Completed
104922,5132,2024-09-01,Completed
104923,5132,2024-10-03,Completed
104924,5132,2024-10-28,Completed
104925,5132,2024-11-21,Completed
104926,5132,2025-04-14,Completed
104927,5132,2025-05-28,Cancelled
104928,5132,2025-07-20,Completed
104929,10673,2024-06-30,Completed
104930,5479,2024-06-30,Completed
104931,5479,2024-07-27,Completed
104932,5479,2024-09-02,Completed
104933,8840,2024-07-01,Cancelled
104934,5540,2024-07-01,Returned
104935,5540,2024-07-26,Completed
104936,11636,2024-07-01,Completed
104937,11636,2024-08-30,Completed
104938,6777,2024-07-01,Returned
104939,6777,2024-07-30,Completed
104940,6777,2024-09-26,Completed
104941,9833,2024-07-01,Completed
104942,10901,2024-07-01,Completed
104943,435,2024-07-01,Returned
104944,435,2024-09-22,Returned
104945,1276,2024-07-01,Completed
104946,8187,2024-07-01,Completed
104947,8187,2024-08-01,Completed
104948,8650,2024-07-02,Completed
104949,5348,2024-07-02,Completed
104950,3584,2024-07-02,Completed
104951,3584,2024-08-27,Completed
104952,3584,2024-11-29,Completed
104953,7329,2024-07-02,Completed
104954,11058,2024-07-02,Completed
104955,2955,2024-07-02,Completed
104956,8209,2024-07-02,Completed
104957,1008,2024-07-02,Completed
104958,5130,2024-07-02,Completed
104959,5130,2024-07-31,Completed
104960,5130,2024-08-15,Completed
104961,5130,2024-12-10,Completed
104962,9058,2024-07-02,Completed
104963,9058,2024-10-02,Completed
104964,10305,2024-07-03,Completed
104965,996,2024-07-03,Completed
104966,996,2024-10-14,Completed
104967,996,2024-11-08,Completed
104968,10736,2024-07-03,Completed
104969,10736,2024-09-07,Completed
104970,10736,2024-10-10,Completed
104971,10736,2025-01-01,Returned
104972,10736,2025-02-13,Completed
104973,10736,2025-05-19,Completed
104974,10736,2025-07-18,Completed
104975,10736,2025-10-06,Returned
104976,6763,2024-07-03,Completed
104977,616,2024-07-03,Completed
104978,4072,2024-07-03,Completed
104979,4072,2024-08-03,Completed
104980,4072,2024-11-01,Completed
104981,4072,2025-01-26,Completed
104982,1135,2024-07-03,Completed
104983,1135,2024-08-31,Completed
104984,4081,2024-07-03,Completed
104985,4081,2024-08-10,Completed
104986,10589,2024-07-03,Completed
104987,10589,2024-08-04,Completed
104988,7321,2024-07-03,Cancelled
104989,7321,2024-08-06,Returned
104990,7321,2024-09-24,Completed
104991,8883,2024-07-03,Completed
104992,8883,2024-07-21,Completed
104993,8883,2024-11-11,Completed
104994,8883,2024-12-21,Completed
104995,1067,2024-07-04,Completed
104996,5206,2024-07-04,Completed
104997,5206,2024-10-28,Completed
104998,5206,2024-11-11,Completed
104999,5206,2024-11-30,Completed
105000,999,2024-07-04,Completed
105001,999,2024-07-28,Completed
105002,999,2024-10-01,Completed
105003,11610,2024-07-04,Completed
105004,11610,2024-09-02,Cancelled
105005,11610,2024-12-04,Returned
105006,11610,2025-04-20,Completed
105007,11610,2025-07-16,Completed
105008,11610,2025-08-13,Completed
105009,11250,2024-07-04,Completed
105010,11250,2024-07-30,Completed
105011,11250,2024-12-07,Completed
105012,11250,2025-02-12,Completed
105013,11250,2025-05-13,Completed
105014,9082,2024-07-04,Completed
105015,10728,2024-07-04,Completed
105016,10728,2024-08-05,Completed
105017,10728,2024-09-12,Completed
105018,10728,2024-12-13,Completed
105019,6577,2024-07-04,Completed
105020,9300,2024-07-04,Completed
105021,10115,2024-07-04,Completed
105022,3352,2024-07-04,Completed
105023,3352,2024-09-09,Completed
105024,1860,2024-07-04,Completed
105025,1860,2024-11-21,Completed
105026,1860,2025-02-11,Completed
105027,1860,2025-03-19,Returned
105028,1860,2025-04-14,Completed
105029,10861,2024-07-05,Returned
105030,6280,2024-07-05,Completed
105031,1143,2024-07-05,Completed
105032,10370,2024-07-05,Returned
105033,10370,2024-10-03,Completed
105034,10370,2024-11-13,Cancelled
105035,10370,2025-01-28,Completed
105036,10370,2025-04-27,Completed
105037,10370,2025-07-17,Returned
105038,10370,2025-08-16,Completed
105039,1120,2024-07-05,Returned
105040,5045,2024-07-05,Completed
105041,5045,2024-08-16,Completed
105042,2281,2024-07-05,Completed
105043,2281,2024-07-26,Completed
105044,2281,2024-08-29,Completed
105045,9223,2024-07-05,Completed
105046,8533,2024-07-05,Completed
105047,8533,2024-07-30,Completed
105048,11228,2024-07-05,Completed
105049,11228,2024-10-20,Completed
105050,11346,2024-07-05,Returned
105051,11346,2024-08-09,Completed
105052,7615,2024-07-06,Returned
105053,7742,2024-07-06,Completed
105054,10215,2024-07-06,Completed
105055,10215,2024-10-18,Completed
105056,10215,2025-01-10,Completed
105057,10215,2025-02-16,Completed
105058,10215,2025-03-09,Completed
105059,10215,2025-05-07,Completed
105060,11016,2024-07-06,Completed
105061,3994,2024-07-06,Completed
105062,3994,2024-08-29,Completed
105063,3994,2025-01-01,Completed
105064,8950,2024-07-06,Completed
105065,2784,2024-07-06,Completed
105066,2784,2024-11-26,Completed
105067,2784,2024-12-30,Completed
105068,2784,2025-06-25,Completed
105069,2784,2025-11-28,Completed
105070,9062,2024-07-06,Completed
105071,9062,2024-10-02,Completed
105072,2198,2024-07-06,Completed
105073,9948,2024-07-06,Completed
105074,9948,2024-08-11,Returned
105075,9948,2024-09-14,Completed
105076,1864,2024-07-06,Completed
105077,8079,2024-07-06,Completed
105078,8079,2024-08-05,Completed
105079,11242,2024-07-06,Completed
105080,11804,2024-07-07,Completed
105081,10913,2024-07-07,Completed
105082,10913,2024-09-23,Completed
105083,10913,2025-05-21,Completed
105084,7704,2024-07-07,Completed
105085,7704,2024-12-28,Completed
105086,737,2024-07-07,Completed
105087,9528,2024-07-07,Completed
105088,9051,2024-07-07,Completed
105089,9051,2024-10-13,Completed
105090,9051,2024-11-12,Completed
105091,9051,2025-02-15,Returned
105092,7639,2024-07-07,Completed
105093,331,2024-07-07,Completed
105094,331,2025-01-07,Completed
105095,2309,2024-07-07,Completed
105096,10952,2024-07-07,Returned
105097,8166,2024-07-07,Completed
105098,8166,2024-08-22,Completed
105099,8166,2025-01-31,Completed
105100,8166,2025-03-07,Completed
105101,8166,2025-05-02,Completed
105102,8166,2025-06-06,Completed
105103,1240,2024-07-07,Returned
105104,8670,2024-07-07,Completed
105105,2483,2024-07-08,Completed
105106,8030,2024-07-08,Completed
105107,10713,2024-07-08,Completed
105108,11255,2024-07-08,Completed
105109,11255,2024-08-18,Completed
105110,10555,2024-07-08,Completed
105111,10555,2024-08-02,Completed
105112,4078,2024-07-08,Returned
105113,4078,2024-08-10,Returned
105114,4078,2024-09-19,Completed
105115,4078,2024-12-21,Completed
105116,556,2024-07-08,Returned
105117,556,2024-08-10,Completed
105118,556,2024-09-15,Completed
105119,3567,2024-07-08,Returned
105120,7433,2024-07-08,Completed
105121,7433,2024-12-09,Completed
105122,7433,2025-04-08,Completed
105123,7433,2025-08-04,Completed
105124,7433,2025-10-29,Completed
105125,5832,2024-07-08,Completed
105126,4277,2024-07-08,Completed
105127,4277,2024-09-18,Completed
105128,4346,2024-07-08,Completed
105129,4346,2024-08-23,Returned
105130,4346,2024-09-18,Completed
105131,4346,2024-11-25,Completed
105132,4346,2025-01-12,Completed
105133,5503,2024-07-09,Completed
105134,7068,2024-07-09,Completed
105135,7068,2024-10-11,Completed
105136,5257,2024-07-09,Completed
105137,5257,2024-08-12,Completed
105138,10836,2024-07-09,Completed
105139,10836,2025-03-31,Completed
105140,10836,2025-07-15,Completed
105141,10836,2025-09-21,Completed
105142,10836,2025-11-13,Completed
105143,10836,2025-12-07,Completed
105144,10536,2024-07-09,Returned
105145,10536,2024-09-01,Completed
105146,2076,2024-07-09,Completed
105147,2076,2024-09-11,Completed
105148,3190,2024-07-09,Completed
105149,6368,2024-07-09,Completed
105150,1040,2024-07-09,Completed
105151,1040,2024-08-03,Completed
105152,1040,2024-08-29,Completed
105153,7689,2024-07-09,Completed
105154,136,2024-07-09,Completed
105155,4416,2024-07-09,Completed
105156,4416,2024-07-28,Completed
105157,3393,2024-07-09,Completed
105158,8044,2024-07-09,Completed
105159,8044,2024-07-30,Completed
105160,8044,2024-12-12,Cancelled
105161,8044,2025-03-25,Completed
105162,8044,2025-04-18,Returned
105163,8044,2025-10-04,Completed
105164,8044,2025-10-31,Completed
105165,8044,2025-12-03,Completed
105166,5945,2024-07-09,Completed
105167,1085,2024-07-09,Completed
105168,1085,2024-08-06,Completed
105169,1085,2024-10-18,Completed
105170,1085,2024-11-27,Completed
105171,1085,2024-12-30,Completed
105172,1085,2025-03-26,Completed
105173,43,2024-07-09,Completed
105174,6683,2024-07-09,Cancelled
105175,6683,2024-08-07,Returned
105176,8008,2024-07-09,Completed
105177,8008,2025-02-20,Returned
105178,8008,2025-03-30,Completed
105179,8008,2025-04-29,Completed
105180,8008,2025-07-19,Completed
105181,8008,2025-08-26,Completed
105182,6562,2024-07-09,Completed
105183,6104,2024-07-09,Returned
105184,6104,2024-11-07,Completed
105185,6104,2024-12-03,Completed
105186,3802,2024-07-09,Returned
105187,3802,2024-08-09,Completed
105188,3802,2024-09-10,Returned
105189,3802,2024-12-06,Completed
105190,3802,2025-02-25,Completed
105191,3802,2025-04-07,Returned
105192,3802,2025-05-11,Completed
105193,3802,2025-05-31,Returned
105194,3802,2025-08-11,Completed
105195,3802,2025-10-07,Completed
105196,3802,2025-11-15,Completed
105197,1983,2024-07-09,Completed
105198,1301,2024-07-10,Completed
105199,3320,2024-07-10,Completed
105200,3320,2024-08-26,Completed
105201,5630,2024-07-10,Completed
105202,1387,2024-07-10,Completed
105203,8273,2024-07-10,Completed
105204,9407,2024-07-10,Completed
105205,9407,2024-08-03,Completed
105206,9407,2025-01-19,Completed
105207,9407,2025-03-26,Completed
105208,9407,2025-05-18,Returned
105209,9407,2025-06-17,Completed
105210,9407,2025-09-21,Completed
105211,9407,2025-12-05,Completed
105212,4545,2024-07-10,Completed
105213,6482,2024-07-10,Completed
105214,6482,2024-08-12,Completed
105215,6482,2024-09-16,Completed
105216,9374,2024-07-10,Completed
105217,9374,2024-11-01,Completed
105218,2146,2024-07-10,Completed
105219,2146,2024-09-04,Completed
105220,2146,2024-09-29,Completed
105221,2146,2025-05-13,Cancelled
105222,2146,2025-06-29,Completed
105223,2146,2025-08-11,Completed
105224,2146,2025-09-13,Completed
105225,4043,2024-07-11,Completed
105226,4043,2024-09-06,Cancelled
105227,4043,2024-11-09,Completed
105228,8531,2024-07-11,Completed
105229,45,2024-07-11,Completed
105230,45,2024-11-26,Completed
105231,1800,2024-07-11,Returned
105232,8236,2024-07-11,Completed
105233,8218,2024-07-11,Returned
105234,3537,2024-07-11,Completed
105235,9116,2024-07-11,Completed
105236,9116,2024-08-08,Completed
105237,9116,2024-10-01,Completed
105238,9116,2024-12-07,Completed
105239,9116,2025-01-04,Cancelled
105240,9116,2025-02-02,Completed
105241,9116,2025-03-01,Returned
105242,9116,2025-04-10,Completed
105243,9116,2025-05-21,Completed
105244,9116,2025-07-14,Completed
105245,3496,2024-07-11,Cancelled
105246,3496,2024-08-17,Completed
105247,3496,2024-10-29,Returned
105248,730,2024-07-11,Completed
105249,730,2024-08-10,Completed
105250,730,2024-11-16,Completed
105251,730,2025-04-05,Completed
105252,730,2025-07-24,Completed
105253,730,2025-08-21,Completed
105254,9612,2024-07-11,Completed
105255,1216,2024-07-11,Completed
105256,3264,2024-07-11,Completed
105257,3207,2024-07-11,Completed
105258,1670,2024-07-11,Completed
105259,1670,2024-07-28,Completed
105260,5373,2024-07-11,Completed
105261,5373,2024-09-26,Completed
105262,5373,2024-10-16,Completed
105263,1052,2024-07-11,Completed
105264,1052,2024-10-11,Completed
105265,1052,2025-01-08,Completed
105266,3108,2024-07-11,Completed
105267,3108,2024-08-02,Completed
105268,3108,2024-09-01,Completed
105269,10868,2024-07-11,Completed
105270,306,2024-07-12,Completed
105271,306,2024-12-27,Returned
105272,10015,2024-07-12,Completed
105273,10015,2024-08-16,Completed
105274,10015,2024-12-09,Completed
105275,5481,2024-07-12,Completed
105276,3468,2024-07-12,Completed
105277,3468,2024-08-22,Completed
105278,2888,2024-07-12,Completed
105279,2888,2024-09-08,Completed
105280,7054,2024-07-12,Completed
105281,7054,2024-12-11,Completed
105282,7054,2025-04-25,Completed
105283,100,2024-07-12,Completed
105284,100,2024-11-20,Completed
105285,100,2024-12-26,Completed
105286,100,2025-01-24,Completed
105287,100,2025-04-20,Completed
105288,100,2025-09-28,Completed
105289,100,2025-12-06,Completed
105290,6979,2024-07-12,Completed
105291,6979,2024-09-17,Completed
105292,6979,2024-11-19,Completed
105293,4770,2024-07-12,Completed
105294,3651,2024-07-12,Completed
105295,3651,2025-01-31,Completed
105296,3651,2025-03-06,Completed
105297,3651,2025-06-09,Completed
105298,4344,2024-07-12,Completed
105299,4344,2024-08-10,Completed
105300,4344,2024-10-02,Completed
105301,4344,2024-12-25,Completed
105302,4344,2025-01-26,Completed
105303,4344,2025-03-04,Completed
105304,4344,2025-05-18,Returned
105305,4344,2025-07-27,Completed
105306,2355,2024-07-12,Completed
105307,2355,2024-09-15,Completed
105308,2355,2024-11-20,Completed
105309,2355,2024-12-06,Completed
105310,2355,2025-03-15,Returned
105311,2355,2025-04-23,Completed
105312,2355,2025-05-17,Completed
105313,6167,2024-07-13,Completed
105314,3598,2024-07-13,Completed
105315,2470,2024-07-13,Completed
105316,2470,2024-07-29,Completed
105317,2470,2024-12-01,Completed
105318,2470,2025-02-09,Completed
105319,2470,2025-03-29,Completed
105320,2470,2025-06-29,Completed
105321,2470,2025-07-22,Completed
105322,9504,2024-07-13,Completed
105323,4847,2024-07-13,Completed
105324,3092,2024-07-13,Completed
105325,3092,2024-09-28,Completed
105326,526,2024-07-13,Completed
105327,11273,2024-07-13,Completed
105328,11273,2024-08-09,Completed
105329,10572,2024-07-13,Completed
105330,10292,2024-07-14,Completed
105331,10292,2025-03-18,Completed
105332,10292,2025-05-12,Completed
105333,10292,2025-07-23,Cancelled
105334,10292,2025-08-24,Completed
105335,10292,2025-10-01,Completed
105336,1144,2024-07-14,Completed
105337,6962,2024-07-14,Completed
105338,3785,2024-07-14,Completed
105339,3785,2024-10-31,Completed
105340,3785,2025-02-27,Completed
105341,3785,2025-03-28,Cancelled
105342,6912,2024-07-14,Completed
105343,11663,2024-07-14,Returned
105344,454,2024-07-14,Returned
105345,1611,2024-07-14,Completed
105346,8018,2024-07-14,Completed
105347,8018,2024-08-26,Completed
105348,10569,2024-07-14,Completed
105349,2006,2024-07-14,Completed
105350,10402,2024-07-14,Completed
105351,9647,2024-07-14,Completed
105352,9647,2024-10-15,Completed
105353,9647,2025-03-21,Completed
105354,7414,2024-07-14,Completed
105355,7414,2024-08-12,Returned
105356,11150,2024-07-14,Completed
105357,906,2024-07-14,Returned
105358,2561,2024-07-14,Completed
105359,11836,2024-07-14,Returned
105360,11836,2024-08-02,Completed
105361,11836,2024-11-01,Completed
105362,11836,2025-02-09,Completed
105363,11836,2025-04-08,Completed
105364,2164,2024-07-14,Completed
105365,605,2024-07-14,Completed
105366,4839,2024-07-15,Completed
105367,1305,2024-07-15,Completed
105368,3776,2024-07-15,Completed
105369,2601,2024-07-15,Completed
105370,10860,2024-07-15,Completed
105371,10860,2024-10-18,Completed
105372,8172,2024-07-15,Completed
105373,8172,2024-10-14,Completed
105374,8172,2024-11-10,Completed
105375,10650,2024-07-15,Completed
105376,8967,2024-07-15,Completed
105377,5089,2024-07-15,Returned
105378,5089,2024-10-02,Completed
105379,6283,2024-07-15,Completed
105380,6283,2024-08-07,Returned
105381,6098,2024-07-15,Completed
105382,6098,2024-08-25,Completed
105383,6098,2024-10-08,Completed
105384,6098,2024-11-03,Completed
105385,3397,2024-07-15,Completed
105386,3397,2024-08-13,Completed
105387,3397,2024-09-12,Completed
105388,10462,2024-07-15,Completed
105389,10462,2024-09-05,Completed
105390,109,2024-07-15,Completed
105391,109,2024-09-17,Completed
105392,11358,2024-07-15,Completed
105393,11694,2024-07-15,Completed
105394,1267,2024-07-15,Cancelled
105395,3633,2024-07-15,Completed
105396,3633,2024-09-23,Completed
105397,3015,2024-07-15,Completed
105398,8160,2024-07-15,Completed
105399,8160,2024-11-26,Completed
105400,8160,2025-02-11,Completed
105401,2874,2024-07-15,Completed
105402,5922,2024-07-16,Completed
105403,10561,2024-07-16,Completed
105404,6645,2024-07-16,Completed
105405,6645,2024-08-03,Completed
105406,452,2024-07-16,Completed
105407,452,2024-11-08,Completed
105408,452,2024-11-24,Completed
105409,452,2025-04-28,Completed
105410,452,2025-07-24,Returned
105411,452,2025-08-29,Completed
105412,452,2025-11-29,Completed
105413,11511,2024-07-16,Completed
105414,600,2024-07-16,Returned
105415,3353,2024-07-16,Completed
105416,10749,2024-07-16,Completed
105417,127,2024-07-16,Completed
105418,470,2024-07-16,Completed
105419,470,2024-08-05,Completed
105420,470,2024-11-15,Completed
105421,5354,2024-07-16,Completed
105422,5354,2024-09-12,Completed
105423,5354,2024-10-10,Completed
105424,5354,2024-11-06,Returned
105425,5354,2025-03-07,Completed
105426,5354,2025-04-10,Completed
105427,5726,2024-07-16,Completed
105428,5726,2024-08-17,Completed
105429,5726,2024-10-06,Completed
105430,5726,2024-11-10,Returned
105431,6212,2024-07-16,Completed
105432,6212,2024-10-01,Completed
105433,6212,2024-12-01,Completed
105434,6212,2024-12-25,Completed
105435,9257,2024-07-16,Completed
105436,1362,2024-07-16,Completed
105437,9977,2024-07-17,Returned
105438,2756,2024-07-17,Completed
105439,5121,2024-07-17,Completed
105440,5820,2024-07-17,Returned
105441,10229,2024-07-17,Cancelled
105442,10237,2024-07-17,Completed
105443,10237,2024-10-09,Completed
105444,10237,2024-12-09,Completed
105445,10237,2025-02-12,Completed
105446,10237,2025-04-13,Returned
105447,10237,2025-05-02,Completed
105448,10237,2025-08-01,Completed
105449,10237,2025-10-08,Completed
105450,2457,2024-07-17,Completed
105451,2457,2024-12-19,Completed
105452,2457,2025-11-13,Completed
105453,5212,2024-07-17,Cancelled
105454,5212,2024-10-19,Completed
105455,9003,2024-07-17,Completed
105456,2519,2024-07-17,Completed
105457,6834,2024-07-17,Completed
105458,6834,2024-10-03,Completed
105459,6834,2025-01-14,Completed
105460,6834,2025-05-20,Completed
105461,6834,2025-08-18,Completed
105462,6834,2025-10-24,Cancelled
105463,6834,2025-11-18,Completed
105464,7957,2024-07-17,Completed
105465,8193,2024-07-17,Completed
105466,7580,2024-07-17,Completed
105467,7580,2024-10-26,Completed
105468,6355,2024-07-17,Completed
105469,252,2024-07-18,Completed
105470,3551,2024-07-18,Returned
105471,5383,2024-07-18,Completed
105472,1340,2024-07-18,Completed
105473,1340,2025-06-14,Completed
105474,1340,2025-07-02,Completed
105475,1340,2025-12-20,Completed
105476,1325,2024-07-18,Completed
105477,11263,2024-07-18,Completed
105478,6434,2024-07-18,Completed
105479,476,2024-07-18,Completed
105480,476,2024-10-03,Completed
105481,476,2024-10-24,Completed
105482,476,2025-02-11,Cancelled
105483,9753,2024-07-18,Completed
105484,9753,2024-08-16,Completed
105485,11002,2024-07-18,Completed
105486,10269,2024-07-18,Completed
105487,9411,2024-07-18,Completed
105488,9513,2024-07-18,Completed
105489,9513,2024-08-23,Returned
105490,4658,2024-07-18,Completed
105491,10011,2024-07-18,Completed
105492,10011,2024-08-20,Completed
105493,3824,2024-07-19,Completed
105494,8012,2024-07-19,Completed
105495,620,2024-07-19,Cancelled
105496,620,2025-01-24,Completed
105497,7959,2024-07-19,Completed
105498,10010,2024-07-19,Completed
105499,10010,2025-01-23,Completed
105500,10010,2025-02-15,Completed
105501,10010,2025-03-25,Cancelled
105502,10010,2025-04-29,Completed
105503,10010,2025-05-26,Completed
105504,10010,2025-06-19,Completed
105505,5809,2024-07-19,Returned
105506,5809,2024-11-23,Completed
105507,800,2024-07-19,Completed
105508,5790,2024-07-19,Completed
105509,10500,2024-07-19,Completed
105510,10500,2024-09-17,Completed
105511,7763,2024-07-19,Completed
105512,4255,2024-07-19,Completed
105513,4255,2024-12-09,Completed
105514,4255,2025-02-12,Completed
105515,6616,2024-07-19,Completed
105516,7491,2024-07-19,Completed
105517,7491,2025-01-30,Completed
105518,7491,2025-02-24,Completed
105519,10501,2024-07-19,Completed
105520,10501,2024-08-28,Completed
105521,10501,2024-09-25,Completed
105522,10501,2024-10-14,Completed
105523,10501,2025-02-02,Completed
105524,10501,2025-07-11,Completed
105525,10501,2025-08-24,Completed
105526,3777,2024-07-19,Returned
105527,2762,2024-07-19,Completed
105528,5024,2024-07-19,Completed
105529,5024,2024-08-12,Completed
105530,2777,2024-07-19,Completed
105531,2777,2024-08-24,Completed
105532,2777,2024-11-17,Completed
105533,2942,2024-07-19,Returned
105534,2942,2024-09-18,Completed
105535,2942,2025-02-24,Completed
105536,5851,2024-07-19,Completed
105537,5851,2024-08-29,Completed
105538,5851,2024-09-20,Completed
105539,6988,2024-07-20,Completed
105540,5169,2024-07-20,Returned
105541,5169,2024-12-04,Completed
105542,5169,2025-01-09,Completed
105543,5169,2025-02-10,Cancelled
105544,5169,2025-03-01,Completed
105545,5169,2025-08-29,Cancelled
105546,5169,2025-10-05,Completed
105547,8360,2024-07-20,Completed
105548,1681,2024-07-20,Completed
105549,10280,2024-07-20,Completed
105550,10280,2024-08-13,Completed
105551,4250,2024-07-20,Completed
105552,3920,2024-07-20,Completed
105553,3920,2024-08-11,Completed
105554,4337,2024-07-20,Completed
105555,8896,2024-07-20,Completed
105556,6423,2024-07-20,Completed
105557,6423,2024-08-10,Completed
105558,11943,2024-07-20,Cancelled
105559,5962,2024-07-20,Completed
105560,5962,2024-10-29,Completed
105561,5600,2024-07-21,Completed
105562,6178,2024-07-21,Completed
105563,4797,2024-07-21,Completed
105564,5938,2024-07-21,Completed
105565,11730,2024-07-21,Completed
105566,5509,2024-07-21,Completed
105567,5509,2024-08-22,Completed
105568,6589,2024-07-21,Completed
105569,6589,2024-08-17,Completed
105570,6589,2024-09-20,Returned
105571,9835,2024-07-21,Completed
105572,8910,2024-07-21,Completed
105573,8910,2024-09-20,Completed
105574,10397,2024-07-21,Completed
105575,7270,2024-07-21,Completed
105576,1638,2024-07-21,Completed
105577,2362,2024-07-21,Completed
105578,7475,2024-07-21,Completed
105579,7475,2024-09-28,Completed
105580,6987,2024-07-22,Completed
105581,4481,2024-07-22,Completed
105582,20,2024-07-22,Completed
105583,5927,2024-07-22,Completed
105584,5927,2024-08-27,Completed
105585,5927,2024-10-11,Completed
105586,5927,2024-11-03,Completed
105587,6248,2024-07-22,Completed
105588,7204,2024-07-22,Completed
105589,7204,2024-11-25,Completed
105590,8250,2024-07-22,Completed
105591,8250,2024-08-14,Completed
105592,5356,2024-07-22,Completed
105593,5356,2024-08-15,Completed
105594,7635,2024-07-22,Completed
105595,7635,2024-09-17,Completed
105596,1637,2024-07-23,Completed
105597,3447,2024-07-23,Completed
105598,3853,2024-07-23,Completed
105599,3853,2024-09-22,Completed
105600,3860,2024-07-23,Completed
105601,3860,2024-08-18,Completed
105602,10666,2024-07-23,Completed
105603,552,2024-07-23,Completed
105604,552,2024-08-13,Completed
105605,10268,2024-07-23,Completed
105606,10268,2024-09-21,Completed
105607,10268,2024-10-14,Completed
105608,5881,2024-07-23,Completed
105609,5881,2024-08-25,Completed
105610,8286,2024-07-23,Completed
105611,8832,2024-07-23,Completed
105612,1659,2024-07-23,Completed
105613,6790,2024-07-23,Returned
105614,3120,2024-07-24,Completed
105615,4095,2024-07-24,Completed
105616,4095,2024-08-23,Completed
105617,2828,2024-07-24,Completed
105618,6620,2024-07-24,Completed
105619,6620,2024-08-21,Completed
105620,6620,2024-09-22,Completed
105621,5084,2024-07-24,Returned
105622,3685,2024-07-24,Completed
105623,3685,2024-09-02,Completed
105624,2307,2024-07-24,Completed
105625,9413,2024-07-24,Completed
105626,9413,2024-08-29,Completed
105627,9289,2024-07-24,Completed
105628,9117,2024-07-24,Completed
105629,8806,2024-07-24,Completed
105630,5757,2024-07-24,Completed
105631,5757,2024-08-17,Completed
105632,5757,2025-03-22,Completed
105633,5757,2025-12-06,Returned
105634,221,2024-07-25,Completed
105635,10817,2024-07-25,Completed
105636,10817,2024-09-22,Cancelled
105637,10817,2024-11-11,Completed
105638,10817,2025-03-31,Completed
105639,10817,2025-07-06,Completed
105640,10817,2025-07-27,Completed
105641,10817,2025-12-05,Completed
105642,3660,2024-07-25,Completed
105643,3660,2024-08-27,Completed
105644,7845,2024-07-25,Completed
105645,5188,2024-07-25,Completed
105646,2148,2024-07-25,Completed
105647,2148,2024-08-25,Completed
105648,10759,2024-07-25,Completed
105649,10759,2024-11-18,Completed
105650,10759,2025-02-22,Completed
105651,10759,2025-03-21,Completed
105652,10759,2025-04-15,Completed
105653,10759,2025-07-04,Completed
105654,8908,2024-07-25,Cancelled
105655,5727,2024-07-25,Completed
105656,5727,2024-08-19,Completed
105657,5727,2024-10-15,Completed
105658,5727,2024-11-21,Completed
105659,5727,2025-05-01,Returned
105660,3574,2024-07-25,Completed
105661,3574,2024-08-27,Completed
105662,3574,2024-10-25,Completed
105663,180,2024-07-26,Completed
105664,266,2024-07-26,Completed
105665,4905,2024-07-26,Completed
105666,4905,2025-02-13,Completed
105667,4905,2025-04-15,Completed
105668,4905,2025-05-17,Completed
105669,4905,2025-07-21,Completed
105670,2583,2024-07-26,Cancelled
105671,2583,2024-10-02,Completed
105672,2583,2024-10-26,Completed
105673,2583,2025-01-14,Completed
105674,11192,2024-07-26,Completed
105675,11192,2024-08-18,Completed
105676,4993,2024-07-26,Completed
105677,4993,2024-10-01,Completed
105678,2343,2024-07-26,Completed
105679,642,2024-07-26,Completed
105680,3077,2024-07-26,Completed
105681,3077,2024-08-25,Completed
105682,1431,2024-07-26,Completed
105683,8425,2024-07-26,Completed
105684,8425,2024-08-29,Cancelled
105685,8169,2024-07-26,Completed
105686,8169,2024-09-13,Completed
105687,8169,2025-01-25,Completed
105688,4729,2024-07-26,Cancelled
105689,3406,2024-07-26,Completed
105690,3406,2024-09-23,Completed
105691,6945,2024-07-27,Completed
105692,6945,2024-08-25,Completed
105693,6141,2024-07-27,Completed
105694,7432,2024-07-27,Completed
105695,7432,2024-10-04,Completed
105696,7432,2024-12-09,Returned
105697,3113,2024-07-27,Completed
105698,3113,2024-09-22,Returned
105699,3113,2024-10-29,Completed
105700,6913,2024-07-27,Completed
105701,6913,2024-09-05,Completed
105702,11260,2024-07-27,Completed
105703,5595,2024-07-27,Returned
105704,5595,2024-09-01,Completed
105705,1724,2024-07-28,Completed
105706,11109,2024-07-28,Completed
105707,8239,2024-07-28,Completed
105708,1204,2024-07-28,Completed
105709,11428,2024-07-28,Completed
105710,11428,2024-09-24,Returned
105711,11428,2024-12-06,Completed
105712,11428,2025-01-19,Completed
105713,11428,2025-03-29,Completed
105714,11428,2025-06-29,Completed
105715,11428,2025-07-24,Completed
105716,11428,2025-08-17,Completed
105717,11428,2025-09-11,Completed
105718,8837,2024-07-28,Completed
105719,8837,2024-08-22,Completed
105720,8837,2024-09-19,Completed
105721,6506,2024-07-28,Completed
105722,5732,2024-07-28,Completed
105723,6787,2024-07-28,Returned
105724,358,2024-07-28,Completed
105725,2119,2024-07-28,Returned
105726,5611,2024-07-28,Completed
105727,7778,2024-07-28,Cancelled
105728,7778,2024-09-12,Completed
105729,2051,2024-07-29,Completed
105730,9181,2024-07-29,Completed
105731,2468,2024-07-29,Completed
105732,2773,2024-07-29,Completed
105733,5190,2024-07-29,Returned
105734,8410,2024-07-29,Returned
105735,8410,2024-11-02,Completed
105736,8410,2024-12-12,Returned
105737,2244,2024-07-29,Completed
105738,6521,2024-07-29,Completed
105739,6521,2024-12-19,Cancelled
105740,6521,2025-02-11,Completed
105741,6521,2025-03-13,Cancelled
105742,11521,2024-07-29,Completed
105743,11055,2024-07-29,Completed
105744,11055,2024-09-21,Completed
105745,11055,2024-10-17,Completed
105746,2489,2024-07-29,Completed
105747,2489,2024-09-25,Completed
105748,1391,2024-07-30,Completed
105749,1391,2024-08-27,Completed
105750,3160,2024-07-30,Completed
105751,7200,2024-07-30,Completed
105752,7200,2024-10-16,Completed
105753,7200,2024-11-22,Completed
105754,2917,2024-07-30,Completed
105755,5547,2024-07-30,Completed
105756,5547,2024-11-22,Completed
105757,6022,2024-07-30,Completed
105758,1027,2024-07-30,Completed
105759,8577,2024-07-30,Completed
105760,8577,2024-09-19,Completed
105761,8577,2025-01-01,Completed
105762,8577,2025-03-09,Completed
105763,8577,2025-05-14,Completed
105764,9542,2024-07-30,Completed
105765,4311,2024-07-30,Completed
105766,6695,2024-07-30,Returned
105767,11509,2024-07-30,Completed
105768,9298,2024-07-30,Completed
105769,7296,2024-07-30,Completed
105770,7296,2024-09-23,Completed
105771,4493,2024-07-30,Completed
105772,4493,2024-10-27,Completed
105773,4493,2024-11-30,Completed
105774,4493,2025-01-09,Completed
105775,4493,2025-05-16,Completed
105776,6416,2024-07-30,Completed
105777,9275,2024-07-30,Completed
105778,10409,2024-07-30,Completed
105779,6113,2024-07-31,Returned
105780,6113,2024-10-26,Completed
105781,6113,2024-12-29,Completed
105782,6113,2025-03-30,Completed
105783,11981,2024-07-31,Completed
105784,11981,2024-12-28,Completed
105785,11981,2025-02-26,Completed
105786,8844,2024-07-31,Completed
105787,947,2024-07-31,Completed
105788,947,2024-10-18,Completed
105789,2220,2024-07-31,Completed
105790,2220,2024-09-24,Completed
105791,6077,2024-07-31,Completed
105792,6077,2024-08-30,Completed
105793,6077,2024-09-26,Completed
105794,6077,2024-10-17,Completed
105795,6077,2025-01-28,Completed
105796,7734,2024-07-31,Completed
105797,10545,2024-07-31,Completed
105798,8094,2024-07-31,Returned
105799,8094,2024-10-11,Returned
105800,7541,2024-07-31,Completed
105801,7541,2024-11-22,Completed
105802,9355,2024-07-31,Completed
105803,9355,2024-09-07,Completed
105804,9355,2024-10-10,Completed
105805,9355,2024-11-07,Completed
105806,9355,2025-03-03,Completed
105807,9355,2025-03-26,Completed
105808,9355,2025-11-05,Completed
105809,2166,2024-07-31,Completed
105810,486,2024-07-31,Completed
105811,261,2024-07-31,Completed
105812,261,2024-09-16,Completed
105813,261,2024-10-11,Completed
105814,261,2024-11-05,Completed
105815,261,2025-01-15,Completed
105816,10252,2024-07-31,Completed
105817,10252,2024-08-26,Completed
105818,7175,2024-08-01,Completed
105819,7175,2024-08-25,Completed
105820,7175,2025-08-15,Completed
105821,7175,2025-10-12,Completed
105822,7175,2025-11-21,Returned
105823,7175,2025-12-18,Completed
105824,1597,2024-08-01,Completed
105825,6707,2024-08-01,Completed
105826,3622,2024-08-01,Completed
105827,3622,2025-01-24,Completed
105828,3622,2025-03-05,Completed
105829,3622,2025-07-25,Returned
105830,3622,2025-08-18,Returned
105831,3622,2025-09-23,Returned
105832,3622,2025-10-22,Completed
105833,3622,2025-11-20,Completed
105834,3622,2025-12-24,Completed
105835,6520,2024-08-01,Completed
105836,6520,2024-12-01,Completed
105837,6520,2025-02-03,Completed
105838,6520,2025-03-21,Completed
105839,6520,2025-05-25,Completed
105840,6520,2025-06-15,Returned
105841,6520,2025-07-21,Completed
105842,6520,2025-08-25,Completed
105843,7154,2024-08-01,Completed
105844,7154,2024-09-01,Completed
105845,6536,2024-08-01,Completed
105846,6536,2024-08-24,Returned
105847,10838,2024-08-01,Completed
105848,1842,2024-08-01,Completed
105849,1842,2024-09-02,Completed
105850,5793,2024-08-01,Completed
105851,9846,2024-08-01,Completed
105852,9846,2024-09-09,Completed
105853,3433,2024-08-01,Completed
105854,3433,2024-10-11,Completed
105855,3433,2024-12-06,Completed
105856,3433,2025-05-27,Completed
105857,3433,2025-06-20,Returned
105858,3433,2025-11-11,Completed
105859,4439,2024-08-01,Completed
105860,10122,2024-08-01,Returned
105861,6160,2024-08-01,Completed
105862,6160,2024-11-27,Completed
105863,6160,2025-02-23,Completed
105864,6160,2025-04-21,Completed
105865,6160,2025-05-09,Completed
105866,6160,2025-08-17,Completed
105867,6160,2025-09-19,Completed
105868,5296,2024-08-02,Completed
105869,11411,2024-08-02,Completed
105870,11411,2024-09-07,Completed
105871,11411,2024-10-06,Completed
105872,2026,2024-08-02,Completed
105873,2026,2024-10-18,Completed
105874,2026,2024-11-10,Completed
105875,2026,2024-12-04,Completed
105876,2026,2025-02-07,Completed
105877,1156,2024-08-02,Completed
105878,1156,2024-10-02,Completed
105879,1156,2024-11-15,Completed
105880,1156,2025-01-27,Completed
105881,1911,2024-08-02,Completed
105882,2694,2024-08-02,Completed
105883,3787,2024-08-02,Completed
105884,9470,2024-08-02,Completed
105885,4809,2024-08-02,Completed
105886,10969,2024-08-02,Completed
105887,10969,2024-09-03,Completed
105888,42,2024-08-02,Cancelled
105889,4398,2024-08-02,Returned
105890,4398,2024-09-11,Completed
105891,4398,2024-11-16,Completed
105892,4398,2024-12-21,Completed
105893,982,2024-08-02,Completed
105894,6513,2024-08-03,Completed
105895,6513,2024-08-25,Completed
105896,6513,2025-03-18,Completed
105897,6513,2025-04-13,Completed
105898,6513,2025-07-15,Completed
105899,4051,2024-08-03,Completed
105900,1199,2024-08-03,Returned
105901,1199,2024-09-25,Returned
105902,1199,2024-10-19,Completed
105903,1199,2025-03-01,Completed
105904,1199,2025-04-02,Completed
105905,1199,2025-04-20,Completed
105906,1199,2025-07-15,Completed
105907,9294,2024-08-03,Completed
105908,9294,2024-09-05,Completed
105909,9294,2025-01-02,Cancelled
105910,4378,2024-08-03,Completed
105911,4378,2024-10-19,Completed
105912,2093,2024-08-03,Completed
105913,2093,2024-09-22,Returned
105914,2093,2024-12-25,Completed
105915,2093,2025-01-19,Completed
105916,2093,2025-02-20,Completed
105917,2093,2025-03-05,Completed
105918,3683,2024-08-03,Completed
105919,3683,2024-12-10,Completed
105920,3683,2025-02-17,Completed
105921,3683,2025-04-16,Completed
105922,9200,2024-08-03,Completed
105923,9065,2024-08-03,Completed
105924,9065,2024-08-29,Completed
105925,1962,2024-08-03,Completed
105926,2242,2024-08-03,Completed
105927,8186,2024-08-03,Completed
105928,6319,2024-08-04,Returned
105929,6319,2024-09-09,Returned
105930,6319,2024-09-23,Completed
105931,6319,2024-12-25,Returned
105932,6319,2025-05-13,Completed
105933,6319,2025-10-27,Completed
105934,3814,2024-08-04,Completed
105935,3814,2024-12-07,Completed
105936,10157,2024-08-04,Returned
105937,10157,2024-08-22,Completed
105938,10157,2024-10-13,Completed
105939,4840,2024-08-04,Completed
105940,8380,2024-08-04,Completed
105941,8380,2024-10-10,Completed
105942,10358,2024-08-04,Completed
105943,6371,2024-08-04,Cancelled
105944,6371,2024-08-19,Completed
105945,1908,2024-08-04,Completed
105946,1908,2024-12-12,Completed
105947,1908,2025-02-19,Completed
105948,5674,2024-08-04,Completed
105949,11508,2024-08-04,Completed
105950,11508,2024-09-16,Completed
105951,11508,2024-09-30,Completed
105952,11508,2024-11-11,Completed
105953,11508,2025-03-02,Completed
105954,11508,2025-04-06,Completed
105955,11508,2025-07-23,Completed
105956,11508,2025-08-22,Returned
105957,11508,2025-10-16,Returned
105958,5939,2024-08-05,Completed
105959,5939,2025-04-10,Completed
105960,4585,2024-08-05,Completed
105961,4585,2024-09-17,Completed
105962,4585,2024-12-22,Completed
105963,9518,2024-08-05,Completed
105964,10054,2024-08-05,Completed
105965,10054,2024-08-31,Completed
105966,10054,2024-10-24,Completed
105967,10054,2024-12-18,Completed
105968,10054,2025-02-23,Completed
105969,11824,2024-08-05,Completed
105970,10756,2024-08-05,Completed
105971,10756,2025-04-10,Returned
105972,2776,2024-08-05,Completed
105973,9961,2024-08-05,Completed
105974,918,2024-08-05,Completed
105975,5687,2024-08-05,Completed
105976,5606,2024-08-05,Completed
105977,5606,2024-09-08,Completed
105978,5606,2025-02-10,Completed
105979,5606,2025-03-17,Completed
105980,5606,2025-09-27,Completed
105981,2731,2024-08-05,Completed
105982,1827,2024-08-05,Completed
105983,3780,2024-08-05,Completed
105984,9323,2024-08-05,Completed
105985,9323,2024-09-03,Completed
105986,9323,2024-12-25,Completed
105987,9323,2025-01-24,Completed
105988,9323,2025-04-03,Completed
105989,9323,2025-04-30,Completed
105990,9323,2025-07-07,Completed
105991,9323,2025-08-04,Completed
105992,9323,2025-08-22,Completed
105993,9327,2024-08-05,Completed
105994,9327,2024-08-24,Returned
105995,10204,2024-08-05,Completed
105996,10204,2024-11-23,Returned
105997,10204,2025-05-06,Completed
105998,10204,2025-05-30,Completed
105999,10204,2025-07-21,Cancelled
106000,10204,2025-10-08,Completed
106001,10204,2025-11-21,Completed
106002,2432,2024-08-05,Completed
106003,2432,2024-08-21,Completed
106004,2432,2024-09-24,Completed
106005,9247,2024-08-05,Completed
106006,9247,2024-09-26,Completed
106007,9247,2024-10-25,Completed
106008,9247,2024-12-10,Completed
106009,9247,2025-02-07,Completed
106010,9247,2025-04-11,Completed
106011,9247,2025-05-01,Completed
106012,9247,2025-07-04,Completed
106013,9247,2025-12-20,Completed
106014,6832,2024-08-05,Completed
106015,11495,2024-08-06,Returned
106016,11495,2024-10-09,Completed
106017,11495,2024-11-20,Cancelled
106018,11495,2024-12-17,Completed
106019,3944,2024-08-06,Completed
106020,3944,2024-09-09,Returned
106021,4504,2024-08-06,Completed
106022,4504,2024-09-01,Completed
106023,4504,2024-09-18,Completed
106024,4504,2024-10-29,Completed
106025,4504,2025-04-09,Completed
106026,4504,2025-04-28,Completed
106027,4504,2025-06-18,Completed
106028,4504,2025-09-12,Completed
106029,4504,2025-10-07,Completed
106030,6657,2024-08-06,Completed
106031,2772,2024-08-06,Completed
106032,2772,2024-10-10,Returned
106033,11714,2024-08-06,Completed
106034,7759,2024-08-06,Completed
106035,7733,2024-08-06,Completed
106036,7733,2024-10-02,Completed
106037,7733,2024-10-31,Completed
106038,3894,2024-08-06,Completed
106039,3167,2024-08-07,Completed
106040,10811,2024-08-07,Completed
106041,10811,2024-12-19,Returned
106042,10723,2024-08-07,Completed
106043,1295,2024-08-07,Completed
106044,9501,2024-08-07,Completed
106045,9501,2024-09-28,Completed
106046,11430,2024-08-07,Completed
106047,11430,2024-12-27,Returned
106048,2806,2024-08-07,Returned
106049,11052,2024-08-07,Completed
106050,4135,2024-08-07,Completed
106051,4135,2024-09-10,Completed
106052,11506,2024-08-07,Completed
106053,11506,2024-09-14,Completed
106054,2664,2024-08-07,Completed
106055,8436,2024-08-08,Returned
106056,8000,2024-08-08,Completed
106057,11518,2024-08-08,Completed
106058,11518,2024-11-15,Returned
106059,11518,2024-12-01,Completed
106060,10771,2024-08-08,Completed
106061,10743,2024-08-08,Cancelled
106062,4489,2024-08-08,Completed
106063,4489,2024-09-11,Completed
106064,11582,2024-08-08,Completed
106065,12000,2024-08-08,Completed
106066,12000,2024-11-09,Completed
106067,2160,2024-08-08,Completed
106068,2392,2024-08-08,Completed
106069,1045,2024-08-08,Completed
106070,1045,2024-11-06,Completed
106071,427,2024-08-09,Returned
106072,427,2024-09-11,Completed
106073,427,2024-11-27,Completed
106074,427,2025-02-09,Returned
106075,9160,2024-08-09,Cancelled
106076,2461,2024-08-09,Completed
106077,2461,2024-09-08,Completed
106078,2461,2024-10-12,Completed
106079,10697,2024-08-09,Completed
106080,11098,2024-08-09,Completed
106081,11098,2024-09-29,Completed
106082,11098,2025-01-06,Returned
106083,8940,2024-08-09,Completed
106084,5173,2024-08-09,Completed
106085,5173,2024-12-06,Completed
106086,9354,2024-08-09,Completed
106087,9354,2024-11-21,Completed
106088,9354,2025-01-13,Completed
106089,9354,2025-02-24,Completed
106090,9354,2025-03-18,Completed
106091,9354,2025-05-29,Completed
106092,9354,2025-10-08,Completed
106093,9354,2025-11-16,Completed
106094,11239,2024-08-09,Completed
106095,11239,2025-01-10,Completed
106096,4979,2024-08-09,Completed
106097,4979,2024-09-11,Completed
106098,9254,2024-08-09,Returned
106099,9254,2024-09-03,Completed
106100,9254,2024-10-28,Returned
106101,9254,2024-12-22,Completed
106102,9254,2025-01-19,Completed
106103,1285,2024-08-09,Completed
106104,1285,2024-10-09,Completed
106105,1194,2024-08-09,Completed
106106,1194,2024-11-20,Completed
106107,1194,2025-01-03,Cancelled
106108,9510,2024-08-09,Completed
106109,9510,2024-10-14,Completed
106110,9510,2024-10-30,Completed
106111,3922,2024-08-09,Completed
106112,3922,2024-09-20,Completed
106113,11817,2024-08-09,Completed
106114,11726,2024-08-10,Completed
106115,10733,2024-08-10,Completed
106116,8934,2024-08-10,Completed
106117,8934,2024-09-20,Completed
106118,7020,2024-08-10,Completed
106119,7020,2025-05-24,Cancelled
106120,7020,2025-09-14,Returned
106121,4887,2024-08-10,Returned
106122,4887,2024-11-29,Completed
106123,4887,2025-04-22,Completed
106124,4887,2025-05-26,Completed
106125,4887,2025-06-23,Completed
106126,4887,2025-08-16,Completed
106127,5515,2024-08-10,Completed
106128,1565,2024-08-10,Completed
106129,6821,2024-08-11,Completed
106130,6821,2024-10-29,Completed
106131,6821,2024-12-29,Completed
106132,1601,2024-08-11,Completed
106133,1601,2025-02-25,Completed
106134,1601,2025-04-06,Completed
106135,1601,2025-08-17,Completed
106136,1601,2025-09-14,Completed
106137,9657,2024-08-11,Completed
106138,1481,2024-08-11,Completed
106139,8868,2024-08-11,Completed
106140,8868,2024-11-19,Completed
106141,4374,2024-08-11,Completed
106142,7206,2024-08-11,Completed
106143,7206,2024-10-28,Cancelled
106144,7206,2025-03-01,Completed
106145,4894,2024-08-11,Completed
106146,11323,2024-08-11,Completed
106147,11323,2025-01-26,Completed
106148,11323,2025-03-20,Completed
106149,11323,2025-04-08,Completed
106150,11323,2025-05-13,Returned
106151,11323,2025-06-06,Returned
106152,11323,2025-08-07,Completed
106153,11323,2025-09-06,Completed
106154,11323,2025-10-01,Completed
106155,1382,2024-08-11,Completed
106156,1382,2024-10-04,Completed
106157,1382,2025-02-21,Completed
106158,1382,2025-03-23,Completed
106159,5419,2024-08-11,Completed
106160,5419,2024-10-27,Completed
106161,5419,2024-12-08,Completed
106162,5419,2025-02-04,Returned
106163,5419,2025-10-19,Completed
106164,5419,2025-12-27,Completed
106165,3872,2024-08-11,Completed
106166,5744,2024-08-11,Completed
106167,8866,2024-08-12,Completed
106168,9156,2024-08-12,Completed
106169,1355,2024-08-12,Completed
106170,11347,2024-08-12,Completed
106171,4086,2024-08-12,Completed
106172,3617,2024-08-12,Completed
106173,9286,2024-08-12,Completed
106174,2957,2024-08-12,Completed
106175,2957,2024-11-01,Completed
106176,2957,2024-12-04,Completed
106177,2957,2025-06-26,Completed
106178,2957,2025-07-28,Completed
106179,2957,2025-09-08,Completed
106180,2957,2025-10-14,Completed
106181,11011,2024-08-12,Completed
106182,4226,2024-08-12,Cancelled
106183,4226,2024-12-15,Cancelled
106184,6475,2024-08-12,Completed
106185,5438,2024-08-12,Completed
106186,5438,2024-10-12,Completed
106187,5438,2024-11-18,Completed
106188,5438,2025-02-10,Completed
106189,5438,2025-03-30,Completed
106190,2224,2024-08-13,Completed
106191,2224,2024-10-20,Returned
106192,2689,2024-08-13,Completed
106193,2689,2024-09-02,Returned
106194,2689,2024-10-05,Completed
106195,2689,2024-12-15,Completed
106196,8431,2024-08-13,Completed
106197,1083,2024-08-13,Completed
106198,11104,2024-08-13,Completed
106199,428,2024-08-13,Completed
106200,11644,2024-08-13,Returned
106201,1002,2024-08-13,Completed
106202,1002,2024-11-04,Completed
106203,1002,2024-12-07,Completed
106204,3602,2024-08-13,Completed
106205,3602,2024-12-29,Completed
106206,3602,2025-03-04,Completed
106207,8157,2024-08-13,Completed
106208,8157,2025-01-06,Returned
106209,3543,2024-08-13,Completed
106210,6029,2024-08-13,Completed
106211,992,2024-08-13,Completed
106212,4441,2024-08-13,Completed
106213,1646,2024-08-13,Completed
106214,1893,2024-08-14,Completed
106215,1893,2024-09-08,Completed
106216,1893,2024-10-13,Completed
106217,1893,2024-11-27,Completed
106218,1893,2025-07-28,Completed
106219,1893,2025-09-06,Completed
106220,1893,2025-10-20,Completed
106221,7531,2024-08-14,Completed
106222,7531,2024-09-16,Completed
106223,5478,2024-08-14,Completed
106224,5478,2024-10-06,Completed
106225,5478,2024-12-05,Returned
106226,5478,2025-04-08,Completed
106227,5478,2025-10-03,Completed
106228,9033,2024-08-14,Completed
106229,9033,2024-09-15,Completed
106230,4389,2024-08-14,Returned
106231,4389,2024-10-02,Completed
106232,4389,2025-02-01,Returned
106233,4389,2025-05-03,Completed
106234,4389,2025-05-16,Returned
106235,4389,2025-07-15,Completed
106236,4389,2025-08-25,Completed
106237,4300,2024-08-14,Cancelled
106238,4662,2024-08-14,Completed
106239,4662,2024-09-01,Completed
106240,4662,2024-10-14,Completed
106241,8478,2024-08-14,Completed
106242,8478,2024-09-14,Completed
106243,7080,2024-08-14,Completed
106244,10485,2024-08-14,Completed
106245,10485,2024-08-30,Returned
106246,10485,2025-03-15,Completed
106247,10485,2025-04-09,Completed
106248,6944,2024-08-14,Completed
106249,6944,2024-10-23,Completed
106250,6944,2025-01-08,Completed
106251,6944,2025-03-02,Completed
106252,6944,2025-07-24,Completed
106253,6944,2025-12-24,Returned
106254,4977,2024-08-14,Completed
106255,4977,2024-11-12,Completed
106256,3877,2024-08-14,Completed
106257,6965,2024-08-14,Completed
106258,2361,2024-08-14,Returned
106259,2361,2024-11-08,Completed
106260,2361,2025-01-16,Completed
106261,10825,2024-08-14,Completed
106262,5367,2024-08-14,Completed
106263,5367,2024-09-11,Completed
106264,3675,2024-08-14,Completed
106265,9914,2024-08-14,Completed
106266,10829,2024-08-14,Completed
106267,10829,2024-09-14,Completed
106268,10829,2024-10-04,Completed
106269,10829,2024-10-27,Completed
106270,4876,2024-08-15,Completed
106271,1914,2024-08-15,Completed
106272,1141,2024-08-15,Completed
106273,850,2024-08-15,Returned
106274,2606,2024-08-15,Completed
106275,2606,2024-09-03,Returned
106276,2606,2025-07-25,Completed
106277,2606,2025-09-06,Completed
106278,2606,2025-10-08,Completed
106279,2606,2025-10-29,Completed
106280,9238,2024-08-15,Completed
106281,2002,2024-08-16,Completed
106282,6005,2024-08-16,Completed
106283,2835,2024-08-16,Completed
106284,3371,2024-08-16,Completed
106285,10447,2024-08-16,Completed
106286,11839,2024-08-16,Completed
106287,11839,2024-10-30,Completed
106288,4023,2024-08-16,Completed
106289,4023,2024-09-10,Completed
106290,4023,2024-11-02,Completed
106291,4023,2025-01-29,Completed
106292,4023,2025-06-13,Completed
106293,4023,2025-07-15,Completed
106294,4023,2025-09-08,Completed
106295,7131,2024-08-16,Completed
106296,7131,2024-09-16,Completed
106297,4227,2024-08-16,Completed
106298,10323,2024-08-16,Completed
106299,10323,2024-10-02,Completed
106300,11616,2024-08-16,Returned
106301,11616,2024-11-18,Completed
106302,11997,2024-08-16,Completed
106303,11997,2024-09-01,Completed
106304,4126,2024-08-17,Completed
106305,8189,2024-08-17,Completed
106306,8189,2024-10-19,Completed
106307,8189,2024-11-22,Completed
106308,11603,2024-08-17,Returned
106309,11603,2025-01-16,Completed
106310,11603,2025-03-28,Completed
106311,11603,2025-04-19,Completed
106312,11603,2025-10-01,Returned
106313,5999,2024-08-17,Completed
106314,4796,2024-08-17,Completed
106315,4796,2025-01-31,Completed
106316,4796,2025-03-05,Completed
106317,4796,2025-04-17,Returned
106318,4796,2025-08-04,Returned
106319,4796,2025-09-28,Completed
106320,4796,2025-10-28,Returned
106321,4796,2025-11-17,Completed
106322,10477,2024-08-17,Completed
106323,10477,2024-11-23,Completed
106324,10477,2024-12-30,Completed
106325,10477,2025-01-28,Completed
106326,10477,2025-04-04,Completed
106327,10477,2025-08-09,Completed
106328,10477,2025-10-19,Returned
106329,3779,2024-08-17,Completed
106330,10857,2024-08-17,Completed
106331,5965,2024-08-17,Completed
106332,5965,2024-09-05,Completed
106333,5965,2024-10-09,Returned
106334,5965,2024-12-13,Completed
106335,5965,2025-04-29,Completed
106336,5965,2025-08-27,Completed
106337,11223,2024-08-17,Returned
106338,11223,2024-10-28,Completed
106339,11223,2025-01-18,Cancelled
106340,11223,2025-02-18,Returned
106341,5972,2024-08-17,Completed
106342,10042,2024-08-17,Cancelled
106343,11587,2024-08-17,Returned
106344,11232,2024-08-17,Completed
106345,2530,2024-08-17,Completed
106346,2530,2024-09-12,Completed
106347,8945,2024-08-17,Completed
106348,8945,2025-01-10,Completed
106349,8945,2025-02-05,Completed
106350,8945,2025-06-27,Returned
106351,1337,2024-08-17,Completed
106352,3936,2024-08-17,Completed
106353,7583,2024-08-17,Returned
106354,7583,2024-12-07,Completed
106355,7583,2025-06-02,Completed
106356,3112,2024-08-17,Returned
106357,1587,2024-08-17,Completed
106358,1587,2024-11-21,Completed
106359,3298,2024-08-17,Completed
106360,3298,2024-10-18,Cancelled
106361,3298,2024-11-17,Completed
106362,3298,2025-01-10,Completed
106363,3298,2025-03-09,Completed
106364,3298,2025-08-01,Completed
106365,4764,2024-08-17,Completed
106366,4764,2025-04-14,Completed
106367,4764,2025-06-21,Completed
106368,4764,2025-08-29,Completed
106369,2414,2024-08-17,Completed
106370,2414,2024-10-28,Completed
106371,2414,2024-12-23,Completed
106372,5218,2024-08-18,Completed
106373,3100,2024-08-18,Completed
106374,3100,2024-12-24,Completed
106375,6805,2024-08-18,Completed
106376,6805,2024-10-22,Completed
106377,6805,2024-12-24,Completed
106378,5181,2024-08-18,Completed
106379,8634,2024-08-18,Completed
106380,8634,2024-09-15,Completed
106381,10647,2024-08-18,Completed
106382,4324,2024-08-18,Completed
106383,9100,2024-08-18,Completed
106384,9100,2024-11-14,Completed
106385,4996,2024-08-18,Completed
106386,4996,2024-10-14,Completed
106387,4996,2025-04-09,Completed
106388,3618,2024-08-18,Completed
106389,3618,2024-09-10,Returned
106390,3618,2024-11-03,Completed
106391,3618,2024-12-01,Completed
106392,3618,2024-12-29,Completed
106393,3618,2025-01-14,Completed
106394,7187,2024-08-18,Completed
106395,5276,2024-08-18,Completed
106396,9952,2024-08-18,Completed
106397,9952,2024-10-21,Completed
106398,9952,2025-01-08,Cancelled
106399,9952,2025-04-16,Completed
106400,9952,2025-08-13,Completed
106401,9952,2025-09-23,Completed
106402,9952,2025-10-26,Completed
106403,9952,2025-11-25,Completed
106404,1328,2024-08-18,Completed
106405,10715,2024-08-18,Completed
106406,10715,2024-09-25,Completed
106407,10715,2025-01-09,Completed
106408,9314,2024-08-18,Completed
106409,9314,2024-10-22,Completed
106410,9314,2025-01-03,Completed
106411,4498,2024-08-19,Completed
106412,11362,2024-08-19,Completed
106413,11157,2024-08-19,Completed
106414,11157,2024-09-16,Completed
106415,2615,2024-08-19,Completed
106416,9165,2024-08-19,Completed
106417,4215,2024-08-19,Completed
106418,4215,2024-12-18,Returned
106419,4215,2025-03-03,Completed
106420,4215,2025-04-26,Returned
106421,8359,2024-08-19,Completed
106422,9415,2024-08-19,Completed
106423,6401,2024-08-19,Completed
106424,2018,2024-08-19,Completed
106425,2763,2024-08-19,Completed
106426,2763,2024-11-24,Completed
106427,2763,2025-06-18,Completed
106428,1406,2024-08-19,Completed
106429,1406,2024-10-19,Completed
106430,1406,2025-04-09,Returned
106431,1406,2025-05-07,Completed
106432,3842,2024-08-20,Completed
106433,3842,2024-09-23,Completed
106434,881,2024-08-20,Completed
106435,881,2025-03-17,Completed
106436,881,2025-07-14,Completed
106437,881,2025-09-18,Completed
106438,1803,2024-08-20,Returned
106439,1803,2024-10-31,Completed
106440,9303,2024-08-20,Completed
106441,9303,2024-10-20,Completed
106442,9303,2024-12-18,Completed
106443,8009,2024-08-20,Completed
106444,6815,2024-08-20,Completed
106445,6815,2024-09-12,Completed
106446,6815,2025-05-11,Completed
106447,6815,2025-11-24,Completed
106448,6815,2025-12-24,Completed
106449,5139,2024-08-20,Completed
106450,5139,2025-01-10,Completed
106451,5139,2025-02-07,Returned
106452,5139,2025-02-28,Completed
106453,2805,2024-08-20,Completed
106454,7171,2024-08-20,Returned
106455,5640,2024-08-20,Cancelled
106456,5640,2024-09-10,Completed
106457,5640,2024-12-18,Returned
106458,5640,2025-02-15,Completed
106459,5640,2025-03-23,Completed
106460,5640,2025-05-11,Completed
106461,5640,2025-06-04,Completed
106462,5640,2025-10-16,Completed
106463,9583,2024-08-21,Completed
106464,9583,2024-10-21,Cancelled
106465,9583,2024-12-03,Completed
106466,9583,2025-02-01,Completed
106467,9583,2025-03-08,Completed
106468,9583,2025-06-30,Completed
106469,3441,2024-08-21,Completed
106470,10310,2024-08-21,Completed
106471,11268,2024-08-21,Completed
106472,11268,2024-10-08,Completed
106473,5007,2024-08-21,Completed
106474,5007,2024-11-11,Returned
106475,5007,2025-06-16,Completed
106476,5007,2025-07-25,Completed
106477,5007,2025-12-01,Completed
106478,2116,2024-08-21,Completed
106479,2116,2025-05-20,Completed
106480,2116,2025-06-17,Completed
106481,2116,2025-09-19,Completed
106482,5664,2024-08-21,Completed
106483,5664,2024-10-17,Returned
106484,2753,2024-08-21,Completed
106485,2753,2024-09-21,Completed
106486,2753,2025-01-25,Completed
106487,1766,2024-08-21,Completed
106488,1766,2024-11-02,Completed
106489,4558,2024-08-21,Completed
106490,4558,2024-11-20,Completed
106491,4558,2024-12-26,Completed
106492,4558,2025-02-14,Completed
106493,4558,2025-08-01,Completed
106494,4558,2025-09-03,Completed
106495,4562,2024-08-21,Completed
106496,2778,2024-08-21,Completed
106497,9023,2024-08-21,Completed
106498,9023,2024-09-23,Completed
106499,5898,2024-08-22,Completed
106500,1532,2024-08-22,Completed
106501,1532,2024-10-25,Completed
106502,10594,2024-08-22,Completed
106503,5462,2024-08-22,Completed
106504,7789,2024-08-22,Returned
106505,6802,2024-08-22,Completed
106506,6802,2024-10-18,Completed
106507,4792,2024-08-22,Completed
106508,8223,2024-08-22,Completed
106509,8223,2024-12-06,Completed
106510,2140,2024-08-22,Completed
106511,4343,2024-08-22,Completed
106512,4343,2024-09-17,Completed
106513,4343,2024-11-23,Completed
106514,4343,2025-01-05,Completed
106515,10088,2024-08-22,Completed
106516,10088,2024-09-10,Completed
106517,5825,2024-08-22,Completed
106518,5825,2025-01-29,Completed
106519,5825,2025-04-17,Completed
106520,5825,2025-05-30,Completed
106521,5825,2025-07-19,Completed
106522,5825,2025-09-12,Completed
106523,519,2024-08-22,Returned
106524,519,2024-09-22,Returned
106525,9908,2024-08-22,Completed
106526,9908,2024-10-09,Completed
106527,8120,2024-08-22,Completed
106528,8120,2024-10-12,Returned
106529,8540,2024-08-22,Completed
106530,11319,2024-08-23,Completed
106531,8955,2024-08-23,Completed
106532,7302,2024-08-23,Completed
106533,7977,2024-08-23,Completed
106534,7977,2024-09-17,Completed
106535,7977,2025-04-27,Completed
106536,6806,2024-08-23,Completed
106537,5730,2024-08-23,Completed
106538,10731,2024-08-23,Cancelled
106539,8747,2024-08-23,Completed
106540,217,2024-08-23,Completed
106541,217,2024-10-16,Completed
106542,217,2025-03-17,Completed
106543,217,2025-07-12,Returned
106544,217,2025-09-10,Completed
106545,217,2025-10-09,Completed
106546,217,2025-11-02,Completed
106547,217,2025-11-23,Completed
106548,1501,2024-08-23,Completed
106549,1501,2024-09-25,Completed
106550,1501,2024-11-22,Completed
106551,1501,2025-03-22,Returned
106552,1501,2025-05-01,Completed
106553,11929,2024-08-23,Completed
106554,11929,2025-01-17,Completed
106555,11929,2025-02-11,Completed
106556,11929,2025-05-06,Completed
106557,11929,2025-09-30,Completed
106558,11929,2025-12-17,Completed
106559,5624,2024-08-23,Completed
106560,479,2024-08-23,Completed
106561,479,2024-09-16,Completed
106562,479,2024-11-28,Completed
106563,10974,2024-08-23,Returned
106564,10974,2024-10-26,Completed
106565,626,2024-08-24,Completed
106566,4194,2024-08-24,Completed
106567,2237,2024-08-24,Completed
106568,10908,2024-08-24,Completed
106569,10908,2024-09-17,Completed
106570,10908,2024-10-26,Completed
106571,119,2024-08-24,Completed
106572,119,2024-10-09,Completed
106573,119,2025-03-31,Completed
106574,119,2025-04-26,Completed
106575,119,2025-05-26,Completed
106576,119,2025-09-24,Completed
106577,2356,2024-08-24,Completed
106578,2356,2024-12-15,Completed
106579,1249,2024-08-24,Completed
106580,9460,2024-08-24,Completed
106581,10651,2024-08-24,Completed
106582,6803,2024-08-24,Cancelled
106583,6803,2024-10-16,Completed
106584,5859,2024-08-24,Completed
106585,4858,2024-08-24,Completed
106586,4858,2024-10-18,Completed
106587,4858,2024-11-29,Completed
106588,4928,2024-08-24,Completed
106589,4928,2024-11-02,Completed
106590,4928,2025-03-06,Completed
106591,4928,2025-05-10,Completed
106592,4928,2025-06-12,Completed
106593,4928,2025-08-25,Completed
106594,5231,2024-08-24,Completed
106595,2150,2024-08-24,Returned
106596,2150,2024-09-15,Completed
106597,2150,2024-11-03,Completed
106598,782,2024-08-24,Completed
106599,11230,2024-08-24,Completed
106600,9522,2024-08-24,Completed
106601,9522,2025-02-02,Completed
106602,10959,2024-08-24,Completed
106603,10959,2024-09-19,Completed
106604,10959,2024-10-15,Completed
106605,3432,2024-08-24,Completed
106606,1322,2024-08-25,Completed
106607,1322,2024-12-01,Completed
106608,1322,2025-03-21,Completed
106609,2223,2024-08-25,Completed
106610,2223,2024-09-14,Completed
106611,1086,2024-08-25,Completed
106612,3031,2024-08-25,Completed
106613,3031,2024-09-26,Completed
106614,3031,2025-01-02,Completed
106615,3031,2025-02-17,Completed
106616,3031,2025-06-08,Completed
106617,3031,2025-07-05,Completed
106618,3031,2025-08-02,Completed
106619,3031,2025-11-11,Completed
106620,6026,2024-08-25,Completed
106621,6026,2024-11-03,Completed
106622,5217,2024-08-25,Returned
106623,6018,2024-08-25,Completed
106624,1260,2024-08-25,Returned
106625,1260,2024-09-29,Completed
106626,3884,2024-08-25,Completed
106627,6555,2024-08-25,Completed
106628,5961,2024-08-25,Returned
106629,5961,2024-10-24,Returned
106630,5961,2024-12-04,Completed
106631,11184,2024-08-25,Completed
106632,1438,2024-08-25,Completed
106633,1438,2024-09-17,Returned
106634,1438,2024-10-23,Completed
106635,1438,2024-11-27,Completed
106636,1438,2025-08-09,Completed
106637,2895,2024-08-25,Completed
106638,2895,2024-09-27,Cancelled
106639,5455,2024-08-25,Cancelled
106640,3706,2024-08-25,Completed
106641,3385,2024-08-25,Completed
106642,3385,2025-01-10,Returned
106643,9393,2024-08-25,Returned
106644,9393,2024-10-25,Completed
106645,1832,2024-08-25,Completed
106646,3586,2024-08-25,Completed
106647,3586,2024-09-20,Completed
106648,2471,2024-08-26,Completed
106649,9878,2024-08-26,Completed
106650,6461,2024-08-26,Returned
106651,3589,2024-08-26,Returned
106652,6376,2024-08-26,Completed
106653,6376,2024-12-02,Completed
106654,4248,2024-08-26,Completed
106655,4093,2024-08-26,Completed
106656,4093,2024-11-06,Completed
106657,4093,2025-01-21,Completed
106658,4093,2025-03-10,Completed
106659,4093,2025-03-30,Completed
106660,4093,2025-05-24,Completed
106661,7787,2024-08-26,Completed
106662,11416,2024-08-26,Completed
106663,11416,2024-09-18,Completed
106664,4014,2024-08-26,Completed
106665,4014,2024-10-15,Completed
106666,9949,2024-08-26,Completed
106667,9949,2024-09-27,Returned
106668,11542,2024-08-26,Completed
106669,7618,2024-08-26,Completed
106670,11210,2024-08-26,Completed
106671,11210,2024-11-27,Completed
106672,6843,2024-08-27,Completed
106673,6843,2024-09-26,Completed
106674,11979,2024-08-27,Completed
106675,3075,2024-08-27,Completed
106676,325,2024-08-27,Completed
106677,10880,2024-08-27,Completed
106678,10880,2024-09-26,Completed
106679,10880,2024-10-23,Completed
106680,10880,2024-11-26,Completed
106681,10880,2025-06-11,Completed
106682,10880,2025-07-13,Completed
106683,10880,2025-11-07,Completed
106684,10880,2025-12-08,Completed
106685,7934,2024-08-27,Completed
106686,3144,2024-08-27,Completed
106687,3144,2024-11-30,Completed
106688,1538,2024-08-27,Completed
106689,1538,2025-01-13,Completed
106690,1538,2025-02-17,Cancelled
106691,9704,2024-08-27,Cancelled
106692,8708,2024-08-28,Completed
106693,8708,2024-10-29,Completed
106694,2082,2024-08-28,Completed
106695,2082,2024-09-21,Completed
106696,2082,2024-10-28,Completed
106697,2082,2024-12-19,Completed
106698,2082,2025-01-05,Returned
106699,7568,2024-08-28,Completed
106700,10381,2024-08-28,Completed
106701,10381,2024-10-22,Completed
106702,3782,2024-08-28,Completed
106703,7567,2024-08-28,Completed
106704,7567,2024-09-17,Completed
106705,10463,2024-08-28,Completed
106706,10463,2024-11-10,Completed
106707,6479,2024-08-28,Completed
106708,9225,2024-08-29,Completed
106709,9225,2025-01-28,Completed
106710,8500,2024-08-29,Completed
106711,3364,2024-08-29,Completed
106712,5857,2024-08-29,Completed
106713,3524,2024-08-29,Completed
106714,3524,2024-10-01,Completed
106715,1956,2024-08-29,Completed
106716,9283,2024-08-29,Completed
106717,5892,2024-08-29,Completed
106718,5892,2024-11-17,Completed
106719,9533,2024-08-29,Returned
106720,3181,2024-08-29,Cancelled
106721,3181,2024-10-05,Completed
106722,3181,2024-11-07,Completed
106723,3181,2024-11-30,Completed
106724,3181,2024-12-30,Completed
106725,4965,2024-08-29,Completed
106726,564,2024-08-29,Completed
106727,9126,2024-08-29,Completed
106728,3707,2024-08-29,Completed
106729,9825,2024-08-30,Cancelled
106730,9825,2024-09-28,Completed
106731,11779,2024-08-30,Completed
106732,2280,2024-08-30,Completed
106733,453,2024-08-30,Completed
106734,453,2024-09-26,Completed
106735,453,2025-05-02,Completed
106736,453,2025-08-02,Completed
106737,453,2025-09-03,Completed
106738,453,2025-12-15,Returned
106739,444,2024-08-30,Completed
106740,444,2024-11-14,Completed
106741,444,2025-08-19,Returned
106742,5632,2024-08-30,Completed
106743,6833,2024-08-30,Completed
106744,6833,2024-12-08,Completed
106745,6833,2025-01-13,Completed
106746,11442,2024-08-30,Completed
106747,11442,2024-10-29,Completed
106748,11442,2024-11-17,Completed
106749,7775,2024-08-30,Returned
106750,4322,2024-08-30,Completed
106751,6581,2024-08-30,Completed
106752,10754,2024-08-30,Completed
106753,10754,2024-10-14,Returned
106754,10754,2025-03-14,Completed
106755,10754,2025-04-26,Completed
106756,10754,2025-05-23,Completed
106757,11519,2024-08-30,Completed
106758,11519,2025-02-27,Completed
106759,11519,2025-03-25,Completed
106760,11519,2025-05-01,Completed
106761,11519,2025-07-02,Completed
106762,11519,2025-09-06,Completed
106763,11519,2025-11-06,Completed
106764,375,2024-08-30,Completed
106765,375,2024-11-29,Completed
106766,375,2025-04-15,Completed
106767,375,2025-06-05,Completed
106768,375,2025-07-27,Returned
106769,375,2025-12-17,Completed
106770,2674,2024-08-30,Completed
106771,5407,2024-08-30,Returned
106772,3968,2024-08-30,Completed
106773,2863,2024-08-31,Completed
106774,2863,2024-12-04,Returned
106775,10469,2024-08-31,Completed
106776,4657,2024-08-31,Completed
106777,4657,2024-11-02,Completed
106778,4657,2024-11-27,Completed
106779,4657,2024-12-23,Completed
106780,1228,2024-08-31,Completed
106781,1228,2024-11-22,Completed
106782,1228,2024-12-23,Completed
106783,11169,2024-08-31,Completed
106784,11169,2024-09-24,Cancelled
106785,1308,2024-08-31,Completed
106786,4387,2024-08-31,Completed
106787,9133,2024-08-31,Completed
106788,6795,2024-08-31,Completed
106789,2586,2024-08-31,Cancelled
106790,2586,2024-10-27,Completed
106791,11267,2024-08-31,Completed
106792,7730,2024-08-31,Completed
106793,5242,2024-08-31,Completed
106794,4273,2024-08-31,Completed
106795,4273,2024-09-24,Completed
106796,807,2024-09-01,Completed
106797,807,2024-09-30,Completed
106798,11097,2024-09-01,Completed
106799,11097,2024-11-03,Completed
106800,1835,2024-09-01,Completed
106801,3417,2024-09-01,Completed
106802,3417,2025-01-05,Completed
106803,3417,2025-01-26,Completed
106804,3656,2024-09-01,Completed
106805,367,2024-09-01,Completed
106806,367,2024-12-31,Completed
106807,367,2025-05-30,Completed
106808,367,2025-07-29,Completed
106809,11450,2024-09-01,Completed
106810,11450,2024-10-28,Completed
106811,11450,2025-04-29,Completed
106812,11450,2025-05-27,Returned
106813,11450,2025-10-13,Completed
106814,11450,2025-11-07,Cancelled
106815,11450,2025-12-09,Completed
106816,4725,2024-09-01,Returned
106817,4725,2025-01-14,Returned
106818,5232,2024-09-01,Completed
106819,10770,2024-09-01,Completed
106820,8007,2024-09-01,Completed
106821,3990,2024-09-01,Completed
106822,5549,2024-09-02,Returned
106823,5549,2024-10-04,Completed
106824,5678,2024-09-02,Completed
106825,131,2024-09-02,Completed
106826,131,2025-01-07,Returned
106827,131,2025-02-08,Completed
106828,131,2025-03-07,Completed
106829,131,2025-04-02,Completed
106830,131,2025-06-05,Completed
106831,131,2025-07-22,Completed
106832,131,2025-09-16,Completed
106833,131,2025-11-01,Completed
106834,10130,2024-09-02,Completed
106835,662,2024-09-02,Completed
106836,662,2024-09-25,Completed
106837,662,2024-12-14,Returned
106838,11301,2024-09-02,Completed
106839,11301,2024-10-08,Completed
106840,147,2024-09-02,Completed
106841,4974,2024-09-02,Completed
106842,6340,2024-09-02,Returned
106843,1073,2024-09-02,Completed
106844,8188,2024-09-02,Completed
106845,8188,2024-10-06,Completed
106846,2104,2024-09-02,Completed
106847,10460,2024-09-02,Completed
106848,11295,2024-09-02,Returned
106849,11295,2025-03-13,Completed
106850,7198,2024-09-02,Completed
106851,7198,2024-10-05,Completed
106852,9973,2024-09-03,Completed
106853,3256,2024-09-03,Completed
106854,3154,2024-09-03,Completed
106855,3154,2024-11-26,Completed
106856,11647,2024-09-03,Returned
106857,11647,2024-10-07,Completed
106858,11647,2025-01-05,Completed
106859,11647,2025-01-25,Completed
106860,11647,2025-03-02,Completed
106861,11647,2025-03-24,Completed
106862,1963,2024-09-03,Completed
106863,1963,2024-10-10,Returned
106864,9535,2024-09-03,Completed
106865,9535,2024-10-04,Completed
106866,8078,2024-09-03,Completed
106867,590,2024-09-03,Completed
106868,10379,2024-09-03,Completed
106869,1589,2024-09-03,Completed
106870,9566,2024-09-03,Completed
106871,3463,2024-09-03,Completed
106872,123,2024-09-03,Completed
106873,123,2025-01-08,Completed
106874,123,2025-05-11,Completed
106875,2754,2024-09-03,Cancelled
106876,2754,2025-02-04,Completed
106877,2754,2025-06-08,Completed
106878,2754,2025-08-05,Completed
106879,4114,2024-09-03,Completed
106880,4114,2024-11-29,Completed
106881,4114,2024-12-20,Completed
106882,4114,2025-02-20,Completed
106883,1229,2024-09-03,Completed
106884,1229,2024-10-15,Completed
106885,1229,2024-11-24,Completed
106886,1229,2025-04-02,Completed
106887,1229,2025-05-02,Completed
106888,1229,2025-06-16,Completed
106889,1229,2025-08-07,Completed
106890,1229,2025-09-20,Completed
106891,10760,2024-09-03,Completed
106892,3491,2024-09-04,Completed
106893,3491,2024-10-16,Completed
106894,3491,2024-11-28,Completed
106895,8524,2024-09-04,Completed
106896,8524,2024-09-27,Completed
106897,8524,2025-02-20,Cancelled
106898,6575,2024-09-04,Completed
106899,6575,2025-01-02,Completed
106900,6575,2025-05-06,Completed
106901,6575,2025-06-05,Completed
106902,4787,2024-09-04,Completed
106903,1742,2024-09-04,Completed
106904,1742,2024-11-16,Completed
106905,1742,2025-03-22,Returned
106906,11118,2024-09-04,Completed
106907,3775,2024-09-04,Completed
106908,3775,2024-10-03,Completed
106909,3775,2024-12-31,Completed
106910,3775,2025-01-21,Completed
106911,3775,2025-05-21,Completed
106912,3775,2025-08-11,Completed
106913,3775,2025-09-14,Completed
106914,3775,2025-12-06,Completed
106915,10608,2024-09-04,Completed
106916,10608,2024-11-02,Completed
106917,10608,2025-02-10,Completed
106918,10608,2025-06-28,Cancelled
106919,9943,2024-09-04,Completed
106920,9943,2024-11-12,Completed
106921,10769,2024-09-04,Completed
106922,10769,2024-11-08,Completed
106923,3949,2024-09-04,Completed
106924,11069,2024-09-04,Completed
106925,3752,2024-09-04,Completed
106926,11116,2024-09-04,Completed
106927,11116,2024-09-25,Completed
106928,11116,2024-10-24,Completed
106929,9246,2024-09-04,Completed
106930,2144,2024-09-05,Completed
106931,1746,2024-09-05,Completed
106932,2311,2024-09-05,Completed
106933,3492,2024-09-05,Completed
106934,3492,2024-09-28,Completed
106935,501,2024-09-05,Completed
106936,501,2024-10-08,Completed
106937,11034,2024-09-05,Completed
106938,11034,2024-11-15,Completed
106939,1556,2024-09-05,Completed
106940,6736,2024-09-05,Completed
106941,8276,2024-09-05,Returned
106942,8276,2025-08-17,Returned
106943,2029,2024-09-05,Completed
106944,2029,2024-12-02,Completed
106945,2029,2024-12-31,Completed
106946,2029,2025-01-21,Completed
106947,2029,2025-02-18,Completed
106948,2029,2025-03-06,Completed
106949,2436,2024-09-05,Cancelled
106950,2436,2024-10-07,Completed
106951,7339,2024-09-05,Cancelled
106952,8487,2024-09-06,Completed
106953,3018,2024-09-06,Completed
106954,3018,2024-10-12,Returned
106955,3018,2025-01-27,Completed
106956,11030,2024-09-06,Completed
106957,11030,2024-11-26,Returned
106958,6301,2024-09-06,Completed
106959,6301,2024-11-05,Completed
106960,795,2024-09-06,Completed
106961,4482,2024-09-06,Completed
106962,4482,2024-10-27,Completed
106963,930,2024-09-06,Completed
106964,930,2025-01-05,Completed
106965,8601,2024-09-06,Completed
106966,2012,2024-09-07,Cancelled
106967,8536,2024-09-07,Completed
106968,7744,2024-09-07,Completed
106969,3042,2024-09-07,Completed
106970,3042,2024-11-02,Returned
106971,3042,2024-11-23,Completed
106972,3042,2025-04-14,Completed
106973,3042,2025-05-25,Completed
106974,10208,2024-09-07,Completed
106975,10208,2024-10-20,Returned
106976,10208,2025-01-12,Completed
106977,10208,2025-02-17,Completed
106978,10208,2025-03-10,Returned
106979,5639,2024-09-07,Completed
106980,5639,2024-09-29,Completed
106981,5639,2024-11-24,Completed
106982,1881,2024-09-07,Completed
106983,1881,2024-12-21,Completed
106984,1881,2025-01-20,Completed
106985,7299,2024-09-07,Completed
106986,7299,2025-03-08,Completed
106987,2121,2024-09-07,Completed
106988,2121,2024-10-31,Completed
106989,8757,2024-09-07,Completed
106990,8757,2024-10-06,Completed
106991,8757,2025-02-03,Cancelled
106992,8757,2025-03-03,Returned
106993,11992,2024-09-07,Completed
106994,11992,2024-10-03,Completed
106995,4122,2024-09-07,Completed
106996,4122,2024-11-02,Completed
106997,4122,2024-11-30,Returned
106998,4122,2025-09-01,Completed
106999,4122,2025-10-04,Completed
107000,4122,2025-11-11,Completed
107001,4122,2025-12-11,Completed
107002,9030,2024-09-07,Completed
107003,9030,2024-10-10,Completed
107004,1630,2024-09-07,Returned
107005,7823,2024-09-08,Completed
107006,5385,2024-09-08,Completed
107007,5385,2024-10-14,Cancelled
107008,5385,2024-12-17,Completed
107009,9860,2024-09-08,Completed
107010,11562,2024-09-08,Completed
107011,11562,2024-10-01,Completed
107012,1920,2024-09-08,Completed
107013,1920,2024-12-16,Completed
107014,6724,2024-09-08,Completed
107015,6724,2024-12-30,Completed
107016,614,2024-09-08,Completed
107017,614,2024-10-20,Completed
107018,614,2024-11-08,Completed
107019,614,2025-02-28,Completed
107020,614,2025-04-04,Completed
107021,614,2025-08-21,Completed
107022,614,2025-09-19,Completed
107023,1170,2024-09-08,Completed
107024,6188,2024-09-08,Completed
107025,903,2024-09-08,Completed
107026,3363,2024-09-08,Completed
107027,10719,2024-09-08,Cancelled
107028,6904,2024-09-08,Completed
107029,6904,2024-12-23,Completed
107030,6904,2025-03-23,Completed
107031,9899,2024-09-08,Completed
107032,3127,2024-09-08,Completed
107033,3127,2024-11-20,Completed
107034,3127,2024-12-28,Completed
107035,8900,2024-09-08,Returned
107036,11719,2024-09-08,Completed
107037,11719,2024-10-11,Completed
107038,9373,2024-09-08,Cancelled
107039,10407,2024-09-09,Completed
107040,10407,2024-12-20,Completed
107041,7114,2024-09-09,Completed
107042,7114,2024-09-28,Completed
107043,7114,2024-12-03,Completed
107044,7114,2025-01-11,Returned
107045,7114,2025-09-01,Completed
107046,7114,2025-10-20,Completed
107047,7114,2025-12-09,Completed
107048,286,2024-09-09,Completed
107049,1321,2024-09-09,Completed
107050,1321,2024-11-17,Completed
107051,1321,2025-01-04,Completed
107052,1321,2025-03-22,Completed
107053,8492,2024-09-09,Completed
107054,8492,2024-12-02,Completed
107055,8492,2025-03-28,Completed
107056,2162,2024-09-09,Completed
107057,2162,2024-11-19,Completed
107058,2162,2024-12-29,Completed
107059,5180,2024-09-09,Completed
107060,5180,2024-11-18,Completed
107061,1261,2024-09-09,Completed
107062,4291,2024-09-09,Completed
107063,4291,2024-11-16,Completed
107064,4291,2024-12-15,Completed
107065,4567,2024-09-09,Completed
107066,4567,2024-10-10,Completed
107067,7559,2024-09-09,Completed
107068,7559,2024-10-31,Completed
107069,7559,2024-12-04,Completed
107070,7559,2025-02-28,Completed
107071,7559,2025-03-31,Completed
107072,8327,2024-09-09,Returned
107073,4066,2024-09-09,Completed
107074,7515,2024-09-09,Completed
107075,3531,2024-09-09,Completed
107076,3246,2024-09-10,Completed
107077,408,2024-09-10,Completed
107078,9645,2024-09-10,Completed
107079,6085,2024-09-10,Completed
107080,2715,2024-09-10,Completed
107081,2715,2025-03-03,Returned
107082,2715,2025-06-25,Completed
107083,2715,2025-07-21,Completed
107084,2715,2025-08-13,Completed
107085,3624,2024-09-10,Completed
107086,3624,2024-10-04,Completed
107087,3624,2024-10-29,Completed
107088,10683,2024-09-10,Returned
107089,6106,2024-09-10,Completed
107090,6106,2024-10-01,Completed
107091,3163,2024-09-10,Completed
107092,8548,2024-09-10,Completed
107093,8548,2024-10-06,Completed
107094,731,2024-09-10,Cancelled
107095,731,2024-10-02,Completed
107096,731,2024-10-28,Completed
107097,731,2024-12-19,Completed
107098,6191,2024-09-11,Completed
107099,6191,2024-09-28,Completed
107100,2251,2024-09-11,Completed
107101,2251,2025-03-23,Completed
107102,2251,2025-06-14,Completed
107103,2251,2025-08-16,Returned
107104,92,2024-09-11,Completed
107105,92,2025-01-06,Completed
107106,92,2025-05-21,Completed
107107,92,2025-06-13,Completed
107108,92,2025-09-21,Returned
107109,92,2025-11-18,Returned
107110,92,2025-12-21,Completed
107111,1495,2024-09-11,Completed
107112,222,2024-09-11,Returned
107113,3690,2024-09-11,Completed
107114,1154,2024-09-11,Completed
107115,6277,2024-09-11,Completed
107116,6277,2024-11-15,Completed
107117,6277,2025-02-28,Completed
107118,6277,2025-05-02,Completed
107119,6277,2025-07-08,Returned
107120,6277,2025-09-03,Completed
107121,6277,2025-10-24,Completed
107122,6277,2025-11-25,Completed
107123,2028,2024-09-11,Completed
107124,6838,2024-09-11,Completed
107125,2272,2024-09-11,Completed
107126,7242,2024-09-11,Completed
107127,2027,2024-09-11,Completed
107128,7125,2024-09-11,Completed
107129,6895,2024-09-11,Completed
107130,6895,2024-10-31,Completed
107131,6895,2025-03-11,Completed
107132,6895,2025-05-08,Completed
107133,9277,2024-09-11,Completed
107134,9277,2024-10-05,Completed
107135,4476,2024-09-12,Completed
107136,10597,2024-09-12,Returned
107137,1292,2024-09-12,Completed
107138,1292,2024-10-07,Completed
107139,4455,2024-09-12,Completed
107140,1241,2024-09-12,Completed
107141,6981,2024-09-12,Completed
107142,6981,2024-10-15,Completed
107143,6981,2025-04-15,Completed
107144,10249,2024-09-12,Cancelled
107145,10249,2024-11-20,Completed
107146,4018,2024-09-12,Completed
107147,4018,2024-12-16,Completed
107148,4018,2025-02-19,Completed
107149,4018,2025-08-26,Completed
107150,4018,2025-09-12,Completed
107151,7143,2024-09-12,Completed
107152,8313,2024-09-12,Completed
107153,8313,2024-12-28,Completed
107154,8507,2024-09-12,Completed
107155,8507,2024-12-14,Completed
107156,4909,2024-09-12,Completed
107157,3745,2024-09-12,Completed
107158,4313,2024-09-12,Cancelled
107159,4313,2024-10-17,Completed
107160,4313,2024-12-23,Completed
107161,4313,2025-01-16,Completed
107162,224,2024-09-12,Cancelled
107163,224,2024-09-30,Completed
107164,6766,2024-09-12,Completed
107165,6766,2025-03-20,Completed
107166,6766,2025-05-08,Completed
107167,6766,2025-06-04,Completed
107168,6766,2025-08-10,Returned
107169,6766,2025-12-31,Completed
107170,1954,2024-09-12,Returned
107171,2412,2024-09-12,Cancelled
107172,6181,2024-09-12,Returned
107173,5882,2024-09-13,Returned
107174,5882,2025-06-07,Completed
107175,5882,2025-07-05,Completed
107176,5882,2025-11-29,Completed
107177,5882,2025-12-28,Completed
107178,2804,2024-09-13,Completed
107179,1968,2024-09-13,Completed
107180,1968,2024-10-20,Completed
107181,1968,2025-06-08,Completed
107182,1968,2025-07-03,Completed
107183,1968,2025-08-11,Completed
107184,1968,2025-09-04,Completed
107185,1968,2025-10-27,Returned
107186,1968,2025-12-31,Completed
107187,9122,2024-09-13,Completed
107188,9122,2024-11-29,Completed
107189,9122,2025-01-15,Completed
107190,9122,2025-03-29,Completed
107191,9122,2025-05-29,Completed
107192,9122,2025-08-26,Cancelled
107193,2474,2024-09-13,Cancelled
107194,1673,2024-09-13,Completed
107195,2071,2024-09-13,Completed
107196,2071,2025-02-05,Completed
107197,2071,2025-06-01,Completed
107198,2071,2025-09-05,Cancelled
107199,2071,2025-11-03,Completed
107200,2071,2025-12-26,Completed
107201,3742,2024-09-13,Completed
107202,165,2024-09-13,Completed
107203,4033,2024-09-13,Completed
107204,4033,2024-11-09,Completed
107205,4261,2024-09-13,Completed
107206,10110,2024-09-13,Completed
107207,10665,2024-09-13,Returned
107208,10665,2024-11-06,Completed
107209,10665,2025-04-18,Completed
107210,10665,2025-05-24,Completed
107211,6349,2024-09-14,Returned
107212,1530,2024-09-14,Completed
107213,1530,2024-10-19,Completed
107214,1530,2024-11-22,Completed
107215,1530,2025-03-25,Completed
107216,1530,2025-05-19,Completed
107217,1530,2025-07-20,Completed
107218,316,2024-09-14,Completed
107219,316,2024-10-08,Completed
107220,316,2024-12-14,Completed
107221,316,2025-01-12,Completed
107222,9853,2024-09-14,Completed
107223,2413,2024-09-14,Completed
107224,1184,2024-09-14,Completed
107225,9028,2024-09-14,Completed
107226,9028,2024-10-09,Returned
107227,11328,2024-09-14,Completed
107228,11328,2025-02-28,Completed
107229,11328,2025-03-25,Completed
107230,11328,2025-12-16,Completed
107231,9147,2024-09-14,Cancelled
107232,9147,2024-11-30,Completed
107233,10632,2024-09-14,Completed
107234,10632,2024-10-20,Completed
107235,1474,2024-09-14,Completed
107236,8534,2024-09-14,Completed
107237,8534,2025-08-21,Completed
107238,3563,2024-09-14,Returned
107239,6992,2024-09-14,Completed
107240,2786,2024-09-14,Completed
107241,10923,2024-09-14,Completed
107242,3220,2024-09-14,Completed
107243,3220,2024-11-13,Completed
107244,7265,2024-09-14,Completed
107245,5372,2024-09-14,Completed
107246,5372,2024-10-13,Completed
107247,5372,2025-02-13,Completed
107248,5372,2025-08-10,Completed
107249,5372,2025-11-11,Completed
107250,8578,2024-09-14,Cancelled
107251,8578,2025-02-13,Completed
107252,8578,2025-03-15,Returned
107253,8578,2025-05-15,Completed
107254,3134,2024-09-15,Completed
107255,3134,2024-10-20,Returned
107256,5976,2024-09-15,Completed
107257,5976,2024-10-08,Completed
107258,2193,2024-09-15,Returned
107259,6740,2024-09-15,Completed
107260,6740,2024-11-18,Completed
107261,3091,2024-09-15,Completed
107262,3091,2024-12-04,Completed
107263,3091,2025-05-04,Completed
107264,3091,2025-06-05,Completed
107265,3091,2025-08-01,Completed
107266,3004,2024-09-15,Completed
107267,3004,2024-10-09,Completed
107268,3004,2024-11-07,Completed
107269,3004,2025-01-08,Completed
107270,7344,2024-09-15,Completed
107271,9417,2024-09-15,Completed
107272,9417,2024-10-18,Completed
107273,8300,2024-09-15,Completed
107274,8300,2024-10-19,Completed
107275,8300,2024-11-02,Completed
107276,8300,2025-01-31,Completed
107277,8300,2025-05-27,Completed
107278,8300,2025-12-13,Completed
107279,7231,2024-09-15,Completed
107280,7231,2024-11-24,Completed
107281,7231,2025-03-19,Completed
107282,7231,2025-05-23,Completed
107283,7231,2025-08-03,Completed
107284,7231,2025-09-18,Completed
107285,7231,2025-10-12,Completed
107286,7231,2025-11-19,Cancelled
107287,5861,2024-09-15,Completed
107288,9765,2024-09-15,Completed
107289,9765,2024-12-08,Completed
107290,8054,2024-09-15,Completed
107291,8054,2024-11-17,Completed
107292,11436,2024-09-15,Completed
107293,11436,2024-10-19,Completed
107294,11436,2025-02-11,Completed
107295,11436,2025-03-11,Completed
107296,11436,2025-04-07,Completed
107297,11004,2024-09-15,Completed
107298,11004,2024-12-21,Completed
107299,11004,2025-03-07,Completed
107300,262,2024-09-15,Completed
107301,262,2024-11-13,Completed
107302,8141,2024-09-15,Completed
107303,5050,2024-09-15,Completed
107304,5557,2024-09-16,Completed
107305,5557,2024-10-09,Completed
107306,5557,2025-05-28,Completed
107307,5557,2025-07-22,Completed
107308,5605,2024-09-16,Completed
107309,9741,2024-09-16,Completed
107310,9741,2024-11-17,Completed
107311,9741,2025-01-20,Completed
107312,11455,2024-09-16,Returned
107313,269,2024-09-16,Completed
107314,269,2025-01-01,Completed
107315,269,2025-02-11,Completed
107316,3050,2024-09-16,Cancelled
107317,1256,2024-09-16,Completed
107318,1256,2024-10-04,Completed
107319,1256,2024-11-15,Completed
107320,9774,2024-09-16,Completed
107321,9774,2024-10-20,Completed
107322,2657,2024-09-16,Completed
107323,3878,2024-09-16,Completed
107324,8393,2024-09-16,Completed
107325,8393,2024-11-21,Completed
107326,8393,2025-06-13,Completed
107327,8393,2025-08-19,Completed
107328,7661,2024-09-16,Completed
107329,7661,2024-10-20,Completed
107330,10261,2024-09-16,Completed
107331,4469,2024-09-16,Completed
107332,2316,2024-09-17,Completed
107333,9066,2024-09-17,Completed
107334,9066,2024-11-17,Completed
107335,4249,2024-09-17,Completed
107336,7212,2024-09-17,Completed
107337,7212,2024-10-10,Completed
107338,7212,2024-11-15,Completed
107339,7212,2025-02-04,Completed
107340,7212,2025-02-17,Completed
107341,7212,2025-04-28,Completed
107342,7212,2025-06-03,Completed
107343,7212,2025-08-20,Completed
107344,7212,2025-09-27,Completed
107345,5758,2024-09-17,Completed
107346,3149,2024-09-17,Completed
107347,3149,2025-01-25,Completed
107348,234,2024-09-17,Completed
107349,234,2025-04-15,Completed
107350,3466,2024-09-17,Completed
107351,2478,2024-09-17,Cancelled
107352,2478,2025-04-09,Completed
107353,9917,2024-09-17,Completed
107354,9917,2024-10-07,Completed
107355,9917,2024-12-05,Returned
107356,9917,2025-01-17,Completed
107357,9917,2025-04-18,Completed
107358,6234,2024-09-17,Completed
107359,11873,2024-09-18,Returned
107360,11873,2024-10-14,Completed
107361,4443,2024-09-18,Completed
107362,1798,2024-09-18,Completed
107363,5866,2024-09-18,Completed
107364,5866,2024-12-12,Completed
107365,5866,2025-03-29,Completed
107366,5866,2025-05-04,Completed
107367,5866,2025-07-17,Completed
107368,5866,2025-08-02,Completed
107369,5866,2025-12-04,Completed
107370,6691,2024-09-18,Completed
107371,6691,2024-10-20,Completed
107372,6691,2025-01-31,Completed
107373,6691,2025-05-24,Completed
107374,6691,2025-09-03,Completed
107375,6691,2025-11-11,Completed
107376,1851,2024-09-18,Returned
107377,11947,2024-09-18,Completed
107378,11947,2024-10-09,Completed
107379,11947,2024-10-31,Returned
107380,11947,2024-12-29,Completed
107381,11947,2025-04-11,Completed
107382,2716,2024-09-18,Completed
107383,2716,2025-03-17,Completed
107384,2716,2025-05-12,Completed
107385,2716,2025-06-01,Completed
107386,2716,2025-08-24,Completed
107387,6917,2024-09-18,Completed
107388,3488,2024-09-18,Completed
107389,3488,2025-01-16,Completed
107390,2765,2024-09-18,Completed
107391,962,2024-09-18,Completed
107392,4985,2024-09-19,Completed
107393,4985,2024-11-13,Completed
107394,10513,2024-09-19,Completed
107395,10513,2024-12-16,Completed
107396,3348,2024-09-19,Returned
107397,10484,2024-09-19,Completed
107398,3560,2024-09-19,Completed
107399,3560,2024-11-26,Completed
107400,3560,2025-04-13,Completed
107401,7953,2024-09-19,Completed
107402,7953,2024-12-21,Returned
107403,7953,2025-02-23,Completed
107404,7012,2024-09-19,Cancelled
107405,7012,2024-10-08,Completed
107406,7012,2024-11-11,Returned
107407,8265,2024-09-19,Completed
107408,10546,2024-09-19,Completed
107409,10546,2024-11-15,Completed
107410,10546,2025-01-24,Completed
107411,4799,2024-09-19,Completed
107412,4235,2024-09-19,Completed
107413,4235,2024-11-09,Completed
107414,10801,2024-09-19,Completed
107415,10801,2024-11-24,Completed
107416,5878,2024-09-19,Returned
107417,3988,2024-09-19,Completed
107418,3868,2024-09-19,Cancelled
107419,7087,2024-09-19,Completed
107420,7050,2024-09-19,Completed
107421,7050,2025-04-10,Completed
107422,7050,2025-05-13,Completed
107423,7050,2025-06-15,Completed
107424,4400,2024-09-19,Completed
107425,4400,2024-11-10,Completed
107426,4400,2025-05-17,Completed
107427,4400,2025-06-30,Completed
107428,4400,2025-08-26,Completed
107429,4400,2025-10-03,Completed
107430,4400,2025-12-10,Completed
107431,1098,2024-09-19,Completed
107432,11629,2024-09-19,Completed
107433,10223,2024-09-19,Completed
107434,10223,2025-02-04,Completed
107435,10223,2025-02-25,Completed
107436,7598,2024-09-19,Completed
107437,2633,2024-09-19,Returned
107438,2633,2024-10-27,Completed
107439,1188,2024-09-19,Completed
107440,1188,2024-10-23,Cancelled
107441,8917,2024-09-20,Completed
107442,10581,2024-09-20,Completed
107443,6089,2024-09-20,Completed
107444,6089,2024-11-12,Completed
107445,3568,2024-09-20,Completed
107446,3568,2024-10-22,Cancelled
107447,3568,2025-01-03,Completed
107448,11902,2024-09-20,Completed
107449,11902,2024-10-18,Completed
107450,11902,2025-02-14,Completed
107451,11902,2025-05-26,Completed
107452,11902,2025-06-19,Completed
107453,11902,2025-07-17,Completed
107454,6524,2024-09-20,Completed
107455,6524,2024-11-13,Completed
107456,4245,2024-09-20,Completed
107457,2342,2024-09-20,Completed
107458,429,2024-09-20,Completed
107459,4846,2024-09-20,Completed
107460,4846,2024-10-21,Completed
107461,11996,2024-09-21,Completed
107462,11996,2024-10-26,Cancelled
107463,6117,2024-09-21,Completed
107464,6117,2024-12-03,Completed
107465,6117,2025-01-04,Completed
107466,1429,2024-09-21,Returned
107467,1429,2025-04-20,Completed
107468,1429,2025-06-22,Completed
107469,1429,2025-09-24,Completed
107470,1429,2025-10-27,Completed
107471,1343,2024-09-21,Completed
107472,1343,2025-03-03,Completed
107473,5142,2024-09-21,Completed
107474,210,2024-09-21,Returned
107475,210,2024-12-04,Returned
107476,9900,2024-09-21,Completed
107477,9900,2025-02-19,Completed
107478,9900,2025-04-07,Completed
107479,3146,2024-09-21,Completed
107480,3146,2024-10-20,Completed
107481,3146,2024-11-25,Completed
107482,3146,2024-12-25,Completed
107483,7608,2024-09-21,Completed
107484,10834,2024-09-21,Completed
107485,10834,2024-10-31,Completed
107486,10834,2025-02-03,Completed
107487,8457,2024-09-21,Completed
107488,8457,2024-11-19,Completed
107489,1996,2024-09-21,Completed
107490,1996,2025-01-30,Cancelled
107491,1996,2025-02-24,Completed
107492,1996,2025-07-04,Completed
107493,1996,2025-08-20,Completed
107494,1996,2025-09-13,Completed
107495,1996,2025-12-05,Completed
107496,254,2024-09-21,Completed
107497,254,2024-10-29,Completed
107498,254,2025-07-13,Completed
107499,254,2025-08-18,Completed
107500,254,2025-09-20,Completed
107501,254,2025-11-14,Completed
107502,2725,2024-09-22,Completed
107503,2725,2024-10-19,Completed
107504,2725,2024-11-11,Completed
107505,2725,2024-12-15,Completed
107506,7892,2024-09-22,Completed
107507,4655,2024-09-22,Completed
107508,4655,2024-11-29,Completed
107509,8820,2024-09-22,Completed
107510,7210,2024-09-22,Completed
107511,5864,2024-09-22,Completed
107512,8397,2024-09-22,Completed
107513,8397,2025-01-14,Completed
107514,1802,2024-09-22,Completed
107515,7448,2024-09-22,Completed
107516,7448,2024-10-18,Completed
107517,7621,2024-09-22,Completed
107518,11975,2024-09-23,Completed
107519,11975,2025-06-06,Completed
107520,11975,2025-08-05,Completed
107521,11975,2025-10-25,Completed
107522,880,2024-09-23,Completed
107523,880,2024-11-24,Completed
107524,3762,2024-09-23,Completed
107525,5323,2024-09-23,Completed
107526,5323,2024-10-28,Completed
107527,5586,2024-09-23,Completed
107528,3917,2024-09-23,Returned
107529,6644,2024-09-23,Completed
107530,1414,2024-09-23,Completed
107531,1414,2024-10-23,Completed
107532,7285,2024-09-23,Completed
107533,532,2024-09-23,Completed
107534,8662,2024-09-23,Completed
107535,8662,2024-10-28,Completed
107536,363,2024-09-23,Completed
107537,3764,2024-09-23,Completed
107538,3764,2024-12-13,Returned
107539,4061,2024-09-23,Completed
107540,10802,2024-09-24,Completed
107541,10802,2024-11-28,Completed
107542,10802,2025-02-09,Completed
107543,7370,2024-09-24,Returned
107544,7370,2024-12-31,Returned
107545,7370,2025-04-04,Completed
107546,7370,2025-05-22,Completed
107547,11262,2024-09-24,Completed
107548,10696,2024-09-24,Completed
107549,10175,2024-09-24,Returned
107550,9002,2024-09-24,Completed
107551,9,2024-09-24,Completed
107552,1106,2024-09-24,Completed
107553,6896,2024-09-24,Completed
107554,6896,2024-11-02,Completed
107555,6896,2024-11-25,Completed
107556,5150,2024-09-24,Completed
107557,764,2024-09-24,Returned
107558,3223,2024-09-24,Completed
107559,3223,2025-01-05,Completed
107560,3272,2024-09-25,Returned
107561,3861,2024-09-25,Completed
107562,3861,2024-11-22,Cancelled
107563,4473,2024-09-25,Completed
107564,4473,2025-02-22,Completed
107565,5170,2024-09-25,Returned
107566,5170,2025-02-08,Completed
107567,5364,2024-09-25,Completed
107568,5364,2024-11-12,Completed
107569,5364,2025-03-03,Completed
107570,5364,2025-03-27,Returned
107571,5364,2025-04-16,Completed
107572,5364,2025-05-02,Completed
107573,5364,2025-07-18,Returned
107574,2661,2024-09-25,Completed
107575,2661,2024-11-29,Completed
107576,2661,2024-12-25,Completed
107577,156,2024-09-25,Completed
107578,3585,2024-09-25,Completed
107579,3931,2024-09-25,Completed
107580,3931,2025-02-22,Returned
107581,3931,2025-05-02,Returned
107582,8315,2024-09-25,Completed
107583,8315,2024-10-21,Completed
107584,8309,2024-09-25,Returned
107585,6656,2024-09-25,Completed
107586,2098,2024-09-26,Completed
107587,2098,2024-10-19,Completed
107588,11504,2024-09-26,Cancelled
107589,4694,2024-09-26,Completed
107590,1487,2024-09-26,Completed
107591,9098,2024-09-26,Completed
107592,675,2024-09-26,Completed
107593,11185,2024-09-26,Returned
107594,11185,2024-11-08,Completed
107595,11185,2024-12-01,Completed
107596,11185,2025-05-24,Completed
107597,11185,2025-07-06,Completed
107598,11185,2025-08-30,Completed
107599,828,2024-09-26,Completed
107600,828,2024-11-03,Completed
107601,6686,2024-09-26,Completed
107602,7323,2024-09-26,Returned
107603,1578,2024-09-26,Completed
107604,1578,2024-10-20,Completed
107605,1578,2024-12-06,Completed
107606,1578,2025-03-25,Completed
107607,4108,2024-09-26,Completed
107608,4108,2024-12-27,Returned
107609,4108,2025-01-18,Completed
107610,4108,2025-02-18,Completed
107611,4108,2025-04-20,Completed
107612,4108,2025-05-08,Completed
107613,4108,2025-06-07,Completed
107614,4108,2025-08-19,Completed
107615,4108,2025-10-09,Completed
107616,4108,2025-11-08,Completed
107617,9341,2024-09-26,Completed
107618,9341,2024-10-31,Completed
107619,8014,2024-09-26,Completed
107620,9345,2024-09-26,Completed
107621,356,2024-09-26,Completed
107622,356,2024-10-13,Returned
107623,356,2025-02-04,Completed
107624,356,2025-07-10,Cancelled
107625,356,2025-08-06,Completed
107626,356,2025-11-06,Completed
107627,356,2025-12-20,Completed
107628,4296,2024-09-26,Completed
107629,4296,2024-10-22,Completed
107630,4296,2024-12-18,Completed
107631,4296,2025-01-19,Completed
107632,4296,2025-11-11,Completed
107633,4296,2025-12-08,Completed
107634,7001,2024-09-27,Completed
107635,3302,2024-09-27,Completed
107636,6920,2024-09-27,Completed
107637,6920,2024-11-26,Completed
107638,6920,2025-01-23,Completed
107639,9892,2024-09-27,Completed
107640,7880,2024-09-27,Completed
107641,7880,2024-10-24,Completed
107642,7880,2024-12-08,Completed
107643,4288,2024-09-27,Completed
107644,6325,2024-09-27,Completed
107645,6325,2025-01-16,Completed
107646,6325,2025-02-23,Returned
107647,6325,2025-05-16,Completed
107648,6325,2025-07-15,Completed
107649,6325,2025-08-09,Cancelled
107650,6325,2025-09-06,Completed
107651,6325,2025-10-10,Completed
107652,4913,2024-09-27,Completed
107653,4913,2024-11-16,Completed
107654,5714,2024-09-27,Completed
107655,456,2024-09-28,Completed
107656,456,2024-12-13,Completed
107657,456,2025-02-05,Completed
107658,456,2025-04-14,Returned
107659,456,2025-05-26,Completed
107660,456,2025-06-27,Cancelled
107661,8473,2024-09-28,Completed
107662,6208,2024-09-28,Completed
107663,5967,2024-09-28,Completed
107664,5967,2024-12-15,Completed
107665,5967,2025-03-22,Completed
107666,5967,2025-06-26,Returned
107667,5967,2025-09-25,Returned
107668,10375,2024-09-28,Completed
107669,10375,2024-11-05,Completed
107670,10375,2024-12-25,Completed
107671,4001,2024-09-28,Completed
107672,4001,2024-10-21,Completed
107673,8474,2024-09-28,Completed
107674,3699,2024-09-28,Completed
107675,3699,2024-10-21,Completed
107676,3699,2024-12-17,Completed
107677,3699,2025-01-15,Cancelled
107678,3699,2025-02-11,Completed
107679,8092,2024-09-28,Completed
107680,8092,2024-10-25,Completed
107681,8092,2025-01-22,Completed
107682,8092,2025-06-25,Completed
107683,8092,2025-08-22,Completed
107684,8092,2025-11-05,Completed
107685,6267,2024-09-28,Completed
107686,6267,2024-10-23,Cancelled
107687,7246,2024-09-28,Completed
107688,7246,2024-12-06,Completed
107689,2017,2024-09-28,Completed
107690,2017,2025-01-31,Completed
107691,3825,2024-09-28,Completed
107692,3825,2025-01-29,Completed
107693,6179,2024-09-28,Cancelled
107694,10270,2024-09-28,Cancelled
107695,10270,2024-12-10,Completed
107696,1210,2024-09-28,Completed
107697,5239,2024-09-29,Completed
107698,2179,2024-09-29,Completed
107699,2179,2024-10-29,Completed
107700,2179,2024-12-25,Completed
107701,579,2024-09-29,Completed
107702,579,2024-11-02,Cancelled
107703,579,2024-11-27,Completed
107704,2886,2024-09-29,Completed
107705,2886,2025-06-23,Completed
107706,2886,2025-09-14,Completed
107707,2886,2025-10-19,Completed
107708,4040,2024-09-29,Completed
107709,11988,2024-09-29,Completed
107710,5163,2024-09-29,Completed
107711,4131,2024-09-29,Completed
107712,4131,2024-11-26,Returned
107713,4543,2024-09-29,Completed
107714,4543,2024-12-17,Completed
107715,5143,2024-09-29,Completed
107716,258,2024-09-29,Returned
107717,258,2024-11-01,Completed
107718,258,2024-12-25,Completed
107719,258,2025-01-20,Cancelled
107720,258,2025-02-10,Cancelled
107721,258,2025-03-08,Completed
107722,258,2025-08-07,Completed
107723,258,2025-10-13,Completed
107724,8633,2024-09-29,Completed
107725,5988,2024-09-29,Completed
107726,5988,2024-10-18,Completed
107727,6464,2024-09-29,Completed
107728,10732,2024-09-29,Returned
107729,970,2024-09-29,Completed
107730,970,2024-11-03,Completed
107731,970,2024-12-29,Returned
107732,970,2025-02-24,Completed
107733,970,2025-03-22,Completed
107734,970,2025-04-27,Completed
107735,970,2025-06-06,Completed
107736,970,2025-07-14,Completed
107737,970,2025-08-05,Completed
107738,970,2025-09-05,Completed
107739,970,2025-11-04,Returned
107740,622,2024-09-30,Completed
107741,3300,2024-09-30,Completed
107742,3300,2024-11-18,Cancelled
107743,9137,2024-09-30,Completed
107744,9137,2024-11-12,Completed
107745,129,2024-09-30,Completed
107746,129,2024-11-19,Completed
107747,129,2025-03-23,Completed
107748,11397,2024-09-30,Completed
107749,4724,2024-09-30,Completed
107750,8019,2024-09-30,Cancelled
107751,8019,2025-03-01,Returned
107752,11502,2024-09-30,Completed
107753,1855,2024-09-30,Completed
107754,1855,2024-12-14,Completed
107755,7574,2024-09-30,Completed
107756,6570,2024-09-30,Completed
107757,7612,2024-09-30,Completed
107758,1692,2024-09-30,Returned
107759,4773,2024-09-30,Completed
107760,705,2024-09-30,Completed
107761,6571,2024-09-30,Completed
107762,9435,2024-09-30,Completed
107763,577,2024-10-01,Completed
107764,6471,2024-10-01,Cancelled
107765,6471,2024-11-05,Returned
107766,6107,2024-10-01,Completed
107767,6107,2024-10-30,Completed
107768,6107,2024-12-05,Completed
107769,744,2024-10-01,Completed
107770,7345,2024-10-01,Completed
107771,7345,2024-10-29,Completed
107772,7345,2024-12-08,Completed
107773,7345,2025-03-29,Completed
107774,5161,2024-10-01,Completed
107775,4908,2024-10-01,Completed
107776,4908,2024-11-06,Completed
107777,4908,2024-11-30,Completed
107778,607,2024-10-01,Completed
107779,607,2025-01-01,Completed
107780,607,2025-03-22,Completed
107781,607,2025-08-19,Completed
107782,607,2025-09-10,Completed
107783,9228,2024-10-01,Completed
107784,6844,2024-10-01,Completed
107785,6844,2024-11-03,Completed
107786,6844,2024-11-25,Completed
107787,6844,2024-12-29,Completed
107788,6844,2025-02-01,Completed
107789,11478,2024-10-01,Completed
107790,1293,2024-10-01,Completed
107791,4077,2024-10-01,Completed
107792,3664,2024-10-02,Completed
107793,3664,2024-10-27,Completed
107794,9887,2024-10-02,Completed
107795,1407,2024-10-02,Completed
107796,5301,2024-10-02,Completed
107797,9667,2024-10-02,Completed
107798,6816,2024-10-02,Completed
107799,1904,2024-10-02,Completed
107800,1527,2024-10-02,Completed
107801,2387,2024-10-02,Completed
107802,11849,2024-10-02,Completed
107803,5358,2024-10-03,Completed
107804,3275,2024-10-03,Completed
107805,8328,2024-10-03,Completed
107806,82,2024-10-03,Completed
107807,82,2025-03-22,Completed
107808,82,2025-04-29,Returned
107809,4554,2024-10-03,Completed
107810,974,2024-10-03,Completed
107811,974,2024-11-18,Returned
107812,974,2025-07-18,Completed
107813,2850,2024-10-03,Completed
107814,2850,2024-10-30,Completed
107815,2850,2024-11-27,Completed
107816,2850,2025-02-07,Completed
107817,2850,2025-05-08,Completed
107818,2850,2025-06-14,Completed
107819,2850,2025-07-06,Completed
107820,2850,2025-08-06,Completed
107821,2850,2025-09-18,Completed
107822,2850,2025-10-04,Completed
107823,2850,2025-10-30,Completed
107824,2850,2025-12-24,Completed
107825,5086,2024-10-03,Completed
107826,5086,2024-10-22,Completed
107827,1439,2024-10-03,Completed
107828,4147,2024-10-03,Completed
107829,4147,2024-11-05,Completed
107830,9758,2024-10-03,Completed
107831,9758,2024-12-27,Completed
107832,9758,2025-01-26,Completed
107833,241,2024-10-03,Completed
107834,4660,2024-10-03,Completed
107835,3081,2024-10-03,Completed
107836,3081,2024-11-29,Completed
107837,3081,2025-03-20,Completed
107838,2491,2024-10-03,Completed
107839,3987,2024-10-03,Completed
107840,7899,2024-10-03,Returned
107841,7899,2025-01-19,Completed
107842,81,2024-10-03,Completed
107843,3407,2024-10-03,Completed
107844,3407,2024-11-01,Completed
107845,4703,2024-10-03,Completed
107846,4703,2025-01-07,Completed
107847,4703,2025-03-04,Completed
107848,4222,2024-10-04,Completed
107849,4222,2024-11-02,Completed
107850,4222,2024-12-10,Completed
107851,4222,2025-01-15,Completed
107852,4222,2025-03-12,Returned
107853,4222,2025-04-16,Completed
107854,4222,2025-05-23,Completed
107855,4222,2025-06-13,Completed
107856,4222,2025-07-04,Completed
107857,4222,2025-10-03,Completed
107858,8568,2024-10-04,Completed
107859,803,2024-10-04,Completed
107860,11956,2024-10-04,Returned
107861,11956,2024-10-22,Completed
107862,703,2024-10-04,Completed
107863,703,2024-11-30,Completed
107864,703,2025-03-24,Completed
107865,884,2024-10-04,Completed
107866,884,2024-11-04,Completed
107867,1270,2024-10-04,Completed
107868,1270,2025-01-01,Completed
107869,1270,2025-06-17,Completed
107870,9079,2024-10-04,Completed
107871,7741,2024-10-04,Completed
107872,7741,2025-04-06,Completed
107873,7741,2025-07-03,Completed
107874,1094,2024-10-04,Completed
107875,1094,2024-12-12,Completed
107876,1094,2025-02-11,Completed
107877,4067,2024-10-04,Completed
107878,11642,2024-10-04,Completed
107879,11642,2025-02-20,Completed
107880,7729,2024-10-04,Completed
107881,10548,2024-10-04,Returned
107882,5207,2024-10-04,Completed
107883,5207,2024-11-15,Completed
107884,5207,2025-01-04,Completed
107885,5207,2025-03-02,Cancelled
107886,5207,2025-04-12,Completed
107887,5207,2025-08-09,Completed
107888,5207,2025-09-06,Completed
107889,5207,2025-10-23,Completed
107890,5207,2025-12-27,Completed
107891,11494,2024-10-04,Completed
107892,1811,2024-10-04,Completed
107893,8083,2024-10-04,Completed
107894,3715,2024-10-05,Completed
107895,3715,2025-04-10,Completed
107896,6304,2024-10-05,Completed
107897,6304,2024-11-03,Completed
107898,10585,2024-10-05,Completed
107899,8375,2024-10-05,Completed
107900,8375,2025-05-03,Completed
107901,8375,2025-06-10,Completed
107902,8375,2025-08-25,Cancelled
107903,5694,2024-10-05,Completed
107904,5694,2025-02-06,Cancelled
107905,1320,2024-10-05,Completed
107906,11816,2024-10-05,Returned
107907,1395,2024-10-05,Completed
107908,1395,2024-12-11,Completed
107909,1395,2025-01-12,Completed
107910,7123,2024-10-05,Completed
107911,2454,2024-10-05,Completed
107912,6215,2024-10-05,Completed
107913,10376,2024-10-05,Completed
107914,9673,2024-10-05,Completed
107915,1991,2024-10-06,Completed
107916,9743,2024-10-06,Completed
107917,9743,2025-03-07,Completed
107918,9743,2025-05-21,Cancelled
107919,9743,2025-09-08,Completed
107920,3719,2024-10-06,Completed
107921,3719,2024-12-04,Completed
107922,1978,2024-10-06,Completed
107923,1978,2025-09-07,Completed
107924,1978,2025-12-26,Completed
107925,3686,2024-10-06,Completed
107926,1975,2024-10-06,Completed
107927,4734,2024-10-06,Completed
107928,3319,2024-10-06,Completed
107929,9693,2024-10-06,Completed
107930,2897,2024-10-06,Completed
107931,8864,2024-10-06,Completed
107932,8864,2025-02-19,Completed
107933,10144,2024-10-06,Completed
107934,10144,2025-02-07,Completed
107935,10144,2025-05-03,Completed
107936,439,2024-10-06,Completed
107937,4830,2024-10-06,Completed
107938,4447,2024-10-06,Completed
107939,569,2024-10-06,Completed
107940,569,2024-12-24,Completed
107941,569,2025-09-11,Completed
107942,1523,2024-10-06,Completed
107943,6393,2024-10-06,Completed
107944,2546,2024-10-07,Completed
107945,1111,2024-10-07,Completed
107946,1833,2024-10-07,Completed
107947,1833,2025-02-24,Completed
107948,1833,2025-05-05,Completed
107949,1833,2025-07-12,Completed
107950,1833,2025-08-07,Completed
107951,1833,2025-09-01,Completed
107952,1833,2025-09-30,Completed
107953,9975,2024-10-07,Completed
107954,9975,2024-11-04,Completed
107955,1900,2024-10-07,Completed
107956,7905,2024-10-07,Completed
107957,7501,2024-10-07,Completed
107958,7501,2025-02-12,Completed
107959,7501,2025-04-19,Completed
107960,7501,2025-06-18,Completed
107961,7501,2025-08-29,Cancelled
107962,7501,2025-10-03,Completed
107963,7501,2025-11-04,Completed
107964,7501,2025-12-01,Completed
107965,713,2024-10-07,Completed
107966,3676,2024-10-07,Completed
107967,3676,2025-03-12,Completed
107968,3676,2025-04-19,Completed
107969,3676,2025-05-13,Completed
107970,6490,2024-10-07,Completed
107971,1783,2024-10-07,Completed
107972,1783,2025-01-11,Returned
107973,11258,2024-10-07,Completed
107974,11258,2025-02-14,Completed
107975,4269,2024-10-07,Returned
107976,9474,2024-10-07,Completed
107977,11673,2024-10-07,Completed
107978,11673,2024-11-30,Completed
107979,11673,2024-12-31,Completed
107980,11673,2025-03-07,Completed
107981,11673,2025-06-13,Completed
107982,11673,2025-08-29,Completed
107983,11673,2025-12-04,Completed
107984,1420,2024-10-07,Completed
107985,1420,2025-01-17,Completed
107986,1420,2025-03-20,Completed
107987,1420,2025-06-18,Completed
107988,767,2024-10-07,Completed
107989,767,2025-04-10,Completed
107990,767,2025-05-03,Completed
107991,767,2025-07-01,Completed
107992,767,2025-11-01,Completed
107993,767,2025-11-21,Cancelled
107994,767,2025-12-15,Returned
107995,4462,2024-10-07,Returned
107996,10383,2024-10-08,Completed
107997,1014,2024-10-08,Completed
107998,1014,2024-12-22,Completed
107999,1014,2025-01-26,Completed
108000,1014,2025-04-23,Completed
108001,1014,2025-06-20,Completed
108002,11278,2024-10-08,Completed
108003,11278,2024-12-20,Completed
108004,11278,2025-01-16,Completed
108005,3816,2024-10-08,Returned
108006,3816,2024-12-14,Completed
108007,3816,2025-05-23,Completed
108008,3816,2025-07-10,Completed
108009,3816,2025-08-26,Completed
108010,3816,2025-09-23,Returned
108011,3816,2025-11-01,Completed
108012,5655,2024-10-08,Completed
108013,3721,2024-10-08,Completed
108014,3721,2024-12-11,Completed
108015,3721,2025-04-18,Completed
108016,3721,2025-05-10,Completed
108017,1592,2024-10-08,Completed
108018,1592,2024-12-14,Completed
108019,1592,2025-01-06,Completed
108020,10281,2024-10-08,Returned
108021,5952,2024-10-08,Returned
108022,7241,2024-10-08,Completed
108023,7241,2025-05-06,Completed
108024,7241,2025-08-08,Completed
108025,7241,2025-11-11,Completed
108026,7241,2025-12-12,Completed
108027,1162,2024-10-08,Completed
108028,3871,2024-10-08,Completed
108029,3871,2024-10-27,Completed
108030,10456,2024-10-09,Completed
108031,4479,2024-10-09,Completed
108032,4479,2024-10-27,Completed
108033,4479,2024-12-02,Cancelled
108034,4479,2025-04-09,Completed
108035,4357,2024-10-09,Completed
108036,3258,2024-10-09,Completed
108037,11805,2024-10-09,Completed
108038,11805,2024-10-29,Completed
108039,11805,2024-12-12,Completed
108040,3630,2024-10-09,Completed
108041,3630,2024-11-13,Completed
108042,3630,2025-02-02,Completed
108043,3630,2025-04-27,Completed
108044,3630,2025-06-29,Completed
108045,6511,2024-10-09,Completed
108046,6511,2024-11-11,Completed
108047,8903,2024-10-09,Cancelled
108048,8903,2024-12-06,Cancelled
108049,8211,2024-10-10,Completed
108050,5708,2024-10-10,Completed
108051,9926,2024-10-10,Completed
108052,9427,2024-10-10,Completed
108053,9427,2025-01-12,Completed
108054,9427,2025-02-28,Completed
108055,9427,2025-05-08,Returned
108056,9427,2025-06-07,Completed
108057,9427,2025-09-22,Completed
108058,9427,2025-10-19,Returned
108059,9427,2025-11-11,Completed
108060,3124,2024-10-10,Returned
108061,8839,2024-10-10,Returned
108062,8839,2025-01-23,Completed
108063,3196,2024-10-10,Completed
108064,3196,2024-12-02,Completed
108065,10380,2024-10-10,Completed
108066,4966,2024-10-10,Completed
108067,3251,2024-10-10,Completed
108068,3251,2024-11-18,Completed
108069,4693,2024-10-10,Completed
108070,4693,2025-01-12,Completed
108071,4693,2025-05-31,Completed
108072,4693,2025-06-29,Completed
108073,4693,2025-10-04,Completed
108074,1937,2024-10-10,Completed
108075,11551,2024-10-10,Completed
108076,11551,2024-11-11,Completed
108077,11551,2025-03-22,Completed
108078,11551,2025-04-06,Completed
108079,11551,2025-05-19,Completed
108080,8805,2024-10-10,Completed
108081,8805,2024-12-22,Completed
108082,8805,2025-02-20,Completed
108083,8805,2025-05-20,Completed
108084,8805,2025-07-17,Completed
108085,8805,2025-08-18,Returned
108086,8805,2025-12-22,Completed
108087,6523,2024-10-10,Returned
108088,6523,2024-11-11,Completed
108089,11973,2024-10-10,Cancelled
108090,11973,2024-11-04,Completed
108091,638,2024-10-10,Completed
108092,6653,2024-10-11,Completed
108093,2879,2024-10-11,Cancelled
108094,6448,2024-10-11,Completed
108095,6448,2024-12-17,Completed
108096,2797,2024-10-11,Completed
108097,2797,2025-01-16,Completed
108098,2797,2025-03-08,Completed
108099,2797,2025-06-04,Completed
108100,2797,2025-07-14,Returned
108101,986,2024-10-11,Completed
108102,6748,2024-10-11,Completed
108103,6748,2025-01-10,Completed
108104,6748,2025-03-22,Returned
108105,6748,2025-04-28,Completed
108106,6748,2025-07-06,Completed
108107,6748,2025-07-20,Completed
108108,6748,2025-09-12,Completed
108109,6748,2025-10-08,Completed
108110,6748,2025-11-15,Completed
108111,6748,2025-12-15,Completed
108112,2294,2024-10-11,Completed
108113,2294,2024-11-01,Completed
108114,3082,2024-10-11,Completed
108115,11877,2024-10-11,Completed
108116,8996,2024-10-11,Returned
108117,8996,2024-11-03,Completed
108118,3202,2024-10-12,Completed
108119,3202,2024-12-04,Completed
108120,3202,2025-04-10,Completed
108121,3202,2025-05-01,Completed
108122,3202,2025-05-22,Completed
108123,3202,2025-06-18,Completed
108124,3202,2025-07-30,Completed
108125,11486,2024-10-12,Completed
108126,11486,2024-11-11,Completed
108127,1533,2024-10-12,Completed
108128,1533,2024-11-04,Cancelled
108129,1533,2024-12-05,Completed
108130,3792,2024-10-12,Completed
108131,5697,2024-10-12,Completed
108132,5697,2024-11-27,Completed
108133,5697,2025-03-14,Completed
108134,5697,2025-04-12,Completed
108135,5697,2025-12-10,Completed
108136,10730,2024-10-12,Completed
108137,10730,2024-11-04,Completed
108138,7266,2024-10-12,Completed
108139,7266,2024-11-19,Returned
108140,4449,2024-10-12,Completed
108141,7142,2024-10-12,Completed
108142,7142,2025-04-12,Returned
108143,9293,2024-10-12,Completed
108144,9446,2024-10-12,Completed
108145,9109,2024-10-12,Completed
108146,3688,2024-10-12,Completed
108147,3688,2024-12-22,Completed
108148,776,2024-10-12,Completed
108149,10521,2024-10-13,Completed
108150,10521,2025-02-03,Completed
108151,10521,2025-03-24,Completed
108152,10521,2025-04-14,Completed
108153,10521,2025-06-16,Cancelled
108154,10521,2025-07-16,Completed
108155,10521,2025-09-23,Completed
108156,10521,2025-12-10,Completed
108157,2354,2024-10-13,Completed
108158,11261,2024-10-13,Completed
108159,11261,2025-02-08,Completed
108160,11261,2025-03-20,Completed
108161,11261,2025-04-22,Completed
108162,11261,2025-06-07,Completed
108163,11261,2025-09-07,Completed
108164,11261,2025-10-02,Completed
108165,8814,2024-10-13,Completed
108166,8814,2024-11-24,Completed
108167,207,2024-10-13,Completed
108168,207,2024-11-15,Completed
108169,691,2024-10-13,Completed
108170,691,2024-12-18,Completed
108171,430,2024-10-13,Completed
108172,430,2025-02-02,Completed
108173,430,2025-04-28,Completed
108174,3767,2024-10-13,Completed
108175,3767,2024-11-25,Completed
108176,3767,2024-12-15,Completed
108177,3767,2025-03-28,Completed
108178,3767,2025-06-14,Completed
108179,3767,2025-08-16,Completed
108180,3767,2025-09-20,Completed
108181,3767,2025-11-17,Completed
108182,3767,2025-12-15,Completed
108183,6893,2024-10-13,Completed
108184,6893,2025-02-06,Returned
108185,2622,2024-10-13,Completed
108186,2622,2024-11-07,Completed
108187,7613,2024-10-13,Completed
108188,8827,2024-10-14,Completed
108189,8827,2024-11-09,Completed
108190,5998,2024-10-14,Returned
108191,1549,2024-10-14,Completed
108192,1549,2025-01-01,Completed
108193,1549,2025-05-04,Completed
108194,1549,2025-05-29,Completed
108195,1549,2025-06-23,Completed
108196,6663,2024-10-14,Returned
108197,5719,2024-10-14,Returned
108198,5719,2024-11-24,Returned
108199,5719,2025-03-28,Completed
108200,5719,2025-05-04,Completed
108201,5719,2025-06-18,Completed
108202,5719,2025-09-30,Completed
108203,5719,2025-11-05,Completed
108204,7289,2024-10-14,Returned
108205,7289,2025-01-26,Returned
108206,7289,2025-04-18,Completed
108207,7289,2025-06-16,Completed
108208,7289,2025-11-04,Completed
108209,7289,2025-12-04,Completed
108210,6888,2024-10-14,Completed
108211,6888,2024-12-20,Completed
108212,4604,2024-10-14,Completed
108213,4604,2024-12-31,Completed
108214,6919,2024-10-14,Completed
108215,4241,2024-10-14,Returned
108216,4241,2024-11-09,Completed
108217,10301,2024-10-14,Completed
108218,9589,2024-10-14,Completed
108219,9589,2024-11-18,Completed
108220,9589,2025-01-30,Completed
108221,9589,2025-05-06,Completed
108222,11904,2024-10-14,Returned
108223,259,2024-10-14,Completed
108224,1042,2024-10-14,Cancelled
108225,5868,2024-10-14,Completed
108226,5868,2024-11-25,Completed
108227,5868,2025-07-27,Completed
108228,4063,2024-10-14,Completed
108229,4063,2024-11-15,Completed
108230,10929,2024-10-15,Completed
108231,10929,2024-12-20,Returned
108232,10777,2024-10-15,Completed
108233,10777,2024-11-09,Completed
108234,10777,2025-01-29,Completed
108235,10505,2024-10-15,Completed
108236,10505,2024-12-21,Completed
108237,6602,2024-10-15,Completed
108238,10774,2024-10-15,Completed
108239,10774,2024-12-19,Completed
108240,10774,2025-02-08,Completed
108241,10774,2025-11-03,Completed
108242,10774,2025-12-06,Completed
108243,10774,2025-12-30,Completed
108244,9752,2024-10-15,Returned
108245,5074,2024-10-15,Completed
108246,1404,2024-10-15,Returned
108247,2900,2024-10-15,Completed
108248,130,2024-10-15,Completed
108249,4348,2024-10-15,Completed
108250,2595,2024-10-15,Completed
108251,2595,2025-03-23,Returned
108252,2712,2024-10-15,Completed
108253,2712,2025-03-03,Completed
108254,2712,2025-04-08,Completed
108255,2712,2025-09-01,Completed
108256,4060,2024-10-15,Completed
108257,7411,2024-10-15,Completed
108258,7411,2024-12-17,Completed
108259,7411,2025-01-17,Completed
108260,4856,2024-10-15,Completed
108261,4856,2025-05-20,Completed
108262,5463,2024-10-16,Completed
108263,5463,2024-11-10,Completed
108264,4576,2024-10-16,Completed
108265,5165,2024-10-16,Completed
108266,8956,2024-10-16,Completed
108267,1041,2024-10-16,Completed
108268,3886,2024-10-16,Completed
108269,3886,2025-01-10,Cancelled
108270,3886,2025-02-09,Completed
108271,3886,2025-03-05,Completed
108272,3886,2025-04-03,Completed
108273,3886,2025-06-02,Completed
108274,3886,2025-09-09,Returned
108275,3886,2025-11-20,Completed
108276,3886,2025-12-15,Completed
108277,9217,2024-10-16,Completed
108278,9217,2024-11-18,Completed
108279,4536,2024-10-16,Completed
108280,1384,2024-10-16,Completed
108281,10727,2024-10-16,Completed
108282,10727,2025-01-27,Cancelled
108283,10727,2025-03-24,Completed
108284,10727,2025-04-13,Completed
108285,10727,2025-07-17,Completed
108286,10727,2025-10-05,Returned
108287,10727,2025-10-29,Completed
108288,10727,2025-11-24,Returned
108289,2479,2024-10-16,Completed
108290,2479,2024-12-12,Completed
108291,2479,2024-12-30,Completed
108292,8824,2024-10-16,Completed
108293,5378,2024-10-17,Completed
108294,5378,2025-02-10,Completed
108295,5378,2025-03-02,Completed
108296,6245,2024-10-17,Cancelled
108297,11351,2024-10-17,Returned
108298,10854,2024-10-17,Completed
108299,5220,2024-10-17,Completed
108300,5220,2025-01-16,Returned
108301,5220,2025-03-27,Completed
108302,5220,2025-05-01,Completed
108303,628,2024-10-17,Completed
108304,9721,2024-10-17,Completed
108305,9721,2024-11-11,Completed
108306,9906,2024-10-17,Completed
108307,7360,2024-10-17,Completed
108308,1105,2024-10-17,Returned
108309,7949,2024-10-17,Completed
108310,7949,2024-12-23,Completed
108311,4039,2024-10-18,Completed
108312,7009,2024-10-18,Completed
108313,7009,2024-11-17,Returned
108314,10912,2024-10-18,Completed
108315,10912,2025-02-06,Completed
108316,10912,2025-04-19,Completed
108317,10912,2025-05-04,Completed
108318,10912,2025-07-11,Completed
108319,2295,2024-10-18,Completed
108320,5490,2024-10-18,Completed
108321,373,2024-10-18,Completed
108322,8057,2024-10-18,Completed
108323,9102,2024-10-18,Completed
108324,5476,2024-10-18,Completed
108325,2923,2024-10-18,Completed
108326,3195,2024-10-18,Completed
108327,11465,2024-10-18,Completed
108328,11465,2024-12-23,Completed
108329,6865,2024-10-18,Completed
108330,6483,2024-10-18,Completed
108331,6483,2025-01-25,Completed
108332,6483,2025-02-14,Completed
108333,6483,2025-05-31,Returned
108334,6483,2025-07-04,Completed
108335,6483,2025-07-23,Completed
108336,6023,2024-10-18,Completed
108337,6023,2025-01-07,Completed
108338,6023,2025-08-10,Completed
108339,2697,2024-10-18,Completed
108340,7514,2024-10-18,Completed
108341,7514,2024-11-05,Completed
108342,7907,2024-10-18,Completed
108343,7907,2024-12-18,Returned
108344,3323,2024-10-19,Completed
108345,7935,2024-10-19,Completed
108346,7935,2025-02-05,Completed
108347,7935,2025-05-02,Completed
108348,7935,2025-07-14,Returned
108349,7935,2025-08-09,Completed
108350,7935,2025-08-25,Completed
108351,3427,2024-10-19,Completed
108352,4350,2024-10-19,Completed
108353,4350,2025-01-19,Completed
108354,4350,2025-05-03,Returned
108355,4350,2025-05-24,Completed
108356,4350,2025-07-30,Returned
108357,4350,2025-09-22,Completed
108358,5785,2024-10-19,Completed
108359,522,2024-10-19,Completed
108360,7614,2024-10-19,Completed
108361,7614,2024-12-22,Completed
108362,7614,2025-01-17,Completed
108363,7674,2024-10-19,Completed
108364,8874,2024-10-19,Completed
108365,8874,2025-02-13,Completed
108366,8874,2025-05-10,Completed
108367,8874,2025-07-02,Completed
108368,8874,2025-08-10,Returned
108369,8874,2025-12-03,Cancelled
108370,7858,2024-10-19,Completed
108371,11093,2024-10-19,Completed
108372,346,2024-10-19,Completed
108373,346,2024-11-05,Completed
108374,237,2024-10-20,Completed
108375,237,2024-11-22,Completed
108376,10606,2024-10-20,Completed
108377,7387,2024-10-20,Completed
108378,7387,2025-04-21,Completed
108379,7387,2025-05-13,Completed
108380,7387,2025-07-18,Returned
108381,9014,2024-10-20,Completed
108382,9014,2024-11-19,Completed
108383,9014,2024-12-19,Completed
108384,9014,2025-04-03,Cancelled
108385,1327,2024-10-20,Completed
108386,1327,2024-11-15,Completed
108387,1327,2025-01-10,Completed
108388,1327,2025-03-10,Completed
108389,98,2024-10-20,Completed
108390,11825,2024-10-20,Completed
108391,6013,2024-10-20,Completed
108392,6013,2024-11-09,Completed
108393,7724,2024-10-20,Completed
108394,3166,2024-10-20,Completed
108395,10186,2024-10-20,Completed
108396,10186,2025-01-03,Returned
108397,10186,2025-01-29,Completed
108398,7926,2024-10-20,Completed
108399,7926,2025-02-07,Cancelled
108400,3549,2024-10-20,Completed
108401,8225,2024-10-20,Completed
108402,8225,2024-12-31,Completed
108403,8225,2025-02-13,Completed
108404,1584,2024-10-20,Completed
108405,1584,2024-12-02,Completed
108406,1584,2025-04-10,Cancelled
108407,1584,2025-05-08,Completed
108408,1584,2025-07-15,Completed
108409,7591,2024-10-20,Returned
108410,7591,2024-11-25,Completed
108411,7591,2024-12-22,Completed
108412,7591,2025-07-02,Completed
108413,5429,2024-10-20,Completed
108414,7015,2024-10-20,Completed
108415,7015,2024-11-26,Completed
108416,7015,2025-02-13,Completed
108417,7015,2025-04-05,Completed
108418,9284,2024-10-20,Returned
108419,9284,2025-03-11,Completed
108420,5756,2024-10-20,Completed
108421,5756,2024-11-26,Completed
108422,11557,2024-10-20,Completed
108423,1635,2024-10-20,Completed
108424,1635,2024-12-20,Returned
108425,8678,2024-10-20,Cancelled
108426,3321,2024-10-20,Completed
108427,3321,2024-11-09,Completed
108428,6596,2024-10-20,Completed
108429,6596,2025-03-24,Completed
108430,8164,2024-10-20,Completed
108431,7497,2024-10-21,Completed
108432,4127,2024-10-21,Completed
108433,7126,2024-10-21,Completed
108434,2265,2024-10-21,Completed
108435,8680,2024-10-21,Completed
108436,8680,2025-08-15,Completed
108437,1657,2024-10-21,Completed
108438,3505,2024-10-21,Completed
108439,4492,2024-10-21,Cancelled
108440,4492,2025-01-29,Completed
108441,4139,2024-10-21,Completed
108442,6799,2024-10-21,Completed
108443,7352,2024-10-21,Completed
108444,7352,2024-12-23,Completed
108445,7352,2025-01-13,Completed
108446,7352,2025-06-09,Completed
108447,7352,2025-07-08,Completed
108448,4205,2024-10-22,Completed
108449,6743,2024-10-22,Completed
108450,6743,2024-11-07,Returned
108451,8924,2024-10-22,Completed
108452,8924,2024-12-26,Completed
108453,10382,2024-10-22,Returned
108454,10382,2024-12-05,Returned
108455,10382,2025-02-22,Completed
108456,5943,2024-10-22,Completed
108457,5943,2024-11-16,Completed
108458,8802,2024-10-22,Completed
108459,8802,2025-06-27,Completed
108460,8802,2025-07-20,Completed
108461,4110,2024-10-22,Completed
108462,4110,2025-02-26,Completed
108463,4110,2025-04-24,Completed
108464,184,2024-10-22,Completed
108465,2170,2024-10-22,Completed
108466,5156,2024-10-22,Completed
108467,3374,2024-10-22,Completed
108468,3374,2024-11-29,Completed
108469,3374,2025-02-19,Completed
108470,3374,2025-07-16,Completed
108471,3374,2025-08-24,Returned
108472,3374,2025-12-09,Completed
108473,5087,2024-10-22,Completed
108474,5154,2024-10-22,Completed
108475,8162,2024-10-22,Completed
108476,2677,2024-10-22,Completed
108477,8546,2024-10-23,Completed
108478,10352,2024-10-23,Completed
108479,10352,2024-11-17,Completed
108480,110,2024-10-23,Returned
108481,110,2024-11-11,Completed
108482,7130,2024-10-23,Completed
108483,8067,2024-10-23,Returned
108484,8439,2024-10-23,Completed
108485,5023,2024-10-23,Completed
108486,5023,2024-11-26,Returned
108487,5448,2024-10-23,Completed
108488,5448,2024-12-12,Completed
108489,5448,2025-04-21,Completed
108490,1091,2024-10-23,Completed
108491,1091,2024-11-24,Completed
108492,9586,2024-10-23,Completed
108493,4047,2024-10-23,Completed
108494,6927,2024-10-23,Completed
108495,11783,2024-10-23,Completed
108496,1190,2024-10-23,Completed
108497,677,2024-10-23,Completed
108498,9034,2024-10-23,Completed
108499,9034,2024-11-22,Completed
108500,9034,2025-01-04,Completed
108501,11781,2024-10-23,Completed
108502,11781,2024-12-03,Completed
108503,11781,2024-12-26,Completed
108504,11460,2024-10-24,Completed
108505,11460,2024-12-07,Completed
108506,11460,2025-01-17,Completed
108507,11283,2024-10-24,Completed
108508,11283,2024-11-23,Completed
108509,5088,2024-10-24,Completed
108510,5088,2025-03-03,Completed
108511,7109,2024-10-24,Completed
108512,10332,2024-10-24,Completed
108513,10332,2024-11-24,Completed
108514,6599,2024-10-24,Completed
108515,6599,2025-06-24,Completed
108516,6599,2025-11-05,Completed
108517,7558,2024-10-24,Completed
108518,7558,2024-11-29,Completed
108519,7558,2025-05-27,Completed
108520,8280,2024-10-24,Completed
108521,8280,2024-12-25,Completed
108522,10347,2024-10-24,Completed
108523,10347,2024-11-14,Completed
108524,531,2024-10-24,Completed
108525,531,2024-11-17,Completed
108526,531,2025-06-05,Completed
108527,11407,2024-10-24,Completed
108528,11892,2024-10-24,Completed
108529,11892,2024-11-19,Completed
108530,8201,2024-10-25,Completed
108531,961,2024-10-25,Completed
108532,961,2025-04-02,Completed
108533,961,2025-06-11,Completed
108534,10263,2024-10-25,Completed
108535,10263,2025-05-28,Completed
108536,10263,2025-07-02,Completed
108537,10263,2025-10-29,Completed
108538,10263,2025-11-23,Completed
108539,10263,2025-12-31,Completed
108540,2463,2024-10-25,Completed
108541,2463,2024-11-22,Completed
108542,646,2024-10-25,Completed
108543,1744,2024-10-25,Completed
108544,1744,2024-11-19,Completed
108545,1744,2024-12-04,Completed
108546,484,2024-10-25,Completed
108547,2365,2024-10-25,Completed
108548,3962,2024-10-25,Completed
108549,3962,2025-02-13,Completed
108550,3962,2025-05-20,Completed
108551,3962,2025-06-12,Completed
108552,3962,2025-07-06,Completed
108553,3962,2025-09-28,Completed
108554,3962,2025-12-08,Completed
108555,8504,2024-10-25,Completed
108556,3550,2024-10-25,Completed
108557,3550,2025-01-30,Completed
108558,6514,2024-10-25,Completed
108559,6514,2024-11-27,Completed
108560,6514,2025-01-21,Completed
108561,6514,2025-03-13,Completed
108562,6514,2025-08-13,Returned
108563,3940,2024-10-25,Completed
108564,10089,2024-10-25,Completed
108565,11446,2024-10-26,Returned
108566,11446,2025-02-25,Completed
108567,11446,2025-03-30,Returned
108568,11446,2025-04-26,Returned
108569,11446,2025-07-12,Returned
108570,11446,2025-07-29,Completed
108571,11446,2025-09-11,Completed
108572,11446,2025-10-04,Completed
108573,4853,2024-10-26,Completed
108574,9151,2024-10-26,Completed
108575,9151,2024-11-27,Cancelled
108576,9151,2025-03-03,Completed
108577,9151,2025-04-03,Completed
108578,9151,2025-04-22,Completed
108579,9151,2025-09-18,Completed
108580,9151,2025-10-24,Completed
108581,9151,2025-12-03,Completed
108582,9946,2024-10-26,Completed
108583,291,2024-10-26,Completed
108584,291,2024-11-28,Completed
108585,291,2025-04-29,Completed
108586,797,2024-10-26,Completed
108587,797,2024-11-13,Completed
108588,4806,2024-10-26,Completed
108589,9372,2024-10-27,Completed
108590,2907,2024-10-27,Completed
108591,2582,2024-10-27,Completed
108592,6628,2024-10-27,Completed
108593,6628,2025-01-28,Completed
108594,6628,2025-02-25,Completed
108595,6628,2025-05-21,Completed
108596,3755,2024-10-27,Returned
108597,7626,2024-10-27,Completed
108598,7626,2024-11-16,Completed
108599,2768,2024-10-27,Completed
108600,2768,2024-11-30,Returned
108601,2768,2025-03-19,Returned
108602,2768,2025-07-19,Cancelled
108603,2768,2025-10-20,Completed
108604,6664,2024-10-27,Completed
108605,7008,2024-10-27,Returned
108606,7008,2024-12-02,Completed
108607,7008,2025-01-06,Completed
108608,7008,2025-04-01,Completed
108609,7008,2025-06-23,Completed
108610,7008,2025-10-07,Completed
108611,5197,2024-10-27,Completed
108612,5166,2024-10-27,Completed
108613,5166,2024-11-28,Completed
108614,5166,2024-12-14,Returned
108615,5166,2025-04-16,Completed
108616,5610,2024-10-27,Completed
108617,8556,2024-10-27,Completed
108618,1159,2024-10-28,Completed
108619,3667,2024-10-28,Completed
108620,3667,2024-12-23,Completed
108621,3667,2025-03-10,Completed
108622,1146,2024-10-28,Completed
108623,138,2024-10-28,Completed
108624,2245,2024-10-28,Completed
108625,2378,2024-10-28,Returned
108626,2378,2024-11-29,Completed
108627,2378,2025-03-03,Completed
108628,2378,2025-03-28,Completed
108629,2378,2025-04-30,Completed
108630,2378,2025-05-27,Completed
108631,2378,2025-08-17,Completed
108632,2378,2025-10-26,Completed
108633,2378,2025-11-20,Returned
108634,8639,2024-10-28,Cancelled
108635,8639,2025-01-11,Completed
108636,4502,2024-10-28,Completed
108637,911,2024-10-28,Completed
108638,7869,2024-10-28,Completed
108639,4328,2024-10-28,Completed
108640,9588,2024-10-28,Returned
108641,9588,2024-11-27,Completed
108642,7227,2024-10-28,Returned
108643,8579,2024-10-28,Completed
108644,8579,2024-12-14,Completed
108645,11512,2024-10-28,Returned
108646,11512,2024-12-20,Completed
108647,11512,2025-01-24,Completed
108648,11512,2025-02-17,Completed
108649,11512,2025-03-21,Completed
108650,6717,2024-10-28,Completed
108651,933,2024-10-28,Completed
108652,933,2024-12-30,Completed
108653,933,2025-04-03,Completed
108654,933,2025-04-23,Completed
108655,933,2025-07-26,Completed
108656,933,2025-09-02,Completed
108657,933,2025-10-01,Completed
108658,933,2025-11-02,Completed
108659,7230,2024-10-29,Returned
108660,7230,2025-01-26,Completed
108661,6909,2024-10-29,Completed
108662,6909,2024-11-20,Completed
108663,6909,2025-01-08,Completed
108664,6909,2025-03-28,Completed
108665,6909,2025-04-23,Returned
108666,6909,2025-06-07,Completed
108667,6909,2025-07-13,Completed
108668,6909,2025-08-17,Completed
108669,6909,2025-11-19,Completed
108670,3971,2024-10-29,Completed
108671,3982,2024-10-29,Completed
108672,11369,2024-10-29,Completed
108673,11369,2024-12-23,Completed
108674,11369,2025-03-18,Completed
108675,7488,2024-10-29,Completed
108676,10961,2024-10-29,Completed
108677,300,2024-10-29,Completed
108678,8872,2024-10-29,Completed
108679,1648,2024-10-29,Completed
108680,1191,2024-10-29,Completed
108681,7051,2024-10-29,Completed
108682,7051,2024-12-20,Completed
108683,7051,2025-01-28,Completed
108684,7051,2025-05-18,Completed
108685,3152,2024-10-29,Completed
108686,3143,2024-10-29,Completed
108687,433,2024-10-29,Completed
108688,11151,2024-10-29,Completed
108689,11151,2024-12-30,Completed
108690,11151,2025-08-09,Completed
108691,11151,2025-08-30,Completed
108692,2938,2024-10-29,Completed
108693,10873,2024-10-30,Completed
108694,10873,2025-04-03,Completed
108695,10873,2025-06-01,Returned
108696,1805,2024-10-30,Completed
108697,1805,2025-02-16,Completed
108698,10716,2024-10-30,Completed
108699,10716,2025-03-02,Completed
108700,10716,2025-03-26,Completed
108701,10971,2024-10-30,Completed
108702,3600,2024-10-30,Completed
108703,3600,2024-12-01,Completed
108704,2202,2024-10-30,Completed
108705,9621,2024-10-30,Cancelled
108706,9089,2024-10-30,Completed
108707,8021,2024-10-30,Completed
108708,732,2024-10-30,Completed
108709,4333,2024-10-30,Completed
108710,10668,2024-10-30,Completed
108711,10668,2024-12-01,Completed
108712,5117,2024-10-30,Completed
108713,9255,2024-10-30,Completed
108714,9330,2024-10-31,Returned
108715,8745,2024-10-31,Completed
108716,8745,2024-12-02,Completed
108717,8745,2025-03-11,Completed
108718,8745,2025-03-24,Completed
108719,4900,2024-10-31,Completed
108720,10612,2024-10-31,Completed
108721,11125,2024-10-31,Completed
108722,11125,2024-12-06,Completed
108723,11827,2024-10-31,Completed
108724,11827,2024-12-27,Completed
108725,10243,2024-10-31,Completed
108726,10243,2024-11-28,Completed
108727,10243,2024-12-24,Completed
108728,4064,2024-10-31,Completed
108729,5815,2024-10-31,Completed
108730,5815,2024-11-29,Completed
108731,9787,2024-10-31,Completed
108732,9787,2025-06-15,Completed
108733,1361,2024-10-31,Completed
108734,2860,2024-10-31,Completed
108735,2860,2025-01-03,Returned
108736,2860,2025-06-13,Completed
108737,2860,2025-10-21,Completed
108738,2860,2025-12-13,Completed
108739,7606,2024-11-01,Completed
108740,7606,2024-12-18,Completed
108741,7606,2025-01-23,Completed
108742,7606,2025-03-17,Completed
108743,7606,2025-05-02,Completed
108744,1371,2024-11-01,Completed
108745,1371,2025-01-11,Completed
108746,1371,2025-02-06,Completed
108747,8321,2024-11-01,Cancelled
108748,1018,2024-11-01,Completed
108749,832,2024-11-01,Completed
108750,8233,2024-11-01,Completed
108751,3635,2024-11-01,Completed
108752,3635,2024-12-21,Completed
108753,3212,2024-11-01,Completed
108754,3212,2024-12-01,Completed
108755,3212,2025-02-25,Completed
108756,3138,2024-11-01,Completed
108757,3138,2024-11-22,Completed
108758,3138,2025-02-06,Completed
108759,3138,2025-04-22,Completed
108760,3138,2025-06-03,Completed
108761,3138,2025-07-29,Returned
108762,3138,2025-08-14,Completed
108763,3138,2025-09-15,Completed
108764,3138,2025-10-08,Completed
108765,3138,2025-11-05,Completed
108766,465,2024-11-01,Completed
108767,465,2025-03-20,Completed
108768,465,2025-05-15,Completed
108769,465,2025-07-09,Completed
108770,465,2025-09-16,Completed
108771,3416,2024-11-01,Completed
108772,3416,2025-01-03,Completed
108773,3416,2025-03-02,Completed
108774,3416,2025-04-27,Completed
108775,3416,2025-07-01,Completed
108776,3416,2025-08-02,Completed
108777,3416,2025-10-27,Completed
108778,9436,2024-11-01,Returned
108779,9436,2025-04-19,Completed
108780,9436,2025-06-01,Completed
108781,9484,2024-11-01,Completed
108782,9484,2024-11-28,Completed
108783,9484,2025-03-02,Completed
108784,3608,2024-11-01,Completed
108785,3608,2025-03-13,Completed
108786,3608,2025-05-31,Cancelled
108787,3608,2025-07-27,Completed
108788,3608,2025-08-17,Returned
108789,8185,2024-11-01,Completed
108790,2587,2024-11-01,Returned
108791,10453,2024-11-01,Completed
108792,10453,2025-01-21,Completed
108793,901,2024-11-01,Completed
108794,11029,2024-11-02,Completed
108795,4091,2024-11-02,Completed
108796,4091,2024-11-26,Completed
108797,4765,2024-11-02,Completed
108798,11024,2024-11-02,Completed
108799,11024,2024-12-02,Completed
108800,11024,2025-01-03,Completed
108801,11024,2025-01-18,Completed
108802,5105,2024-11-02,Completed
108803,5105,2025-01-02,Completed
108804,5105,2025-02-24,Completed
108805,5105,2025-05-06,Completed
108806,5105,2025-08-20,Completed
108807,5105,2025-09-21,Completed
108808,4388,2024-11-02,Completed
108809,4388,2024-12-15,Completed
108810,2261,2024-11-02,Completed
108811,4606,2024-11-02,Completed
108812,1,2024-11-02,Completed
108813,1,2025-04-17,Completed
108814,1,2025-05-16,Returned
108815,1,2025-08-01,Completed
108816,1,2025-09-26,Completed
108817,1,2025-10-15,Returned
108818,6433,2024-11-02,Completed
108819,6433,2025-01-02,Completed
108820,6680,2024-11-02,Completed
108821,1913,2024-11-02,Completed
108822,6652,2024-11-02,Completed
108823,7243,2024-11-02,Completed
108824,7243,2024-11-27,Completed
108825,6517,2024-11-02,Completed
108826,9957,2024-11-02,Completed
108827,9957,2024-11-28,Completed
108828,6822,2024-11-02,Completed
108829,6822,2025-03-13,Completed
108830,6822,2025-03-30,Returned
108831,6822,2025-11-02,Returned
108832,6822,2025-12-21,Completed
108833,10060,2024-11-02,Completed
108834,10060,2025-02-04,Completed
108835,10060,2025-03-03,Completed
108836,10060,2025-04-09,Completed
108837,10060,2025-05-21,Completed
108838,6249,2024-11-02,Returned
108839,6249,2024-12-02,Completed
108840,3773,2024-11-02,Completed
108841,10221,2024-11-02,Completed
108842,7466,2024-11-02,Completed
108843,7164,2024-11-02,Returned
108844,11671,2024-11-02,Completed
108845,11671,2024-12-15,Completed
108846,8319,2024-11-02,Completed
108847,3119,2024-11-02,Returned
108848,10782,2024-11-02,Completed
108849,10782,2025-02-03,Completed
108850,10782,2025-04-07,Completed
108851,10782,2025-12-29,Completed
108852,695,2024-11-02,Completed
108853,3490,2024-11-03,Completed
108854,3490,2025-03-09,Completed
108855,3490,2025-05-08,Completed
108856,1206,2024-11-03,Completed
108857,3340,2024-11-03,Completed
108858,3340,2025-02-09,Completed
108859,3340,2025-03-02,Returned
108860,3340,2025-04-12,Completed
108861,3340,2025-04-27,Completed
108862,3340,2025-09-07,Completed
108863,3340,2025-10-08,Completed
108864,3340,2025-11-05,Completed
108865,11425,2024-11-03,Completed
108866,11425,2025-01-03,Completed
108867,11425,2025-03-14,Completed
108868,10605,2024-11-03,Completed
108869,10611,2024-11-03,Completed
108870,10611,2025-07-26,Completed
108871,10611,2025-09-04,Completed
108872,4727,2024-11-03,Returned
108873,2766,2024-11-03,Returned
108874,3254,2024-11-03,Returned
108875,3254,2025-03-09,Completed
108876,3254,2025-04-16,Returned
108877,1454,2024-11-03,Completed
108878,11609,2024-11-03,Completed
108879,11609,2024-11-25,Completed
108880,11609,2025-01-14,Completed
108881,2239,2024-11-03,Completed
108882,2759,2024-11-03,Completed
108883,2759,2024-11-27,Completed
108884,2759,2025-04-12,Completed
108885,2759,2025-05-22,Completed
108886,390,2024-11-03,Completed
108887,390,2025-01-02,Completed
108888,1720,2024-11-03,Completed
108889,11191,2024-11-03,Completed
108890,11191,2024-12-01,Completed
108891,11191,2025-01-16,Completed
108892,11191,2025-03-09,Completed
108893,11191,2025-08-07,Completed
108894,11191,2025-10-19,Completed
108895,11191,2025-12-31,Completed
108896,9864,2024-11-03,Completed
108897,6057,2024-11-03,Completed
108898,6057,2025-03-18,Completed
108899,1482,2024-11-03,Completed
108900,365,2024-11-03,Completed
108901,3605,2024-11-03,Completed
108902,4301,2024-11-03,Completed
108903,11196,2024-11-03,Completed
108904,10411,2024-11-03,Completed
108905,11962,2024-11-03,Completed
108906,1443,2024-11-04,Completed
108907,4190,2024-11-04,Completed
108908,4759,2024-11-04,Returned
108909,6090,2024-11-04,Completed
108910,4659,2024-11-04,Completed
108911,4659,2024-11-07,Completed
108912,4659,2024-11-14,Completed
108913,4659,2024-11-19,Completed
108914,4659,2024-11-22,Completed
108915,4659,2024-11-25,Completed
108916,4659,2024-11-30,Completed
108917,4659,2024-11-30,Completed
108918,4659,2024-12-16,Completed
108919,4659,2025-01-13,Completed
108920,4659,2025-01-15,Completed
108921,4659,2025-01-27,Returned
108922,4659,2025-01-29,Completed
108923,4659,2025-01-29,Completed
108924,4659,2025-02-09,Completed
108925,4659,2025-02-10,Completed
108926,4659,2025-02-22,Completed
108927,4659,2025-03-06,Completed
108928,4659,2025-03-10,Completed
108929,4659,2025-03-14,Completed
108930,4659,2025-03-17,Completed
108931,4659,2025-03-26,Completed
108932,4659,2025-04-04,Completed
108933,4659,2025-04-15,Completed
108934,4659,2025-04-16,Completed
108935,4659,2025-04-22,Completed
108936,4659,2025-04-26,Completed
108937,4659,2025-04-28,Completed
108938,4659,2025-05-18,Completed
108939,4659,2025-05-24,Completed
108940,4659,2025-05-30,Completed
108941,4659,2025-05-30,Completed
108942,4659,2025-05-31,Completed
108943,4659,2025-05-31,Completed
108944,4659,2025-07-03,Completed
108945,4659,2025-07-23,Completed
108946,4659,2025-07-29,Completed
108947,4659,2025-07-31,Cancelled
108948,4659,2025-08-17,Completed
108949,4659,2025-08-24,Completed
108950,4659,2025-09-18,Completed
108951,4659,2025-09-24,Completed
108952,4659,2025-10-01,Completed
108953,4659,2025-10-03,Completed
108954,4659,2025-10-06,Completed
108955,4659,2025-10-14,Returned
108956,4659,2025-11-05,Returned
108957,4659,2025-11-07,Completed
108958,4659,2025-11-09,Completed
108959,4659,2025-11-12,Completed
108960,4659,2025-11-14,Completed
108961,4659,2025-12-16,Completed
108962,4964,2024-11-04,Completed
108963,3607,2024-11-04,Completed
108964,3607,2025-01-30,Cancelled
108965,4978,2024-11-04,Completed
108966,5994,2024-11-04,Completed
108967,5994,2025-02-18,Completed
108968,5994,2025-03-26,Completed
108969,5994,2025-04-14,Completed
108970,2959,2024-11-04,Completed
108971,330,2024-11-04,Completed
108972,330,2024-12-18,Completed
108973,330,2025-04-20,Returned
108974,330,2025-05-10,Returned
108975,330,2025-06-10,Completed
108976,330,2025-08-02,Completed
108977,330,2025-09-08,Completed
108978,330,2025-10-09,Completed
108979,330,2025-11-19,Completed
108980,330,2025-12-18,Completed
108981,1212,2024-11-04,Completed
108982,1212,2025-02-03,Completed
108983,1212,2025-03-08,Returned
108984,1212,2025-04-16,Returned
108985,1212,2025-06-21,Completed
108986,1212,2025-07-29,Completed
108987,1212,2025-08-25,Completed
108988,1212,2025-11-14,Returned
108989,8681,2024-11-04,Completed
108990,2257,2024-11-04,Cancelled
108991,2257,2024-12-01,Completed
108992,11855,2024-11-04,Completed
108993,3147,2024-11-04,Completed
108994,3147,2025-01-12,Cancelled
108995,3147,2025-03-17,Completed
108996,3147,2025-05-01,Completed
108997,3147,2025-07-09,Completed
108998,3147,2025-09-16,Completed
108999,3147,2025-10-14,Completed
109000,3147,2025-11-11,Cancelled
109001,10902,2024-11-04,Completed
109002,471,2024-11-04,Cancelled
109003,4405,2024-11-04,Completed
109004,494,2024-11-04,Completed
109005,9174,2024-11-04,Completed
109006,9959,2024-11-04,Completed
109007,7739,2024-11-04,Completed
109008,7739,2024-12-22,Completed
109009,7679,2024-11-05,Completed
109010,8853,2024-11-05,Completed
109011,581,2024-11-05,Completed
109012,5601,2024-11-05,Completed
109013,5601,2024-12-09,Completed
109014,2366,2024-11-05,Completed
109015,3534,2024-11-05,Completed
109016,3534,2025-01-09,Completed
109017,6998,2024-11-05,Completed
109018,5431,2024-11-05,Completed
109019,1479,2024-11-05,Completed
109020,18,2024-11-05,Completed
109021,5036,2024-11-05,Completed
109022,5036,2025-01-10,Completed
109023,2930,2024-11-05,Completed
109024,10032,2024-11-05,Returned
109025,9779,2024-11-05,Completed
109026,9779,2025-02-27,Completed
109027,9779,2025-03-19,Completed
109028,493,2024-11-05,Completed
109029,493,2024-12-02,Completed
109030,4544,2024-11-05,Completed
109031,4544,2024-12-11,Completed
109032,1172,2024-11-05,Completed
109033,1044,2024-11-05,Completed
109034,1044,2024-11-30,Completed
109035,4709,2024-11-05,Completed
109036,4709,2024-12-15,Completed
109037,4709,2025-08-19,Completed
109038,4709,2025-10-25,Completed
109039,7551,2024-11-05,Cancelled
109040,7551,2024-12-10,Completed
109041,7551,2025-02-09,Cancelled
109042,3324,2024-11-05,Completed
109043,3324,2025-01-13,Completed
109044,3324,2025-03-22,Completed
109045,1706,2024-11-05,Completed
109046,6755,2024-11-06,Completed
109047,6755,2025-06-23,Completed
109048,4140,2024-11-06,Completed
109049,4140,2025-02-01,Completed
109050,4140,2025-04-30,Completed
109051,4140,2025-09-15,Completed
109052,4890,2024-11-06,Cancelled
109053,4890,2025-01-25,Completed
109054,8002,2024-11-06,Cancelled
109055,8195,2024-11-06,Completed
109056,464,2024-11-06,Completed
109057,4788,2024-11-06,Completed
109058,3312,2024-11-06,Completed
109059,3312,2025-04-16,Completed
109060,7609,2024-11-06,Completed
109061,7609,2025-05-23,Returned
109062,1609,2024-11-06,Completed
109063,4395,2024-11-06,Cancelled
109064,11353,2024-11-06,Returned
109065,4124,2024-11-06,Returned
109066,6593,2024-11-06,Completed
109067,6631,2024-11-06,Returned
109068,6631,2025-01-02,Completed
109069,6631,2025-01-25,Completed
109070,195,2024-11-06,Completed
109071,4309,2024-11-06,Completed
109072,8718,2024-11-06,Completed
109073,203,2024-11-06,Completed
109074,10895,2024-11-06,Completed
109075,10895,2025-01-31,Completed
109076,10895,2025-04-28,Returned
109077,10895,2025-05-26,Returned
109078,10895,2025-06-21,Completed
109079,10895,2025-07-26,Completed
109080,10895,2025-08-14,Completed
109081,10895,2025-11-24,Completed
109082,7676,2024-11-06,Completed
109083,4024,2024-11-06,Returned
109084,1896,2024-11-06,Completed
109085,1896,2025-03-01,Completed
109086,9618,2024-11-06,Completed
109087,8341,2024-11-06,Completed
109088,3909,2024-11-06,Completed
109089,5548,2024-11-06,Returned
109090,1867,2024-11-06,Returned
109091,1867,2024-12-18,Completed
109092,1867,2025-02-12,Completed
109093,1867,2025-03-10,Completed
109094,1867,2025-03-25,Completed
109095,1867,2025-04-22,Completed
109096,1867,2025-07-12,Completed
109097,1867,2025-10-28,Completed
109098,8326,2024-11-07,Completed
109099,8326,2025-01-10,Completed
109100,7135,2024-11-07,Completed
109101,8131,2024-11-07,Completed
109102,4639,2024-11-07,Completed
109103,8235,2024-11-07,Completed
109104,8235,2025-01-29,Completed
109105,7950,2024-11-07,Completed
109106,1066,2024-11-07,Completed
109107,1066,2024-12-05,Returned
109108,4772,2024-11-07,Cancelled
109109,6847,2024-11-07,Returned
109110,9241,2024-11-07,Completed
109111,6200,2024-11-07,Completed
109112,10099,2024-11-07,Completed
109113,6754,2024-11-07,Completed
109114,6754,2024-12-11,Completed
109115,6754,2025-01-31,Completed
109116,6754,2025-06-27,Completed
109117,6754,2025-07-25,Returned
109118,9507,2024-11-07,Completed
109119,1017,2024-11-07,Completed
109120,4351,2024-11-07,Completed
109121,2074,2024-11-07,Completed
109122,2074,2025-03-06,Completed
109123,2074,2025-03-29,Completed
109124,2074,2025-07-21,Completed
109125,2074,2025-08-17,Completed
109126,2074,2025-09-17,Completed
109127,2074,2025-12-06,Completed
109128,9910,2024-11-07,Completed
109129,9910,2025-03-09,Returned
109130,9910,2025-04-28,Completed
109131,9910,2025-07-12,Completed
109132,9910,2025-09-15,Completed
109133,9910,2025-10-16,Completed
109134,5016,2024-11-07,Completed
109135,5016,2025-03-29,Completed
109136,5016,2025-04-26,Completed
109137,1753,2024-11-07,Completed
109138,1753,2024-12-07,Completed
109139,1753,2025-02-16,Completed
109140,1753,2025-04-14,Completed
109141,1753,2025-05-24,Completed
109142,1753,2025-08-30,Cancelled
109143,1753,2025-12-02,Completed
109144,1753,2025-12-22,Completed
109145,755,2024-11-07,Returned
109146,755,2025-01-12,Completed
109147,755,2025-06-16,Completed
109148,755,2025-07-22,Completed
109149,755,2025-08-17,Completed
109150,755,2025-09-11,Returned
109151,7662,2024-11-07,Completed
109152,2643,2024-11-07,Completed
109153,2341,2024-11-07,Cancelled
109154,2341,2025-02-04,Completed
109155,2341,2025-04-08,Completed
109156,2341,2025-05-14,Completed
109157,2341,2025-06-21,Completed
109158,2341,2025-07-20,Completed
109159,2341,2025-09-05,Completed
109160,2341,2025-11-30,Completed
109161,10059,2024-11-07,Returned
109162,10059,2024-12-08,Completed
109163,10059,2025-03-11,Completed
109164,11217,2024-11-07,Completed
109165,64,2024-11-07,Cancelled
109166,64,2024-12-05,Returned
109167,64,2024-12-24,Completed
109168,9830,2024-11-07,Completed
109169,3798,2024-11-08,Completed
109170,3798,2024-12-01,Completed
109171,1119,2024-11-08,Completed
109172,1119,2024-12-19,Completed
109173,1119,2025-02-08,Completed
109174,1119,2025-03-26,Cancelled
109175,1119,2025-06-25,Completed
109176,3282,2024-11-08,Completed
109177,8414,2024-11-08,Completed
109178,8414,2024-12-07,Completed
109179,8414,2024-12-27,Returned
109180,2421,2024-11-08,Completed
109181,5552,2024-11-08,Completed
109182,5552,2025-02-14,Completed
109183,8535,2024-11-08,Completed
109184,4508,2024-11-08,Completed
109185,4487,2024-11-08,Completed
109186,5118,2024-11-08,Completed
109187,5118,2024-12-04,Completed
109188,5361,2024-11-08,Completed
109189,4926,2024-11-08,Completed
109190,11274,2024-11-08,Completed
109191,11274,2024-12-04,Completed
109192,11274,2025-01-01,Completed
109193,8472,2024-11-08,Completed
109194,8472,2025-05-18,Completed
109195,9125,2024-11-08,Completed
109196,7565,2024-11-08,Completed
109197,7565,2024-12-10,Completed
109198,7565,2025-01-06,Completed
109199,7565,2025-08-16,Completed
109200,7565,2025-10-04,Completed
109201,7565,2025-12-21,Completed
109202,1886,2024-11-08,Completed
109203,1886,2024-12-11,Completed
109204,2287,2024-11-09,Completed
109205,10225,2024-11-09,Completed
109206,1389,2024-11-09,Completed
109207,1389,2024-12-13,Completed
109208,1389,2025-01-05,Completed
109209,8264,2024-11-09,Completed
109210,8264,2024-12-02,Completed
109211,9491,2024-11-09,Completed
109212,9491,2024-12-13,Completed
109213,8838,2024-11-09,Completed
109214,3268,2024-11-09,Completed
109215,3268,2025-02-07,Completed
109216,3268,2025-03-15,Completed
109217,3268,2025-05-13,Returned
109218,3268,2025-06-07,Completed
109219,4477,2024-11-09,Cancelled
109220,4477,2024-12-04,Completed
109221,8050,2024-11-09,Completed
109222,7700,2024-11-09,Completed
109223,7700,2025-03-13,Completed
109224,7700,2025-04-12,Cancelled
109225,7700,2025-05-13,Completed
109226,8793,2024-11-09,Completed
109227,10336,2024-11-09,Completed
109228,1417,2024-11-09,Completed
109229,10111,2024-11-09,Returned
109230,9708,2024-11-09,Returned
109231,9708,2024-12-12,Completed
109232,9708,2024-12-29,Completed
109233,1944,2024-11-09,Completed
109234,1944,2024-12-25,Completed
109235,1944,2025-04-03,Completed
109236,1386,2024-11-09,Completed
109237,1386,2024-12-13,Completed
109238,1386,2025-01-15,Completed
109239,1386,2025-04-09,Completed
109240,8175,2024-11-09,Completed
109241,8175,2025-03-24,Completed
109242,3430,2024-11-09,Completed
109243,8858,2024-11-09,Returned
109244,9891,2024-11-09,Completed
109245,9891,2024-12-04,Completed
109246,9891,2025-01-10,Completed
109247,2666,2024-11-10,Cancelled
109248,2666,2025-05-10,Completed
109249,7101,2024-11-10,Completed
109250,3301,2024-11-10,Completed
109251,3301,2024-12-12,Completed
109252,3301,2025-02-03,Completed
109253,3434,2024-11-10,Completed
109254,3434,2025-01-04,Completed
109255,11815,2024-11-10,Completed
109256,8944,2024-11-10,Completed
109257,1245,2024-11-10,Completed
109258,1245,2025-01-15,Completed
109259,10619,2024-11-10,Cancelled
109260,10619,2025-01-19,Completed
109261,10619,2025-02-13,Completed
109262,10619,2025-06-02,Completed
109263,10619,2025-08-07,Completed
109264,8511,2024-11-10,Completed
109265,8511,2024-12-07,Completed
109266,3588,2024-11-10,Cancelled
109267,7658,2024-11-10,Completed
109268,7658,2025-02-07,Completed
109269,7658,2025-05-05,Completed
109270,146,2024-11-10,Returned
109271,10116,2024-11-10,Completed
109272,10116,2025-04-05,Returned
109273,10116,2025-09-15,Cancelled
109274,10116,2025-10-25,Completed
109275,10116,2025-11-27,Cancelled
109276,10414,2024-11-10,Completed
109277,10414,2024-12-19,Returned
109278,10414,2025-03-19,Completed
109279,10414,2025-05-18,Completed
109280,10414,2025-08-06,Completed
109281,10414,2025-08-26,Completed
109282,10414,2025-10-16,Returned
109283,4757,2024-11-10,Completed
109284,4514,2024-11-10,Completed
109285,4514,2025-02-05,Completed
109286,11421,2024-11-10,Completed
109287,5827,2024-11-10,Completed
109288,5765,2024-11-10,Returned
109289,3527,2024-11-10,Completed
109290,8071,2024-11-10,Returned
109291,4201,2024-11-10,Completed
109292,4201,2025-01-09,Returned
109293,4201,2025-03-06,Completed
109294,4201,2025-04-05,Completed
109295,4201,2025-06-28,Completed
109296,4201,2025-09-12,Cancelled
109297,11835,2024-11-10,Completed
109298,11835,2025-02-13,Completed
109299,11835,2025-07-31,Completed
109300,11835,2025-09-18,Completed
109301,11057,2024-11-10,Completed
109302,11057,2025-01-29,Completed
109303,11057,2025-04-16,Completed
109304,11057,2025-07-25,Completed
109305,5958,2024-11-10,Completed
109306,7371,2024-11-10,Completed
109307,7371,2025-01-02,Completed
109308,7371,2025-01-28,Returned
109309,7371,2025-04-26,Completed
109310,7371,2025-06-27,Completed
109311,7371,2025-07-31,Completed
109312,7371,2025-08-31,Completed
109313,887,2024-11-10,Completed
109314,11322,2024-11-10,Completed
109315,11322,2025-02-19,Completed
109316,3095,2024-11-10,Completed
109317,3095,2024-12-14,Completed
109318,3095,2025-04-19,Completed
109319,3095,2025-05-28,Completed
109320,1688,2024-11-11,Completed
109321,1688,2025-03-20,Completed
109322,1688,2025-04-29,Completed
109323,1688,2025-08-05,Completed
109324,7084,2024-11-11,Completed
109325,10883,2024-11-11,Completed
109326,6539,2024-11-11,Returned
109327,3265,2024-11-11,Cancelled
109328,3265,2025-06-20,Completed
109329,3265,2025-08-06,Completed
109330,3265,2025-10-08,Completed
109331,3265,2025-11-06,Completed
109332,3265,2025-12-13,Completed
109333,3380,2024-11-11,Completed
109334,2885,2024-11-11,Completed
109335,2885,2025-05-15,Completed
109336,2885,2025-08-06,Completed
109337,2885,2025-10-06,Completed
109338,2885,2025-10-30,Completed
109339,4394,2024-11-11,Completed
109340,4394,2025-01-10,Completed
109341,9301,2024-11-11,Returned
109342,11801,2024-11-11,Completed
109343,11801,2025-01-17,Completed
109344,11801,2025-04-11,Completed
109345,11801,2025-05-26,Returned
109346,11801,2025-07-16,Returned
109347,11801,2025-12-10,Completed
109348,1771,2024-11-11,Completed
109349,1771,2024-12-11,Completed
109350,1771,2025-01-03,Completed
109351,1771,2025-02-10,Completed
109352,1771,2025-02-28,Completed
109353,1771,2025-06-01,Completed
109354,1771,2025-10-12,Cancelled
109355,1771,2025-11-14,Completed
109356,1771,2025-12-03,Completed
109357,10013,2024-11-11,Completed
109358,10013,2024-12-10,Returned
109359,5352,2024-11-11,Completed
109360,7649,2024-11-11,Completed
109361,7649,2024-12-12,Cancelled
109362,8423,2024-11-11,Completed
109363,11834,2024-11-11,Completed
109364,11834,2024-12-10,Completed
109365,10440,2024-11-11,Completed
109366,10440,2025-04-02,Cancelled
109367,10440,2025-06-26,Completed
109368,10440,2025-08-22,Completed
109369,10440,2025-09-26,Returned
109370,10440,2025-10-25,Completed
109371,9016,2024-11-11,Completed
109372,1741,2024-11-11,Completed
109373,1741,2024-12-03,Completed
109374,1741,2024-12-09,Completed
109375,1741,2024-12-11,Returned
109376,1741,2024-12-20,Completed
109377,1741,2024-12-24,Returned
109378,1741,2025-01-01,Completed
109379,1741,2025-01-15,Completed
109380,1741,2025-01-21,Completed
109381,1741,2025-02-24,Completed
109382,1741,2025-02-26,Completed
109383,1741,2025-03-07,Completed
109384,1741,2025-03-11,Completed
109385,1741,2025-03-26,Completed
109386,1741,2025-04-10,Completed
109387,1741,2025-04-15,Completed
109388,1741,2025-04-17,Completed
109389,1741,2025-04-23,Completed
109390,1741,2025-05-02,Completed
109391,1741,2025-05-17,Completed
109392,1741,2025-05-20,Completed
109393,1741,2025-05-29,Returned
109394,1741,2025-06-17,Completed
109395,1741,2025-07-14,Completed
109396,1741,2025-07-19,Completed
109397,1741,2025-07-27,Completed
109398,1741,2025-07-29,Completed
109399,1741,2025-07-30,Completed
109400,1741,2025-08-06,Completed
109401,1741,2025-08-14,Completed
109402,1741,2025-08-18,Completed
109403,1741,2025-09-11,Completed
109404,1741,2025-10-21,Completed
109405,1741,2025-10-22,Returned
109406,1741,2025-10-23,Completed
109407,1741,2025-10-30,Completed
109408,1741,2025-11-01,Returned
109409,1741,2025-11-08,Completed
109410,1741,2025-11-22,Completed
109411,1741,2025-11-27,Completed
109412,1741,2025-12-03,Completed
109413,1741,2025-12-08,Completed
109414,1741,2025-12-08,Cancelled
109415,1741,2025-12-09,Completed
109416,1741,2025-12-20,Completed
109417,1741,2025-12-26,Completed
109418,7627,2024-11-11,Returned
109419,8986,2024-11-11,Completed
109420,941,2024-11-11,Returned
109421,4942,2024-11-11,Completed
109422,4942,2024-12-29,Completed
109423,7103,2024-11-11,Completed
109424,7103,2024-12-21,Completed
109425,3310,2024-11-12,Completed
109426,3310,2024-12-30,Completed
109427,5849,2024-11-12,Cancelled
109428,5849,2025-03-11,Cancelled
109429,5849,2025-04-16,Completed
109430,5873,2024-11-12,Completed
109431,10197,2024-11-12,Completed
109432,445,2024-11-12,Completed
109433,9579,2024-11-12,Completed
109434,9579,2025-03-14,Completed
109435,9579,2025-04-11,Completed
109436,9579,2025-05-08,Completed
109437,9579,2025-12-15,Completed
109438,5187,2024-11-12,Completed
109439,2482,2024-11-12,Completed
109440,2482,2024-12-22,Returned
109441,2482,2025-01-23,Completed
109442,1378,2024-11-12,Cancelled
109443,7672,2024-11-12,Completed
109444,1115,2024-11-12,Completed
109445,4046,2024-11-12,Cancelled
109446,4046,2024-12-12,Completed
109447,2723,2024-11-12,Completed
109448,862,2024-11-12,Completed
109449,862,2024-12-12,Completed
109450,862,2025-04-23,Completed
109451,862,2025-05-26,Completed
109452,862,2025-08-21,Completed
109453,862,2025-09-27,Completed
109454,5466,2024-11-12,Completed
109455,5466,2024-12-22,Completed
109456,5466,2025-04-19,Completed
109457,8116,2024-11-12,Completed
109458,11695,2024-11-12,Completed
109459,11695,2024-12-08,Completed
109460,6122,2024-11-12,Completed
109461,9029,2024-11-12,Completed
109462,8338,2024-11-12,Completed
109463,8338,2024-11-27,Completed
109464,8338,2025-01-31,Completed
109465,8338,2025-03-07,Completed
109466,8338,2025-03-31,Returned
109467,8338,2025-10-10,Completed
109468,6773,2024-11-12,Completed
109469,11222,2024-11-13,Completed
109470,10451,2024-11-13,Cancelled
109471,10451,2024-12-06,Completed
109472,10451,2025-05-31,Completed
109473,6840,2024-11-13,Returned
109474,3062,2024-11-13,Completed
109475,6566,2024-11-13,Completed
109476,6566,2025-03-29,Completed
109477,4253,2024-11-13,Completed
109478,1055,2024-11-13,Completed
109479,11939,2024-11-13,Completed
109480,4329,2024-11-13,Completed
109481,4329,2024-12-06,Completed
109482,4329,2024-12-28,Completed
109483,5047,2024-11-13,Completed
109484,5047,2025-01-13,Completed
109485,5047,2025-02-12,Completed
109486,5047,2025-03-07,Completed
109487,7229,2024-11-13,Completed
109488,5691,2024-11-13,Completed
109489,4012,2024-11-13,Completed
109490,10556,2024-11-13,Completed
109491,10556,2024-12-26,Completed
109492,11112,2024-11-13,Completed
109493,11112,2025-03-26,Completed
109494,11112,2025-04-19,Returned
109495,10989,2024-11-13,Completed
109496,10989,2025-01-20,Completed
109497,10989,2025-03-27,Completed
109498,10989,2025-04-30,Cancelled
109499,10989,2025-07-10,Completed
109500,10989,2025-07-25,Cancelled
109501,10989,2025-10-17,Completed
109502,10989,2025-11-30,Completed
109503,9405,2024-11-13,Completed
109504,588,2024-11-13,Completed
109505,588,2024-12-16,Completed
109506,1415,2024-11-13,Completed
109507,9146,2024-11-13,Returned
109508,4162,2024-11-13,Cancelled
109509,6463,2024-11-13,Completed
109510,6463,2024-12-12,Returned
109511,11940,2024-11-13,Completed
109512,8214,2024-11-14,Completed
109513,8214,2025-03-08,Completed
109514,8214,2025-03-29,Completed
109515,8214,2025-04-28,Completed
109516,8214,2025-06-22,Cancelled
109517,8214,2025-09-25,Completed
109518,85,2024-11-14,Returned
109519,9452,2024-11-14,Completed
109520,9452,2025-01-09,Completed
109521,9452,2025-06-08,Completed
109522,2687,2024-11-14,Returned
109523,2944,2024-11-14,Completed
109524,2944,2025-01-10,Completed
109525,2944,2025-02-15,Completed
109526,2944,2025-05-15,Completed
109527,2944,2025-06-14,Completed
109528,2944,2025-08-22,Completed
109529,10947,2024-11-14,Completed
109530,3556,2024-11-14,Completed
109531,4155,2024-11-14,Returned
109532,5251,2024-11-14,Completed
109533,5251,2024-12-27,Completed
109534,5251,2025-07-29,Completed
109535,5251,2025-09-19,Completed
109536,5251,2025-11-08,Completed
109537,5251,2025-12-17,Completed
109538,5527,2024-11-14,Completed
109539,5527,2024-12-03,Completed
109540,5527,2025-01-12,Completed
109541,5527,2025-06-02,Completed
109542,5527,2025-07-25,Completed
109543,5527,2025-08-24,Completed
109544,6421,2024-11-14,Completed
109545,3071,2024-11-14,Returned
109546,6466,2024-11-14,Completed
109547,6466,2025-01-18,Completed
109548,6466,2025-04-21,Completed
109549,6466,2025-06-14,Cancelled
109550,5396,2024-11-14,Completed
109551,5286,2024-11-14,Completed
109552,5286,2025-01-13,Completed
109553,1375,2024-11-14,Completed
109554,6731,2024-11-14,Completed
109555,6731,2025-07-08,Completed
109556,1831,2024-11-14,Completed
109557,1831,2024-12-14,Completed
109558,8980,2024-11-14,Completed
109559,10566,2024-11-14,Completed
109560,10566,2024-12-16,Completed
109561,10566,2025-03-20,Completed
109562,10566,2025-05-12,Completed
109563,10566,2025-07-02,Returned
109564,9651,2024-11-14,Completed
109565,10473,2024-11-14,Completed
109566,10473,2025-07-06,Completed
109567,10473,2025-08-06,Completed
109568,10473,2025-09-24,Completed
109569,10473,2025-12-27,Completed
109570,9656,2024-11-14,Completed
109571,3526,2024-11-15,Completed
109572,3978,2024-11-15,Completed
109573,3978,2025-01-01,Completed
109574,3978,2025-01-31,Completed
109575,5735,2024-11-15,Completed
109576,6128,2024-11-15,Completed
109577,5577,2024-11-15,Completed
109578,5577,2024-12-19,Completed
109579,5577,2025-01-22,Completed
109580,11476,2024-11-15,Completed
109581,1038,2024-11-15,Completed
109582,1984,2024-11-15,Completed
109583,1984,2025-02-09,Completed
109584,1984,2025-03-14,Completed
109585,9059,2024-11-15,Completed
109586,9059,2024-12-15,Completed
109587,9401,2024-11-15,Completed
109588,9401,2024-12-20,Cancelled
109589,9401,2025-02-10,Completed
109590,4505,2024-11-15,Completed
109591,4505,2025-01-21,Completed
109592,4505,2025-03-02,Completed
109593,4505,2025-05-28,Completed
109594,4505,2025-08-02,Completed
109595,4505,2025-10-12,Completed
109596,11863,2024-11-15,Cancelled
109597,11863,2025-01-11,Completed
109598,11863,2025-03-05,Cancelled
109599,11863,2025-04-08,Returned
109600,4713,2024-11-15,Completed
109601,7445,2024-11-15,Completed
109602,7445,2025-03-01,Completed
109603,8513,2024-11-15,Completed
109604,8513,2025-01-23,Completed
109605,8513,2025-05-24,Completed
109606,8513,2025-07-28,Completed
109607,8513,2025-09-02,Completed
109608,8513,2025-11-06,Completed
109609,952,2024-11-15,Completed
109610,5869,2024-11-15,Cancelled
109611,4111,2024-11-15,Completed
109612,4111,2025-01-26,Completed
109613,3156,2024-11-15,Completed
109614,4778,2024-11-15,Completed
109615,4778,2025-04-17,Completed
109616,4778,2025-05-25,Completed
109617,4778,2025-07-25,Returned
109618,4778,2025-09-17,Completed
109619,4778,2025-10-13,Cancelled
109620,4778,2025-11-21,Completed
109621,4778,2025-12-19,Completed
109622,7731,2024-11-15,Completed
109623,7731,2024-12-03,Completed
109624,7720,2024-11-15,Completed
109625,7720,2024-12-06,Completed
109626,7720,2025-02-14,Completed
109627,7720,2025-06-03,Completed
109628,7720,2025-08-11,Completed
109629,7720,2025-09-09,Completed
109630,7720,2025-10-06,Completed
109631,341,2024-11-15,Completed
109632,341,2024-12-20,Completed
109633,341,2025-01-31,Completed
109634,341,2025-02-13,Completed
109635,341,2025-07-05,Completed
109636,341,2025-08-06,Completed
109637,341,2025-09-04,Returned
109638,341,2025-09-25,Completed
109639,341,2025-11-02,Completed
109640,341,2025-11-19,Completed
109641,6465,2024-11-15,Completed
109642,5707,2024-11-15,Completed
109643,5707,2024-12-20,Completed
109644,10780,2024-11-15,Returned
109645,8573,2024-11-15,Completed
109646,6206,2024-11-15,Completed
109647,8310,2024-11-15,Completed
109648,8310,2025-01-11,Completed
109649,8310,2025-03-09,Completed
109650,8310,2025-04-02,Completed
109651,8310,2025-08-16,Completed
109652,8727,2024-11-15,Completed
109653,8727,2025-02-20,Completed
109654,8727,2025-04-27,Completed
109655,5226,2024-11-15,Completed
109656,5507,2024-11-16,Completed
109657,10739,2024-11-16,Completed
109658,4236,2024-11-16,Completed
109659,7305,2024-11-16,Completed
109660,7305,2025-02-01,Completed
109661,7305,2025-05-05,Completed
109662,7305,2025-10-09,Returned
109663,7305,2025-12-11,Returned
109664,5536,2024-11-16,Completed
109665,361,2024-11-16,Completed
109666,11418,2024-11-16,Completed
109667,11418,2025-01-16,Completed
109668,3408,2024-11-16,Completed
109669,10065,2024-11-16,Completed
109670,10065,2024-12-23,Completed
109671,10065,2025-01-13,Completed
109672,10065,2025-02-24,Completed
109673,10065,2025-06-11,Completed
109674,10065,2025-07-12,Completed
109675,10065,2025-09-01,Completed
109676,10065,2025-09-26,Completed
109677,1477,2024-11-16,Completed
109678,11183,2024-11-16,Completed
109679,10356,2024-11-16,Completed
109680,8932,2024-11-16,Completed
109681,5685,2024-11-16,Completed
109682,6048,2024-11-16,Completed
109683,6048,2025-02-13,Completed
109684,6048,2025-03-07,Cancelled
109685,11401,2024-11-16,Completed
109686,11401,2025-01-19,Cancelled
109687,8073,2024-11-16,Completed
109688,8073,2025-03-24,Completed
109689,8073,2025-07-30,Returned
109690,1626,2024-11-16,Returned
109691,1626,2024-12-21,Completed
109692,2091,2024-11-16,Completed
109693,1116,2024-11-16,Completed
109694,1116,2024-12-14,Completed
109695,1116,2025-03-26,Completed
109696,4433,2024-11-16,Completed
109697,4323,2024-11-17,Completed
109698,4851,2024-11-17,Completed
109699,1272,2024-11-17,Completed
109700,1272,2025-01-20,Cancelled
109701,1272,2025-05-31,Cancelled
109702,1272,2025-06-21,Completed
109703,1272,2025-08-21,Completed
109704,1272,2025-10-15,Completed
109705,1272,2025-11-24,Completed
109706,4866,2024-11-17,Cancelled
109707,4866,2025-05-18,Completed
109708,4866,2025-06-19,Completed
109709,9801,2024-11-17,Returned
109710,9801,2025-01-05,Completed
109711,9801,2025-02-10,Completed
109712,5969,2024-11-17,Cancelled
109713,3405,2024-11-17,Completed
109714,7407,2024-11-17,Completed
109715,3873,2024-11-17,Completed
109716,3873,2025-02-02,Completed
109717,3873,2025-03-18,Completed
109718,3532,2024-11-17,Returned
109719,3532,2025-02-07,Completed
109720,10206,2024-11-17,Completed
109721,10206,2025-01-17,Completed
109722,10444,2024-11-17,Completed
109723,10444,2025-02-04,Completed
109724,10444,2025-03-05,Completed
109725,10444,2025-04-17,Completed
109726,819,2024-11-17,Completed
109727,10768,2024-11-17,Completed
109728,10768,2025-01-16,Completed
109729,1446,2024-11-17,Completed
109730,1446,2025-04-02,Completed
109731,1446,2025-06-14,Completed
109732,1446,2025-07-08,Completed
109733,10265,2024-11-18,Completed
109734,10265,2024-12-24,Completed
109735,1645,2024-11-18,Cancelled
109736,1645,2025-02-12,Completed
109737,1645,2025-06-28,Completed
109738,9880,2024-11-18,Completed
109739,9880,2025-05-26,Completed
109740,9880,2025-06-19,Completed
109741,9880,2025-11-02,Completed
109742,9829,2024-11-18,Completed
109743,9829,2025-01-13,Completed
109744,7441,2024-11-18,Completed
109745,7380,2024-11-18,Completed
109746,7380,2025-01-27,Completed
109747,2833,2024-11-18,Completed
109748,2833,2025-02-20,Completed
109749,1488,2024-11-18,Completed
109750,1488,2024-12-14,Completed
109751,1488,2025-04-25,Completed
109752,1488,2025-06-19,Completed
109753,5848,2024-11-18,Completed
109754,5848,2024-12-05,Completed
109755,5848,2025-01-01,Completed
109756,8075,2024-11-18,Completed
109757,8213,2024-11-18,Completed
109758,8213,2025-03-01,Completed
109759,8213,2025-08-24,Completed
109760,8213,2025-09-15,Completed
109761,10796,2024-11-18,Completed
109762,1411,2024-11-18,Completed
109763,10603,2024-11-18,Cancelled
109764,890,2024-11-18,Completed
109765,11144,2024-11-18,Completed
109766,4912,2024-11-18,Completed
109767,9608,2024-11-18,Completed
109768,9608,2025-04-28,Completed
109769,9608,2025-05-21,Returned
109770,6874,2024-11-18,Completed
109771,6874,2025-01-22,Completed
109772,8370,2024-11-18,Completed
109773,8370,2025-07-05,Completed
109774,8370,2025-08-11,Completed
109775,8370,2025-09-08,Completed
109776,8370,2025-11-09,Completed
109777,8370,2025-11-29,Completed
109778,8370,2025-12-24,Completed
109779,4280,2024-11-18,Completed
109780,4280,2024-12-29,Completed
109781,10467,2024-11-18,Completed
109782,10467,2025-04-13,Completed
109783,10467,2025-05-15,Completed
109784,5580,2024-11-18,Completed
109785,5580,2024-12-12,Completed
109786,8180,2024-11-18,Completed
109787,8180,2025-06-12,Completed
109788,8180,2025-09-15,Completed
109789,8180,2025-11-15,Completed
109790,8312,2024-11-18,Completed
109791,8312,2024-12-22,Completed
109792,8312,2025-01-21,Returned
109793,8312,2025-03-01,Completed
109794,8312,2025-04-12,Completed
109795,5741,2024-11-18,Completed
109796,5741,2025-02-21,Completed
109797,5741,2025-06-08,Completed
109798,5741,2025-07-03,Completed
109799,5741,2025-09-24,Cancelled
109800,9387,2024-11-18,Completed
109801,9387,2024-12-08,Completed
109802,11977,2024-11-19,Completed
109803,11977,2024-12-15,Completed
109804,10809,2024-11-19,Completed
109805,7681,2024-11-19,Completed
109806,7681,2025-01-18,Completed
109807,7681,2025-03-19,Completed
109808,7681,2025-04-26,Completed
109809,7681,2025-07-13,Completed
109810,7681,2025-11-15,Cancelled
109811,3845,2024-11-19,Completed
109812,3845,2024-12-22,Completed
109813,3845,2025-03-16,Completed
109814,3845,2025-04-23,Completed
109815,3845,2025-05-29,Completed
109816,3845,2025-08-03,Completed
109817,3845,2025-09-03,Returned
109818,7522,2024-11-19,Completed
109819,11249,2024-11-19,Completed
109820,11249,2025-05-24,Completed
109821,2718,2024-11-19,Completed
109822,3055,2024-11-19,Completed
109823,4208,2024-11-19,Returned
109824,11204,2024-11-19,Completed
109825,6853,2024-11-19,Completed
109826,6853,2025-01-20,Returned
109827,6846,2024-11-19,Completed
109828,3248,2024-11-19,Completed
109829,10517,2024-11-19,Completed
109830,10517,2024-12-17,Returned
109831,7911,2024-11-19,Completed
109832,3339,2024-11-19,Completed
109833,3620,2024-11-19,Completed
109834,8735,2024-11-19,Completed
109835,8735,2025-01-31,Completed
109836,8735,2025-02-16,Completed
109837,7328,2024-11-19,Completed
109838,7328,2025-05-04,Completed
109839,3438,2024-11-19,Completed
109840,2529,2024-11-19,Completed
109841,3461,2024-11-19,Returned
109842,738,2024-11-19,Completed
109843,738,2025-01-16,Completed
109844,738,2025-03-10,Completed
109845,738,2025-04-01,Completed
109846,2925,2024-11-19,Completed
109847,2925,2024-12-11,Completed
109848,958,2024-11-19,Completed
109849,3409,2024-11-19,Completed
109850,3409,2025-02-01,Completed
109851,3409,2025-03-21,Completed
109852,3409,2025-08-03,Completed
109853,3409,2025-09-25,Completed
109854,965,2024-11-20,Completed
109855,965,2024-12-25,Completed
109856,965,2025-01-16,Completed
109857,3599,2024-11-20,Completed
109858,3599,2024-12-16,Completed
109859,10641,2024-11-20,Completed
109860,9849,2024-11-20,Completed
109861,1147,2024-11-20,Completed
109862,1147,2024-12-14,Completed
109863,1775,2024-11-20,Completed
109864,1775,2025-05-06,Returned
109865,1775,2025-05-19,Completed
109866,8130,2024-11-20,Completed
109867,8130,2025-02-10,Completed
109868,2563,2024-11-20,Cancelled
109869,8914,2024-11-20,Completed
109870,8914,2024-12-31,Completed
109871,8914,2025-02-23,Completed
109872,8914,2025-05-04,Completed
109873,8914,2025-07-04,Completed
109874,8914,2025-09-05,Completed
109875,8914,2025-10-22,Completed
109876,3807,2024-11-20,Completed
109877,3807,2024-12-13,Completed
109878,3807,2025-01-17,Completed
109879,3807,2025-02-16,Completed
109880,1262,2024-11-20,Completed
109881,1262,2024-12-23,Completed
109882,1262,2025-02-03,Returned
109883,1262,2025-05-22,Completed
109884,1262,2025-06-17,Completed
109885,1262,2025-11-08,Returned
109886,8529,2024-11-20,Completed
109887,9152,2024-11-20,Completed
109888,9152,2025-05-09,Completed
109889,9152,2025-07-02,Completed
109890,9152,2025-07-30,Completed
109891,9152,2025-08-27,Returned
109892,9152,2025-10-31,Completed
109893,9152,2025-12-05,Completed
109894,9929,2024-11-20,Completed
109895,9929,2025-02-25,Cancelled
109896,9929,2025-06-23,Completed
109897,9929,2025-07-21,Completed
109898,11090,2024-11-20,Cancelled
109899,922,2024-11-20,Completed
109900,922,2025-02-19,Completed
109901,922,2025-04-24,Completed
109902,922,2025-07-06,Completed
109903,922,2025-09-04,Completed
109904,922,2025-09-26,Completed
109905,9256,2024-11-20,Completed
109906,2975,2024-11-20,Returned
109907,2975,2024-12-11,Completed
109908,2975,2025-01-05,Completed
109909,831,2024-11-20,Completed
109910,831,2025-04-02,Completed
109911,831,2025-05-21,Returned
109912,831,2025-07-02,Completed
109913,4927,2024-11-20,Completed
109914,4927,2025-03-04,Completed
109915,6071,2024-11-20,Completed
109916,6071,2024-12-16,Completed
109917,6071,2025-01-05,Completed
109918,6071,2025-02-17,Completed
109919,6071,2025-03-18,Completed
109920,6071,2025-04-07,Completed
109921,6071,2025-05-03,Completed
109922,3818,2024-11-20,Completed
109923,11957,2024-11-21,Completed
109924,11957,2024-12-19,Completed
109925,2946,2024-11-21,Completed
109926,2946,2025-01-01,Completed
109927,2946,2025-02-03,Completed
109928,2946,2025-05-20,Completed
109929,2946,2025-06-04,Completed
109930,2946,2025-07-13,Completed
109931,2946,2025-11-09,Completed
109932,6152,2024-11-21,Completed
109933,6152,2024-12-22,Completed
109934,6152,2025-02-18,Completed
109935,6152,2025-03-17,Completed
109936,6152,2025-07-30,Completed
109937,6152,2025-09-16,Completed
109938,6152,2025-10-19,Completed
109939,6152,2025-12-20,Completed
109940,10180,2024-11-21,Completed
109941,10180,2025-01-28,Completed
109942,1127,2024-11-21,Completed
109943,2760,2024-11-21,Completed
109944,5399,2024-11-21,Completed
109945,9754,2024-11-21,Completed
109946,8443,2024-11-21,Cancelled
109947,3951,2024-11-21,Completed
109948,3951,2025-01-05,Completed
109949,5957,2024-11-21,Completed
109950,1781,2024-11-21,Completed
109951,2505,2024-11-21,Completed
109952,2505,2025-01-17,Completed
109953,5273,2024-11-21,Completed
109954,5273,2025-06-19,Completed
109955,6804,2024-11-21,Completed
109956,8611,2024-11-21,Completed
109957,8611,2025-02-09,Completed
109958,8611,2025-04-16,Returned
109959,8611,2025-06-22,Completed
109960,8611,2025-08-15,Completed
109961,8611,2025-12-18,Completed
109962,3346,2024-11-21,Completed
109963,9979,2024-11-21,Completed
109964,10342,2024-11-21,Completed
109965,878,2024-11-21,Completed
109966,11932,2024-11-21,Completed
109967,11209,2024-11-22,Completed
109968,11209,2024-12-14,Completed
109969,11209,2025-03-14,Completed
109970,9494,2024-11-22,Returned
109971,7732,2024-11-22,Completed
109972,7732,2025-02-25,Completed
109973,7732,2025-06-20,Completed
109974,11033,2024-11-22,Returned
109975,5761,2024-11-22,Returned
109976,11374,2024-11-22,Cancelled
109977,11374,2025-02-04,Completed
109978,11374,2025-04-02,Completed
109979,11374,2025-05-29,Completed
109980,11374,2025-07-23,Completed
109981,11374,2025-10-24,Completed
109982,690,2024-11-22,Completed
109983,1793,2024-11-22,Completed
109984,8823,2024-11-22,Completed
109985,8823,2024-12-18,Returned
109986,8823,2025-01-15,Completed
109987,8823,2025-03-23,Completed
109988,7831,2024-11-22,Completed
109989,5094,2024-11-22,Completed
109990,4168,2024-11-22,Completed
109991,2021,2024-11-22,Completed
109992,2021,2024-12-12,Completed
109993,6269,2024-11-22,Completed
109994,6269,2025-02-21,Completed
109995,3448,2024-11-22,Returned
109996,3448,2024-12-08,Completed
109997,6035,2024-11-22,Completed
109998,6293,2024-11-22,Completed
109999,11101,2024-11-22,Completed
110000,11101,2025-07-21,Completed
110001,11101,2025-08-16,Completed
110002,4198,2024-11-22,Completed
110003,8127,2024-11-22,Completed
110004,4953,2024-11-22,Completed
110005,1561,2024-11-22,Completed
110006,1561,2025-01-12,Completed
110007,1561,2025-04-10,Completed
110008,1561,2025-05-22,Completed
110009,1561,2025-06-06,Completed
110010,1561,2025-07-09,Completed
110011,1561,2025-11-05,Completed
110012,10676,2024-11-22,Completed
110013,7170,2024-11-23,Completed
110014,7170,2024-12-22,Completed
110015,9620,2024-11-23,Returned
110016,9620,2025-05-01,Returned
110017,7523,2024-11-23,Completed
110018,7523,2024-12-13,Completed
110019,10942,2024-11-23,Completed
110020,10942,2025-02-16,Completed
110021,8168,2024-11-23,Returned
110022,5177,2024-11-23,Completed
110023,8301,2024-11-23,Completed
110024,8666,2024-11-23,Completed
110025,9710,2024-11-23,Completed
110026,9710,2025-01-11,Returned
110027,9710,2025-03-06,Completed
110028,9710,2025-04-10,Completed
110029,9710,2025-06-25,Completed
110030,5125,2024-11-23,Returned
110031,5125,2025-01-19,Completed
110032,5125,2025-02-21,Completed
110033,5125,2025-09-24,Returned
110034,5125,2025-11-29,Completed
110035,1368,2024-11-23,Completed
110036,9636,2024-11-23,Completed
110037,9636,2025-03-17,Completed
110038,9636,2025-04-16,Completed
110039,4960,2024-11-23,Completed
110040,4960,2025-02-16,Cancelled
110041,4960,2025-03-07,Completed
110042,4960,2025-09-14,Completed
110043,6515,2024-11-23,Completed
110044,6515,2024-12-24,Completed
110045,6515,2025-02-03,Returned
110046,6658,2024-11-23,Completed
110047,6658,2025-03-21,Completed
110048,6658,2025-06-05,Completed
110049,6658,2025-07-12,Completed
110050,7202,2024-11-23,Completed
110051,7202,2025-01-11,Completed
110052,7202,2025-02-15,Cancelled
110053,7202,2025-07-15,Completed
110054,7202,2025-11-06,Returned
110055,1021,2024-11-23,Completed
110056,283,2024-11-23,Completed
110057,283,2025-01-13,Completed
110058,283,2025-04-22,Completed
110059,283,2025-06-20,Returned
110060,283,2025-09-08,Returned
110061,283,2025-10-09,Returned
110062,283,2025-12-04,Completed
110063,9037,2024-11-23,Completed
110064,9037,2025-03-03,Cancelled
110065,9037,2025-03-30,Completed
110066,9037,2025-10-31,Completed
110067,9037,2025-11-29,Cancelled
110068,9037,2025-12-30,Returned
110069,4407,2024-11-23,Completed
110070,11890,2024-11-23,Completed
110071,11890,2024-12-20,Completed
110072,11890,2025-03-21,Completed
110073,11890,2025-05-29,Returned
110074,11890,2025-07-30,Completed
110075,11890,2025-09-04,Cancelled
110076,11890,2025-09-29,Returned
110077,2747,2024-11-23,Completed
110078,2977,2024-11-23,Completed
110079,2977,2025-01-23,Completed
110080,2977,2025-02-09,Completed
110081,11874,2024-11-23,Completed
110082,11931,2024-11-23,Completed
110083,2532,2024-11-23,Completed
110084,2532,2025-05-15,Completed
110085,2532,2025-07-03,Completed
110086,8895,2024-11-23,Completed
110087,8895,2025-01-27,Completed
110088,8895,2025-03-01,Completed
110089,2589,2024-11-23,Completed
110090,2589,2024-12-13,Completed
110091,11967,2024-11-23,Completed
110092,11967,2025-03-21,Completed
110093,11967,2025-06-10,Cancelled
110094,11967,2025-07-06,Completed
110095,11967,2025-10-10,Completed
110096,11967,2025-11-14,Completed
110097,11967,2025-12-09,Completed
110098,9026,2024-11-23,Completed
110099,9026,2025-01-14,Completed
110100,9026,2025-02-04,Returned
110101,11574,2024-11-23,Completed
110102,8348,2024-11-24,Completed
110103,3881,2024-11-24,Completed
110104,3881,2024-12-20,Completed
110105,3881,2025-02-18,Completed
110106,8388,2024-11-24,Completed
110107,8388,2025-01-20,Completed
110108,8388,2025-03-22,Completed
110109,7974,2024-11-24,Completed
110110,10507,2024-11-24,Completed
110111,10507,2024-12-28,Returned
110112,10507,2025-01-31,Completed
110113,10507,2025-06-07,Completed
110114,10507,2025-08-12,Completed
110115,5222,2024-11-24,Completed
110116,5222,2025-01-02,Completed
110117,3760,2024-11-24,Completed
110118,3583,2024-11-24,Completed
110119,3583,2024-12-15,Cancelled
110120,3583,2025-07-15,Completed
110121,3583,2025-10-25,Completed
110122,3583,2025-12-16,Completed
110123,2335,2024-11-24,Completed
110124,9362,2024-11-24,Completed
110125,9362,2024-12-30,Completed
110126,10724,2024-11-24,Completed
110127,7223,2024-11-24,Completed
110128,11966,2024-11-24,Completed
110129,2258,2024-11-24,Completed
110130,2258,2025-03-20,Completed
110131,11177,2024-11-24,Completed
110132,1679,2024-11-24,Completed
110133,1679,2024-12-17,Completed
110134,1679,2025-02-09,Completed
110135,1679,2025-03-15,Completed
110136,1679,2025-06-07,Returned
110137,4478,2024-11-24,Completed
110138,7138,2024-11-24,Completed
110139,87,2024-11-24,Returned
110140,983,2024-11-24,Completed
110141,983,2025-01-06,Completed
110142,983,2025-02-12,Completed
110143,983,2025-03-10,Completed
110144,983,2025-04-26,Completed
110145,983,2025-05-19,Completed
110146,983,2025-07-13,Completed
110147,983,2025-08-10,Completed
110148,983,2025-09-08,Completed
110149,983,2025-10-13,Completed
110150,983,2025-11-07,Completed
110151,983,2025-12-05,Completed
110152,5223,2024-11-25,Completed
110153,4414,2024-11-25,Cancelled
110154,698,2024-11-25,Completed
110155,7116,2024-11-25,Completed
110156,7116,2024-12-29,Completed
110157,7116,2025-01-16,Completed
110158,7116,2025-04-17,Completed
110159,7116,2025-05-13,Completed
110160,317,2024-11-25,Returned
110161,317,2025-03-01,Completed
110162,317,2025-04-17,Completed
110163,317,2025-05-25,Cancelled
110164,8860,2024-11-25,Completed
110165,2789,2024-11-25,Completed
110166,107,2024-11-25,Cancelled
110167,8311,2024-11-25,Completed
110168,4815,2024-11-25,Completed
110169,4815,2024-12-18,Completed
110170,4815,2025-03-07,Returned
110171,4815,2025-04-10,Completed
110172,4282,2024-11-25,Completed
110173,4282,2025-05-04,Completed
110174,11881,2024-11-25,Completed
110175,7046,2024-11-25,Cancelled
110176,7914,2024-11-25,Completed
110177,1278,2024-11-25,Completed
110178,3890,2024-11-25,Completed
110179,8191,2024-11-25,Completed
110180,8191,2025-02-04,Cancelled
110181,8191,2025-04-19,Completed
110182,6232,2024-11-25,Completed
110183,6232,2025-01-20,Completed
110184,2562,2024-11-25,Completed
110185,2562,2025-03-01,Completed
110186,2562,2025-04-19,Completed
110187,2562,2025-06-16,Returned
110188,2562,2025-11-21,Completed
110189,1185,2024-11-25,Completed
110190,412,2024-11-25,Completed
110191,412,2025-02-16,Completed
110192,412,2025-03-18,Completed
110193,412,2025-06-18,Completed
110194,412,2025-07-14,Completed
110195,412,2025-11-12,Completed
110196,3580,2024-11-25,Returned
110197,1329,2024-11-25,Completed
110198,1329,2024-12-21,Completed
110199,9046,2024-11-25,Completed
110200,9046,2025-01-20,Completed
110201,415,2024-11-26,Completed
110202,1737,2024-11-26,Completed
110203,1737,2025-01-16,Completed
110204,1737,2025-02-05,Completed
110205,1737,2025-03-16,Completed
110206,1737,2025-04-21,Completed
110207,1737,2025-05-22,Completed
110208,1737,2025-07-12,Completed
110209,1737,2025-08-10,Completed
110210,1737,2025-09-15,Completed
110211,1737,2025-10-10,Cancelled
110212,9971,2024-11-26,Cancelled
110213,8901,2024-11-26,Completed
110214,8901,2025-01-04,Completed
110215,8901,2025-02-03,Completed
110216,5213,2024-11-26,Returned
110217,10432,2024-11-26,Returned
110218,10432,2024-12-15,Completed
110219,10432,2025-01-16,Completed
110220,10432,2025-04-18,Completed
110221,10432,2025-07-27,Completed
110222,10432,2025-09-17,Returned
110223,10432,2025-10-25,Completed
110224,9981,2024-11-26,Returned
110225,9981,2025-03-07,Completed
110226,9981,2025-08-27,Cancelled
110227,9981,2025-11-29,Returned
110228,11897,2024-11-26,Completed
110229,2501,2024-11-26,Completed
110230,8460,2024-11-26,Completed
110231,8460,2025-04-17,Completed
110232,2994,2024-11-26,Returned
110233,2994,2025-03-07,Completed
110234,11516,2024-11-26,Completed
110235,6478,2024-11-26,Completed
110236,6478,2025-01-03,Completed
110237,3698,2024-11-26,Returned
110238,4684,2024-11-26,Completed
110239,4684,2025-01-07,Completed
110240,432,2024-11-26,Completed
110241,432,2025-04-09,Completed
110242,432,2025-04-28,Completed
110243,6197,2024-11-26,Completed
110244,6197,2025-03-09,Completed
110245,6197,2025-06-10,Completed
110246,6197,2025-07-20,Returned
110247,10256,2024-11-26,Completed
110248,10256,2024-12-28,Completed
110249,10256,2025-03-22,Completed
110250,10256,2025-05-23,Completed
110251,10256,2025-08-18,Completed
110252,10256,2025-09-20,Completed
110253,1748,2024-11-26,Completed
110254,7383,2024-11-26,Completed
110255,7383,2025-02-09,Completed
110256,7383,2025-04-03,Completed
110257,7383,2025-10-13,Completed
110258,6164,2024-11-26,Completed
110259,6164,2025-01-05,Completed
110260,6164,2025-05-25,Completed
110261,4158,2024-11-27,Completed
110262,6044,2024-11-27,Returned
110263,6044,2025-03-29,Completed
110264,5262,2024-11-27,Completed
110265,5262,2024-12-26,Completed
110266,5262,2025-01-28,Completed
110267,5262,2025-07-10,Completed
110268,5262,2025-07-30,Completed
110269,5262,2025-12-16,Completed
110270,2105,2024-11-27,Returned
110271,2105,2024-12-24,Completed
110272,2105,2025-01-29,Completed
110273,2105,2025-03-14,Completed
110274,2105,2025-04-03,Returned
110275,2105,2025-07-29,Completed
110276,1973,2024-11-27,Completed
110277,9968,2024-11-27,Completed
110278,121,2024-11-27,Cancelled
110279,1213,2024-11-27,Returned
110280,2985,2024-11-27,Completed
110281,2985,2025-04-16,Completed
110282,2985,2025-06-16,Completed
110283,2985,2025-07-20,Completed
110284,8636,2024-11-27,Completed
110285,8636,2025-01-04,Completed
110286,8636,2025-02-08,Completed
110287,91,2024-11-27,Completed
110288,91,2025-02-09,Completed
110289,91,2025-03-16,Completed
110290,91,2025-07-08,Completed
110291,9564,2024-11-27,Completed
110292,3060,2024-11-27,Completed
110293,3060,2025-01-21,Completed
110294,8842,2024-11-27,Completed
110295,3857,2024-11-27,Completed
110296,9092,2024-11-27,Completed
110297,9092,2025-01-11,Completed
110298,9092,2025-03-01,Completed
110299,9092,2025-06-24,Completed
110300,9092,2025-07-23,Completed
110301,9092,2025-10-06,Completed
110302,4484,2024-11-27,Completed
110303,4484,2025-03-09,Completed
110304,4484,2025-05-03,Completed
110305,4484,2025-09-21,Completed
110306,6263,2024-11-27,Returned
110307,7928,2024-11-27,Completed
110308,7457,2024-11-28,Completed
110309,7076,2024-11-28,Completed
110310,11482,2024-11-28,Completed
110311,11482,2025-01-18,Completed
110312,5794,2024-11-28,Completed
110313,2795,2024-11-28,Completed
110314,4599,2024-11-28,Returned
110315,10693,2024-11-28,Completed
110316,4053,2024-11-28,Completed
110317,7677,2024-11-28,Completed
110318,4176,2024-11-28,Completed
110319,4176,2025-01-29,Completed
110320,4176,2025-05-17,Completed
110321,245,2024-11-28,Completed
110322,245,2024-12-17,Completed
110323,245,2025-04-21,Completed
110324,245,2025-05-12,Completed
110325,245,2025-09-06,Completed
110326,245,2025-12-08,Completed
110327,587,2024-11-28,Completed
110328,587,2025-03-01,Completed
110329,587,2025-03-23,Completed
110330,4744,2024-11-28,Completed
110331,4744,2025-06-03,Completed
110332,932,2024-11-28,Completed
110333,6336,2024-11-28,Completed
110334,1205,2024-11-28,Completed
110335,7965,2024-11-28,Completed
110336,2617,2024-11-28,Completed
110337,6906,2024-11-28,Completed
110338,6906,2025-01-03,Completed
110339,6906,2025-04-17,Completed
110340,6906,2025-05-24,Completed
110341,6906,2025-06-13,Returned
110342,6906,2025-09-19,Completed
110343,2440,2024-11-28,Completed
110344,9989,2024-11-28,Completed
110345,9989,2025-04-08,Completed
110346,9989,2025-05-10,Completed
110347,9989,2025-08-16,Completed
110348,9989,2025-10-26,Completed
110349,9989,2025-12-22,Completed
110350,2195,2024-11-28,Completed
110351,11580,2024-11-28,Completed
110352,6986,2024-11-28,Completed
110353,6986,2025-03-15,Completed
110354,8221,2024-11-28,Completed
110355,10126,2024-11-28,Completed
110356,10126,2025-07-17,Completed
110357,10126,2025-10-29,Completed
110358,9672,2024-11-29,Completed
110359,9591,2024-11-29,Completed
110360,9591,2025-02-20,Completed
110361,9591,2025-05-07,Completed
110362,9591,2025-06-01,Completed
110363,9591,2025-07-17,Completed
110364,9591,2025-08-20,Completed
110365,1567,2024-11-29,Completed
110366,1567,2025-01-04,Completed
110367,1567,2025-01-22,Completed
110368,1567,2025-03-23,Completed
110369,1567,2025-07-12,Completed
110370,1567,2025-07-31,Completed
110371,1567,2025-09-10,Completed
110372,4278,2024-11-29,Completed
110373,4278,2024-12-21,Completed
110374,5867,2024-11-29,Completed
110375,5867,2025-01-02,Completed
110376,5867,2025-02-02,Completed
110377,5867,2025-03-27,Completed
110378,5867,2025-07-04,Completed
110379,5867,2025-08-13,Completed
110380,5867,2025-10-07,Completed
110381,5867,2025-11-06,Completed
110382,11493,2024-11-29,Completed
110383,11493,2025-02-23,Completed
110384,11493,2025-03-28,Completed
110385,11493,2025-05-02,Returned
110386,9188,2024-11-29,Completed
110387,1898,2024-11-29,Completed
110388,4151,2024-11-29,Completed
110389,66,2024-11-29,Completed
110390,8334,2024-11-29,Completed
110391,8334,2025-03-16,Completed
110392,8334,2025-04-13,Completed
110393,2060,2024-11-29,Completed
110394,11960,2024-11-29,Completed
110395,11993,2024-11-29,Returned
110396,60,2024-11-29,Completed
110397,60,2025-06-07,Completed
110398,567,2024-11-29,Returned
110399,10361,2024-11-29,Completed
110400,2023,2024-11-29,Returned
110401,7817,2024-11-29,Completed
110402,7817,2025-01-28,Cancelled
110403,9582,2024-11-29,Completed
110404,9582,2025-01-07,Completed
110405,9582,2025-03-05,Completed
110406,9582,2025-06-15,Completed
110407,5235,2024-11-29,Completed
110408,5235,2025-01-09,Completed
110409,5235,2025-01-31,Completed
110410,5235,2025-03-10,Cancelled
110411,2464,2024-11-29,Completed
110412,2464,2025-02-12,Returned
110413,9717,2024-11-29,Completed
110414,9717,2025-09-11,Completed
110415,9717,2025-10-20,Returned
110416,2705,2024-11-30,Completed
110417,2868,2024-11-30,Completed
110418,2868,2025-01-05,Returned
110419,2868,2025-04-07,Returned
110420,2868,2025-04-23,Completed
110421,2868,2025-06-23,Completed
110422,6535,2024-11-30,Completed
110423,11384,2024-11-30,Completed
110424,11384,2024-12-27,Completed
110425,11384,2025-01-22,Completed
110426,11384,2025-03-08,Completed
110427,7341,2024-11-30,Completed
110428,1177,2024-11-30,Completed
110429,1177,2025-03-29,Completed
110430,1177,2025-05-21,Completed
110431,1617,2024-11-30,Completed
110432,10543,2024-11-30,Completed
110433,10543,2025-04-21,Completed
110434,10543,2025-05-22,Completed
110435,10543,2025-08-30,Completed
110436,10543,2025-09-26,Completed
110437,10543,2025-12-25,Completed
110438,9123,2024-11-30,Completed
110439,8095,2024-11-30,Completed
110440,8095,2025-03-24,Completed
110441,8095,2025-06-01,Completed
110442,9408,2024-11-30,Completed
110443,3998,2024-11-30,Completed
110444,3998,2025-09-22,Returned
110445,7100,2024-11-30,Completed
110446,11658,2024-11-30,Returned
110447,5391,2024-11-30,Completed
110448,7966,2024-11-30,Completed
110449,3750,2024-11-30,Completed
110450,3140,2024-11-30,Completed
110451,7160,2024-11-30,Completed
110452,7160,2025-05-12,Completed
110453,11924,2024-11-30,Completed
110454,1863,2024-11-30,Completed
110455,5836,2024-11-30,Returned
110456,1596,2024-11-30,Completed
110457,1596,2025-02-04,Returned
110458,1596,2025-08-12,Returned
110459,1596,2025-09-09,Completed
110460,1596,2025-10-01,Cancelled
110461,10508,2024-11-30,Completed
110462,10508,2025-01-17,Completed
110463,10508,2025-03-01,Completed
110464,10508,2025-03-30,Completed
110465,5021,2024-11-30,Completed
110466,5021,2025-01-05,Completed
110467,8884,2024-11-30,Returned
110468,8884,2024-12-19,Completed
110469,8884,2025-04-17,Completed
110470,8884,2025-07-12,Completed
110471,8884,2025-10-23,Returned
110472,8884,2025-11-17,Completed
110473,8884,2025-12-11,Completed
110474,9216,2024-11-30,Returned
110475,7517,2024-11-30,Completed
110476,7550,2024-11-30,Completed
110477,7550,2025-02-01,Completed
110478,7550,2025-04-25,Completed
110479,8787,2024-11-30,Completed
110480,823,2024-12-01,Completed
110481,9215,2024-12-01,Completed
110482,7997,2024-12-01,Completed
110483,7997,2024-12-16,Completed
110484,9392,2024-12-01,Completed
110485,9392,2025-06-12,Returned
110486,9392,2025-08-11,Completed
110487,10350,2024-12-01,Completed
110488,10350,2025-02-13,Completed
110489,10350,2025-03-21,Cancelled
110490,11457,2024-12-01,Completed
110491,11457,2025-03-08,Cancelled
110492,11457,2025-07-18,Completed
110493,2647,2024-12-01,Completed
110494,3228,2024-12-01,Returned
110495,11951,2024-12-01,Completed
110496,3030,2024-12-01,Completed
110497,1451,2024-12-01,Completed
110498,939,2024-12-01,Completed
110499,7862,2024-12-01,Completed
110500,7862,2025-01-11,Completed
110501,7862,2025-02-03,Completed
110502,7862,2025-05-01,Completed
110503,7862,2025-08-10,Completed
110504,751,2024-12-01,Completed
110505,2423,2024-12-01,Completed
110506,2423,2025-01-05,Completed
110507,2423,2025-02-11,Completed
110508,3274,2024-12-01,Completed
110509,7340,2024-12-01,Completed
110510,7340,2025-03-20,Completed
110511,7340,2025-04-12,Completed
110512,7340,2025-07-07,Completed
110513,7340,2025-08-15,Returned
110514,7340,2025-09-12,Completed
110515,7340,2025-10-23,Completed
110516,8829,2024-12-01,Completed
110517,8829,2025-01-04,Completed
110518,10735,2024-12-01,Completed
110519,10735,2025-04-30,Completed
110520,10214,2024-12-01,Completed
110521,10214,2024-12-18,Completed
110522,10214,2025-02-02,Returned
110523,10214,2025-03-24,Completed
110524,10214,2025-05-06,Completed
110525,10214,2025-06-18,Completed
110526,10214,2025-09-10,Completed
110527,10214,2025-10-13,Cancelled
110528,10214,2025-11-12,Completed
110529,1211,2024-12-01,Returned
110530,6083,2024-12-01,Completed
110531,6083,2025-03-11,Completed
110532,10212,2024-12-01,Completed
110533,2210,2024-12-01,Completed
110534,9606,2024-12-01,Completed
110535,9606,2025-04-03,Completed
110536,9606,2025-06-10,Completed
110537,9606,2025-11-15,Completed
110538,6247,2024-12-01,Completed
110539,6398,2024-12-01,Cancelled
110540,11703,2024-12-01,Completed
110541,7275,2024-12-01,Returned
110542,7275,2024-12-20,Completed
110543,5798,2024-12-01,Completed
110544,5798,2025-01-17,Completed
110545,5336,2024-12-01,Completed
110546,5336,2025-03-18,Returned
110547,1405,2024-12-01,Completed
110548,1405,2025-02-28,Completed
110549,11181,2024-12-01,Completed
110550,11181,2025-01-10,Completed
110551,11181,2025-04-03,Completed
110552,11181,2025-04-23,Completed
110553,11181,2025-05-13,Completed
110554,11181,2025-07-14,Completed
110555,7444,2024-12-01,Completed
110556,6118,2024-12-02,Completed
110557,10876,2024-12-02,Completed
110558,3219,2024-12-02,Completed
110559,1541,2024-12-02,Completed
110560,1541,2025-11-25,Completed
110561,248,2024-12-02,Completed
110562,248,2025-01-23,Completed
110563,248,2025-03-25,Completed
110564,248,2025-05-17,Cancelled
110565,7908,2024-12-02,Completed
110566,7908,2025-06-29,Completed
110567,7908,2025-07-25,Cancelled
110568,7085,2024-12-02,Returned
110569,7085,2024-12-26,Completed
110570,7085,2025-01-23,Completed
110571,8064,2024-12-02,Completed
110572,948,2024-12-02,Completed
110573,7396,2024-12-02,Completed
110574,7396,2025-02-05,Completed
110575,419,2024-12-02,Completed
110576,419,2025-04-23,Cancelled
110577,419,2025-07-13,Returned
110578,5520,2024-12-02,Completed
110579,5520,2025-01-25,Completed
110580,1288,2024-12-02,Completed
110581,1288,2025-02-04,Completed
110582,1288,2025-05-25,Completed
110583,11777,2024-12-02,Completed
110584,10646,2024-12-02,Completed
110585,10646,2025-01-08,Completed
110586,2757,2024-12-02,Completed
110587,2894,2024-12-02,Completed
110588,2894,2025-01-03,Completed
110589,3555,2024-12-02,Completed
110590,1755,2024-12-02,Completed
110591,1755,2025-02-28,Completed
110592,1755,2025-07-19,Completed
110593,8323,2024-12-03,Completed
110594,8323,2024-12-18,Completed
110595,8323,2025-04-26,Completed
110596,5550,2024-12-03,Completed
110597,5550,2025-03-30,Completed
110598,5550,2025-04-23,Completed
110599,5550,2025-05-25,Completed
110600,5550,2025-06-15,Completed
110601,9761,2024-12-03,Completed
110602,9761,2024-12-25,Completed
110603,9761,2025-04-01,Completed
110604,9761,2025-05-05,Completed
110605,9761,2025-07-04,Completed
110606,9342,2024-12-03,Completed
110607,9342,2025-02-01,Completed
110608,9342,2025-09-13,Completed
110609,9633,2024-12-03,Completed
110610,6630,2024-12-03,Cancelled
110611,10286,2024-12-03,Returned
110612,5695,2024-12-03,Completed
110613,10282,2024-12-03,Completed
110614,10282,2025-05-15,Completed
110615,10096,2024-12-03,Completed
110616,10096,2025-05-15,Completed
110617,6543,2024-12-03,Completed
110618,9297,2024-12-03,Cancelled
110619,9297,2025-01-05,Completed
110620,9056,2024-12-03,Completed
110621,8632,2024-12-03,Completed
110622,6400,2024-12-03,Completed
110623,3615,2024-12-03,Completed
110624,7696,2024-12-03,Completed
110625,7696,2025-01-04,Cancelled
110626,6712,2024-12-03,Completed
110627,3817,2024-12-03,Completed
110628,3817,2025-01-02,Completed
110629,8065,2024-12-03,Completed
110630,4697,2024-12-03,Completed
110631,4697,2024-12-29,Returned
110632,4697,2025-01-27,Returned
110633,4697,2025-03-11,Completed
110634,4697,2025-04-04,Completed
110635,6753,2024-12-03,Completed
110636,6770,2024-12-03,Completed
110637,6770,2025-01-09,Completed
110638,6770,2025-04-12,Completed
110639,11484,2024-12-03,Completed
110640,11484,2025-01-01,Completed
110641,11484,2025-05-22,Completed
110642,11484,2025-08-20,Completed
110643,11484,2025-10-16,Completed
110644,11484,2025-11-09,Returned
110645,9108,2024-12-03,Completed
110646,5465,2024-12-03,Completed
110647,5465,2025-02-25,Returned
110648,5465,2025-07-16,Completed
110649,5465,2025-09-07,Completed
110650,8983,2024-12-03,Completed
110651,8983,2025-05-13,Completed
110652,8983,2025-05-27,Cancelled
110653,8983,2025-07-24,Completed
110654,8983,2025-08-25,Completed
110655,8983,2025-09-19,Completed
110656,1512,2024-12-03,Completed
110657,11578,2024-12-03,Returned
110658,2616,2024-12-03,Completed
110659,5530,2024-12-03,Returned
110660,809,2024-12-03,Completed
110661,809,2025-01-19,Completed
110662,809,2025-02-07,Completed
110663,809,2025-05-13,Completed
110664,809,2025-10-01,Completed
110665,1955,2024-12-03,Returned
110666,7695,2024-12-04,Completed
110667,9569,2024-12-04,Completed
110668,7826,2024-12-04,Returned
110669,7826,2025-03-12,Completed
110670,7826,2025-04-02,Completed
110671,7826,2025-04-23,Completed
110672,5960,2024-12-04,Completed
110673,11701,2024-12-04,Completed
110674,11701,2025-03-02,Completed
110675,11701,2025-05-16,Completed
110676,11701,2025-10-23,Completed
110677,2016,2024-12-04,Completed
110678,8734,2024-12-04,Completed
110679,8734,2025-07-27,Completed
110680,8968,2024-12-04,Completed
110681,8968,2025-01-02,Completed
110682,8171,2024-12-04,Completed
110683,8171,2025-02-01,Returned
110684,3444,2024-12-04,Completed
110685,4555,2024-12-04,Completed
110686,9607,2024-12-04,Returned
110687,9607,2024-12-29,Completed
110688,10452,2024-12-04,Completed
110689,72,2024-12-04,Cancelled
110690,72,2024-12-29,Completed
110691,72,2025-04-13,Returned
110692,72,2025-08-31,Completed
110693,72,2025-10-05,Completed
110694,72,2025-10-29,Completed
110695,72,2025-12-01,Completed
110696,5062,2024-12-04,Completed
110697,8347,2024-12-04,Completed
110698,1092,2024-12-04,Returned
110699,1092,2025-03-08,Completed
110700,1092,2025-04-13,Completed
110701,1092,2025-05-03,Completed
110702,1092,2025-08-21,Completed
110703,6358,2024-12-04,Completed
110704,3201,2024-12-04,Completed
110705,3201,2025-01-01,Completed
110706,3201,2025-08-26,Completed
110707,3201,2025-10-01,Completed
110708,3201,2025-12-04,Completed
110709,3201,2025-12-31,Completed
110710,3829,2024-12-04,Completed
110711,11980,2024-12-04,Completed
110712,11980,2025-03-16,Completed
110713,11980,2025-04-09,Completed
110714,656,2024-12-04,Completed
110715,1993,2024-12-04,Completed
110716,4307,2024-12-04,Completed
110717,3189,2024-12-04,Returned
110718,7921,2024-12-04,Completed
110719,7921,2025-02-15,Completed
110720,7921,2025-03-24,Completed
110721,7921,2025-04-19,Completed
110722,7921,2025-08-31,Completed
110723,7921,2025-10-05,Completed
110724,2627,2024-12-04,Completed
110725,2627,2025-04-14,Completed
110726,2627,2025-08-23,Completed
110727,2627,2025-12-03,Cancelled
110728,7913,2024-12-04,Completed
110729,7913,2025-06-12,Completed
110730,7913,2025-07-16,Completed
110731,7913,2025-08-16,Returned
110732,7913,2025-09-21,Completed
110733,1680,2024-12-04,Completed
110734,5525,2024-12-04,Completed
110735,7805,2024-12-05,Completed
110736,4192,2024-12-05,Completed
110737,1822,2024-12-05,Completed
110738,11552,2024-12-05,Completed
110739,11552,2025-02-13,Cancelled
110740,11552,2025-07-28,Completed
110741,11552,2025-11-24,Completed
110742,11552,2025-12-19,Completed
110743,8613,2024-12-05,Returned
110744,8613,2025-02-01,Completed
110745,10257,2024-12-05,Completed
110746,6406,2024-12-05,Completed
110747,874,2024-12-05,Completed
110748,874,2025-02-10,Completed
110749,874,2025-05-17,Completed
110750,874,2025-08-01,Returned
110751,874,2025-09-24,Completed
110752,8123,2024-12-05,Completed
110753,8123,2025-01-01,Completed
110754,8123,2025-01-23,Completed
110755,6668,2024-12-05,Cancelled
110756,7128,2024-12-05,Completed
110757,7128,2025-01-31,Completed
110758,3880,2024-12-05,Completed
110759,293,2024-12-05,Cancelled
110760,9017,2024-12-05,Completed
110761,9017,2025-01-04,Completed
110762,9017,2025-04-14,Completed
110763,1030,2024-12-05,Completed
110764,1030,2025-01-08,Completed
110765,9931,2024-12-06,Completed
110766,3053,2024-12-06,Completed
110767,3053,2025-02-13,Completed
110768,3053,2025-03-26,Completed
110769,3053,2025-05-24,Completed
110770,3053,2025-06-25,Completed
110771,4363,2024-12-06,Completed
110772,4363,2025-04-28,Completed
110773,4363,2025-05-14,Completed
110774,2913,2024-12-06,Returned
110775,2913,2025-03-25,Completed
110776,8715,2024-12-06,Completed
110777,6977,2024-12-06,Completed
110778,987,2024-12-06,Completed
110779,8167,2024-12-06,Completed
110780,630,2024-12-06,Completed
110781,630,2025-01-22,Completed
110782,630,2025-03-21,Completed
110783,5932,2024-12-06,Completed
110784,5932,2024-12-23,Completed
110785,5932,2025-01-24,Completed
110786,6956,2024-12-06,Completed
110787,7362,2024-12-06,Completed
110788,7362,2024-12-24,Completed
110789,7362,2025-01-30,Completed
110790,7362,2025-04-04,Completed
110791,7362,2025-06-04,Completed
110792,7362,2025-07-21,Completed
110793,7362,2025-09-03,Completed
110794,7362,2025-11-03,Completed
110795,7362,2025-12-28,Completed
110796,10308,2024-12-06,Completed
110797,11102,2024-12-06,Completed
110798,7342,2024-12-06,Completed
110799,11040,2024-12-06,Completed
110800,11040,2025-01-05,Completed
110801,10386,2024-12-06,Completed
110802,5739,2024-12-06,Completed
110803,5739,2025-03-05,Completed
110804,2097,2024-12-06,Completed
110805,10354,2024-12-06,Completed
110806,2380,2024-12-06,Completed
110807,2380,2025-07-25,Completed
110808,2380,2025-10-12,Cancelled
110809,5940,2024-12-06,Completed
110810,1350,2024-12-06,Completed
110811,9804,2024-12-06,Completed
110812,10028,2024-12-06,Completed
110813,7813,2024-12-06,Completed
110814,7813,2025-05-21,Completed
110815,7813,2025-06-29,Completed
110816,7813,2025-07-26,Completed
110817,7813,2025-09-05,Returned
110818,7813,2025-10-26,Completed
110819,9682,2024-12-06,Completed
110820,11538,2024-12-07,Completed
110821,11538,2025-03-24,Completed
110822,11538,2025-04-22,Completed
110823,10998,2024-12-07,Returned
110824,10998,2025-01-21,Completed
110825,10998,2025-02-18,Completed
110826,2641,2024-12-07,Completed
110827,2641,2025-01-01,Completed
110828,8962,2024-12-07,Completed
110829,6710,2024-12-07,Completed
110830,6710,2025-05-22,Completed
110831,6710,2025-07-22,Completed
110832,6710,2025-08-15,Completed
110833,2222,2024-12-07,Completed
110834,2222,2025-01-14,Completed
110835,2222,2025-02-22,Completed
110836,2222,2025-04-20,Completed
110837,2222,2025-08-27,Completed
110838,7859,2024-12-07,Completed
110839,7859,2025-01-05,Completed
110840,7859,2025-06-08,Cancelled
110841,7859,2025-08-07,Completed
110842,10758,2024-12-07,Completed
110843,2410,2024-12-07,Completed
110844,4145,2024-12-07,Completed
110845,10057,2024-12-07,Returned
110846,10057,2025-02-01,Completed
110847,10057,2025-05-05,Completed
110848,10057,2025-05-27,Returned
110849,5653,2024-12-07,Completed
110850,5653,2025-05-28,Completed
110851,10437,2024-12-07,Completed
110852,58,2024-12-07,Completed
110853,2426,2024-12-07,Completed
110854,3041,2024-12-07,Completed
110855,9713,2024-12-07,Completed
110856,11550,2024-12-07,Returned
110857,3287,2024-12-07,Completed
110858,3287,2025-03-10,Completed
110859,3287,2025-04-03,Completed
110860,3287,2025-06-26,Completed
110861,3287,2025-07-31,Completed
110862,3287,2025-09-16,Completed
110863,3287,2025-10-28,Completed
110864,3928,2024-12-07,Completed
110865,3928,2025-01-11,Completed
110866,5799,2024-12-07,Completed
110867,11764,2024-12-07,Completed
110868,1231,2024-12-07,Returned
110869,1231,2025-05-24,Completed
110870,1231,2025-07-28,Completed
110871,2078,2024-12-07,Completed
110872,10080,2024-12-07,Completed
110873,6485,2024-12-08,Completed
110874,6485,2025-03-21,Completed
110875,6485,2025-04-24,Completed
110876,4582,2024-12-08,Completed
110877,4582,2024-12-30,Completed
110878,2512,2024-12-08,Completed
110879,2512,2025-04-06,Completed
110880,2512,2025-05-25,Completed
110881,2512,2025-06-25,Completed
110882,2512,2025-07-21,Completed
110883,11575,2024-12-08,Completed
110884,11575,2025-01-17,Completed
110885,4055,2024-12-08,Completed
110886,4055,2025-01-13,Completed
110887,8299,2024-12-08,Completed
110888,11883,2024-12-08,Completed
110889,11883,2025-01-17,Completed
110890,11883,2025-02-18,Completed
110891,4175,2024-12-08,Completed
110892,623,2024-12-08,Completed
110893,9841,2024-12-08,Completed
110894,5472,2024-12-08,Completed
110895,11001,2024-12-08,Completed
110896,11853,2024-12-08,Completed
110897,11853,2025-01-01,Completed
110898,11853,2025-03-16,Completed
110899,11853,2025-07-16,Completed
110900,8183,2024-12-08,Completed
110901,8183,2025-03-12,Completed
110902,8183,2025-04-21,Completed
110903,8183,2025-06-08,Completed
110904,8183,2025-07-07,Completed
110905,8183,2025-07-28,Returned
110906,8183,2025-08-22,Completed
110907,10050,2024-12-08,Completed
110908,11469,2024-12-08,Completed
110909,11536,2024-12-08,Completed
110910,11536,2024-12-29,Completed
110911,7189,2024-12-08,Completed
110912,11699,2024-12-08,Completed
110913,11699,2025-03-23,Completed
110914,10930,2024-12-08,Completed
110915,10930,2025-01-05,Completed
110916,10930,2025-02-25,Completed
110917,10930,2025-06-29,Completed
110918,10930,2025-07-25,Returned
110919,8954,2024-12-08,Returned
110920,8954,2025-02-26,Completed
110921,8954,2025-05-08,Completed
110922,794,2024-12-08,Completed
110923,8720,2024-12-09,Completed
110924,8720,2025-03-14,Returned
110925,11974,2024-12-09,Completed
110926,11974,2025-01-25,Completed
110927,10816,2024-12-09,Completed
110928,8602,2024-12-09,Completed
110929,8602,2025-04-10,Completed
110930,9249,2024-12-09,Returned
110931,9249,2025-04-17,Completed
110932,9249,2025-08-04,Completed
110933,2663,2024-12-09,Returned
110934,5865,2024-12-09,Completed
110935,8593,2024-12-09,Completed
110936,4786,2024-12-09,Completed
110937,4786,2025-05-04,Completed
110938,4786,2025-06-06,Completed
110939,11026,2024-12-09,Completed
110940,7669,2024-12-09,Completed
110941,7669,2025-03-28,Completed
110942,7421,2024-12-09,Completed
110943,2458,2024-12-09,Returned
110944,8744,2024-12-09,Completed
110945,10775,2024-12-09,Completed
110946,10775,2025-01-11,Completed
110947,5551,2024-12-09,Completed
110948,5551,2025-02-20,Completed
110949,5551,2025-06-25,Completed
110950,5551,2025-09-29,Completed
110951,5551,2025-12-03,Completed
110952,5551,2025-12-22,Completed
110953,10393,2024-12-09,Completed
110954,10393,2025-06-22,Completed
110955,4619,2024-12-09,Completed
110956,2889,2024-12-09,Completed
110957,7984,2024-12-09,Completed
110958,8091,2024-12-10,Completed
110959,8091,2025-01-16,Completed
110960,8091,2025-02-17,Completed
110961,8091,2025-03-17,Completed
110962,3399,2024-12-10,Completed
110963,2197,2024-12-10,Completed
110964,3926,2024-12-10,Completed
110965,1131,2024-12-10,Completed
110966,5294,2024-12-10,Completed
110967,315,2024-12-10,Completed
110968,5274,2024-12-10,Completed
110969,5274,2025-08-30,Completed
110970,5274,2025-10-01,Returned
110971,5274,2025-11-08,Completed
110972,8912,2024-12-10,Completed
110973,8912,2025-03-06,Completed
110974,8912,2025-08-12,Completed
110975,8912,2025-11-02,Returned
110976,9551,2024-12-10,Completed
110977,9551,2025-05-08,Completed
110978,3141,2024-12-10,Completed
110979,521,2024-12-10,Completed
110980,8794,2024-12-10,Completed
110981,8794,2025-01-16,Completed
110982,8794,2025-02-24,Completed
110983,8794,2025-04-03,Completed
110984,8794,2025-05-13,Completed
110985,8794,2025-12-16,Completed
110986,4932,2024-12-10,Completed
110987,10014,2024-12-10,Completed
110988,7373,2024-12-10,Completed
110989,11685,2024-12-10,Completed
110990,11685,2025-03-04,Completed
110991,11685,2025-04-26,Completed
110992,6221,2024-12-10,Completed
110993,6221,2025-03-21,Completed
110994,997,2024-12-10,Completed
110995,8731,2024-12-10,Completed
110996,4992,2024-12-10,Completed
110997,4327,2024-12-10,Completed
110998,4327,2025-03-22,Completed
110999,4327,2025-07-22,Completed
111000,4327,2025-09-12,Completed
111001,4327,2025-09-26,Completed
111002,1639,2024-12-10,Completed
111003,1639,2025-01-02,Completed
111004,1639,2025-05-06,Completed
111005,5421,2024-12-10,Cancelled
111006,2547,2024-12-10,Completed
111007,3528,2024-12-11,Completed
111008,4911,2024-12-11,Completed
111009,4911,2025-02-20,Completed
111010,5740,2024-12-11,Completed
111011,1840,2024-12-11,Completed
111012,1840,2025-04-10,Completed
111013,2504,2024-12-11,Cancelled
111014,2796,2024-12-11,Returned
111015,2796,2025-01-22,Completed
111016,4178,2024-12-11,Completed
111017,7326,2024-12-11,Returned
111018,7326,2025-02-20,Completed
111019,3734,2024-12-11,Completed
111020,3734,2025-02-06,Completed
111021,3734,2025-03-16,Completed
111022,3734,2025-05-19,Completed
111023,3734,2025-08-05,Completed
111024,3734,2025-10-13,Completed
111025,8256,2024-12-11,Completed
111026,8256,2025-03-06,Completed
111027,3097,2024-12-11,Returned
111028,3097,2025-01-05,Completed
111029,3097,2025-02-23,Completed
111030,3097,2025-06-15,Completed
111031,3097,2025-07-22,Completed
111032,3097,2025-11-06,Completed
111033,11235,2024-12-11,Completed
111034,11235,2025-01-11,Completed
111035,11235,2025-02-10,Completed
111036,10592,2024-12-11,Completed
111037,368,2024-12-11,Completed
111038,368,2025-04-12,Completed
111039,5219,2024-12-11,Completed
111040,5072,2024-12-11,Completed
111041,5072,2024-12-29,Completed
111042,10541,2024-12-11,Completed
111043,10541,2025-05-11,Completed
111044,10541,2025-08-13,Returned
111045,442,2024-12-11,Completed
111046,442,2025-03-01,Completed
111047,442,2025-04-09,Completed
111048,442,2025-05-19,Completed
111049,7086,2024-12-11,Completed
111050,6618,2024-12-11,Completed
111051,6618,2025-01-17,Returned
111052,6618,2025-04-20,Completed
111053,2608,2024-12-11,Completed
111054,8928,2024-12-11,Cancelled
111055,8928,2025-03-14,Completed
111056,8362,2024-12-11,Completed
111057,8362,2025-03-05,Completed
111058,8362,2025-04-13,Completed
111059,8362,2025-06-13,Completed
111060,8362,2025-08-11,Completed
111061,8362,2025-09-12,Completed
111062,8362,2025-10-04,Completed
111063,8362,2025-11-26,Completed
111064,4259,2024-12-11,Completed
111065,4259,2025-03-15,Completed
111066,4259,2025-04-19,Completed
111067,214,2024-12-11,Completed
111068,5894,2024-12-11,Completed
111069,56,2024-12-12,Completed
111070,169,2024-12-12,Completed
111071,11821,2024-12-12,Completed
111072,11821,2025-01-13,Completed
111073,11821,2025-02-05,Completed
111074,11821,2025-03-31,Completed
111075,11821,2025-04-26,Completed
111076,414,2024-12-12,Completed
111077,414,2025-03-31,Returned
111078,414,2025-04-15,Completed
111079,414,2025-10-08,Completed
111080,8721,2024-12-12,Completed
111081,3887,2024-12-12,Completed
111082,3887,2025-01-04,Returned
111083,3887,2025-02-09,Completed
111084,3887,2025-03-13,Completed
111085,3887,2025-08-05,Completed
111086,3887,2025-09-06,Completed
111087,3887,2025-12-15,Completed
111088,6259,2024-12-12,Completed
111089,6259,2025-02-05,Completed
111090,6259,2025-03-07,Completed
111091,10688,2024-12-12,Completed
111092,10688,2025-01-09,Completed
111093,10688,2025-02-05,Completed
111094,2411,2024-12-12,Completed
111095,2411,2025-02-07,Completed
111096,2056,2024-12-12,Completed
111097,2056,2025-03-10,Completed
111098,2056,2025-04-16,Completed
111099,2056,2025-06-03,Completed
111100,2056,2025-07-30,Completed
111101,6262,2024-12-12,Completed
111102,1318,2024-12-12,Completed
111103,1318,2025-03-03,Completed
111104,6765,2024-12-12,Completed
111105,5538,2024-12-12,Completed
111106,5538,2025-01-07,Completed
111107,5538,2025-04-11,Completed
111108,4283,2024-12-12,Completed
111109,4283,2025-05-07,Completed
111110,4283,2025-06-26,Cancelled
111111,6138,2024-12-12,Returned
111112,3918,2024-12-12,Completed
111113,3918,2025-01-01,Completed
111114,10083,2024-12-12,Returned
111115,370,2024-12-12,Completed
111116,10814,2024-12-12,Completed
111117,1208,2024-12-12,Completed
111118,1208,2025-04-13,Completed
111119,1208,2025-08-29,Completed
111120,1208,2025-11-28,Completed
111121,10198,2024-12-12,Completed
111122,2271,2024-12-12,Completed
111123,9093,2024-12-12,Completed
111124,7920,2024-12-12,Returned
111125,7920,2025-02-21,Completed
111126,7920,2025-07-01,Completed
111127,7920,2025-07-23,Completed
111128,6971,2024-12-12,Completed
111129,6971,2025-01-28,Completed
111130,6971,2025-03-16,Returned
111131,6971,2025-04-10,Completed
111132,783,2024-12-13,Completed
111133,7986,2024-12-13,Completed
111134,7511,2024-12-13,Completed
111135,11013,2024-12-13,Completed
111136,3846,2024-12-13,Cancelled
111137,3846,2025-01-11,Cancelled
111138,3846,2025-02-21,Completed
111139,3846,2025-05-20,Completed
111140,3846,2025-06-23,Completed
111141,7834,2024-12-13,Cancelled
111142,4263,2024-12-13,Completed
111143,4263,2025-03-04,Completed
111144,4263,2025-04-21,Completed
111145,4263,2025-08-07,Completed
111146,4263,2025-09-06,Returned
111147,4263,2025-12-30,Returned
111148,9136,2024-12-13,Completed
111149,2740,2024-12-13,Completed
111150,10983,2024-12-13,Completed
111151,10983,2025-05-17,Completed
111152,3974,2024-12-13,Completed
111153,6054,2024-12-13,Completed
111154,6054,2025-03-10,Completed
111155,6054,2025-05-06,Completed
111156,11807,2024-12-13,Returned
111157,756,2024-12-13,Completed
111158,756,2025-01-04,Completed
111159,756,2025-11-18,Completed
111160,756,2025-12-09,Completed
111161,5929,2024-12-13,Completed
111162,8697,2024-12-13,Completed
111163,8697,2025-01-16,Completed
111164,8697,2025-05-14,Completed
111165,547,2024-12-13,Completed
111166,5339,2024-12-13,Completed
111167,5339,2025-01-23,Completed
111168,5339,2025-03-31,Completed
111169,5339,2025-04-19,Completed
111170,5339,2025-07-01,Completed
111171,1056,2024-12-13,Completed
111172,1056,2025-01-09,Completed
111173,4632,2024-12-13,Completed
111174,4632,2024-12-30,Completed
111175,4632,2025-05-30,Completed
111176,3130,2024-12-13,Completed
111177,5174,2024-12-13,Completed
111178,5174,2025-01-05,Completed
111179,4523,2024-12-13,Completed
111180,11893,2024-12-13,Completed
111181,11893,2025-01-01,Completed
111182,11893,2025-02-06,Completed
111183,11893,2025-03-13,Completed
111184,10107,2024-12-14,Completed
111185,10107,2025-01-14,Completed
111186,10107,2025-03-12,Completed
111187,1345,2024-12-14,Returned
111188,1345,2025-03-26,Completed
111189,1345,2025-06-01,Completed
111190,1345,2025-06-29,Returned
111191,1345,2025-10-09,Completed
111192,1345,2025-12-25,Completed
111193,6788,2024-12-14,Completed
111194,4133,2024-12-14,Completed
111195,4133,2025-01-04,Completed
111196,4133,2025-01-25,Completed
111197,4133,2025-03-07,Completed
111198,4133,2025-08-08,Cancelled
111199,2037,2024-12-14,Completed
111200,2037,2025-01-06,Completed
111201,2037,2025-01-28,Completed
111202,2037,2025-04-28,Completed
111203,2037,2025-05-16,Completed
111204,2037,2025-06-19,Completed
111205,2037,2025-09-15,Completed
111206,2037,2025-11-20,Completed
111207,11162,2024-12-14,Completed
111208,11162,2025-03-29,Completed
111209,11162,2025-04-24,Completed
111210,11162,2025-05-31,Completed
111211,11162,2025-06-29,Completed
111212,11162,2025-09-18,Completed
111213,11162,2025-12-14,Returned
111214,3273,2024-12-14,Completed
111215,3273,2025-01-28,Completed
111216,4722,2024-12-14,Completed
111217,7827,2024-12-14,Completed
111218,7827,2025-03-28,Completed
111219,7827,2025-06-20,Cancelled
111220,7827,2025-07-19,Completed
111221,7827,2025-11-06,Completed
111222,7827,2025-12-13,Completed
111223,5171,2024-12-14,Completed
111224,6037,2024-12-14,Completed
111225,6037,2025-02-03,Completed
111226,6037,2025-03-03,Completed
111227,6037,2025-06-04,Returned
111228,6037,2025-07-28,Completed
111229,6037,2025-09-19,Cancelled
111230,5996,2024-12-14,Completed
111231,11507,2024-12-14,Completed
111232,11507,2025-01-15,Completed
111233,11507,2025-02-25,Completed
111234,11507,2025-03-30,Completed
111235,4566,2024-12-14,Cancelled
111236,11252,2024-12-14,Completed
111237,11252,2025-04-08,Completed
111238,11252,2025-07-22,Completed
111239,11252,2025-08-21,Completed
111240,11252,2025-11-22,Returned
111241,857,2024-12-14,Completed
111242,857,2025-01-17,Completed
111243,1478,2024-12-14,Completed
111244,8366,2024-12-14,Completed
111245,8366,2025-01-24,Completed
111246,8366,2025-02-16,Completed
111247,8366,2025-03-04,Completed
111248,8366,2025-04-13,Returned
111249,8366,2025-05-15,Completed
111250,8366,2025-06-02,Completed
111251,8366,2025-06-28,Cancelled
111252,8366,2025-07-25,Completed
111253,4017,2024-12-14,Completed
111254,3373,2024-12-14,Completed
111255,3373,2025-01-09,Completed
111256,3373,2025-02-17,Completed
111257,3373,2025-03-26,Completed
111258,3373,2025-04-26,Cancelled
111259,3373,2025-05-23,Returned
111260,3373,2025-06-14,Completed
111261,3373,2025-08-12,Completed
111262,3373,2025-10-12,Completed
111263,3373,2025-10-26,Completed
111264,9127,2024-12-14,Completed
111265,9127,2025-01-11,Completed
111266,9127,2025-04-19,Returned
111267,9127,2025-05-22,Completed
111268,9127,2025-06-30,Completed
111269,9127,2025-09-05,Completed
111270,2011,2024-12-14,Completed
111271,2011,2025-01-19,Returned
111272,2011,2025-04-03,Completed
111273,4719,2024-12-14,Completed
111274,11748,2024-12-14,Completed
111275,7888,2024-12-14,Completed
111276,7888,2025-01-13,Returned
111277,7888,2025-03-20,Completed
111278,7888,2025-05-19,Completed
111279,679,2024-12-14,Completed
111280,679,2025-03-26,Completed
111281,2398,2024-12-14,Completed
111282,2398,2025-02-07,Completed
111283,2398,2025-03-17,Completed
111284,2398,2025-05-13,Completed
111285,3199,2024-12-14,Completed
111286,3199,2025-05-26,Completed
111287,3199,2025-06-26,Completed
111288,28,2024-12-14,Cancelled
111289,28,2025-03-13,Completed
111290,28,2025-04-08,Completed
111291,28,2025-07-21,Returned
111292,4399,2024-12-15,Completed
111293,3278,2024-12-15,Completed
111294,3278,2025-03-01,Cancelled
111295,3278,2025-05-06,Completed
111296,3278,2025-07-06,Completed
111297,3278,2025-09-14,Cancelled
111298,3278,2025-10-04,Completed
111299,10655,2024-12-15,Completed
111300,2541,2024-12-15,Completed
111301,2541,2025-01-18,Completed
111302,2541,2025-05-13,Returned
111303,3800,2024-12-15,Cancelled
111304,6682,2024-12-15,Completed
111305,6682,2025-02-07,Completed
111306,6682,2025-03-31,Completed
111307,11976,2024-12-15,Completed
111308,5248,2024-12-15,Returned
111309,2217,2024-12-15,Completed
111310,2217,2025-01-29,Completed
111311,2217,2025-04-16,Completed
111312,2217,2025-07-30,Completed
111313,404,2024-12-15,Completed
111314,404,2025-04-26,Returned
111315,404,2025-07-03,Returned
111316,404,2025-07-31,Completed
111317,404,2025-09-25,Completed
111318,404,2025-10-27,Completed
111319,404,2025-11-19,Returned
111320,9107,2024-12-15,Completed
111321,9107,2025-01-31,Completed
111322,9107,2025-05-02,Completed
111323,9107,2025-06-10,Completed
111324,9107,2025-07-11,Completed
111325,9107,2025-09-10,Completed
111326,9107,2025-10-16,Completed
111327,9107,2025-12-13,Completed
111328,5183,2024-12-15,Completed
111329,9422,2024-12-15,Completed
111330,2338,2024-12-15,Completed
111331,3105,2024-12-15,Completed
111332,6529,2024-12-15,Completed
111333,6529,2025-01-26,Completed
111334,6529,2025-04-13,Completed
111335,6529,2025-05-12,Returned
111336,6529,2025-06-12,Completed
111337,5484,2024-12-15,Completed
111338,4983,2024-12-15,Completed
111339,4983,2025-01-30,Returned
111340,10907,2024-12-15,Completed
111341,9172,2024-12-15,Completed
111342,9172,2025-01-28,Completed
111343,9172,2025-03-29,Completed
111344,3101,2024-12-15,Cancelled
111345,3101,2025-01-19,Completed
111346,3335,2024-12-15,Completed
111347,11474,2024-12-16,Completed
111348,11474,2025-03-01,Completed
111349,11474,2025-08-23,Completed
111350,11474,2025-10-25,Completed
111351,11474,2025-12-20,Completed
111352,6439,2024-12-16,Completed
111353,6439,2025-08-22,Cancelled
111354,6439,2025-09-28,Completed
111355,10120,2024-12-16,Completed
111356,10120,2025-03-08,Completed
111357,10120,2025-06-04,Completed
111358,10120,2025-08-06,Completed
111359,6438,2024-12-16,Completed
111360,11317,2024-12-16,Completed
111361,7455,2024-12-16,Completed
111362,7455,2025-01-11,Completed
111363,7455,2025-03-16,Completed
111364,7455,2025-06-29,Returned
111365,7455,2025-11-19,Completed
111366,7455,2025-12-17,Completed
111367,7197,2024-12-16,Completed
111368,7197,2025-01-23,Returned
111369,1927,2024-12-16,Completed
111370,10039,2024-12-16,Completed
111371,10039,2025-05-09,Returned
111372,8587,2024-12-16,Completed
111373,7211,2024-12-16,Completed
111374,7211,2025-03-21,Completed
111375,7211,2025-04-19,Completed
111376,7211,2025-05-11,Completed
111377,7638,2024-12-16,Completed
111378,6975,2024-12-16,Completed
111379,6975,2025-01-19,Completed
111380,6975,2025-02-16,Completed
111381,6975,2025-05-03,Completed
111382,6975,2025-06-06,Returned
111383,6975,2025-08-17,Returned
111384,6975,2025-11-01,Completed
111385,8113,2024-12-16,Completed
111386,8113,2025-02-06,Completed
111387,8113,2025-03-16,Completed
111388,11065,2024-12-16,Completed
111389,11065,2025-01-01,Completed
111390,11065,2025-02-14,Completed
111391,5818,2024-12-16,Completed
111392,5818,2025-03-23,Completed
111393,10577,2024-12-16,Completed
111394,2904,2024-12-16,Returned
111395,2904,2025-04-05,Completed
111396,10377,2024-12-16,Completed
111397,10377,2025-01-26,Completed
111398,10377,2025-04-29,Completed
111399,10377,2025-08-20,Completed
111400,10377,2025-11-09,Completed
111401,10377,2025-12-14,Completed
111402,877,2024-12-16,Completed
111403,5237,2024-12-16,Completed
111404,7903,2024-12-16,Completed
111405,8517,2024-12-17,Returned
111406,8517,2025-01-13,Completed
111407,9870,2024-12-17,Completed
111408,9870,2025-01-20,Returned
111409,9870,2025-02-18,Completed
111410,9870,2025-03-07,Completed
111411,9870,2025-05-24,Completed
111412,9870,2025-08-01,Cancelled
111413,7569,2024-12-17,Completed
111414,7569,2025-01-14,Completed
111415,8918,2024-12-17,Completed
111416,2185,2024-12-17,Completed
111417,8537,2024-12-17,Completed
111418,8537,2025-03-02,Completed
111419,8537,2025-04-09,Completed
111420,8537,2025-07-08,Completed
111421,8537,2025-07-27,Returned
111422,8537,2025-09-18,Cancelled
111423,15,2024-12-17,Completed
111424,9848,2024-12-17,Cancelled
111425,10560,2024-12-17,Completed
111426,10560,2025-01-10,Completed
111427,11189,2024-12-17,Completed
111428,9796,2024-12-17,Completed
111429,3350,2024-12-17,Completed
111430,3350,2025-01-15,Completed
111431,1297,2024-12-17,Completed
111432,11201,2024-12-17,Completed
111433,11201,2025-03-09,Completed
111434,11201,2025-04-05,Completed
111435,9011,2024-12-17,Completed
111436,11140,2024-12-17,Completed
111437,11140,2025-03-12,Completed
111438,1336,2024-12-17,Returned
111439,8316,2024-12-17,Completed
111440,1145,2024-12-17,Completed
111441,1145,2025-02-17,Completed
111442,5581,2024-12-17,Completed
111443,666,2024-12-17,Completed
111444,666,2025-03-11,Completed
111445,4104,2024-12-18,Cancelled
111446,4104,2025-01-07,Completed
111447,170,2024-12-18,Completed
111448,11638,2024-12-18,Completed
111449,11638,2025-01-15,Completed
111450,11638,2025-04-01,Completed
111451,11638,2025-06-28,Completed
111452,11638,2025-08-22,Returned
111453,7840,2024-12-18,Completed
111454,4438,2024-12-18,Completed
111455,4438,2025-03-07,Completed
111456,10458,2024-12-18,Completed
111457,10458,2025-01-06,Completed
111458,10458,2025-02-12,Completed
111459,5051,2024-12-18,Completed
111460,4376,2024-12-18,Completed
111461,4376,2025-03-16,Completed
111462,4376,2025-06-30,Completed
111463,4376,2025-08-26,Returned
111464,4376,2025-10-30,Completed
111465,10599,2024-12-18,Completed
111466,9464,2024-12-18,Completed
111467,7651,2024-12-18,Completed
111468,3704,2024-12-18,Completed
111469,2514,2024-12-18,Cancelled
111470,7643,2024-12-18,Completed
111471,11329,2024-12-18,Completed
111472,10859,2024-12-18,Completed
111473,10563,2024-12-18,Completed
111474,10563,2025-07-03,Returned
111475,10563,2025-08-30,Completed
111476,4902,2024-12-18,Completed
111477,10654,2024-12-18,Completed
111478,10654,2025-04-29,Completed
111479,1277,2024-12-18,Completed
111480,1277,2025-01-11,Completed
111481,1277,2025-02-02,Returned
111482,9235,2024-12-18,Completed
111483,9235,2025-12-17,Completed
111484,7886,2024-12-19,Completed
111485,7313,2024-12-19,Completed
111486,7313,2025-05-25,Completed
111487,7985,2024-12-19,Completed
111488,5749,2024-12-19,Completed
111489,4559,2024-12-19,Completed
111490,4559,2025-01-13,Completed
111491,4559,2025-02-06,Completed
111492,4559,2025-04-02,Completed
111493,4559,2025-08-02,Completed
111494,4559,2025-11-06,Completed
111495,4559,2025-11-29,Completed
111496,4967,2024-12-19,Completed
111497,3252,2024-12-19,Completed
111498,3033,2024-12-19,Completed
111499,9492,2024-12-19,Completed
111500,9492,2025-01-29,Completed
111501,9492,2025-05-01,Completed
111502,101,2024-12-19,Completed
111503,101,2025-03-07,Completed
111504,11704,2024-12-19,Cancelled
111505,3157,2024-12-19,Completed
111506,2090,2024-12-19,Completed
111507,2090,2025-02-12,Completed
111508,10073,2024-12-19,Completed
111509,10073,2025-06-23,Completed
111510,11923,2024-12-19,Completed
111511,11923,2025-07-12,Completed
111512,11923,2025-09-05,Completed
111513,11923,2025-10-05,Completed
111514,6343,2024-12-19,Returned
111515,79,2024-12-19,Completed
111516,79,2025-03-10,Completed
111517,9744,2024-12-19,Completed
111518,4600,2024-12-19,Completed
111519,4600,2025-03-17,Completed
111520,11982,2024-12-19,Returned
111521,11982,2025-02-11,Completed
111522,11982,2025-07-09,Completed
111523,11982,2025-08-09,Completed
111524,7065,2024-12-19,Completed
111525,5604,2024-12-19,Completed
111526,5604,2025-01-11,Returned
111527,5604,2025-02-11,Returned
111528,5604,2025-05-19,Completed
111529,8813,2024-12-19,Completed
111530,8813,2025-04-07,Completed
111531,4798,2024-12-19,Returned
111532,4798,2025-01-11,Completed
111533,4798,2025-04-21,Completed
111534,4798,2025-06-14,Completed
111535,4798,2025-07-07,Returned
111536,2824,2024-12-19,Completed
111537,2919,2024-12-20,Returned
111538,2919,2025-04-25,Completed
111539,7736,2024-12-20,Completed
111540,2165,2024-12-20,Completed
111541,2165,2025-05-16,Completed
111542,2165,2025-06-25,Completed
111543,2165,2025-07-19,Completed
111544,2165,2025-09-20,Completed
111545,2165,2025-12-06,Completed
111546,1492,2024-12-20,Completed
111547,200,2024-12-20,Completed
111548,200,2025-01-17,Completed
111549,1022,2024-12-20,Completed
111550,1022,2025-07-31,Completed
111551,1022,2025-11-12,Completed
111552,3356,2024-12-20,Completed
111553,3950,2024-12-20,Completed
111554,3950,2025-04-05,Completed
111555,2880,2024-12-20,Completed
111556,2880,2025-01-20,Completed
111557,2780,2024-12-20,Completed
111558,6761,2024-12-20,Completed
111559,9676,2024-12-20,Completed
111560,9676,2025-01-13,Completed
111561,9676,2025-03-29,Completed
111562,9676,2025-05-25,Completed
111563,7155,2024-12-20,Returned
111564,2340,2024-12-20,Completed
111565,3286,2024-12-20,Returned
111566,3286,2025-02-13,Returned
111567,3286,2025-10-02,Returned
111568,3286,2025-12-11,Completed
111569,618,2024-12-20,Completed
111570,618,2025-01-18,Cancelled
111571,618,2025-05-18,Completed
111572,618,2025-06-20,Completed
111573,8942,2024-12-20,Completed
111574,8942,2025-08-15,Completed
111575,8942,2025-09-14,Returned
111576,8942,2025-10-10,Completed
111577,3153,2024-12-20,Completed
111578,3153,2025-01-26,Completed
111579,1095,2024-12-20,Completed
111580,1095,2025-01-19,Completed
111581,1095,2025-01-25,Completed
111582,1095,2025-02-11,Completed
111583,1095,2025-03-01,Completed
111584,1095,2025-03-06,Completed
111585,1095,2025-03-17,Completed
111586,1095,2025-03-21,Completed
111587,1095,2025-03-26,Returned
111588,1095,2025-04-01,Completed
111589,1095,2025-04-24,Completed
111590,1095,2025-04-27,Completed
111591,1095,2025-05-04,Completed
111592,1095,2025-05-07,Completed
111593,1095,2025-05-10,Completed
111594,1095,2025-05-21,Completed
111595,1095,2025-05-21,Completed
111596,1095,2025-06-02,Completed
111597,1095,2025-06-04,Completed
111598,1095,2025-07-01,Completed
111599,1095,2025-07-04,Completed
111600,1095,2025-07-10,Completed
111601,1095,2025-07-10,Completed
111602,1095,2025-07-27,Completed
111603,1095,2025-08-13,Completed
111604,1095,2025-08-22,Completed
111605,1095,2025-08-26,Completed
111606,1095,2025-08-28,Completed
111607,1095,2025-09-08,Completed
111608,1095,2025-09-16,Completed
111609,1095,2025-10-01,Completed
111610,1095,2025-10-05,Returned
111611,1095,2025-10-06,Completed
111612,1095,2025-10-19,Returned
111613,1095,2025-10-28,Completed
111614,1095,2025-11-06,Completed
111615,1095,2025-11-10,Completed
111616,1095,2025-11-11,Completed
111617,1095,2025-11-12,Completed
111618,1095,2025-12-13,Completed
111619,3784,2024-12-20,Completed
111620,3784,2025-04-24,Completed
111621,3784,2025-06-02,Completed
111622,2196,2024-12-21,Returned
111623,133,2024-12-21,Completed
111624,3695,2024-12-21,Completed
111625,4663,2024-12-21,Completed
111626,4044,2024-12-21,Completed
111627,4044,2025-04-13,Completed
111628,4044,2025-05-20,Completed
111629,7434,2024-12-21,Completed
111630,11583,2024-12-21,Completed
111631,665,2024-12-21,Returned
111632,10535,2024-12-21,Completed
111633,10535,2025-04-15,Completed
111634,2460,2024-12-21,Completed
111635,2460,2025-02-12,Completed
111636,2460,2025-03-21,Completed
111637,8066,2024-12-21,Completed
111638,2631,2024-12-21,Completed
111639,2631,2025-01-24,Completed
111640,2631,2025-03-02,Completed
111641,2631,2025-07-21,Completed
111642,2631,2025-08-23,Completed
111643,2751,2024-12-21,Completed
111644,2751,2025-04-24,Completed
111645,9013,2024-12-21,Completed
111646,9013,2025-04-21,Completed
111647,9013,2025-06-25,Returned
111648,9013,2025-09-17,Completed
111649,9013,2025-12-04,Completed
111650,9695,2024-12-21,Cancelled
111651,9695,2025-02-12,Completed
111652,9695,2025-05-28,Completed
111653,9695,2025-07-09,Returned
111654,9695,2025-10-22,Completed
111655,2685,2024-12-21,Completed
111656,2685,2025-02-28,Completed
111657,9001,2024-12-21,Completed
111658,9001,2025-01-17,Cancelled
111659,9001,2025-02-21,Completed
111660,9001,2025-04-06,Completed
111661,9001,2025-05-03,Completed
111662,9001,2025-06-07,Completed
111663,9001,2025-11-19,Completed
111664,11859,2024-12-21,Completed
111665,5502,2024-12-21,Completed
111666,5502,2025-01-27,Completed
111667,3395,2024-12-21,Returned
111668,1905,2024-12-21,Completed
111669,6419,2024-12-21,Completed
111670,6419,2025-03-12,Returned
111671,6638,2024-12-21,Completed
111672,7369,2024-12-21,Completed
111673,7851,2024-12-21,Completed
111674,7851,2025-01-22,Completed
111675,2124,2024-12-21,Completed
111676,2124,2025-03-19,Returned
111677,4712,2024-12-21,Completed
111678,4712,2025-02-03,Completed
111679,4712,2025-04-24,Completed
111680,4712,2025-05-30,Completed
111681,4712,2025-06-26,Completed
111682,11697,2024-12-21,Completed
111683,11697,2025-01-10,Completed
111684,11697,2025-03-14,Completed
111685,7611,2024-12-21,Completed
111686,11526,2024-12-21,Completed
111687,11526,2025-01-16,Completed
111688,11526,2025-02-25,Completed
111689,11526,2025-06-04,Completed
111690,11526,2025-08-05,Completed
111691,11526,2025-09-05,Completed
111692,4409,2024-12-22,Completed
111693,4409,2025-04-13,Completed
111694,10830,2024-12-22,Completed
111695,5247,2024-12-22,Cancelled
111696,2910,2024-12-22,Completed
111697,2910,2025-02-02,Completed
111698,6286,2024-12-22,Completed
111699,8977,2024-12-22,Completed
111700,8977,2025-02-24,Completed
111701,8977,2025-04-02,Completed
111702,3428,2024-12-22,Completed
111703,3428,2025-04-08,Completed
111704,3428,2025-10-26,Completed
111705,8394,2024-12-22,Returned
111706,10686,2024-12-22,Completed
111707,10686,2025-02-06,Completed
111708,6207,2024-12-22,Completed
111709,6207,2025-01-31,Completed
111710,6207,2025-02-18,Completed
111711,6207,2025-03-27,Completed
111712,6207,2025-06-03,Completed
111713,6207,2025-08-20,Completed
111714,9349,2024-12-22,Completed
111715,4780,2024-12-22,Completed
111716,4780,2025-03-17,Completed
111717,4780,2025-04-15,Completed
111718,2858,2024-12-22,Completed
111719,8062,2024-12-23,Completed
111720,9514,2024-12-23,Completed
111721,9514,2025-02-23,Returned
111722,1051,2024-12-23,Completed
111723,5619,2024-12-23,Returned
111724,5619,2025-01-21,Completed
111725,5619,2025-03-12,Completed
111726,5619,2025-04-02,Completed
111727,5619,2025-12-08,Completed
111728,7566,2024-12-23,Completed
111729,2094,2024-12-23,Completed
111730,2626,2024-12-23,Completed
111731,4295,2024-12-23,Completed
111732,4295,2025-04-17,Completed
111733,1660,2024-12-23,Returned
111734,654,2024-12-23,Completed
111735,654,2025-02-15,Completed
111736,4752,2024-12-23,Completed
111737,9061,2024-12-23,Cancelled
111738,9061,2025-03-19,Cancelled
111739,1485,2024-12-23,Completed
111740,1485,2025-06-09,Returned
111741,11275,2024-12-23,Returned
111742,11275,2025-01-30,Completed
111743,7057,2024-12-23,Completed
111744,6669,2024-12-23,Completed
111745,6669,2025-01-14,Completed
111746,6669,2025-04-20,Completed
111747,9772,2024-12-23,Completed
111748,9772,2025-01-20,Completed
111749,9772,2025-03-16,Completed
111750,4315,2024-12-23,Completed
111751,4315,2025-04-30,Cancelled
111752,4315,2025-06-03,Completed
111753,4315,2025-07-12,Completed
111754,8692,2024-12-23,Completed
111755,8692,2025-04-11,Completed
111756,8692,2025-06-18,Returned
111757,7167,2024-12-23,Completed
111758,9144,2024-12-24,Completed
111759,2138,2024-12-24,Completed
111760,2138,2025-01-15,Completed
111761,2138,2025-02-18,Completed
111762,2138,2025-05-30,Completed
111763,4107,2024-12-24,Completed
111764,4107,2025-04-28,Cancelled
111765,4107,2025-05-29,Returned
111766,4107,2025-07-06,Returned
111767,3423,2024-12-24,Completed
111768,3423,2025-03-23,Completed
111769,6708,2024-12-24,Cancelled
111770,6970,2024-12-24,Completed
111771,6970,2025-01-29,Completed
111772,6970,2025-04-25,Completed
111773,1334,2024-12-24,Completed
111774,1334,2025-03-04,Completed
111775,1334,2025-05-08,Completed
111776,561,2024-12-24,Completed
111777,561,2025-04-15,Completed
111778,4287,2024-12-24,Completed
111779,4287,2025-03-09,Completed
111780,4287,2025-08-28,Completed
111781,4287,2025-09-10,Completed
111782,7276,2024-12-24,Completed
111783,7276,2025-08-18,Completed
111784,7276,2025-09-19,Completed
111785,3977,2024-12-24,Completed
111786,6335,2024-12-24,Returned
111787,6335,2025-02-16,Completed
111788,619,2024-12-24,Returned
111789,619,2025-02-03,Completed
111790,10430,2024-12-24,Returned
111791,11376,2024-12-24,Completed
111792,9820,2024-12-24,Completed
111793,9820,2025-04-29,Completed
111794,2655,2024-12-24,Completed
111795,2655,2025-01-23,Completed
111796,3530,2024-12-24,Completed
111797,3530,2025-01-20,Completed
111798,3530,2025-03-24,Completed
111799,3530,2025-04-21,Completed
111800,3530,2025-05-27,Completed
111801,3530,2025-11-27,Completed
111802,9481,2024-12-24,Completed
111803,9481,2025-02-15,Completed
111804,9481,2025-03-08,Completed
111805,2500,2024-12-24,Completed
111806,2500,2025-02-06,Completed
111807,9985,2024-12-24,Completed
111808,11338,2024-12-24,Completed
111809,2344,2024-12-25,Completed
111810,3947,2024-12-25,Completed
111811,3947,2025-05-16,Completed
111812,3947,2025-07-15,Completed
111813,3947,2025-10-17,Completed
111814,9866,2024-12-25,Completed
111815,9866,2025-02-28,Completed
111816,9866,2025-10-03,Completed
111817,3329,2024-12-25,Completed
111818,6306,2024-12-25,Completed
111819,2312,2024-12-25,Completed
111820,5524,2024-12-25,Completed
111821,5006,2024-12-25,Returned
111822,11480,2024-12-25,Completed
111823,11398,2024-12-25,Completed
111824,11398,2025-02-26,Cancelled
111825,6021,2024-12-25,Returned
111826,6021,2025-01-17,Completed
111827,83,2024-12-25,Completed
111828,83,2025-05-04,Returned
111829,83,2025-06-10,Completed
111830,83,2025-08-12,Returned
111831,11137,2024-12-25,Completed
111832,9477,2024-12-25,Completed
111833,9477,2025-01-26,Completed
111834,9477,2025-06-13,Completed
111835,9477,2025-08-23,Returned
111836,4471,2024-12-25,Completed
111837,3303,2024-12-25,Completed
111838,2708,2024-12-26,Completed
111839,14,2024-12-26,Completed
111840,14,2025-03-23,Completed
111841,14,2025-10-12,Completed
111842,14,2025-11-07,Cancelled
111843,4595,2024-12-26,Completed
111844,4595,2025-06-08,Completed
111845,4595,2025-08-29,Completed
111846,4595,2025-11-23,Completed
111847,1257,2024-12-26,Completed
111848,1257,2025-09-13,Completed
111849,5357,2024-12-26,Completed
111850,1466,2024-12-26,Completed
111851,1466,2025-01-30,Completed
111852,10061,2024-12-26,Completed
111853,10061,2025-02-02,Completed
111854,10061,2025-05-07,Cancelled
111855,10061,2025-09-09,Completed
111856,10061,2025-10-16,Returned
111857,7683,2024-12-26,Completed
111858,10661,2024-12-26,Completed
111859,4423,2024-12-26,Completed
111860,4423,2025-05-02,Completed
111861,5796,2024-12-26,Completed
111862,4292,2024-12-26,Returned
111863,9523,2024-12-26,Completed
111864,9523,2025-03-15,Completed
111865,420,2024-12-26,Completed
111866,9285,2024-12-26,Completed
111867,8503,2024-12-26,Completed
111868,969,2024-12-26,Completed
111869,969,2025-03-02,Completed
111870,969,2025-05-10,Completed
111871,969,2025-06-20,Completed
111872,969,2025-08-24,Completed
111873,6550,2024-12-26,Returned
111874,11675,2024-12-26,Completed
111875,11675,2025-02-19,Completed
111876,11675,2025-03-12,Returned
111877,11675,2025-04-20,Completed
111878,11675,2025-08-18,Completed
111879,11533,2024-12-27,Returned
111880,11533,2025-03-02,Completed
111881,11533,2025-07-06,Completed
111882,11533,2025-11-02,Completed
111883,11533,2025-11-20,Completed
111884,10932,2024-12-27,Completed
111885,10932,2025-03-02,Completed
111886,6087,2024-12-27,Completed
111887,6087,2025-01-24,Completed
111888,5745,2024-12-27,Cancelled
111889,5745,2025-01-15,Completed
111890,5745,2025-05-30,Completed
111891,475,2024-12-27,Completed
111892,475,2025-02-27,Completed
111893,9166,2024-12-27,Returned
111894,11600,2024-12-27,Completed
111895,2635,2024-12-27,Completed
111896,2510,2024-12-27,Completed
111897,2510,2025-04-18,Completed
111898,8016,2024-12-27,Completed
111899,6452,2024-12-27,Completed
111900,11289,2024-12-27,Returned
111901,11289,2025-01-31,Completed
111902,11289,2025-04-04,Completed
111903,2812,2024-12-27,Completed
111904,2812,2025-04-12,Completed
111905,2812,2025-05-10,Completed
111906,9317,2024-12-27,Completed
111907,9317,2025-05-10,Returned
111908,9712,2024-12-27,Completed
111909,4952,2024-12-27,Completed
111910,4952,2025-03-08,Returned
111911,4952,2025-07-03,Returned
111912,4952,2025-08-29,Completed
111913,4952,2025-10-02,Cancelled
111914,4952,2025-11-21,Completed
111915,542,2024-12-27,Returned
111916,542,2025-03-05,Completed
111917,542,2025-04-09,Returned
111918,542,2025-05-04,Completed
111919,542,2025-09-14,Completed
111920,7041,2024-12-27,Returned
111921,7682,2024-12-27,Completed
111922,7682,2025-03-12,Completed
111923,5249,2024-12-27,Completed
111924,5249,2025-05-04,Completed
111925,8819,2024-12-28,Completed
111926,8819,2025-06-23,Completed
111927,8819,2025-07-15,Completed
111928,10767,2024-12-28,Completed
111929,10767,2025-01-23,Completed
111930,8118,2024-12-28,Completed
111931,8118,2025-01-25,Completed
111932,8118,2025-02-19,Completed
111933,8118,2025-04-25,Completed
111934,8118,2025-05-16,Completed
111935,8118,2025-06-18,Completed
111936,8118,2025-08-08,Completed
111937,8118,2025-09-02,Completed
111938,8118,2025-10-13,Completed
111939,8118,2025-11-30,Completed
111940,4843,2024-12-28,Completed
111941,5891,2024-12-28,Returned
111942,5891,2025-01-25,Completed
111943,11160,2024-12-28,Completed
111944,6953,2024-12-28,Completed
111945,6953,2025-02-05,Completed
111946,6953,2025-05-21,Completed
111947,6953,2025-12-23,Completed
111948,6372,2024-12-28,Completed
111949,6372,2025-02-17,Completed
111950,6372,2025-06-13,Completed
111951,6372,2025-07-07,Completed
111952,6372,2025-08-04,Completed
111953,6372,2025-08-30,Completed
111954,6372,2025-11-05,Completed
111955,4549,2024-12-28,Completed
111956,3470,2024-12-28,Completed
111957,7516,2024-12-28,Completed
111958,2964,2024-12-28,Completed
111959,6244,2024-12-28,Completed
111960,6244,2025-02-24,Returned
111961,7897,2024-12-28,Completed
111962,7897,2025-03-16,Completed
111963,7897,2025-07-09,Completed
111964,339,2024-12-28,Completed
111965,2682,2024-12-28,Completed
111966,10464,2024-12-28,Completed
111967,10464,2025-01-31,Completed
111968,148,2024-12-28,Completed
111969,6030,2024-12-28,Completed
111970,6030,2025-02-23,Completed
111971,6177,2024-12-28,Completed
111972,7624,2024-12-28,Completed
111973,7624,2025-07-18,Completed
111974,7624,2025-12-30,Completed
111975,10267,2024-12-28,Returned
111976,6260,2024-12-28,Completed
111977,6260,2025-01-22,Completed
111978,11091,2024-12-28,Completed
111979,4256,2024-12-28,Completed
111980,1264,2024-12-28,Completed
111981,1264,2025-02-22,Completed
111982,1264,2025-03-17,Completed
111983,1264,2025-04-30,Completed
111984,377,2024-12-28,Returned
111985,377,2025-02-04,Completed
111986,377,2025-04-06,Returned
111987,377,2025-04-30,Completed
111988,377,2025-06-09,Cancelled
111989,377,2025-08-02,Completed
111990,377,2025-08-25,Returned
111991,3367,2024-12-28,Completed
111992,3856,2024-12-28,Completed
111993,883,2024-12-29,Completed
111994,3794,2024-12-29,Completed
111995,2319,2024-12-29,Completed
111996,5743,2024-12-29,Completed
111997,8121,2024-12-29,Completed
111998,8121,2025-03-01,Completed
111999,8121,2025-05-16,Completed
112000,10954,2024-12-29,Completed
112001,10954,2025-03-22,Completed
112002,10954,2025-06-25,Completed
112003,10954,2025-07-29,Completed
112004,10954,2025-09-11,Completed
112005,10604,2024-12-29,Completed
112006,10604,2025-02-01,Completed
112007,1153,2024-12-29,Completed
112008,2744,2024-12-29,Cancelled
112009,4366,2024-12-29,Completed
112010,4366,2025-01-31,Completed
112011,2246,2024-12-29,Completed
112012,2246,2025-01-16,Completed
112013,2246,2025-02-05,Completed
112014,8489,2024-12-29,Completed
112015,8489,2025-03-03,Completed
112016,8489,2025-04-01,Completed
112017,8489,2025-08-02,Completed
112018,8489,2025-08-18,Returned
112019,4976,2024-12-29,Completed
112020,4976,2025-03-02,Completed
112021,4976,2025-06-20,Completed
112022,4976,2025-08-21,Completed
112023,2517,2024-12-29,Completed
112024,2517,2025-09-12,Returned
112025,2517,2025-10-19,Completed
112026,3843,2024-12-29,Completed
112027,3843,2025-02-24,Returned
112028,8875,2024-12-29,Completed
112029,8129,2024-12-29,Completed
112030,8129,2025-02-04,Completed
112031,8129,2025-03-12,Completed
112032,5589,2024-12-29,Completed
112033,5589,2025-02-25,Completed
112034,5589,2025-03-30,Completed
112035,7053,2024-12-29,Completed
112036,6824,2024-12-29,Completed
112037,6824,2025-01-22,Completed
112038,6824,2025-03-22,Completed
112039,6824,2025-04-27,Completed
112040,6824,2025-08-14,Completed
112041,6824,2025-09-07,Returned
112042,5483,2024-12-29,Completed
112043,1433,2024-12-29,Completed
112044,1433,2025-01-27,Completed
112045,3173,2024-12-29,Completed
112046,3173,2025-08-31,Completed
112047,750,2024-12-29,Completed
112048,4390,2024-12-30,Completed
112049,2399,2024-12-30,Completed
112050,1037,2024-12-30,Completed
112051,4427,2024-12-30,Completed
112052,3733,2024-12-30,Completed
112053,4931,2024-12-30,Completed
112054,11304,2024-12-30,Completed
112055,3317,2024-12-30,Completed
112056,2439,2024-12-30,Completed
112057,3269,2024-12-30,Completed
112058,6275,2024-12-30,Completed
112059,6275,2025-03-15,Completed
112060,1093,2024-12-30,Completed
112061,11333,2024-12-30,Completed
112062,4229,2024-12-30,Completed
112063,4229,2025-04-08,Completed
112064,4229,2025-09-28,Completed
112065,8855,2024-12-30,Completed
112066,9496,2024-12-30,Completed
112067,2859,2024-12-30,Completed
112068,2859,2025-03-05,Completed
112069,2859,2025-04-17,Completed
112070,2859,2025-05-11,Completed
112071,9836,2024-12-30,Completed
112072,3815,2024-12-30,Returned
112073,3815,2025-02-03,Completed
112074,11723,2024-12-30,Completed
112075,11584,2024-12-30,Returned
112076,11584,2025-01-30,Completed
112077,11584,2025-03-10,Completed
112078,11688,2024-12-30,Cancelled
112079,11688,2025-04-10,Completed
112080,11688,2025-05-16,Completed
112081,11688,2025-07-23,Completed
112082,11688,2025-10-05,Completed
112083,2599,2024-12-30,Returned
112084,9798,2024-12-30,Completed
112085,9798,2025-01-23,Completed
112086,9798,2025-02-27,Completed
112087,9798,2025-03-21,Completed
112088,8117,2024-12-30,Completed
112089,151,2024-12-30,Completed
112090,151,2025-02-05,Completed
112091,151,2025-06-12,Completed
112092,9813,2024-12-31,Cancelled
112093,9813,2025-02-06,Completed
112094,9813,2025-02-26,Completed
112095,9813,2025-11-05,Completed
112096,9813,2025-12-14,Completed
112097,5622,2024-12-31,Completed
112098,5622,2025-01-24,Completed
112099,4486,2024-12-31,Completed
112100,1731,2024-12-31,Completed
112101,1731,2025-02-05,Completed
112102,1731,2025-03-05,Returned
112103,8661,2024-12-31,Completed
112104,8661,2025-03-13,Completed
112105,7338,2024-12-31,Completed
112106,7338,2025-01-21,Cancelled
112107,5623,2024-12-31,Returned
112108,11344,2024-12-31,Completed
112109,11344,2025-02-28,Completed
112110,11344,2025-04-11,Completed
112111,7030,2024-12-31,Completed
112112,7030,2025-05-07,Completed
112113,7030,2025-06-07,Completed
112114,7030,2025-07-03,Completed
112115,7030,2025-08-04,Completed
112116,6100,2024-12-31,Completed
112117,6100,2025-04-17,Completed
112118,6100,2025-05-27,Completed
112119,6100,2025-08-17,Completed
112120,10162,2024-12-31,Completed
112121,5432,2024-12-31,Completed
112122,8268,2024-12-31,Completed
112123,8268,2025-02-01,Completed
112124,525,2024-12-31,Completed
112125,525,2025-03-14,Completed
112126,6759,2024-12-31,Completed
112127,6759,2025-01-23,Completed
112128,6759,2025-03-24,Completed
112129,6759,2025-04-26,Completed
112130,6759,2025-07-21,Completed
112131,6759,2025-08-23,Completed
112132,6759,2025-10-16,Completed
112133,2034,2024-12-31,Cancelled
112134,2034,2025-03-06,Completed
112135,2034,2025-03-27,Completed
112136,1987,2024-12-31,Completed
112137,1987,2025-04-05,Completed
112138,1987,2025-05-31,Completed
112139,1987,2025-08-21,Completed
112140,1987,2025-11-24,Completed
112141,8475,2024-12-31,Completed
112142,8475,2025-01-28,Completed
112143,8475,2025-02-27,Completed
112144,8475,2025-05-13,Completed
112145,8475,2025-07-05,Completed
112146,990,2024-12-31,Completed
112147,990,2025-07-31,Completed
112148,990,2025-09-02,Returned
112149,2629,2024-12-31,Completed
112150,2629,2025-02-04,Completed
112151,3642,2024-12-31,Completed
112152,9932,2024-12-31,Completed
112153,9932,2025-02-15,Completed
112154,892,2024-12-31,Completed
112155,9482,2024-12-31,Completed
112156,6341,2024-12-31,Completed
112157,6341,2025-04-19,Completed
112158,9334,2024-12-31,Completed
112159,11197,2024-12-31,Completed
112160,11197,2025-02-26,Completed
112161,11197,2025-05-07,Completed
112162,10408,2024-12-31,Completed
112163,10408,2025-02-01,Completed
112164,10408,2025-04-24,Completed
112165,2117,2024-12-31,Completed
112166,2117,2025-05-09,Completed
112167,2117,2025-06-25,Completed
112168,2117,2025-12-19,Completed
112169,9500,2025-01-01,Completed
112170,1576,2025-01-01,Completed
112171,116,2025-01-01,Returned
112172,116,2025-07-13,Completed
112173,116,2025-09-27,Completed
112174,116,2025-11-25,Completed
112175,8037,2025-01-01,Completed
112176,10416,2025-01-01,Completed
112177,7252,2025-01-01,Completed
112178,7252,2025-03-12,Completed
112179,7252,2025-04-03,Completed
112180,7252,2025-05-24,Completed
112181,7252,2025-07-24,Completed
112182,7252,2025-10-22,Completed
112183,9922,2025-01-01,Completed
112184,9922,2025-03-13,Completed
112185,9922,2025-05-18,Completed
112186,9922,2025-06-12,Completed
112187,9922,2025-08-18,Returned
112188,1562,2025-01-01,Completed
112189,1562,2025-02-08,Completed
112190,1562,2025-04-07,Completed
112191,1562,2025-06-18,Completed
112192,1562,2025-07-13,Cancelled
112193,1562,2025-09-25,Completed
112194,1562,2025-10-15,Cancelled
112195,1562,2025-12-20,Completed
112196,2315,2025-01-01,Completed
112197,5259,2025-01-01,Completed
112198,9162,2025-01-01,Completed
112199,8521,2025-01-01,Completed
112200,7675,2025-01-02,Returned
112201,2427,2025-01-02,Completed
112202,8382,2025-01-02,Completed
112203,8382,2025-01-21,Completed
112204,8382,2025-02-21,Completed
112205,8382,2025-06-07,Completed
112206,8382,2025-07-23,Cancelled
112207,4069,2025-01-02,Completed
112208,4069,2025-03-04,Completed
112209,4069,2025-04-30,Completed
112210,4069,2025-06-02,Completed
112211,4069,2025-10-01,Completed
112212,4069,2025-11-28,Completed
112213,10442,2025-01-02,Completed
112214,10442,2025-05-20,Completed
112215,10442,2025-09-02,Completed
112216,10442,2025-09-20,Completed
112217,7894,2025-01-02,Completed
112218,7894,2025-01-21,Returned
112219,7894,2025-03-31,Completed
112220,7894,2025-05-22,Completed
112221,2417,2025-01-02,Returned
112222,6726,2025-01-02,Completed
112223,10159,2025-01-02,Completed
112224,10159,2025-04-09,Completed
112225,10159,2025-06-19,Completed
112226,10159,2025-10-10,Completed
112227,10159,2025-11-13,Completed
112228,9419,2025-01-02,Completed
112229,9419,2025-03-12,Completed
112230,10852,2025-01-02,Completed
112231,9701,2025-01-02,Completed
112232,9701,2025-03-05,Completed
112233,6825,2025-01-02,Completed
112234,6825,2025-02-28,Completed
112235,6830,2025-01-02,Completed
112236,6830,2025-01-20,Completed
112237,6830,2025-06-26,Completed
112238,6830,2025-09-23,Completed
112239,4016,2025-01-02,Completed
112240,4016,2025-02-26,Completed
112241,4016,2025-09-24,Returned
112242,4016,2025-11-21,Completed
112243,3188,2025-01-02,Completed
112244,3188,2025-02-23,Completed
112245,3188,2025-04-23,Completed
112246,3188,2025-07-09,Completed
112247,3188,2025-08-04,Completed
112248,257,2025-01-03,Returned
112249,257,2025-06-21,Completed
112250,257,2025-08-21,Completed
112251,917,2025-01-03,Completed
112252,917,2025-01-28,Completed
112253,208,2025-01-03,Completed
112254,3680,2025-01-03,Completed
112255,3680,2025-02-08,Completed
112256,3680,2025-07-04,Completed
112257,5703,2025-01-03,Completed
112258,5703,2025-01-29,Completed
112259,5703,2025-04-05,Completed
112260,9190,2025-01-03,Completed
112261,9190,2025-03-06,Completed
112262,9190,2025-04-03,Completed
112263,9190,2025-05-05,Completed
112264,11219,2025-01-03,Completed
112265,2024,2025-01-03,Completed
112266,2024,2025-03-13,Completed
112267,2024,2025-04-10,Completed
112268,2024,2025-08-07,Completed
112269,2024,2025-10-26,Completed
112270,4165,2025-01-03,Completed
112271,11525,2025-01-03,Completed
112272,11525,2025-02-10,Completed
112273,11525,2025-03-04,Completed
112274,11525,2025-05-07,Completed
112275,11525,2025-08-11,Completed
112276,11525,2025-10-17,Completed
112277,2247,2025-01-03,Completed
112278,2247,2025-01-20,Completed
112279,2247,2025-01-23,Completed
112280,2247,2025-02-07,Completed
112281,2247,2025-02-14,Completed
112282,2247,2025-04-02,Completed
112283,2247,2025-04-16,Completed
112284,2247,2025-05-10,Completed
112285,2247,2025-05-24,Completed
112286,2247,2025-05-30,Completed
112287,2247,2025-05-30,Completed
112288,2247,2025-06-14,Completed
112289,2247,2025-06-19,Completed
112290,2247,2025-07-06,Completed
112291,2247,2025-07-11,Completed
112292,2247,2025-07-28,Completed
112293,2247,2025-08-02,Completed
112294,2247,2025-08-04,Completed
112295,2247,2025-08-05,Completed
112296,2247,2025-08-05,Completed
112297,2247,2025-08-05,Completed
112298,2247,2025-08-07,Completed
112299,2247,2025-08-09,Returned
112300,2247,2025-08-23,Completed
112301,2247,2025-10-14,Completed
112302,2247,2025-11-07,Completed
112303,2247,2025-11-11,Completed
112304,2247,2025-11-19,Completed
112305,2247,2025-11-26,Completed
112306,2247,2025-11-27,Completed
112307,2247,2025-12-21,Completed
112308,2247,2025-12-22,Completed
112309,69,2025-01-03,Completed
112310,86,2025-01-03,Completed
112311,6390,2025-01-03,Completed
112312,6390,2025-04-11,Returned
112313,2637,2025-01-03,Completed
112314,9304,2025-01-04,Completed
112315,1966,2025-01-04,Completed
112316,1966,2025-03-29,Completed
112317,11689,2025-01-04,Completed
112318,9694,2025-01-04,Completed
112319,9694,2025-03-30,Completed
112320,7593,2025-01-04,Completed
112321,7593,2025-03-12,Completed
112322,7593,2025-04-17,Completed
112323,7593,2025-07-15,Completed
112324,7593,2025-08-10,Returned
112325,1289,2025-01-04,Completed
112326,5039,2025-01-04,Completed
112327,5039,2025-04-06,Completed
112328,1209,2025-01-04,Completed
112329,4368,2025-01-04,Completed
112330,6964,2025-01-04,Returned
112331,6964,2025-03-13,Completed
112332,1674,2025-01-04,Completed
112333,1674,2025-04-26,Completed
112334,1674,2025-06-28,Completed
112335,1674,2025-07-24,Completed
112336,1674,2025-09-16,Returned
112337,10669,2025-01-04,Completed
112338,3677,2025-01-04,Completed
112339,3677,2025-01-31,Completed
112340,418,2025-01-04,Completed
112341,418,2025-02-01,Completed
112342,418,2025-03-09,Completed
112343,2908,2025-01-04,Completed
112344,2908,2025-01-27,Completed
112345,2908,2025-05-03,Completed
112346,2908,2025-07-24,Returned
112347,4450,2025-01-04,Completed
112348,710,2025-01-04,Completed
112349,8964,2025-01-05,Completed
112350,8964,2025-05-26,Returned
112351,11195,2025-01-05,Completed
112352,11195,2025-02-02,Returned
112353,11195,2025-02-14,Returned
112354,11195,2025-03-24,Completed
112355,9574,2025-01-05,Completed
112356,5558,2025-01-05,Completed
112357,2157,2025-01-05,Completed
112358,5293,2025-01-05,Completed
112359,5293,2025-03-10,Completed
112360,8081,2025-01-05,Completed
112361,9064,2025-01-05,Completed
112362,9064,2025-01-24,Completed
112363,9064,2025-06-15,Completed
112364,6052,2025-01-05,Cancelled
112365,6052,2025-04-03,Completed
112366,6052,2025-05-16,Completed
112367,1817,2025-01-06,Completed
112368,1817,2025-06-04,Completed
112369,1817,2025-07-14,Completed
112370,1817,2025-12-12,Completed
112371,2452,2025-01-06,Completed
112372,9346,2025-01-06,Completed
112373,10219,2025-01-06,Completed
112374,10219,2025-03-22,Completed
112375,10219,2025-11-24,Completed
112376,3895,2025-01-06,Completed
112377,7203,2025-01-06,Completed
112378,7203,2025-02-12,Completed
112379,7203,2025-03-24,Completed
112380,7203,2025-06-28,Completed
112381,7203,2025-07-17,Completed
112382,1134,2025-01-06,Returned
112383,10210,2025-01-06,Completed
112384,10210,2025-04-18,Completed
112385,10210,2025-05-08,Completed
112386,1335,2025-01-06,Returned
112387,7995,2025-01-06,Completed
112388,4716,2025-01-06,Completed
112389,4716,2025-06-19,Completed
112390,11880,2025-01-06,Completed
112391,11880,2025-04-10,Completed
112392,10017,2025-01-06,Completed
112393,10017,2025-09-15,Completed
112394,10017,2025-12-06,Completed
112395,4528,2025-01-07,Completed
112396,514,2025-01-07,Completed
112397,1357,2025-01-07,Completed
112398,1357,2025-12-14,Completed
112399,1266,2025-01-07,Completed
112400,11127,2025-01-07,Completed
112401,11243,2025-01-07,Completed
112402,11243,2025-05-28,Completed
112403,10691,2025-01-07,Completed
112404,409,2025-01-07,Completed
112405,9666,2025-01-07,Returned
112406,5269,2025-01-07,Completed
112407,37,2025-01-07,Completed
112408,37,2025-03-11,Completed
112409,11220,2025-01-07,Completed
112410,11220,2025-01-26,Completed
112411,3341,2025-01-08,Completed
112412,289,2025-01-08,Completed
112413,289,2025-02-19,Completed
112414,6045,2025-01-08,Completed
112415,9040,2025-01-08,Completed
112416,7705,2025-01-08,Completed
112417,7705,2025-05-09,Completed
112418,7705,2025-06-02,Completed
112419,7044,2025-01-08,Completed
112420,8686,2025-01-08,Completed
112421,8686,2025-03-12,Completed
112422,8686,2025-04-09,Completed
112423,8686,2025-06-01,Completed
112424,8686,2025-07-30,Completed
112425,5841,2025-01-08,Completed
112426,5841,2025-04-06,Completed
112427,10211,2025-01-08,Completed
112428,10211,2025-02-19,Completed
112429,239,2025-01-09,Completed
112430,11786,2025-01-09,Completed
112431,11786,2025-03-04,Completed
112432,11786,2025-03-22,Returned
112433,11786,2025-05-20,Completed
112434,11786,2025-07-13,Completed
112435,11786,2025-10-22,Completed
112436,7062,2025-01-09,Completed
112437,46,2025-01-09,Completed
112438,46,2025-05-13,Completed
112439,46,2025-06-26,Completed
112440,46,2025-09-01,Completed
112441,46,2025-12-02,Completed
112442,4083,2025-01-09,Completed
112443,3665,2025-01-09,Completed
112444,1317,2025-01-09,Completed
112445,1317,2025-02-16,Completed
112446,1317,2025-03-08,Completed
112447,1317,2025-04-05,Completed
112448,1317,2025-05-04,Completed
112449,1317,2025-06-26,Returned
112450,1317,2025-11-23,Completed
112451,4491,2025-01-09,Completed
112452,4491,2025-02-27,Completed
112453,6252,2025-01-09,Completed
112454,6252,2025-02-02,Completed
112455,6252,2025-03-11,Completed
112456,6252,2025-05-13,Completed
112457,6252,2025-08-26,Completed
112458,6252,2025-09-06,Completed
112459,6252,2025-10-08,Completed
112460,6252,2025-12-01,Completed
112461,5162,2025-01-09,Completed
112462,5162,2025-02-02,Completed
112463,5162,2025-04-16,Completed
112464,7967,2025-01-09,Completed
112465,8684,2025-01-10,Cancelled
112466,8684,2025-03-02,Completed
112467,4142,2025-01-10,Completed
112468,6878,2025-01-10,Returned
112469,6878,2025-04-30,Completed
112470,6878,2025-06-26,Returned
112471,10994,2025-01-10,Completed
112472,10994,2025-01-30,Returned
112473,10994,2025-02-28,Completed
112474,10994,2025-10-05,Completed
112475,10434,2025-01-10,Completed
112476,10434,2025-03-11,Completed
112477,10434,2025-04-13,Completed
112478,10434,2025-05-31,Completed
112479,6999,2025-01-10,Completed
112480,6999,2025-05-19,Returned
112481,6999,2025-06-05,Completed
112482,6999,2025-07-20,Completed
112483,6999,2025-08-20,Completed
112484,8241,2025-01-10,Completed
112485,7311,2025-01-10,Completed
112486,7311,2025-02-20,Completed
112487,7311,2025-05-20,Cancelled
112488,7311,2025-12-06,Completed
112489,10398,2025-01-10,Completed
112490,10398,2025-04-18,Completed
112491,7379,2025-01-10,Completed
112492,3905,2025-01-10,Completed
112493,3905,2025-03-15,Completed
112494,3905,2025-07-17,Completed
112495,5428,2025-01-10,Completed
112496,5428,2025-02-08,Completed
112497,5428,2025-03-09,Completed
112498,5428,2025-08-04,Completed
112499,5428,2025-09-02,Returned
112500,5428,2025-10-29,Completed
112501,5428,2025-11-29,Completed
112502,351,2025-01-10,Completed
112503,351,2025-04-02,Completed
112504,3322,2025-01-10,Completed
112505,3322,2025-03-30,Completed
112506,2494,2025-01-10,Returned
112507,2494,2025-01-27,Completed
112508,3713,2025-01-11,Completed
112509,3713,2025-04-09,Returned
112510,3713,2025-06-16,Completed
112511,3713,2025-08-11,Completed
112512,3713,2025-09-18,Completed
112513,3713,2025-10-16,Completed
112514,3713,2025-11-13,Completed
112515,3713,2025-12-12,Completed
112516,5210,2025-01-11,Completed
112517,5210,2025-03-02,Completed
112518,5210,2025-06-01,Completed
112519,5210,2025-07-05,Completed
112520,5210,2025-07-30,Completed
112521,5210,2025-10-15,Completed
112522,5210,2025-11-12,Completed
112523,5210,2025-12-17,Completed
112524,1077,2025-01-11,Returned
112525,1077,2025-03-17,Completed
112526,1077,2025-06-12,Completed
112527,1077,2025-08-26,Completed
112528,1077,2025-10-28,Completed
112529,1077,2025-11-25,Completed
112530,4411,2025-01-11,Completed
112531,4411,2025-03-07,Completed
112532,2203,2025-01-11,Completed
112533,3271,2025-01-11,Completed
112534,11205,2025-01-11,Completed
112535,10675,2025-01-11,Completed
112536,10675,2025-03-02,Completed
112537,10675,2025-03-29,Completed
112538,10675,2025-05-02,Completed
112539,10675,2025-09-03,Completed
112540,10675,2025-12-29,Completed
112541,10741,2025-01-12,Completed
112542,4098,2025-01-12,Completed
112543,4098,2025-08-16,Completed
112544,4098,2025-11-11,Completed
112545,4098,2025-12-10,Completed
112546,3647,2025-01-12,Completed
112547,3647,2025-03-28,Completed
112548,106,2025-01-12,Completed
112549,106,2025-07-23,Completed
112550,106,2025-08-24,Completed
112551,106,2025-10-26,Completed
112552,8335,2025-01-12,Returned
112553,8335,2025-04-05,Completed
112554,8335,2025-04-25,Completed
112555,8586,2025-01-12,Completed
112556,1392,2025-01-12,Completed
112557,1392,2025-02-04,Completed
112558,10518,2025-01-12,Completed
112559,10518,2025-02-02,Completed
112560,1219,2025-01-12,Completed
112561,1219,2025-03-27,Completed
112562,1219,2025-04-20,Completed
112563,1219,2025-09-02,Completed
112564,9351,2025-01-12,Completed
112565,163,2025-01-12,Completed
112566,163,2025-04-04,Completed
112567,163,2025-07-16,Completed
112568,2275,2025-01-12,Completed
112569,2275,2025-02-18,Completed
112570,2275,2025-03-09,Returned
112571,2275,2025-03-28,Completed
112572,2275,2025-08-09,Completed
112573,2275,2025-09-07,Completed
112574,3478,2025-01-12,Completed
112575,3478,2025-03-14,Completed
112576,3478,2025-06-06,Completed
112577,3478,2025-07-09,Completed
112578,3478,2025-07-29,Returned
112579,3478,2025-09-03,Completed
112580,6848,2025-01-12,Completed
112581,6848,2025-03-11,Completed
112582,6950,2025-01-12,Completed
112583,7538,2025-01-12,Completed
112584,7538,2025-03-16,Completed
112585,397,2025-01-12,Returned
112586,397,2025-03-19,Completed
112587,2838,2025-01-12,Completed
112588,2838,2025-03-13,Completed
112589,2838,2025-05-02,Completed
112590,2838,2025-06-17,Completed
112591,10435,2025-01-12,Completed
112592,10435,2025-02-20,Completed
112593,10435,2025-06-26,Completed
112594,10435,2025-07-26,Completed
112595,10435,2025-08-14,Completed
112596,10435,2025-09-10,Completed
112597,5454,2025-01-13,Completed
112598,5454,2025-07-30,Completed
112599,5454,2025-09-08,Completed
112600,5454,2025-09-27,Completed
112601,10862,2025-01-13,Completed
112602,10862,2025-02-09,Completed
112603,10862,2025-03-13,Completed
112604,10862,2025-04-21,Completed
112605,10862,2025-07-17,Completed
112606,10862,2025-08-21,Completed
112607,5295,2025-01-13,Completed
112608,5295,2025-02-22,Completed
112609,6062,2025-01-13,Completed
112610,6062,2025-05-03,Completed
112611,6062,2025-05-31,Completed
112612,6062,2025-10-27,Cancelled
112613,4624,2025-01-13,Completed
112614,4624,2025-04-19,Completed
112615,4624,2025-05-16,Completed
112616,4624,2025-09-01,Completed
112617,4624,2025-10-21,Completed
112618,4624,2025-11-15,Completed
112619,4624,2025-12-18,Completed
112620,2181,2025-01-13,Completed
112621,720,2025-01-13,Completed
112622,11122,2025-01-13,Returned
112623,11122,2025-02-08,Returned
112624,11122,2025-05-10,Completed
112625,869,2025-01-13,Completed
112626,10074,2025-01-13,Completed
112627,10074,2025-05-19,Completed
112628,5953,2025-01-13,Completed
112629,5953,2025-02-04,Completed
112630,5953,2025-03-17,Completed
112631,10690,2025-01-13,Completed
112632,10690,2025-02-07,Returned
112633,10690,2025-03-23,Completed
112634,10690,2025-08-15,Cancelled
112635,10690,2025-10-18,Completed
112636,10690,2025-11-22,Completed
112637,943,2025-01-13,Completed
112638,10400,2025-01-13,Completed
112639,10928,2025-01-14,Completed
112640,9409,2025-01-14,Completed
112641,8608,2025-01-14,Completed
112642,8608,2025-03-22,Returned
112643,8608,2025-04-11,Completed
112644,8608,2025-05-23,Completed
112645,8608,2025-06-25,Completed
112646,6468,2025-01-14,Completed
112647,6468,2025-01-30,Completed
112648,6468,2025-03-09,Completed
112649,6468,2025-04-14,Completed
112650,7610,2025-01-14,Completed
112651,8470,2025-01-14,Completed
112652,8470,2025-02-10,Completed
112653,6064,2025-01-14,Completed
112654,1169,2025-01-14,Returned
112655,1070,2025-01-14,Completed
112656,1070,2025-03-07,Completed
112657,1070,2025-05-08,Completed
112658,9511,2025-01-14,Completed
112659,8413,2025-01-14,Completed
112660,8413,2025-03-01,Completed
112661,8413,2025-05-13,Completed
112662,8413,2025-07-28,Completed
112663,9699,2025-01-14,Completed
112664,2710,2025-01-14,Returned
112665,2710,2025-07-04,Completed
112666,2710,2025-09-09,Returned
112667,2710,2025-10-06,Returned
112668,8499,2025-01-14,Completed
112669,8499,2025-02-24,Completed
112670,1995,2025-01-15,Completed
112671,1995,2025-02-14,Completed
112672,1995,2025-03-08,Completed
112673,9889,2025-01-15,Completed
112674,9889,2025-04-04,Returned
112675,9889,2025-05-10,Completed
112676,3208,2025-01-15,Completed
112677,7400,2025-01-15,Completed
112678,746,2025-01-15,Completed
112679,1242,2025-01-15,Completed
112680,1242,2025-04-21,Completed
112681,1242,2025-05-14,Completed
112682,1242,2025-06-17,Returned
112683,6289,2025-01-15,Returned
112684,6289,2025-02-19,Completed
112685,10363,2025-01-15,Completed
112686,10363,2025-03-11,Completed
112687,10363,2025-06-04,Completed
112688,6362,2025-01-15,Completed
112689,6362,2025-08-30,Completed
112690,6362,2025-10-09,Completed
112691,9035,2025-01-15,Completed
112692,11341,2025-01-15,Completed
112693,11341,2025-03-13,Completed
112694,1001,2025-01-15,Completed
112695,1001,2025-04-25,Completed
112696,1444,2025-01-15,Completed
112697,5920,2025-01-15,Completed
112698,8069,2025-01-16,Completed
112699,8069,2025-02-09,Completed
112700,8069,2025-03-24,Completed
112701,8069,2025-09-28,Completed
112702,8069,2025-12-03,Completed
112703,8069,2025-12-31,Completed
112704,920,2025-01-16,Completed
112705,1521,2025-01-16,Completed
112706,1521,2025-03-22,Completed
112707,1521,2025-05-22,Completed
112708,10167,2025-01-16,Completed
112709,9055,2025-01-16,Completed
112710,11921,2025-01-16,Completed
112711,2991,2025-01-16,Cancelled
112712,2991,2025-03-27,Cancelled
112713,2991,2025-10-07,Completed
112714,1314,2025-01-16,Returned
112715,1314,2025-03-06,Returned
112716,1314,2025-06-04,Completed
112717,4275,2025-01-16,Completed
112718,4275,2025-03-17,Cancelled
112719,3751,2025-01-16,Completed
112720,3751,2025-04-08,Completed
112721,3751,2025-07-01,Completed
112722,3751,2025-10-08,Completed
112723,6938,2025-01-16,Completed
112724,2367,2025-01-16,Completed
112725,2367,2025-05-30,Completed
112726,624,2025-01-16,Completed
112727,1178,2025-01-16,Completed
112728,1178,2025-04-01,Completed
112729,1178,2025-05-10,Completed
112730,1178,2025-12-04,Completed
112731,674,2025-01-17,Completed
112732,1733,2025-01-17,Completed
112733,9433,2025-01-17,Completed
112734,9433,2025-04-15,Completed
112735,9433,2025-06-20,Completed
112736,9433,2025-11-24,Completed
112737,9433,2025-12-19,Completed
112738,10498,2025-01-17,Cancelled
112739,10498,2025-02-12,Returned
112740,10498,2025-03-25,Completed
112741,10498,2025-06-17,Completed
112742,10498,2025-12-31,Returned
112743,360,2025-01-17,Completed
112744,360,2025-04-07,Completed
112745,360,2025-06-07,Returned
112746,2212,2025-01-17,Completed
112747,2212,2025-04-16,Completed
112748,2212,2025-10-05,Completed
112749,2212,2025-11-04,Cancelled
112750,2212,2025-12-11,Completed
112751,7513,2025-01-17,Completed
112752,7513,2025-02-04,Completed
112753,1994,2025-01-17,Completed
112754,1994,2025-04-11,Completed
112755,1994,2025-08-04,Completed
112756,1994,2025-10-16,Completed
112757,1994,2025-11-27,Completed
112758,1994,2025-12-31,Completed
112759,2528,2025-01-17,Completed
112760,575,2025-01-17,Completed
112761,995,2025-01-17,Returned
112762,11567,2025-01-17,Completed
112763,11567,2025-04-08,Completed
112764,11567,2025-04-28,Completed
112765,11567,2025-07-24,Completed
112766,11567,2025-10-25,Completed
112767,7006,2025-01-18,Cancelled
112768,7006,2025-02-22,Completed
112769,7006,2025-06-22,Completed
112770,7006,2025-08-30,Returned
112771,7006,2025-11-14,Completed
112772,7785,2025-01-18,Returned
112773,7785,2025-07-16,Completed
112774,7477,2025-01-18,Completed
112775,7477,2025-04-29,Completed
112776,7477,2025-05-21,Cancelled
112777,7477,2025-06-26,Completed
112778,1137,2025-01-18,Returned
112779,4038,2025-01-18,Completed
112780,4038,2025-03-21,Cancelled
112781,7825,2025-01-18,Completed
112782,10072,2025-01-18,Returned
112783,10072,2025-02-09,Completed
112784,10072,2025-05-07,Completed
112785,10072,2025-06-23,Completed
112786,6578,2025-01-18,Completed
112787,6578,2025-03-22,Completed
112788,5750,2025-01-18,Completed
112789,7181,2025-01-18,Completed
112790,6103,2025-01-18,Completed
112791,6103,2025-05-17,Completed
112792,6103,2025-08-02,Completed
112793,876,2025-01-18,Completed
112794,876,2025-05-03,Completed
112795,876,2025-09-08,Completed
112796,51,2025-01-18,Completed
112797,51,2025-02-23,Completed
112798,51,2025-05-10,Returned
112799,51,2025-06-30,Completed
112800,61,2025-01-18,Completed
112801,61,2025-03-19,Completed
112802,61,2025-04-08,Completed
112803,61,2025-06-16,Completed
112804,2871,2025-01-18,Cancelled
112805,2871,2025-04-10,Completed
112806,2871,2025-05-17,Completed
112807,4801,2025-01-18,Completed
112808,9258,2025-01-18,Completed
112809,9258,2025-03-07,Completed
112810,9258,2025-05-26,Completed
112811,265,2025-01-18,Completed
112812,3901,2025-01-19,Completed
112813,3901,2025-02-18,Completed
112814,3901,2025-04-19,Completed
112815,3901,2025-08-26,Completed
112816,4963,2025-01-19,Completed
112817,4963,2025-08-18,Completed
112818,3401,2025-01-19,Completed
112819,3401,2025-03-17,Completed
112820,7510,2025-01-19,Completed
112821,7510,2025-03-06,Returned
112822,7510,2025-06-02,Completed
112823,7510,2025-07-05,Completed
112824,6877,2025-01-19,Completed
112825,1922,2025-01-19,Completed
112826,1922,2025-03-29,Completed
112827,1922,2025-04-29,Completed
112828,1922,2025-07-04,Completed
112829,1922,2025-12-09,Completed
112830,9328,2025-01-19,Completed
112831,3500,2025-01-19,Completed
112832,3500,2025-05-10,Completed
112833,8224,2025-01-19,Completed
112834,2226,2025-01-19,Completed
112835,2226,2025-04-15,Completed
112836,2226,2025-07-14,Returned
112837,2226,2025-08-20,Returned
112838,1524,2025-01-19,Completed
112839,1524,2025-03-14,Completed
112840,1524,2025-04-12,Completed
112841,1524,2025-05-26,Completed
112842,1524,2025-09-30,Completed
112843,1524,2025-10-31,Returned
112844,5019,2025-01-19,Completed
112845,5292,2025-01-19,Completed
112846,5292,2025-04-07,Completed
112847,5292,2025-10-04,Completed
112848,8961,2025-01-19,Completed
112849,5129,2025-01-19,Completed
112850,5129,2025-02-23,Completed
112851,5129,2025-04-01,Completed
112852,5129,2025-06-11,Completed
112853,5129,2025-08-03,Completed
112854,5129,2025-08-21,Completed
112855,5129,2025-09-22,Cancelled
112856,5129,2025-11-21,Completed
112857,2336,2025-01-20,Cancelled
112858,11211,2025-01-20,Completed
112859,10007,2025-01-20,Completed
112860,10007,2025-03-20,Returned
112861,10007,2025-06-21,Completed
112862,10007,2025-07-12,Completed
112863,10007,2025-08-11,Returned
112864,10007,2025-09-12,Completed
112865,10007,2025-10-04,Completed
112866,3158,2025-01-20,Completed
112867,10063,2025-01-20,Completed
112868,10063,2025-05-16,Completed
112869,10063,2025-07-02,Completed
112870,10063,2025-11-12,Completed
112871,11496,2025-01-20,Completed
112872,7398,2025-01-20,Completed
112873,1449,2025-01-20,Returned
112874,6991,2025-01-20,Returned
112875,6991,2025-02-19,Completed
112876,6991,2025-03-22,Completed
112877,2882,2025-01-20,Completed
112878,2882,2025-03-03,Completed
112879,5489,2025-01-20,Completed
112880,5489,2025-04-30,Completed
112881,5489,2025-05-20,Completed
112882,5489,2025-07-24,Completed
112883,5489,2025-09-28,Completed
112884,27,2025-01-20,Completed
112885,27,2025-02-24,Completed
112886,27,2025-04-21,Completed
112887,673,2025-01-20,Completed
112888,1722,2025-01-21,Completed
112889,1722,2025-03-04,Completed
112890,1722,2025-03-30,Completed
112891,1722,2025-04-23,Completed
112892,1722,2025-05-25,Completed
112893,1722,2025-06-22,Completed
112894,1722,2025-09-09,Completed
112895,1722,2025-12-08,Completed
112896,11412,2025-01-21,Completed
112897,1569,2025-01-21,Completed
112898,10866,2025-01-21,Cancelled
112899,4739,2025-01-21,Completed
112900,4739,2025-03-09,Completed
112901,255,2025-01-21,Completed
112902,255,2025-02-15,Completed
112903,3644,2025-01-21,Completed
112904,8462,2025-01-21,Completed
112905,8462,2025-02-16,Completed
112906,8462,2025-03-04,Completed
112907,8462,2025-04-09,Completed
112908,288,2025-01-21,Completed
112909,1490,2025-01-21,Completed
112910,1490,2025-06-11,Completed
112911,1490,2025-07-20,Completed
112912,5537,2025-01-21,Completed
112913,7494,2025-01-21,Completed
112914,7494,2025-05-05,Completed
112915,7494,2025-06-02,Completed
112916,7494,2025-11-03,Completed
112917,6554,2025-01-21,Completed
112918,6554,2025-04-24,Completed
112919,6554,2025-07-28,Cancelled
112920,6554,2025-08-20,Completed
112921,7495,2025-01-21,Completed
112922,332,2025-01-21,Completed
112923,332,2025-05-16,Completed
112924,3934,2025-01-21,Completed
112925,3934,2025-06-09,Completed
112926,3934,2025-08-09,Completed
112927,3934,2025-09-19,Completed
112928,3425,2025-01-21,Completed
112929,6688,2025-01-21,Completed
112930,9632,2025-01-21,Completed
112931,9632,2025-03-22,Completed
112932,8651,2025-01-21,Completed
112933,8651,2025-05-30,Completed
112934,8651,2025-06-24,Completed
112935,8651,2025-07-22,Returned
112936,8651,2025-08-28,Completed
112937,6587,2025-01-22,Completed
112938,6587,2025-04-16,Completed
112939,5076,2025-01-22,Completed
112940,417,2025-01-22,Completed
112941,417,2025-02-28,Returned
112942,2630,2025-01-22,Completed
112943,2630,2025-03-16,Completed
112944,2630,2025-04-20,Completed
112945,2630,2025-05-25,Completed
112946,5414,2025-01-22,Completed
112947,5414,2025-03-05,Completed
112948,5414,2025-03-31,Completed
112949,5414,2025-06-09,Completed
112950,5414,2025-06-27,Completed
112951,5414,2025-10-10,Completed
112952,5414,2025-11-15,Cancelled
112953,5414,2025-12-02,Completed
112954,11657,2025-01-22,Completed
112955,6101,2025-01-22,Completed
112956,6101,2025-03-13,Completed
112957,6339,2025-01-22,Returned
112958,6339,2025-03-10,Completed
112959,6339,2025-04-01,Completed
112960,6339,2025-07-11,Completed
112961,6339,2025-11-08,Completed
112962,557,2025-01-22,Returned
112963,5856,2025-01-22,Completed
112964,5856,2025-06-03,Completed
112965,5856,2025-08-07,Completed
112966,11532,2025-01-22,Completed
112967,11532,2025-05-26,Cancelled
112968,11532,2025-06-16,Completed
112969,5981,2025-01-22,Completed
112970,5981,2025-02-12,Completed
112971,9925,2025-01-22,Completed
112972,8981,2025-01-22,Completed
112973,760,2025-01-22,Completed
112974,760,2025-02-15,Completed
112975,7830,2025-01-23,Completed
112976,7830,2025-02-15,Completed
112977,7830,2025-03-06,Completed
112978,7830,2025-04-07,Completed
112979,7830,2025-06-01,Completed
112980,5692,2025-01-23,Completed
112981,5692,2025-02-19,Completed
112982,9242,2025-01-23,Completed
112983,9242,2025-03-31,Completed
112984,9242,2025-04-22,Returned
112985,7049,2025-01-23,Completed
112986,7049,2025-03-27,Completed
112987,7049,2025-05-31,Completed
112988,7049,2025-06-24,Completed
112989,8317,2025-01-23,Completed
112990,644,2025-01-23,Completed
112991,644,2025-02-24,Completed
112992,2005,2025-01-23,Returned
112993,2005,2025-08-13,Completed
112994,10479,2025-01-23,Completed
112995,10479,2025-10-23,Returned
112996,10479,2025-11-18,Completed
112997,2047,2025-01-23,Completed
112998,2047,2025-02-22,Completed
112999,5447,2025-01-23,Cancelled
113000,10933,2025-01-23,Cancelled
113001,10933,2025-02-25,Completed
113002,10933,2025-06-29,Completed
113003,10933,2025-08-16,Cancelled
113004,10933,2025-09-13,Completed
113005,10933,2025-10-01,Returned
113006,10933,2025-11-13,Cancelled
113007,6265,2025-01-24,Completed
113008,6265,2025-02-14,Completed
113009,6265,2025-03-03,Completed
113010,6265,2025-11-16,Completed
113011,2329,2025-01-24,Completed
113012,2329,2025-06-21,Completed
113013,3411,2025-01-24,Returned
113014,3411,2025-05-16,Completed
113015,3411,2025-08-09,Completed
113016,3411,2025-10-14,Completed
113017,11433,2025-01-24,Completed
113018,11433,2025-03-05,Completed
113019,5308,2025-01-24,Completed
113020,5308,2025-03-24,Completed
113021,275,2025-01-24,Completed
113022,9431,2025-01-24,Completed
113023,2862,2025-01-24,Completed
113024,2862,2025-04-27,Completed
113025,2862,2025-06-13,Completed
113026,2862,2025-07-08,Completed
113027,2862,2025-08-15,Completed
113028,7394,2025-01-24,Completed
113029,104,2025-01-24,Completed
113030,104,2025-03-27,Completed
113031,104,2025-07-19,Returned
113032,104,2025-09-26,Completed
113033,104,2025-12-08,Completed
113034,7956,2025-01-24,Completed
113035,2249,2025-01-24,Completed
113036,2249,2025-03-22,Returned
113037,2249,2025-04-24,Completed
113038,2249,2025-07-19,Completed
113039,2249,2025-12-07,Completed
113040,3855,2025-01-24,Cancelled
113041,3855,2025-07-01,Completed
113042,3855,2025-08-07,Cancelled
113043,3855,2025-08-27,Completed
113044,11391,2025-01-24,Completed
113045,11391,2025-05-14,Completed
113046,11391,2025-07-27,Completed
113047,11391,2025-09-06,Completed
113048,11391,2025-12-10,Completed
113049,11766,2025-01-24,Completed
113050,3848,2025-01-25,Completed
113051,3848,2025-02-12,Completed
113052,3808,2025-01-25,Completed
113053,3808,2025-02-22,Returned
113054,9264,2025-01-25,Returned
113055,9264,2025-03-04,Completed
113056,9264,2025-04-06,Completed
113057,161,2025-01-25,Completed
113058,7442,2025-01-25,Completed
113059,7442,2025-02-25,Completed
113060,7458,2025-01-25,Completed
113061,7458,2025-03-30,Completed
113062,7458,2025-06-04,Completed
113063,382,2025-01-25,Completed
113064,382,2025-04-29,Completed
113065,4782,2025-01-25,Completed
113066,9218,2025-01-26,Completed
113067,9218,2025-03-20,Completed
113068,9218,2025-11-20,Completed
113069,9218,2025-12-31,Completed
113070,8336,2025-01-26,Completed
113071,8336,2025-03-04,Completed
113072,5320,2025-01-26,Completed
113073,124,2025-01-26,Completed
113074,124,2025-03-25,Completed
113075,124,2025-12-03,Completed
113076,5477,2025-01-26,Completed
113077,5477,2025-03-26,Completed
113078,4565,2025-01-26,Completed
113079,7437,2025-01-26,Returned
113080,6749,2025-01-26,Completed
113081,11955,2025-01-26,Completed
113082,11955,2025-03-31,Completed
113083,11955,2025-05-22,Completed
113084,11955,2025-06-27,Completed
113085,3345,2025-01-26,Completed
113086,2255,2025-01-26,Completed
113087,3509,2025-01-27,Completed
113088,3509,2025-04-18,Completed
113089,3509,2025-08-24,Completed
113090,3509,2025-09-26,Completed
113091,9236,2025-01-27,Completed
113092,2574,2025-01-27,Completed
113093,2574,2025-02-20,Completed
113094,2574,2025-04-03,Completed
113095,2574,2025-05-12,Completed
113096,2574,2025-06-06,Completed
113097,2574,2025-06-25,Completed
113098,2574,2025-11-04,Completed
113099,2574,2025-12-02,Completed
113100,8726,2025-01-27,Completed
113101,2854,2025-01-27,Cancelled
113102,9919,2025-01-27,Completed
113103,788,2025-01-27,Completed
113104,788,2025-04-07,Completed
113105,788,2025-09-06,Completed
113106,2560,2025-01-27,Completed
113107,7728,2025-01-27,Completed
113108,8523,2025-01-27,Completed
113109,8523,2025-03-07,Completed
113110,8523,2025-10-10,Completed
113111,9599,2025-01-27,Completed
113112,7595,2025-01-27,Completed
113113,7595,2025-04-28,Completed
113114,7595,2025-05-20,Completed
113115,7595,2025-06-29,Completed
113116,2881,2025-01-28,Completed
113117,10720,2025-01-28,Completed
113118,10720,2025-02-16,Completed
113119,8717,2025-01-28,Completed
113120,11306,2025-01-28,Completed
113121,11306,2025-07-10,Completed
113122,5097,2025-01-28,Completed
113123,5097,2025-04-01,Completed
113124,10794,2025-01-28,Completed
113125,10794,2025-04-21,Completed
113126,10794,2025-05-22,Completed
113127,6505,2025-01-28,Completed
113128,6505,2025-10-25,Returned
113129,6505,2025-12-25,Completed
113130,10470,2025-01-28,Completed
113131,10470,2025-02-28,Returned
113132,11364,2025-01-28,Completed
113133,11364,2025-05-22,Returned
113134,11364,2025-10-09,Cancelled
113135,11364,2025-12-13,Completed
113136,2675,2025-01-28,Completed
113137,2675,2025-03-08,Completed
113138,8178,2025-01-28,Completed
113139,8178,2025-07-06,Completed
113140,8178,2025-09-10,Completed
113141,8178,2025-10-22,Completed
113142,10579,2025-01-28,Completed
113143,7870,2025-01-28,Completed
113144,8706,2025-01-28,Completed
113145,3351,2025-01-28,Completed
113146,3351,2025-04-27,Completed
113147,3351,2025-06-25,Completed
113148,3351,2025-07-24,Completed
113149,3351,2025-08-22,Completed
113150,3351,2025-11-12,Completed
113151,3351,2025-11-25,Completed
113152,3351,2025-12-17,Completed
113153,1749,2025-01-28,Completed
113154,1749,2025-04-06,Completed
113155,1099,2025-01-28,Completed
113156,1099,2025-04-05,Completed
113157,7191,2025-01-28,Completed
113158,1544,2025-01-28,Completed
113159,4610,2025-01-28,Completed
113160,4610,2025-03-09,Completed
113161,2070,2025-01-28,Completed
113162,2070,2025-02-26,Completed
113163,2070,2025-03-27,Completed
113164,2070,2025-07-29,Returned
113165,5236,2025-01-29,Completed
113166,5236,2025-03-07,Completed
113167,5236,2025-04-12,Completed
113168,1696,2025-01-29,Completed
113169,1312,2025-01-29,Completed
113170,1312,2025-03-19,Completed
113171,4022,2025-01-29,Completed
113172,4022,2025-02-27,Returned
113173,4022,2025-05-24,Completed
113174,1629,2025-01-29,Completed
113175,7647,2025-01-29,Completed
113176,6958,2025-01-29,Completed
113177,6958,2025-10-15,Completed
113178,779,2025-01-29,Completed
113179,779,2025-03-16,Completed
113180,10882,2025-01-29,Completed
113181,4445,2025-01-29,Returned
113182,2233,2025-01-29,Completed
113183,2233,2025-04-24,Completed
113184,2233,2025-06-05,Completed
113185,2233,2025-07-06,Completed
113186,9604,2025-01-29,Completed
113187,9604,2025-04-08,Completed
113188,9604,2025-06-02,Completed
113189,9604,2025-08-10,Completed
113190,9604,2025-08-22,Completed
113191,9604,2025-12-18,Completed
113192,11136,2025-01-29,Completed
113193,11136,2025-04-01,Completed
113194,9447,2025-01-29,Completed
113195,9447,2025-07-06,Completed
113196,9447,2025-08-09,Completed
113197,9447,2025-09-05,Completed
113198,7298,2025-01-29,Completed
113199,7298,2025-02-27,Completed
113200,7298,2025-05-11,Completed
113201,7298,2025-08-06,Completed
113202,7298,2025-09-28,Cancelled
113203,7298,2025-12-26,Completed
113204,9331,2025-01-29,Completed
113205,3759,2025-01-29,Completed
113206,3759,2025-03-21,Completed
113207,3759,2025-04-14,Completed
113208,1171,2025-01-30,Completed
113209,1171,2025-03-04,Cancelled
113210,1171,2025-03-25,Completed
113211,1171,2025-05-22,Completed
113212,1171,2025-07-06,Returned
113213,1171,2025-09-01,Completed
113214,3429,2025-01-30,Completed
113215,3429,2025-07-09,Completed
113216,3429,2025-11-24,Completed
113217,5608,2025-01-30,Completed
113218,5608,2025-02-28,Completed
113219,11826,2025-01-30,Completed
113220,10506,2025-01-30,Completed
113221,10506,2025-09-08,Returned
113222,5628,2025-01-30,Completed
113223,5628,2025-03-01,Completed
113224,5628,2025-05-06,Returned
113225,5628,2025-06-23,Completed
113226,5628,2025-10-11,Completed
113227,5628,2025-12-22,Cancelled
113228,1819,2025-01-30,Completed
113229,1819,2025-04-18,Completed
113230,4199,2025-01-30,Completed
113231,4199,2025-02-27,Returned
113232,4199,2025-04-03,Completed
113233,4199,2025-05-07,Completed
113234,4199,2025-08-31,Completed
113235,3419,2025-01-30,Completed
113236,3419,2025-07-31,Completed
113237,3419,2025-10-29,Returned
113238,3419,2025-12-01,Returned
113239,10389,2025-01-31,Completed
113240,7958,2025-01-31,Completed
113241,7422,2025-01-31,Completed
113242,10155,2025-01-31,Completed
113243,3790,2025-01-31,Completed
113244,3790,2025-06-06,Completed
113245,1808,2025-01-31,Completed
113246,10764,2025-01-31,Completed
113247,3063,2025-01-31,Completed
113248,3063,2025-03-23,Completed
113249,2389,2025-01-31,Cancelled
113250,1830,2025-01-31,Completed
113251,8196,2025-02-01,Completed
113252,8196,2025-05-02,Returned
113253,2878,2025-02-01,Completed
113254,2878,2025-02-27,Completed
113255,2878,2025-03-14,Completed
113256,7768,2025-02-01,Completed
113257,4649,2025-02-01,Completed
113258,4649,2025-03-08,Completed
113259,4649,2025-05-07,Completed
113260,4649,2025-06-11,Completed
113261,5526,2025-02-01,Completed
113262,10823,2025-02-01,Completed
113263,10823,2025-05-29,Completed
113264,10823,2025-09-17,Completed
113265,10823,2025-11-17,Completed
113266,6518,2025-02-01,Completed
113267,6518,2025-04-02,Completed
113268,6518,2025-08-09,Completed
113269,6518,2025-12-07,Completed
113270,5625,2025-02-01,Completed
113271,5625,2025-03-05,Completed
113272,3803,2025-02-01,Completed
113273,3803,2025-03-21,Completed
113274,3803,2025-06-14,Completed
113275,4202,2025-02-01,Completed
113276,4202,2025-03-04,Completed
113277,11435,2025-02-01,Completed
113278,11435,2025-07-03,Completed
113279,11435,2025-08-01,Completed
113280,11435,2025-09-02,Completed
113281,1774,2025-02-02,Completed
113282,1774,2025-05-12,Completed
113283,1774,2025-05-25,Completed
113284,1740,2025-02-02,Completed
113285,1740,2025-06-01,Completed
113286,2921,2025-02-02,Completed
113287,9158,2025-02-02,Completed
113288,7776,2025-02-02,Completed
113289,7776,2025-08-19,Completed
113290,2693,2025-02-02,Completed
113291,5974,2025-02-02,Completed
113292,762,2025-02-02,Completed
113293,6842,2025-02-02,Completed
113294,6842,2025-03-08,Completed
113295,6842,2025-04-28,Completed
113296,6842,2025-05-26,Completed
113297,6842,2025-06-19,Completed
113298,6842,2025-08-08,Completed
113299,6842,2025-10-23,Completed
113300,6842,2025-12-04,Completed
113301,3325,2025-02-03,Completed
113302,3325,2025-03-30,Completed
113303,5831,2025-02-03,Completed
113304,5831,2025-02-26,Returned
113305,5831,2025-03-31,Completed
113306,4677,2025-02-03,Completed
113307,4677,2025-02-25,Completed
113308,4677,2025-05-09,Completed
113309,4677,2025-09-01,Completed
113310,6533,2025-02-03,Completed
113311,3235,2025-02-03,Completed
113312,3235,2025-03-11,Completed
113313,3235,2025-05-30,Completed
113314,3235,2025-07-26,Completed
113315,3235,2025-09-23,Completed
113316,8501,2025-02-03,Completed
113317,8501,2025-03-11,Returned
113318,8501,2025-04-14,Completed
113319,5656,2025-02-03,Completed
113320,5656,2025-03-10,Completed
113321,7410,2025-02-03,Completed
113322,7410,2025-02-24,Completed
113323,7410,2025-04-17,Completed
113324,7410,2025-05-31,Returned
113325,7410,2025-07-02,Completed
113326,11833,2025-02-03,Completed
113327,11833,2025-03-11,Completed
113328,6075,2025-02-03,Completed
113329,6075,2025-03-04,Completed
113330,4664,2025-02-03,Completed
113331,4664,2025-03-02,Completed
113332,4664,2025-04-10,Completed
113333,4664,2025-07-21,Completed
113334,9376,2025-02-03,Completed
113335,9376,2025-03-03,Completed
113336,3910,2025-02-03,Returned
113337,5106,2025-02-03,Completed
113338,5106,2025-04-03,Completed
113339,5106,2025-06-30,Completed
113340,11572,2025-02-04,Completed
113341,11572,2025-04-05,Completed
113342,4569,2025-02-04,Completed
113343,4569,2025-03-11,Completed
113344,4569,2025-04-07,Completed
113345,4569,2025-07-08,Completed
113346,4569,2025-10-09,Completed
113347,140,2025-02-04,Completed
113348,140,2025-04-13,Completed
113349,140,2025-05-25,Completed
113350,140,2025-06-24,Cancelled
113351,140,2025-08-06,Completed
113352,140,2025-09-04,Completed
113353,140,2025-10-12,Completed
113354,140,2025-12-26,Completed
113355,5393,2025-02-04,Completed
113356,5393,2025-03-06,Completed
113357,11760,2025-02-04,Returned
113358,11760,2025-04-03,Completed
113359,11760,2025-06-16,Completed
113360,11760,2025-11-10,Completed
113361,6326,2025-02-04,Completed
113362,6326,2025-04-06,Completed
113363,6326,2025-07-03,Completed
113364,6326,2025-08-14,Completed
113365,6326,2025-09-14,Completed
113366,336,2025-02-04,Completed
113367,336,2025-05-20,Completed
113368,336,2025-06-12,Completed
113369,5720,2025-02-04,Completed
113370,5720,2025-03-09,Returned
113371,5720,2025-06-30,Completed
113372,5720,2025-09-29,Completed
113373,5720,2025-12-03,Returned
113374,3034,2025-02-04,Completed
113375,3034,2025-08-22,Completed
113376,9486,2025-02-04,Returned
113377,7011,2025-02-04,Completed
113378,9449,2025-02-04,Completed
113379,9449,2025-03-08,Completed
113380,9449,2025-08-09,Returned
113381,9449,2025-09-16,Completed
113382,9449,2025-10-15,Completed
113383,9449,2025-12-18,Returned
113384,3610,2025-02-04,Completed
113385,3610,2025-03-15,Completed
113386,3610,2025-07-31,Completed
113387,3610,2025-10-02,Completed
113388,3610,2025-12-31,Completed
113389,1316,2025-02-04,Completed
113390,6937,2025-02-05,Completed
113391,11620,2025-02-05,Completed
113392,11620,2025-03-09,Completed
113393,11620,2025-06-16,Completed
113394,11620,2025-11-02,Completed
113395,11620,2025-12-21,Completed
113396,1075,2025-02-05,Returned
113397,1075,2025-03-05,Completed
113398,149,2025-02-05,Completed
113399,4860,2025-02-05,Completed
113400,4860,2025-02-22,Cancelled
113401,3852,2025-02-05,Completed
113402,3864,2025-02-05,Completed
113403,3864,2025-03-19,Completed
113404,3864,2025-04-17,Completed
113405,3864,2025-06-26,Completed
113406,3864,2025-12-19,Returned
113407,9337,2025-02-05,Completed
113408,6284,2025-02-05,Completed
113409,6284,2025-03-11,Completed
113410,6284,2025-05-02,Completed
113411,6284,2025-05-27,Completed
113412,6284,2025-06-29,Completed
113413,1167,2025-02-05,Completed
113414,7808,2025-02-05,Completed
113415,7808,2025-03-14,Completed
113416,7808,2025-05-14,Completed
113417,7808,2025-10-16,Completed
113418,934,2025-02-05,Completed
113419,1528,2025-02-05,Completed
113420,1528,2025-03-12,Completed
113421,5278,2025-02-05,Completed
113422,5278,2025-04-05,Completed
113423,5278,2025-05-05,Completed
113424,5278,2025-06-02,Completed
113425,5278,2025-10-11,Completed
113426,5278,2025-12-05,Returned
113427,10476,2025-02-05,Completed
113428,10476,2025-04-05,Completed
113429,10476,2025-05-03,Completed
113430,10476,2025-08-05,Completed
113431,10476,2025-09-02,Completed
113432,10476,2025-09-27,Completed
113433,11414,2025-02-06,Cancelled
113434,10248,2025-02-06,Returned
113435,11941,2025-02-06,Completed
113436,11941,2025-03-10,Completed
113437,11941,2025-04-10,Completed
113438,11941,2025-05-04,Completed
113439,7034,2025-02-06,Completed
113440,1413,2025-02-06,Completed
113441,1413,2025-07-04,Completed
113442,2800,2025-02-06,Completed
113443,2800,2025-02-23,Returned
113444,7295,2025-02-06,Returned
113445,7295,2025-03-14,Completed
113446,7295,2025-04-30,Returned
113447,7295,2025-06-06,Completed
113448,7295,2025-07-22,Cancelled
113449,2594,2025-02-06,Completed
113450,5285,2025-02-06,Completed
113451,5285,2025-03-10,Completed
113452,10328,2025-02-06,Completed
113453,4586,2025-02-06,Completed
113454,4586,2025-09-21,Completed
113455,4586,2025-11-03,Completed
113456,2092,2025-02-06,Completed
113457,2092,2025-06-03,Completed
113458,2092,2025-06-27,Completed
113459,2092,2025-10-21,Completed
113460,2092,2025-12-13,Completed
113461,3904,2025-02-06,Returned
113462,3904,2025-07-18,Cancelled
113463,2905,2025-02-06,Completed
113464,5164,2025-02-06,Completed
113465,5843,2025-02-06,Completed
113466,5843,2025-02-26,Completed
113467,11021,2025-02-06,Completed
113468,11021,2025-06-21,Completed
113469,11021,2025-09-01,Completed
113470,2373,2025-02-06,Completed
113471,10763,2025-02-07,Completed
113472,10763,2025-03-17,Completed
113473,9008,2025-02-07,Completed
113474,9008,2025-02-28,Completed
113475,9008,2025-05-22,Completed
113476,9008,2025-06-13,Completed
113477,9008,2025-07-15,Completed
113478,9008,2025-09-09,Completed
113479,9008,2025-11-09,Completed
113480,9008,2025-12-24,Completed
113481,2375,2025-02-07,Completed
113482,2375,2025-02-24,Completed
113483,2375,2025-04-06,Returned
113484,2375,2025-07-01,Completed
113485,2375,2025-07-30,Returned
113486,10019,2025-02-07,Completed
113487,10019,2025-05-28,Completed
113488,1020,2025-02-07,Completed
113489,11107,2025-02-07,Completed
113490,11107,2025-03-27,Completed
113491,11107,2025-04-25,Completed
113492,11107,2025-07-12,Completed
113493,11107,2025-10-30,Completed
113494,8437,2025-02-07,Completed
113495,9698,2025-02-07,Cancelled
113496,10459,2025-02-07,Completed
113497,10459,2025-12-17,Completed
113498,8055,2025-02-07,Completed
113499,8055,2025-06-18,Completed
113500,8055,2025-07-30,Cancelled
113501,8055,2025-09-22,Returned
113502,308,2025-02-07,Completed
113503,1846,2025-02-07,Completed
113504,1846,2025-03-14,Completed
113505,1846,2025-06-07,Completed
113506,1846,2025-11-20,Returned
113507,11754,2025-02-07,Completed
113508,4159,2025-02-07,Returned
113509,3148,2025-02-07,Completed
113510,3148,2025-03-17,Completed
113511,3148,2025-04-13,Completed
113512,3148,2025-05-08,Completed
113513,3148,2025-09-21,Completed
113514,3148,2025-12-22,Completed
113515,2681,2025-02-07,Completed
113516,2681,2025-03-15,Completed
113517,2681,2025-04-20,Completed
113518,2681,2025-06-09,Returned
113519,2681,2025-07-03,Completed
113520,11438,2025-02-07,Completed
113521,11438,2025-04-19,Completed
113522,8469,2025-02-07,Completed
113523,8469,2025-05-20,Completed
113524,8469,2025-06-12,Completed
113525,8469,2025-07-21,Completed
113526,8469,2025-08-24,Completed
113527,8469,2025-10-31,Completed
113528,8469,2025-11-17,Completed
113529,9031,2025-02-08,Completed
113530,4916,2025-02-08,Completed
113531,4916,2025-06-28,Completed
113532,4916,2025-08-14,Completed
113533,4916,2025-09-21,Completed
113534,789,2025-02-08,Completed
113535,6271,2025-02-08,Completed
113536,6271,2025-04-07,Completed
113537,6271,2025-05-10,Completed
113538,6271,2025-07-04,Completed
113539,6271,2025-08-30,Completed
113540,6271,2025-10-03,Completed
113541,2241,2025-02-08,Completed
113542,1602,2025-02-08,Completed
113543,8915,2025-02-08,Returned
113544,8915,2025-04-13,Completed
113545,8915,2025-07-21,Completed
113546,8915,2025-10-02,Completed
113547,8915,2025-10-19,Cancelled
113548,574,2025-02-08,Completed
113549,574,2025-04-13,Completed
113550,574,2025-05-23,Completed
113551,574,2025-07-25,Completed
113552,574,2025-10-24,Completed
113553,574,2025-12-07,Completed
113554,9180,2025-02-08,Completed
113555,9180,2025-04-28,Completed
113556,9180,2025-05-28,Completed
113557,9180,2025-07-03,Completed
113558,9180,2025-11-28,Completed
113559,8258,2025-02-08,Completed
113560,2191,2025-02-08,Completed
113561,10005,2025-02-09,Completed
113562,10005,2025-06-19,Completed
113563,10005,2025-07-19,Completed
113564,10005,2025-09-27,Completed
113565,10005,2025-11-08,Completed
113566,10005,2025-12-06,Completed
113567,1889,2025-02-09,Completed
113568,1889,2025-05-09,Completed
113569,1889,2025-09-20,Completed
113570,11615,2025-02-09,Completed
113571,10465,2025-02-09,Completed
113572,10465,2025-03-14,Completed
113573,879,2025-02-09,Completed
113574,2638,2025-02-09,Completed
113575,3837,2025-02-09,Completed
113576,7646,2025-02-09,Completed
113577,7646,2025-03-01,Completed
113578,7646,2025-04-05,Completed
113579,7607,2025-02-09,Completed
113580,7607,2025-03-10,Completed
113581,7607,2025-06-06,Completed
113582,7607,2025-07-29,Completed
113583,7607,2025-09-01,Completed
113584,7607,2025-09-14,Completed
113585,7607,2025-10-12,Completed
113586,94,2025-02-09,Cancelled
113587,94,2025-03-02,Completed
113588,94,2025-07-04,Returned
113589,94,2025-07-29,Returned
113590,94,2025-12-16,Completed
113591,8904,2025-02-09,Cancelled
113592,8904,2025-08-01,Returned
113593,8904,2025-08-30,Returned
113594,9527,2025-02-09,Completed
113595,6253,2025-02-09,Cancelled
113596,6253,2025-03-20,Completed
113597,6253,2025-04-04,Completed
113598,8488,2025-02-10,Completed
113599,8488,2025-05-18,Completed
113600,11660,2025-02-10,Returned
113601,11660,2025-03-20,Completed
113602,11660,2025-04-10,Completed
113603,11660,2025-06-02,Cancelled
113604,3404,2025-02-10,Completed
113605,3404,2025-03-18,Completed
113606,3404,2025-04-08,Returned
113607,3404,2025-05-31,Completed
113608,3404,2025-06-20,Completed
113609,959,2025-02-10,Completed
113610,959,2025-02-26,Completed
113611,5966,2025-02-10,Completed
113612,99,2025-02-10,Completed
113613,1082,2025-02-10,Returned
113614,1082,2025-04-11,Completed
113615,3867,2025-02-10,Completed
113616,11735,2025-02-10,Completed
113617,2473,2025-02-10,Completed
113618,2473,2025-06-24,Completed
113619,6725,2025-02-10,Completed
113620,11560,2025-02-10,Completed
113621,3365,2025-02-10,Completed
113622,3365,2025-03-20,Completed
113623,9641,2025-02-11,Completed
113624,1564,2025-02-11,Completed
113625,1564,2025-04-16,Completed
113626,1564,2025-05-19,Returned
113627,1564,2025-06-17,Completed
113628,1564,2025-09-09,Completed
113629,1564,2025-10-13,Completed
113630,1564,2025-11-09,Completed
113631,1564,2025-12-02,Completed
113632,1564,2025-12-28,Completed
113633,4968,2025-02-11,Completed
113634,4968,2025-03-06,Completed
113635,10231,2025-02-11,Completed
113636,10231,2025-12-16,Completed
113637,1721,2025-02-11,Completed
113638,1721,2025-03-21,Completed
113639,4460,2025-02-11,Completed
113640,4460,2025-06-19,Completed
113641,4460,2025-09-05,Completed
113642,7095,2025-02-11,Completed
113643,8287,2025-02-11,Completed
113644,8287,2025-07-08,Completed
113645,8287,2025-08-09,Completed
113646,8754,2025-02-11,Completed
113647,8754,2025-03-17,Completed
113648,11073,2025-02-12,Completed
113649,11073,2025-03-24,Completed
113650,11073,2025-04-19,Completed
113651,11073,2025-06-29,Completed
113652,11073,2025-08-27,Completed
113653,2568,2025-02-12,Completed
113654,2568,2025-05-07,Completed
113655,2568,2025-06-25,Completed
113656,2568,2025-08-26,Completed
113657,9018,2025-02-12,Completed
113658,9018,2025-04-09,Completed
113659,9018,2025-05-08,Completed
113660,3841,2025-02-12,Completed
113661,3841,2025-04-12,Completed
113662,10315,2025-02-12,Completed
113663,10315,2025-03-15,Completed
113664,10315,2025-05-15,Completed
113665,10315,2025-06-05,Completed
113666,10315,2025-07-06,Completed
113667,11709,2025-02-12,Completed
113668,11709,2025-03-06,Completed
113669,11709,2025-04-17,Completed
113670,11709,2025-08-08,Completed
113671,11709,2025-12-25,Completed
113672,9760,2025-02-12,Completed
113673,9760,2025-06-22,Completed
113674,9760,2025-07-21,Cancelled
113675,9760,2025-08-21,Completed
113676,9760,2025-09-17,Completed
113677,9760,2025-10-31,Completed
113678,9760,2025-12-04,Completed
113679,1551,2025-02-12,Returned
113680,1551,2025-03-25,Returned
113681,3663,2025-02-12,Completed
113682,9015,2025-02-12,Completed
113683,686,2025-02-12,Returned
113684,3472,2025-02-12,Completed
113685,5283,2025-02-12,Completed
113686,6316,2025-02-12,Completed
113687,6316,2025-03-19,Completed
113688,6316,2025-06-09,Cancelled
113689,9871,2025-02-12,Completed
113690,9871,2025-03-12,Completed
113691,9871,2025-04-07,Completed
113692,9871,2025-05-05,Completed
113693,1215,2025-02-12,Completed
113694,8861,2025-02-12,Cancelled
113695,8861,2025-03-20,Returned
113696,1315,2025-02-12,Returned
113697,1315,2025-04-01,Completed
113698,946,2025-02-13,Cancelled
113699,1500,2025-02-13,Completed
113700,11130,2025-02-13,Completed
113701,9155,2025-02-13,Completed
113702,9155,2025-05-12,Cancelled
113703,11180,2025-02-13,Completed
113704,11180,2025-03-21,Completed
113705,11180,2025-04-22,Completed
113706,10367,2025-02-13,Completed
113707,10367,2025-03-15,Completed
113708,10367,2025-07-15,Completed
113709,10367,2025-08-16,Completed
113710,1364,2025-02-13,Completed
113711,1364,2025-03-26,Completed
113712,1364,2025-04-30,Completed
113713,1364,2025-05-23,Completed
113714,1364,2025-07-22,Completed
113715,10394,2025-02-13,Completed
113716,10394,2025-04-09,Completed
113717,10394,2025-05-14,Completed
113718,10394,2025-06-15,Completed
113719,10394,2025-08-16,Returned
113720,1912,2025-02-13,Completed
113721,1912,2025-03-17,Completed
113722,781,2025-02-13,Completed
113723,1311,2025-02-13,Completed
113724,8929,2025-02-13,Completed
113725,8929,2025-03-20,Completed
113726,5456,2025-02-13,Completed
113727,5456,2025-06-04,Completed
113728,11978,2025-02-13,Completed
113729,11978,2025-03-10,Completed
113730,11978,2025-08-30,Completed
113731,11978,2025-09-19,Completed
113732,11978,2025-11-22,Completed
113733,3548,2025-02-14,Completed
113734,3548,2025-03-06,Completed
113735,8654,2025-02-14,Completed
113736,10147,2025-02-14,Completed
113737,5085,2025-02-14,Completed
113738,7793,2025-02-14,Completed
113739,3658,2025-02-14,Completed
113740,3870,2025-02-14,Completed
113741,3870,2025-03-10,Completed
113742,3870,2025-04-08,Completed
113743,3870,2025-05-18,Completed
113744,3870,2025-07-01,Completed
113745,3870,2025-10-15,Completed
113746,843,2025-02-14,Completed
113747,6348,2025-02-14,Completed
113748,6348,2025-04-22,Completed
113749,6348,2025-06-20,Completed
113750,6348,2025-10-31,Completed
113751,7391,2025-02-14,Completed
113752,3726,2025-02-14,Completed
113753,3726,2025-05-03,Completed
113754,3726,2025-08-13,Completed
113755,3726,2025-11-11,Returned
113756,3726,2025-12-07,Cancelled
113757,5299,2025-02-14,Completed
113758,5299,2025-03-21,Completed
113759,5299,2025-05-16,Completed
113760,10893,2025-02-14,Completed
113761,10893,2025-03-12,Completed
113762,10893,2025-04-09,Completed
113763,1666,2025-02-14,Completed
113764,1666,2025-05-01,Completed
113765,1666,2025-05-30,Completed
113766,10652,2025-02-14,Completed
113767,9219,2025-02-14,Completed
113768,9219,2025-03-12,Completed
113769,9219,2025-07-28,Completed
113770,3705,2025-02-14,Completed
113771,3705,2025-04-16,Completed
113772,3705,2025-06-07,Completed
113773,10118,2025-02-15,Completed
113774,10118,2025-03-09,Completed
113775,9747,2025-02-15,Completed
113776,1330,2025-02-15,Completed
113777,5382,2025-02-15,Completed
113778,5382,2025-08-24,Completed
113779,5382,2025-12-14,Cancelled
113780,8709,2025-02-15,Completed
113781,8709,2025-05-17,Cancelled
113782,6470,2025-02-15,Completed
113783,6470,2025-03-29,Completed
113784,6470,2025-05-09,Completed
113785,6470,2025-06-07,Completed
113786,2520,2025-02-15,Completed
113787,2520,2025-03-21,Completed
113788,2520,2025-07-06,Completed
113789,2520,2025-09-06,Completed
113790,2520,2025-12-04,Completed
113791,2984,2025-02-15,Completed
113792,2984,2025-03-13,Completed
113793,1560,2025-02-15,Completed
113794,1560,2025-04-07,Completed
113795,1560,2025-05-30,Completed
113796,1560,2025-06-25,Completed
113797,9793,2025-02-15,Returned
113798,8277,2025-02-15,Completed
113799,1710,2025-02-15,Cancelled
113800,1710,2025-07-12,Completed
113801,1710,2025-11-14,Completed
113802,7571,2025-02-16,Completed
113803,7571,2025-03-08,Completed
113804,7571,2025-05-11,Completed
113805,7571,2025-06-10,Completed
113806,7571,2025-11-08,Completed
113807,528,2025-02-16,Completed
113808,528,2025-04-17,Completed
113809,528,2025-08-03,Returned
113810,528,2025-10-24,Completed
113811,528,2025-11-21,Completed
113812,3293,2025-02-16,Completed
113813,3293,2025-03-20,Completed
113814,3293,2025-04-26,Completed
113815,3293,2025-06-04,Completed
113816,3293,2025-08-01,Returned
113817,11771,2025-02-16,Returned
113818,6558,2025-02-16,Returned
113819,6149,2025-02-16,Completed
113820,6149,2025-03-09,Returned
113821,6149,2025-07-14,Completed
113822,2781,2025-02-16,Completed
113823,7898,2025-02-16,Completed
113824,9157,2025-02-16,Completed
113825,9157,2025-07-09,Completed
113826,5638,2025-02-16,Completed
113827,3914,2025-02-16,Cancelled
113828,3914,2025-05-27,Completed
113829,3914,2025-06-27,Completed
113830,3914,2025-07-22,Completed
113831,6131,2025-02-16,Completed
113832,6131,2025-04-04,Completed
113833,6131,2025-10-06,Completed
113834,6131,2025-10-27,Completed
113835,6131,2025-11-29,Completed
113836,5224,2025-02-16,Completed
113837,10529,2025-02-17,Completed
113838,10529,2025-03-19,Completed
113839,10529,2025-05-21,Completed
113840,10529,2025-11-19,Completed
113841,2728,2025-02-17,Completed
113842,10043,2025-02-17,Completed
113843,10043,2025-03-09,Completed
113844,5532,2025-02-17,Completed
113845,5491,2025-02-17,Completed
113846,3000,2025-02-17,Completed
113847,6693,2025-02-17,Completed
113848,6693,2025-06-23,Completed
113849,6693,2025-10-03,Completed
113850,10482,2025-02-17,Completed
113851,7024,2025-02-17,Completed
113852,7024,2025-05-08,Completed
113853,7169,2025-02-17,Completed
113854,7169,2025-05-11,Completed
113855,7169,2025-06-27,Completed
113856,7169,2025-08-05,Completed
113857,7169,2025-11-01,Completed
113858,7169,2025-11-23,Completed
113859,3426,2025-02-17,Completed
113860,8396,2025-02-17,Completed
113861,8396,2025-03-23,Completed
113862,8396,2025-06-28,Cancelled
113863,8396,2025-09-28,Completed
113864,8396,2025-11-06,Completed
113865,10953,2025-02-17,Completed
113866,3375,2025-02-17,Completed
113867,3375,2025-06-03,Completed
113868,3375,2025-07-31,Completed
113869,3375,2025-11-28,Completed
113870,3375,2025-12-25,Completed
113871,845,2025-02-17,Completed
113872,63,2025-02-17,Completed
113873,63,2025-05-05,Returned
113874,63,2025-06-28,Completed
113875,534,2025-02-17,Completed
113876,534,2025-03-16,Completed
113877,534,2025-04-08,Completed
113878,534,2025-06-24,Completed
113879,534,2025-09-11,Completed
113880,11009,2025-02-17,Completed
113881,7652,2025-02-17,Completed
113882,7652,2025-04-13,Completed
113883,1707,2025-02-17,Completed
113884,568,2025-02-17,Completed
113885,7758,2025-02-17,Cancelled
113886,4645,2025-02-17,Returned
113887,4645,2025-06-12,Returned
113888,4645,2025-07-05,Completed
113889,4645,2025-07-25,Returned
113890,4645,2025-08-23,Completed
113891,541,2025-02-17,Completed
113892,9312,2025-02-17,Returned
113893,9312,2025-03-27,Returned
113894,7535,2025-02-18,Completed
113895,5268,2025-02-18,Completed
113896,6741,2025-02-18,Returned
113897,6741,2025-06-21,Completed
113898,6741,2025-07-05,Completed
113899,6741,2025-09-07,Completed
113900,6741,2025-10-04,Completed
113901,6741,2025-10-21,Completed
113902,6741,2025-11-26,Completed
113903,7177,2025-02-18,Completed
113904,7177,2025-03-14,Completed
113905,631,2025-02-18,Completed
113906,631,2025-03-28,Completed
113907,631,2025-10-29,Completed
113908,631,2025-11-29,Completed
113909,2495,2025-02-18,Completed
113910,2495,2025-03-14,Completed
113911,8880,2025-02-18,Returned
113912,5566,2025-02-18,Completed
113913,5566,2025-04-04,Cancelled
113914,5566,2025-04-28,Completed
113915,5566,2025-08-15,Cancelled
113916,6176,2025-02-18,Returned
113917,6176,2025-07-02,Completed
113918,6176,2025-09-27,Completed
113919,9239,2025-02-18,Completed
113920,9239,2025-04-24,Completed
113921,523,2025-02-18,Completed
113922,523,2025-05-22,Completed
113923,523,2025-06-26,Completed
113924,523,2025-08-16,Completed
113925,523,2025-12-03,Completed
113926,8034,2025-02-18,Returned
113927,6545,2025-02-18,Returned
113928,6545,2025-03-28,Completed
113929,6545,2025-04-19,Completed
113930,6545,2025-07-03,Completed
113931,6545,2025-11-02,Completed
113932,1039,2025-02-18,Completed
113933,1039,2025-04-18,Returned
113934,1039,2025-05-06,Completed
113935,1039,2025-05-30,Completed
113936,1039,2025-07-23,Returned
113937,1039,2025-09-19,Completed
113938,11749,2025-02-18,Completed
113939,11749,2025-03-21,Completed
113940,10805,2025-02-18,Completed
113941,10805,2025-05-12,Returned
113942,10805,2025-07-21,Completed
113943,10805,2025-08-31,Cancelled
113944,11613,2025-02-18,Completed
113945,1582,2025-02-19,Returned
113946,1582,2025-06-07,Cancelled
113947,10757,2025-02-19,Completed
113948,10757,2025-03-15,Completed
113949,8808,2025-02-19,Completed
113950,6072,2025-02-19,Completed
113951,6072,2025-03-09,Completed
113952,6072,2025-09-22,Completed
113953,7876,2025-02-19,Completed
113954,10554,2025-02-19,Completed
113955,10554,2025-06-27,Completed
113956,4943,2025-02-19,Completed
113957,4943,2025-05-11,Completed
113958,4943,2025-07-31,Completed
113959,4943,2025-12-02,Completed
113960,8600,2025-02-19,Completed
113961,8600,2025-03-28,Completed
113962,8600,2025-04-26,Completed
113963,1792,2025-02-19,Returned
113964,9161,2025-02-19,Completed
113965,9161,2025-06-03,Completed
113966,9161,2025-07-05,Completed
113967,9161,2025-07-17,Completed
113968,9161,2025-10-25,Completed
113969,9161,2025-11-26,Completed
113970,9161,2025-12-20,Completed
113971,10027,2025-02-19,Completed
113972,271,2025-02-19,Completed
113973,4945,2025-02-19,Completed
113974,4945,2025-03-23,Completed
113975,1916,2025-02-20,Completed
113976,1916,2025-06-05,Completed
113977,1916,2025-09-14,Completed
113978,1916,2025-10-08,Completed
113979,7037,2025-02-20,Returned
113980,7037,2025-05-08,Completed
113981,7037,2025-08-21,Completed
113982,7037,2025-10-14,Completed
113983,7037,2025-11-17,Completed
113984,7037,2025-12-19,Completed
113985,353,2025-02-20,Completed
113986,353,2025-03-17,Completed
113987,353,2025-08-23,Completed
113988,6504,2025-02-20,Completed
113989,6504,2025-03-19,Completed
113990,6504,2025-06-18,Completed
113991,6504,2025-07-03,Completed
113992,6504,2025-09-07,Completed
113993,6504,2025-09-20,Returned
113994,6504,2025-10-29,Completed
113995,6504,2025-12-05,Cancelled
113996,6866,2025-02-20,Completed
113997,6866,2025-04-12,Completed
113998,6866,2025-07-10,Completed
113999,9299,2025-02-20,Returned
114000,9299,2025-03-15,Completed
114001,9299,2025-05-09,Completed
114002,1028,2025-02-20,Completed
114003,1028,2025-04-03,Completed
114004,1028,2025-12-18,Completed
114005,5591,2025-02-20,Completed
114006,5591,2025-04-04,Completed
114007,2218,2025-02-20,Completed
114008,5890,2025-02-20,Completed
114009,5890,2025-04-03,Completed
114010,2095,2025-02-20,Completed
114011,2095,2025-04-02,Completed
114012,2095,2025-04-24,Completed
114013,2095,2025-06-23,Returned
114014,1035,2025-02-21,Completed
114015,1035,2025-03-21,Completed
114016,9734,2025-02-21,Completed
114017,9734,2025-03-29,Returned
114018,9734,2025-07-23,Completed
114019,9734,2025-08-27,Completed
114020,9734,2025-09-18,Completed
114021,9734,2025-10-09,Completed
114022,1735,2025-02-21,Completed
114023,1735,2025-08-15,Completed
114024,6716,2025-02-21,Completed
114025,6716,2025-04-12,Completed
114026,3039,2025-02-21,Completed
114027,3039,2025-05-14,Completed
114028,3039,2025-06-14,Completed
114029,3039,2025-08-31,Completed
114030,3039,2025-12-02,Completed
114031,7866,2025-02-21,Completed
114032,7866,2025-03-28,Completed
114033,7866,2025-05-02,Completed
114034,7866,2025-07-25,Completed
114035,770,2025-02-21,Completed
114036,770,2025-07-16,Completed
114037,770,2025-08-12,Completed
114038,770,2025-12-09,Completed
114039,7318,2025-02-21,Completed
114040,7318,2025-08-20,Completed
114041,7318,2025-09-16,Completed
114042,904,2025-02-21,Completed
114043,904,2025-03-28,Returned
114044,904,2025-04-26,Completed
114045,904,2025-07-17,Completed
114046,7893,2025-02-21,Completed
114047,7893,2025-03-31,Completed
114048,7893,2025-04-28,Completed
114049,7893,2025-06-26,Completed
114050,7893,2025-07-27,Completed
114051,7893,2025-08-23,Completed
114052,7893,2025-09-26,Completed
114053,7893,2025-12-01,Completed
114054,8544,2025-02-21,Completed
114055,8544,2025-03-16,Completed
114056,8544,2025-05-29,Completed
114057,8544,2025-09-28,Completed
114058,8222,2025-02-21,Completed
114059,8222,2025-03-22,Completed
114060,8222,2025-09-14,Completed
114061,5901,2025-02-21,Cancelled
114062,5901,2025-03-09,Returned
114063,10166,2025-02-21,Completed
114064,3678,2025-02-21,Completed
114065,3678,2025-05-07,Completed
114066,3678,2025-07-07,Completed
114067,4958,2025-02-21,Completed
114068,5737,2025-02-21,Completed
114069,5737,2025-03-30,Returned
114070,5737,2025-09-29,Completed
114071,2733,2025-02-21,Completed
114072,2733,2025-09-30,Cancelled
114073,10069,2025-02-21,Completed
114074,10069,2025-04-04,Completed
114075,10069,2025-04-30,Completed
114076,10069,2025-12-09,Completed
114077,792,2025-02-22,Completed
114078,792,2025-05-04,Completed
114079,792,2025-06-03,Completed
114080,6621,2025-02-22,Returned
114081,3128,2025-02-22,Completed
114082,3128,2025-03-19,Completed
114083,11915,2025-02-22,Completed
114084,7136,2025-02-22,Completed
114085,10341,2025-02-22,Completed
114086,10341,2025-04-01,Completed
114087,7406,2025-02-22,Completed
114088,11298,2025-02-22,Completed
114089,2847,2025-02-22,Completed
114090,2847,2025-03-29,Completed
114091,2847,2025-05-20,Completed
114092,2847,2025-07-05,Completed
114093,2847,2025-07-23,Returned
114094,2847,2025-08-21,Returned
114095,2847,2025-10-02,Returned
114096,657,2025-02-22,Completed
114097,8263,2025-02-22,Completed
114098,8263,2025-04-15,Completed
114099,10629,2025-02-22,Completed
114100,10629,2025-04-17,Completed
114101,3590,2025-02-22,Completed
114102,9935,2025-02-22,Completed
114103,9935,2025-05-22,Completed
114104,9935,2025-08-10,Returned
114105,7056,2025-02-22,Completed
114106,7056,2025-04-16,Cancelled
114107,7056,2025-10-09,Completed
114108,1636,2025-02-22,Completed
114109,1636,2025-05-04,Completed
114110,1636,2025-12-10,Completed
114111,1636,2025-12-31,Completed
114112,3714,2025-02-23,Completed
114113,1826,2025-02-23,Completed
114114,5434,2025-02-23,Returned
114115,5434,2025-06-18,Completed
114116,5434,2025-07-19,Completed
114117,5434,2025-09-13,Completed
114118,5434,2025-10-05,Completed
114119,7555,2025-02-23,Completed
114120,7555,2025-03-26,Completed
114121,7555,2025-06-13,Completed
114122,7555,2025-07-11,Completed
114123,7555,2025-08-04,Completed
114124,7555,2025-08-29,Returned
114125,6498,2025-02-23,Completed
114126,6498,2025-03-22,Completed
114127,9479,2025-02-23,Returned
114128,9479,2025-06-06,Completed
114129,9479,2025-08-22,Cancelled
114130,540,2025-02-23,Completed
114131,540,2025-06-11,Completed
114132,8957,2025-02-23,Completed
114133,8957,2025-03-24,Completed
114134,8957,2025-04-24,Completed
114135,8957,2025-07-23,Completed
114136,8957,2025-08-21,Completed
114137,8957,2025-09-17,Completed
114138,9624,2025-02-23,Completed
114139,9624,2025-05-17,Completed
114140,9624,2025-06-14,Completed
114141,741,2025-02-23,Completed
114142,741,2025-03-25,Returned
114143,3277,2025-02-23,Completed
114144,3277,2025-04-01,Completed
114145,3277,2025-04-30,Completed
114146,6687,2025-02-23,Cancelled
114147,6687,2025-03-30,Completed
114148,7357,2025-02-23,Completed
114149,7357,2025-03-30,Completed
114150,11822,2025-02-24,Completed
114151,11822,2025-06-02,Completed
114152,6010,2025-02-24,Completed
114153,8111,2025-02-24,Completed
114154,8111,2025-05-01,Completed
114155,4710,2025-02-24,Completed
114156,2996,2025-02-24,Completed
114157,3504,2025-02-24,Completed
114158,3504,2025-05-06,Completed
114159,3504,2025-05-25,Completed
114160,3504,2025-06-26,Completed
114161,3504,2025-10-28,Completed
114162,2180,2025-02-24,Completed
114163,2180,2025-06-21,Completed
114164,7247,2025-02-24,Completed
114165,7247,2025-06-07,Completed
114166,7247,2025-07-03,Cancelled
114167,7247,2025-08-30,Returned
114168,7247,2025-11-02,Completed
114169,7247,2025-12-05,Completed
114170,7936,2025-02-24,Completed
114171,7936,2025-04-24,Completed
114172,9458,2025-02-24,Returned
114173,9458,2025-03-14,Completed
114174,9458,2025-05-25,Completed
114175,9458,2025-07-15,Completed
114176,1218,2025-02-24,Returned
114177,1218,2025-03-28,Completed
114178,1218,2025-06-11,Completed
114179,1218,2025-07-07,Completed
114180,1218,2025-07-24,Returned
114181,1218,2025-09-26,Returned
114182,8798,2025-02-24,Completed
114183,8798,2025-03-22,Completed
114184,8781,2025-02-24,Completed
114185,8781,2025-05-10,Completed
114186,8781,2025-06-07,Completed
114187,8781,2025-11-30,Completed
114188,6894,2025-02-24,Completed
114189,6894,2025-03-27,Completed
114190,9731,2025-02-24,Completed
114191,9731,2025-09-18,Completed
114192,9731,2025-10-19,Completed
114193,9731,2025-11-23,Completed
114194,9731,2025-12-31,Completed
114195,712,2025-02-24,Completed
114196,1202,2025-02-24,Completed
114197,1202,2025-06-06,Completed
114198,8379,2025-02-24,Cancelled
114199,8379,2025-05-20,Completed
114200,8379,2025-06-11,Completed
114201,8379,2025-07-24,Completed
114202,8379,2025-10-28,Completed
114203,8379,2025-11-17,Completed
114204,11170,2025-02-24,Completed
114205,2075,2025-02-24,Completed
114206,11489,2025-02-24,Completed
114207,11489,2025-06-14,Completed
114208,11489,2025-08-14,Completed
114209,11489,2025-12-08,Completed
114210,5592,2025-02-24,Completed
114211,5592,2025-03-18,Completed
114212,5592,2025-04-03,Completed
114213,5592,2025-05-10,Completed
114214,196,2025-02-24,Completed
114215,196,2025-03-31,Completed
114216,196,2025-05-02,Completed
114217,4680,2025-02-25,Completed
114218,5729,2025-02-25,Returned
114219,5729,2025-03-21,Completed
114220,5729,2025-05-15,Completed
114221,5729,2025-06-18,Completed
114222,5729,2025-10-18,Completed
114223,4938,2025-02-25,Completed
114224,4938,2025-04-14,Completed
114225,1286,2025-02-25,Completed
114226,1286,2025-05-31,Completed
114227,1286,2025-07-04,Returned
114228,1286,2025-08-07,Completed
114229,4,2025-02-25,Completed
114230,4,2025-04-19,Completed
114231,4,2025-07-25,Completed
114232,3924,2025-02-25,Completed
114233,3924,2025-04-20,Completed
114234,2628,2025-02-25,Completed
114235,6542,2025-02-25,Returned
114236,10670,2025-02-25,Completed
114237,10670,2025-04-07,Completed
114238,11713,2025-02-25,Completed
114239,11713,2025-03-27,Completed
114240,11713,2025-05-18,Completed
114241,11713,2025-06-28,Completed
114242,11713,2025-08-05,Returned
114243,11713,2025-09-10,Completed
114244,11713,2025-10-14,Completed
114245,7586,2025-02-25,Completed
114246,11724,2025-02-25,Completed
114247,11724,2025-05-11,Completed
114248,5401,2025-02-26,Completed
114249,5401,2025-03-31,Completed
114250,5008,2025-02-26,Completed
114251,5392,2025-02-26,Completed
114252,229,2025-02-26,Completed
114253,2409,2025-02-26,Completed
114254,2409,2025-05-09,Completed
114255,2409,2025-06-03,Completed
114256,7161,2025-02-26,Completed
114257,7161,2025-04-08,Completed
114258,7161,2025-10-31,Returned
114259,7161,2025-12-02,Completed
114260,2030,2025-02-26,Completed
114261,2030,2025-03-23,Returned
114262,9384,2025-02-26,Completed
114263,8358,2025-02-26,Completed
114264,8358,2025-04-22,Completed
114265,8358,2025-09-10,Completed
114266,8358,2025-10-20,Returned
114267,8358,2025-11-13,Completed
114268,10419,2025-02-26,Cancelled
114269,10419,2025-05-05,Completed
114270,10419,2025-12-27,Completed
114271,7250,2025-02-26,Completed
114272,7250,2025-05-15,Completed
114273,7250,2025-09-26,Completed
114274,7250,2025-10-21,Cancelled
114275,7250,2025-11-24,Completed
114276,10981,2025-02-26,Completed
114277,10981,2025-04-28,Completed
114278,10981,2025-05-11,Completed
114279,10981,2025-06-10,Completed
114280,10981,2025-08-17,Completed
114281,5942,2025-02-27,Completed
114282,10191,2025-02-27,Completed
114283,10191,2025-03-30,Completed
114284,10191,2025-06-01,Completed
114285,3506,2025-02-27,Completed
114286,3506,2025-04-08,Completed
114287,3506,2025-04-30,Completed
114288,3506,2025-12-21,Completed
114289,10550,2025-02-27,Completed
114290,10550,2025-04-25,Completed
114291,10550,2025-06-06,Completed
114292,10550,2025-10-22,Completed
114293,10550,2025-12-23,Returned
114294,11612,2025-02-27,Completed
114295,11612,2025-04-05,Completed
114296,2259,2025-02-27,Completed
114297,1016,2025-02-27,Completed
114298,1016,2025-04-03,Completed
114299,1016,2025-07-01,Completed
114300,1016,2025-08-04,Returned
114301,10706,2025-02-27,Completed
114302,8976,2025-02-27,Completed
114303,671,2025-02-27,Completed
114304,671,2025-06-05,Completed
114305,671,2025-06-28,Completed
114306,671,2025-08-13,Cancelled
114307,671,2025-09-06,Completed
114308,671,2025-11-08,Cancelled
114309,9326,2025-02-27,Completed
114310,2995,2025-02-27,Completed
114311,2995,2025-04-23,Returned
114312,11595,2025-02-27,Completed
114313,2971,2025-02-27,Completed
114314,9869,2025-02-27,Cancelled
114315,3305,2025-02-28,Completed
114316,3305,2025-03-24,Completed
114317,3305,2025-06-08,Completed
114318,3305,2025-07-06,Completed
114319,3305,2025-11-06,Completed
114320,1258,2025-02-28,Completed
114321,6675,2025-02-28,Completed
114322,6675,2025-04-30,Completed
114323,6675,2025-08-05,Completed
114324,1259,2025-02-28,Completed
114325,6381,2025-02-28,Completed
114326,11327,2025-02-28,Completed
114327,9054,2025-02-28,Completed
114328,9054,2025-06-11,Completed
114329,9054,2025-07-05,Completed
114330,2438,2025-02-28,Completed
114331,2438,2025-05-02,Completed
114332,2438,2025-06-03,Completed
114333,2438,2025-06-26,Completed
114334,2438,2025-10-07,Completed
114335,2438,2025-10-21,Completed
114336,2438,2025-12-25,Completed
114337,2225,2025-02-28,Completed
114338,2225,2025-03-24,Completed
114339,8796,2025-02-28,Completed
114340,5933,2025-02-28,Completed
114341,5933,2025-03-20,Completed
114342,5933,2025-05-16,Completed
114343,5933,2025-08-06,Completed
114344,6073,2025-02-28,Completed
114345,6073,2025-04-25,Returned
114346,6073,2025-06-22,Completed
114347,6073,2025-09-21,Completed
114348,6073,2025-10-28,Returned
114349,6073,2025-12-14,Completed
114350,5738,2025-02-28,Completed
114351,5738,2025-04-15,Completed
114352,4076,2025-02-28,Completed
114353,4076,2025-04-05,Completed
114354,4076,2025-05-03,Completed
114355,4076,2025-06-24,Completed
114356,4076,2025-10-20,Completed
114357,4076,2025-12-31,Returned
114358,2290,2025-03-01,Completed
114359,8778,2025-03-01,Completed
114360,9039,2025-03-01,Returned
114361,9039,2025-03-24,Returned
114362,9039,2025-05-15,Completed
114363,9039,2025-06-17,Completed
114364,9039,2025-08-07,Completed
114365,9039,2025-12-03,Completed
114366,1496,2025-03-01,Completed
114367,1496,2025-03-30,Completed
114368,8886,2025-03-01,Returned
114369,8886,2025-03-30,Completed
114370,8886,2025-05-08,Completed
114371,8886,2025-06-08,Cancelled
114372,8886,2025-09-01,Completed
114373,8886,2025-11-28,Completed
114374,8821,2025-03-01,Completed
114375,2151,2025-03-01,Completed
114376,2151,2025-04-03,Completed
114377,506,2025-03-01,Completed
114378,506,2025-04-30,Completed
114379,506,2025-05-13,Completed
114380,606,2025-03-01,Returned
114381,6982,2025-03-01,Returned
114382,6982,2025-04-25,Completed
114383,6982,2025-06-22,Completed
114384,6982,2025-07-26,Cancelled
114385,10813,2025-03-01,Completed
114386,10813,2025-04-04,Completed
114387,10813,2025-04-27,Completed
114388,8519,2025-03-01,Completed
114389,8519,2025-08-31,Completed
114390,8519,2025-09-20,Returned
114391,10520,2025-03-01,Completed
114392,7162,2025-03-01,Completed
114393,7162,2025-05-08,Completed
114394,7162,2025-07-09,Completed
114395,7162,2025-10-03,Completed
114396,7162,2025-11-06,Completed
114397,7162,2025-12-16,Completed
114398,10164,2025-03-02,Completed
114399,10164,2025-03-21,Completed
114400,10164,2025-06-15,Completed
114401,10164,2025-07-20,Completed
114402,10164,2025-12-13,Completed
114403,11445,2025-03-02,Completed
114404,11445,2025-04-27,Completed
114405,11445,2025-05-28,Returned
114406,11445,2025-08-13,Completed
114407,11445,2025-10-20,Completed
114408,5327,2025-03-02,Completed
114409,6115,2025-03-02,Returned
114410,11000,2025-03-02,Completed
114411,1606,2025-03-02,Completed
114412,2545,2025-03-02,Completed
114413,7795,2025-03-02,Completed
114414,10844,2025-03-02,Completed
114415,10795,2025-03-02,Completed
114416,461,2025-03-02,Cancelled
114417,461,2025-04-19,Completed
114418,461,2025-06-03,Completed
114419,461,2025-08-23,Completed
114420,461,2025-11-25,Completed
114421,11396,2025-03-02,Completed
114422,11396,2025-04-08,Returned
114423,11396,2025-06-18,Completed
114424,7236,2025-03-02,Completed
114425,7236,2025-05-07,Completed
114426,10921,2025-03-02,Completed
114427,10921,2025-03-31,Returned
114428,10921,2025-06-12,Completed
114429,11067,2025-03-02,Completed
114430,4524,2025-03-02,Completed
114431,4271,2025-03-02,Completed
114432,4271,2025-07-11,Completed
114433,4271,2025-08-04,Completed
114434,4271,2025-09-04,Completed
114435,4271,2025-10-16,Completed
114436,11907,2025-03-03,Completed
114437,8190,2025-03-03,Completed
114438,8190,2025-04-02,Completed
114439,8779,2025-03-03,Returned
114440,6205,2025-03-03,Cancelled
114441,6205,2025-03-25,Completed
114442,1682,2025-03-03,Completed
114443,1682,2025-04-23,Completed
114444,1682,2025-09-02,Completed
114445,4898,2025-03-03,Returned
114446,4898,2025-07-12,Completed
114447,604,2025-03-03,Completed
114448,604,2025-05-02,Completed
114449,8799,2025-03-03,Completed
114450,4317,2025-03-03,Cancelled
114451,10648,2025-03-03,Completed
114452,10648,2025-04-03,Completed
114453,7802,2025-03-03,Completed
114454,7802,2025-05-14,Completed
114455,7802,2025-07-18,Completed
114456,1430,2025-03-03,Completed
114457,9260,2025-03-03,Completed
114458,9260,2025-04-06,Completed
114459,11147,2025-03-03,Completed
114460,11147,2025-06-19,Completed
114461,826,2025-03-03,Completed
114462,826,2025-04-06,Completed
114463,826,2025-07-20,Completed
114464,826,2025-08-21,Completed
114465,826,2025-09-15,Completed
114466,826,2025-11-09,Completed
114467,826,2025-12-10,Completed
114468,282,2025-03-03,Completed
114469,10916,2025-03-03,Completed
114470,10916,2025-04-27,Completed
114471,10916,2025-05-20,Completed
114472,6525,2025-03-04,Completed
114473,6525,2025-03-31,Completed
114474,2999,2025-03-04,Completed
114475,30,2025-03-04,Completed
114476,6055,2025-03-04,Completed
114477,6055,2025-09-17,Completed
114478,5048,2025-03-04,Completed
114479,5048,2025-03-31,Completed
114480,5048,2025-06-09,Completed
114481,5048,2025-10-24,Completed
114482,11221,2025-03-04,Completed
114483,11221,2025-06-09,Completed
114484,11221,2025-07-31,Completed
114485,6552,2025-03-04,Completed
114486,6552,2025-04-27,Returned
114487,6552,2025-09-10,Completed
114488,6552,2025-10-07,Completed
114489,6552,2025-11-20,Returned
114490,6552,2025-12-02,Completed
114491,4746,2025-03-04,Completed
114492,9738,2025-03-04,Completed
114493,8325,2025-03-04,Completed
114494,8325,2025-03-29,Completed
114495,7454,2025-03-04,Returned
114496,9506,2025-03-04,Completed
114497,870,2025-03-04,Completed
114498,870,2025-04-05,Completed
114499,870,2025-05-07,Completed
114500,870,2025-09-01,Cancelled
114501,11129,2025-03-04,Returned
114502,11129,2025-03-24,Returned
114503,11129,2025-05-08,Completed
114504,11129,2025-06-26,Completed
114505,11744,2025-03-04,Completed
114506,11744,2025-06-07,Completed
114507,4969,2025-03-05,Completed
114508,8677,2025-03-05,Completed
114509,8677,2025-05-07,Completed
114510,11439,2025-03-05,Completed
114511,9680,2025-03-05,Completed
114512,9680,2025-07-01,Completed
114513,9680,2025-11-14,Completed
114514,7375,2025-03-05,Completed
114515,7375,2025-05-02,Completed
114516,7375,2025-05-25,Returned
114517,7375,2025-06-25,Returned
114518,7375,2025-12-10,Completed
114519,7013,2025-03-05,Completed
114520,2565,2025-03-05,Completed
114521,4676,2025-03-05,Completed
114522,4676,2025-03-29,Completed
114523,4676,2025-05-21,Completed
114524,4676,2025-07-25,Completed
114525,337,2025-03-05,Completed
114526,9111,2025-03-05,Returned
114527,9111,2025-03-25,Completed
114528,8512,2025-03-05,Completed
114529,8512,2025-04-08,Completed
114530,8512,2025-06-12,Completed
114531,6862,2025-03-05,Completed
114532,6862,2025-04-06,Completed
114533,6862,2025-05-02,Completed
114534,6862,2025-05-30,Completed
114535,7527,2025-03-05,Completed
114536,7527,2025-05-27,Completed
114537,7527,2025-07-23,Completed
114538,125,2025-03-05,Completed
114539,125,2025-04-02,Returned
114540,10899,2025-03-05,Completed
114541,10899,2025-07-02,Completed
114542,4947,2025-03-05,Completed
114543,6060,2025-03-05,Completed
114544,6060,2025-04-06,Completed
114545,6060,2025-04-23,Completed
114546,4316,2025-03-06,Completed
114547,5838,2025-03-06,Completed
114548,2282,2025-03-06,Completed
114549,6288,2025-03-06,Completed
114550,5629,2025-03-06,Returned
114551,9601,2025-03-06,Completed
114552,9601,2025-03-25,Completed
114553,9601,2025-05-12,Cancelled
114554,5366,2025-03-06,Completed
114555,1704,2025-03-06,Completed
114556,11284,2025-03-06,Completed
114557,8609,2025-03-06,Returned
114558,10522,2025-03-06,Completed
114559,1579,2025-03-07,Completed
114560,11734,2025-03-07,Completed
114561,11734,2025-05-01,Completed
114562,11734,2025-06-10,Completed
114563,11734,2025-07-04,Completed
114564,11589,2025-03-07,Completed
114565,8716,2025-03-07,Completed
114566,7671,2025-03-07,Completed
114567,7671,2025-04-19,Completed
114568,7671,2025-06-27,Completed
114569,5001,2025-03-07,Completed
114570,5001,2025-04-13,Completed
114571,5001,2025-05-04,Completed
114572,5001,2025-06-07,Returned
114573,5001,2025-09-20,Returned
114574,5001,2025-10-31,Completed
114575,2649,2025-03-07,Completed
114576,3898,2025-03-07,Completed
114577,3898,2025-04-10,Completed
114578,7806,2025-03-07,Completed
114579,7806,2025-06-06,Completed
114580,7806,2025-06-23,Completed
114581,1326,2025-03-07,Completed
114582,1326,2025-07-03,Completed
114583,3724,2025-03-07,Completed
114584,3724,2025-04-04,Returned
114585,11256,2025-03-07,Completed
114586,3266,2025-03-07,Completed
114587,3266,2025-05-11,Returned
114588,3266,2025-06-17,Completed
114589,9222,2025-03-07,Completed
114590,9222,2025-03-31,Completed
114591,5715,2025-03-07,Returned
114592,8103,2025-03-07,Completed
114593,3793,2025-03-07,Completed
114594,3793,2025-05-26,Completed
114595,3793,2025-07-03,Completed
114596,3793,2025-09-27,Completed
114597,3793,2025-11-06,Completed
114598,1507,2025-03-07,Completed
114599,4795,2025-03-08,Completed
114600,4795,2025-09-30,Completed
114601,4795,2025-12-13,Returned
114602,2061,2025-03-08,Completed
114603,2061,2025-04-07,Completed
114604,2061,2025-05-18,Completed
114605,7148,2025-03-08,Completed
114606,7148,2025-04-05,Completed
114607,7148,2025-06-02,Completed
114608,7148,2025-09-01,Completed
114609,9360,2025-03-08,Completed
114610,9360,2025-06-05,Completed
114611,7310,2025-03-08,Returned
114612,7310,2025-05-16,Completed
114613,10707,2025-03-08,Completed
114614,10707,2025-04-02,Cancelled
114615,10707,2025-05-04,Completed
114616,10707,2025-05-22,Completed
114617,9630,2025-03-08,Completed
114618,4835,2025-03-08,Completed
114619,4835,2025-03-23,Completed
114620,4835,2025-05-28,Completed
114621,4835,2025-07-10,Completed
114622,4835,2025-08-01,Completed
114623,4835,2025-10-03,Completed
114624,4835,2025-11-22,Completed
114625,4835,2025-12-09,Completed
114626,6162,2025-03-08,Returned
114627,6162,2025-04-20,Completed
114628,6162,2025-05-23,Completed
114629,6162,2025-06-23,Completed
114630,6162,2025-08-28,Completed
114631,6162,2025-11-03,Completed
114632,11340,2025-03-08,Completed
114633,11340,2025-04-14,Returned
114634,11340,2025-05-02,Completed
114635,6185,2025-03-08,Completed
114636,4306,2025-03-08,Completed
114637,4306,2025-04-23,Completed
114638,6679,2025-03-09,Completed
114639,6679,2025-04-15,Completed
114640,7753,2025-03-09,Completed
114641,7753,2025-05-20,Completed
114642,7753,2025-06-11,Cancelled
114643,8353,2025-03-09,Completed
114644,6649,2025-03-09,Completed
114645,2576,2025-03-09,Completed
114646,2576,2025-08-05,Completed
114647,2576,2025-09-29,Completed
114648,9350,2025-03-09,Returned
114649,9350,2025-07-23,Completed
114650,3499,2025-03-09,Completed
114651,3499,2025-06-23,Cancelled
114652,3499,2025-07-23,Completed
114653,3499,2025-09-29,Returned
114654,3499,2025-11-10,Completed
114655,4132,2025-03-10,Completed
114656,3573,2025-03-10,Returned
114657,1247,2025-03-10,Completed
114658,1858,2025-03-10,Completed
114659,3869,2025-03-10,Completed
114660,1718,2025-03-10,Completed
114661,4180,2025-03-10,Completed
114662,4180,2025-04-17,Completed
114663,4180,2025-08-09,Completed
114664,4180,2025-09-22,Completed
114665,935,2025-03-10,Returned
114666,935,2025-04-15,Completed
114667,6359,2025-03-10,Completed
114668,6359,2025-05-15,Completed
114669,6359,2025-07-23,Cancelled
114670,6359,2025-09-13,Returned
114671,1463,2025-03-10,Returned
114672,1463,2025-04-16,Completed
114673,1463,2025-06-05,Completed
114674,3090,2025-03-10,Completed
114675,3090,2025-04-13,Completed
114676,3090,2025-05-23,Completed
114677,3090,2025-09-20,Completed
114678,7153,2025-03-10,Returned
114679,7153,2025-04-04,Completed
114680,10309,2025-03-10,Completed
114681,10309,2025-07-09,Completed
114682,10309,2025-08-19,Completed
114683,10309,2025-10-10,Completed
114684,10309,2025-11-06,Completed
114685,10309,2025-11-23,Completed
114686,7157,2025-03-10,Completed
114687,6484,2025-03-10,Completed
114688,2310,2025-03-10,Completed
114689,2597,2025-03-11,Completed
114690,11432,2025-03-11,Completed
114691,11432,2025-04-03,Completed
114692,11432,2025-04-25,Completed
114693,7089,2025-03-11,Returned
114694,7089,2025-06-09,Returned
114695,7089,2025-07-11,Completed
114696,7089,2025-10-24,Completed
114697,10851,2025-03-11,Completed
114698,10851,2025-06-07,Completed
114699,10851,2025-08-13,Completed
114700,10851,2025-09-04,Completed
114701,4008,2025-03-11,Completed
114702,4008,2025-04-04,Completed
114703,4008,2025-04-28,Completed
114704,4008,2025-05-31,Completed
114705,4008,2025-06-18,Completed
114706,1936,2025-03-11,Completed
114707,1936,2025-05-07,Completed
114708,1936,2025-08-07,Cancelled
114709,1936,2025-09-09,Cancelled
114710,1936,2025-10-04,Completed
114711,1936,2025-10-30,Completed
114712,1936,2025-11-21,Completed
114713,5672,2025-03-11,Completed
114714,5672,2025-04-07,Completed
114715,3597,2025-03-11,Completed
114716,2430,2025-03-11,Completed
114717,2430,2025-04-01,Completed
114718,2430,2025-05-09,Completed
114719,2430,2025-05-31,Completed
114720,2430,2025-07-06,Completed
114721,2430,2025-08-13,Completed
114722,2430,2025-10-21,Completed
114723,8444,2025-03-11,Completed
114724,10423,2025-03-11,Completed
114725,1455,2025-03-11,Completed
114726,1455,2025-04-18,Completed
114727,1455,2025-05-26,Completed
114728,7453,2025-03-11,Completed
114729,10694,2025-03-11,Completed
114730,9316,2025-03-11,Completed
114731,9316,2025-05-03,Completed
114732,9316,2025-07-26,Completed
114733,10633,2025-03-11,Completed
114734,10366,2025-03-12,Completed
114735,10366,2025-04-19,Completed
114736,10366,2025-06-21,Completed
114737,10366,2025-07-17,Completed
114738,7186,2025-03-12,Completed
114739,4153,2025-03-12,Completed
114740,3142,2025-03-12,Completed
114741,3142,2025-05-09,Cancelled
114742,3142,2025-06-05,Completed
114743,1883,2025-03-12,Completed
114744,1930,2025-03-12,Completed
114745,10934,2025-03-12,Completed
114746,10934,2025-07-27,Completed
114747,10934,2025-09-28,Completed
114748,9980,2025-03-12,Completed
114749,9980,2025-08-31,Completed
114750,1152,2025-03-12,Completed
114751,1152,2025-04-12,Returned
114752,1152,2025-06-13,Completed
114753,853,2025-03-12,Returned
114754,10948,2025-03-12,Completed
114755,10948,2025-04-14,Completed
114756,9406,2025-03-12,Completed
114757,9406,2025-04-19,Completed
114758,9406,2025-05-25,Completed
114759,9406,2025-09-03,Completed
114760,9406,2025-09-22,Completed
114761,9406,2025-11-08,Completed
114762,4633,2025-03-12,Completed
114763,4633,2025-06-19,Completed
114764,4633,2025-09-06,Completed
114765,4633,2025-10-11,Completed
114766,4633,2025-11-03,Completed
114767,6303,2025-03-12,Completed
114768,6303,2025-04-14,Completed
114769,6303,2025-06-12,Completed
114770,6303,2025-07-16,Completed
114771,6303,2025-08-08,Completed
114772,6303,2025-10-23,Completed
114773,2554,2025-03-12,Completed
114774,2554,2025-06-15,Completed
114775,2554,2025-07-16,Completed
114776,2554,2025-08-19,Completed
114777,2554,2025-09-23,Cancelled
114778,10427,2025-03-13,Cancelled
114779,5675,2025-03-13,Completed
114780,6460,2025-03-13,Completed
114781,6460,2025-04-22,Completed
114782,5347,2025-03-13,Completed
114783,5347,2025-05-26,Completed
114784,10104,2025-03-13,Completed
114785,10104,2025-04-03,Completed
114786,10104,2025-09-22,Returned
114787,10104,2025-11-04,Completed
114788,6810,2025-03-13,Completed
114789,6810,2025-05-28,Completed
114790,3087,2025-03-13,Completed
114791,8907,2025-03-13,Completed
114792,8907,2025-04-16,Completed
114793,8907,2025-05-23,Completed
114794,8907,2025-06-17,Completed
114795,5266,2025-03-13,Completed
114796,1139,2025-03-13,Completed
114797,5233,2025-03-13,Completed
114798,5233,2025-11-18,Completed
114799,5597,2025-03-13,Returned
114800,5597,2025-04-07,Completed
114801,5597,2025-05-07,Completed
114802,5597,2025-07-30,Completed
114803,5597,2025-10-14,Completed
114804,5541,2025-03-13,Completed
114805,5541,2025-04-06,Completed
114806,5541,2025-07-21,Completed
114807,5541,2025-11-18,Completed
114808,10657,2025-03-13,Completed
114809,10657,2025-06-18,Completed
114810,10657,2025-09-28,Completed
114811,6875,2025-03-14,Cancelled
114812,5350,2025-03-14,Completed
114813,5350,2025-09-06,Completed
114814,5350,2025-09-19,Completed
114815,3022,2025-03-14,Returned
114816,1791,2025-03-14,Completed
114817,1791,2025-06-04,Returned
114818,4200,2025-03-14,Returned
114819,4200,2025-07-31,Completed
114820,4200,2025-11-02,Completed
114821,4685,2025-03-14,Completed
114822,4685,2025-06-30,Completed
114823,1076,2025-03-14,Completed
114824,1076,2025-04-02,Completed
114825,1076,2025-05-07,Completed
114826,1076,2025-06-01,Completed
114827,1076,2025-10-08,Completed
114828,1076,2025-12-26,Returned
114829,9638,2025-03-14,Completed
114830,9638,2025-06-04,Completed
114831,9638,2025-08-24,Completed
114832,5176,2025-03-14,Returned
114833,5176,2025-04-14,Completed
114834,5176,2025-05-28,Returned
114835,2548,2025-03-14,Completed
114836,2548,2025-04-03,Completed
114837,8466,2025-03-14,Completed
114838,8466,2025-04-12,Cancelled
114839,1058,2025-03-14,Completed
114840,1058,2025-04-08,Completed
114841,1058,2025-05-12,Completed
114842,7290,2025-03-14,Returned
114843,7290,2025-04-12,Completed
114844,7290,2025-05-31,Completed
114845,7290,2025-06-26,Completed
114846,7290,2025-08-20,Completed
114847,7290,2025-09-16,Completed
114848,7290,2025-10-24,Completed
114849,9110,2025-03-14,Completed
114850,7637,2025-03-14,Returned
114851,7637,2025-05-04,Completed
114852,7637,2025-06-29,Completed
114853,7637,2025-11-10,Completed
114854,7637,2025-12-06,Completed
114855,7072,2025-03-15,Completed
114856,8150,2025-03-15,Completed
114857,8150,2025-06-22,Completed
114858,8150,2025-09-18,Completed
114859,8150,2025-12-26,Completed
114860,10682,2025-03-15,Completed
114861,8381,2025-03-15,Completed
114862,8381,2025-04-12,Completed
114863,8952,2025-03-15,Completed
114864,1457,2025-03-15,Completed
114865,8607,2025-03-15,Completed
114866,8607,2025-04-18,Completed
114867,3735,2025-03-15,Completed
114868,8125,2025-03-15,Completed
114869,8125,2025-09-06,Completed
114870,8125,2025-10-11,Completed
114871,1271,2025-03-15,Completed
114872,1271,2025-05-10,Returned
114873,1271,2025-09-08,Completed
114874,1271,2025-11-02,Completed
114875,8631,2025-03-15,Completed
114876,8631,2025-05-24,Completed
114877,8631,2025-06-23,Cancelled
114878,8631,2025-09-13,Returned
114879,8631,2025-11-09,Completed
114880,8200,2025-03-16,Completed
114881,2369,2025-03-16,Returned
114882,2369,2025-04-16,Cancelled
114883,3005,2025-03-16,Completed
114884,11837,2025-03-16,Completed
114885,11837,2025-05-15,Completed
114886,11837,2025-06-20,Completed
114887,11837,2025-08-28,Completed
114888,11837,2025-11-13,Completed
114889,11837,2025-12-16,Completed
114890,1244,2025-03-16,Completed
114891,1244,2025-04-02,Completed
114892,1244,2025-04-29,Completed
114893,3453,2025-03-16,Completed
114894,3453,2025-04-10,Completed
114895,9529,2025-03-16,Completed
114896,9529,2025-05-21,Completed
114897,9529,2025-07-08,Completed
114898,9529,2025-08-16,Cancelled
114899,9529,2025-12-04,Completed
114900,9529,2025-12-25,Completed
114901,7032,2025-03-16,Completed
114902,3725,2025-03-16,Completed
114903,3725,2025-04-14,Completed
114904,3725,2025-05-23,Completed
114905,3725,2025-12-07,Completed
114906,3725,2025-12-23,Completed
114907,10722,2025-03-16,Completed
114908,1469,2025-03-16,Returned
114909,4082,2025-03-16,Completed
114910,9267,2025-03-16,Completed
114911,9267,2025-04-24,Completed
114912,9267,2025-07-18,Completed
114913,5469,2025-03-16,Completed
114914,5469,2025-05-14,Completed
114915,2721,2025-03-16,Returned
114916,559,2025-03-16,Completed
114917,559,2025-05-31,Completed
114918,559,2025-06-21,Completed
114919,4980,2025-03-16,Completed
114920,7916,2025-03-17,Completed
114921,7916,2025-04-06,Cancelled
114922,8015,2025-03-17,Completed
114923,7159,2025-03-17,Completed
114924,8491,2025-03-17,Completed
114925,8491,2025-04-21,Completed
114926,8491,2025-05-10,Completed
114927,8491,2025-06-06,Returned
114928,8491,2025-07-08,Completed
114929,3473,2025-03-17,Completed
114930,3473,2025-04-14,Completed
114931,6231,2025-03-17,Completed
114932,6231,2025-04-14,Completed
114933,11573,2025-03-17,Completed
114934,11573,2025-08-17,Completed
114935,11573,2025-10-13,Completed
114936,11573,2025-12-18,Completed
114937,4115,2025-03-17,Completed
114938,4115,2025-06-06,Completed
114939,4115,2025-07-06,Completed
114940,4115,2025-08-16,Completed
114941,4115,2025-09-13,Completed
114942,7286,2025-03-17,Returned
114943,7286,2025-05-22,Completed
114944,8149,2025-03-17,Completed
114945,5810,2025-03-17,Completed
114946,5810,2025-07-03,Completed
114947,5810,2025-07-27,Completed
114948,5810,2025-11-27,Completed
114949,3603,2025-03-17,Completed
114950,3603,2025-04-05,Returned
114951,3603,2025-05-05,Cancelled
114952,3603,2025-08-28,Completed
114953,3603,2025-12-01,Completed
114954,6703,2025-03-17,Completed
114955,3088,2025-03-17,Completed
114956,7234,2025-03-17,Completed
114957,7234,2025-04-26,Cancelled
114958,7234,2025-05-29,Completed
114959,2896,2025-03-17,Completed
114960,5439,2025-03-17,Completed
114961,5439,2025-04-13,Completed
114962,5439,2025-06-26,Completed
114963,5439,2025-09-25,Completed
114964,5439,2025-12-15,Completed
114965,7232,2025-03-17,Completed
114966,7232,2025-06-10,Completed
114967,7232,2025-10-01,Completed
114968,3482,2025-03-17,Completed
114969,3482,2025-04-09,Completed
114970,2143,2025-03-17,Returned
114971,8032,2025-03-17,Completed
114972,8032,2025-04-15,Completed
114973,566,2025-03-17,Cancelled
114974,10067,2025-03-18,Completed
114975,10067,2025-04-18,Completed
114976,10067,2025-05-16,Completed
114977,10067,2025-10-06,Completed
114978,10067,2025-12-03,Completed
114979,10839,2025-03-18,Completed
114980,10839,2025-04-15,Completed
114981,10839,2025-05-06,Completed
114982,10839,2025-07-04,Completed
114983,10839,2025-07-16,Completed
114984,10839,2025-08-09,Completed
114985,11158,2025-03-18,Completed
114986,11158,2025-04-20,Completed
114987,11158,2025-06-29,Completed
114988,11158,2025-10-25,Completed
114989,8598,2025-03-18,Completed
114990,8598,2025-05-10,Completed
114991,2711,2025-03-18,Completed
114992,5487,2025-03-18,Returned
114993,5186,2025-03-18,Completed
114994,318,2025-03-18,Completed
114995,318,2025-04-06,Completed
114996,318,2025-05-01,Completed
114997,9552,2025-03-18,Completed
114998,9552,2025-05-23,Completed
114999,9552,2025-09-08,Completed
115000,9552,2025-11-06,Completed
115001,586,2025-03-18,Completed
115002,586,2025-04-08,Returned
115003,586,2025-10-21,Completed
115004,586,2025-12-08,Completed
115005,8978,2025-03-18,Completed
115006,8818,2025-03-18,Completed
115007,8818,2025-04-17,Completed
115008,11139,2025-03-18,Completed
115009,3296,2025-03-19,Cancelled
115010,4589,2025-03-19,Returned
115011,924,2025-03-19,Completed
115012,924,2025-04-11,Completed
115013,3197,2025-03-19,Completed
115014,3197,2025-06-05,Completed
115015,3197,2025-09-02,Completed
115016,3197,2025-11-11,Completed
115017,8648,2025-03-19,Completed
115018,8648,2025-04-27,Completed
115019,4994,2025-03-19,Completed
115020,10610,2025-03-19,Completed
115021,10610,2025-04-20,Completed
115022,10610,2025-05-08,Completed
115023,10610,2025-09-13,Completed
115024,6142,2025-03-19,Completed
115025,4530,2025-03-19,Completed
115026,652,2025-03-19,Completed
115027,652,2025-06-08,Cancelled
115028,652,2025-06-29,Completed
115029,9751,2025-03-19,Completed
115030,9751,2025-04-21,Completed
115031,9751,2025-11-14,Completed
115032,7578,2025-03-19,Completed
115033,1155,2025-03-19,Completed
115034,1155,2025-09-14,Completed
115035,6698,2025-03-20,Completed
115036,3811,2025-03-20,Completed
115037,3469,2025-03-20,Completed
115038,3469,2025-04-17,Completed
115039,3469,2025-05-14,Completed
115040,6382,2025-03-20,Completed
115041,8774,2025-03-20,Returned
115042,8774,2025-05-21,Completed
115043,4546,2025-03-20,Completed
115044,6281,2025-03-20,Completed
115045,6281,2025-04-28,Completed
115046,6281,2025-07-03,Completed
115047,6281,2025-08-21,Completed
115048,6281,2025-10-04,Completed
115049,6281,2025-10-27,Completed
115050,6281,2025-12-23,Returned
115051,4982,2025-03-20,Completed
115052,4982,2025-04-11,Completed
115053,4982,2025-06-02,Completed
115054,4982,2025-07-10,Completed
115055,1760,2025-03-20,Completed
115056,1760,2025-04-14,Completed
115057,4054,2025-03-20,Completed
115058,5468,2025-03-20,Completed
115059,11606,2025-03-20,Completed
115060,11606,2025-04-14,Returned
115061,1828,2025-03-20,Completed
115062,1828,2025-04-12,Completed
115063,1828,2025-05-12,Completed
115064,9706,2025-03-20,Completed
115065,9706,2025-04-12,Completed
115066,11971,2025-03-21,Cancelled
115067,11297,2025-03-21,Completed
115068,313,2025-03-21,Completed
115069,313,2025-06-02,Completed
115070,313,2025-07-15,Completed
115071,313,2025-09-30,Completed
115072,313,2025-10-25,Completed
115073,313,2025-11-26,Completed
115074,7195,2025-03-21,Returned
115075,7195,2025-04-25,Cancelled
115076,7195,2025-11-10,Completed
115077,7195,2025-12-29,Completed
115078,3449,2025-03-21,Completed
115079,3449,2025-04-24,Completed
115080,3449,2025-05-24,Completed
115081,11017,2025-03-21,Completed
115082,858,2025-03-22,Completed
115083,3729,2025-03-22,Completed
115084,3729,2025-07-17,Completed
115085,3729,2025-08-13,Completed
115086,3729,2025-09-10,Returned
115087,108,2025-03-22,Returned
115088,108,2025-04-27,Completed
115089,108,2025-08-04,Completed
115090,108,2025-09-21,Completed
115091,3732,2025-03-22,Completed
115092,3732,2025-04-16,Completed
115093,2653,2025-03-22,Completed
115094,2653,2025-05-30,Completed
115095,2653,2025-12-13,Completed
115096,3670,2025-03-22,Returned
115097,3670,2025-04-17,Returned
115098,3670,2025-05-11,Completed
115099,11056,2025-03-22,Completed
115100,7221,2025-03-22,Completed
115101,7221,2025-04-18,Completed
115102,7221,2025-06-05,Completed
115103,2498,2025-03-22,Completed
115104,2498,2025-04-10,Completed
115105,4601,2025-03-22,Completed
115106,6632,2025-03-23,Completed
115107,6632,2025-06-26,Returned
115108,7922,2025-03-23,Completed
115109,7922,2025-05-23,Completed
115110,498,2025-03-23,Completed
115111,8331,2025-03-23,Completed
115112,6273,2025-03-23,Completed
115113,6273,2025-05-12,Completed
115114,6273,2025-11-22,Completed
115115,4170,2025-03-23,Completed
115116,4170,2025-05-14,Completed
115117,2248,2025-03-23,Completed
115118,2248,2025-08-04,Completed
115119,5145,2025-03-23,Cancelled
115120,1620,2025-03-23,Completed
115121,1620,2025-04-27,Completed
115122,1620,2025-06-22,Completed
115123,4013,2025-03-23,Completed
115124,10660,2025-03-23,Completed
115125,10977,2025-03-23,Completed
115126,10977,2025-04-23,Returned
115127,3804,2025-03-24,Completed
115128,3804,2025-04-24,Completed
115129,3804,2025-07-27,Completed
115130,688,2025-03-24,Completed
115131,688,2025-06-14,Completed
115132,11820,2025-03-24,Completed
115133,10192,2025-03-24,Completed
115134,10192,2025-05-27,Completed
115135,10192,2025-07-01,Completed
115136,10951,2025-03-24,Completed
115137,10951,2025-07-04,Completed
115138,10951,2025-09-29,Completed
115139,11485,2025-03-24,Completed
115140,11485,2025-04-24,Completed
115141,4336,2025-03-24,Completed
115142,4336,2025-07-29,Completed
115143,4336,2025-10-02,Completed
115144,4336,2025-10-28,Completed
115145,4336,2025-12-31,Completed
115146,714,2025-03-24,Completed
115147,11687,2025-03-24,Completed
115148,11687,2025-07-10,Completed
115149,11687,2025-08-09,Completed
115150,11687,2025-11-12,Completed
115151,11687,2025-12-12,Completed
115152,8231,2025-03-24,Completed
115153,8231,2025-04-24,Completed
115154,8231,2025-05-17,Completed
115155,10812,2025-03-24,Completed
115156,10812,2025-05-18,Completed
115157,10812,2025-07-19,Completed
115158,10812,2025-10-15,Returned
115159,39,2025-03-25,Completed
115160,7479,2025-03-25,Completed
115161,7479,2025-07-16,Completed
115162,7479,2025-10-03,Completed
115163,7479,2025-12-31,Completed
115164,3649,2025-03-25,Completed
115165,2044,2025-03-25,Completed
115166,2044,2025-04-18,Completed
115167,2044,2025-05-11,Completed
115168,2044,2025-07-20,Completed
115169,2044,2025-08-20,Cancelled
115170,468,2025-03-25,Completed
115171,468,2025-05-19,Completed
115172,468,2025-09-01,Completed
115173,8502,2025-03-25,Cancelled
115174,8502,2025-04-27,Completed
115175,8502,2025-07-15,Completed
115176,8502,2025-08-07,Completed
115177,8502,2025-10-04,Completed
115178,8502,2025-11-25,Completed
115179,8502,2025-12-31,Completed
115180,4627,2025-03-25,Completed
115181,305,2025-03-25,Completed
115182,305,2025-04-19,Completed
115183,8848,2025-03-25,Returned
115184,8848,2025-05-17,Completed
115185,8848,2025-07-18,Completed
115186,8848,2025-09-13,Completed
115187,3414,2025-03-25,Completed
115188,7751,2025-03-25,Completed
115189,231,2025-03-25,Returned
115190,231,2025-07-30,Completed
115191,231,2025-09-09,Completed
115192,231,2025-10-15,Completed
115193,740,2025-03-25,Returned
115194,740,2025-04-29,Completed
115195,8219,2025-03-25,Completed
115196,8219,2025-04-18,Completed
115197,8219,2025-05-22,Completed
115198,2325,2025-03-25,Returned
115199,2325,2025-06-08,Returned
115200,2325,2025-09-08,Completed
115201,2325,2025-09-30,Returned
115202,11860,2025-03-25,Completed
115203,11860,2025-09-03,Completed
115204,11860,2025-10-25,Returned
115205,2039,2025-03-25,Completed
115206,2039,2025-06-22,Completed
115207,21,2025-03-26,Completed
115208,11668,2025-03-26,Completed
115209,11668,2025-05-11,Completed
115210,11668,2025-06-05,Completed
115211,11668,2025-12-06,Completed
115212,6983,2025-03-26,Completed
115213,6183,2025-03-26,Completed
115214,6183,2025-05-19,Completed
115215,6183,2025-06-02,Completed
115216,3458,2025-03-26,Completed
115217,3458,2025-05-06,Cancelled
115218,3458,2025-10-29,Completed
115219,4117,2025-03-26,Completed
115220,11095,2025-03-26,Returned
115221,11095,2025-06-18,Returned
115222,11095,2025-11-16,Returned
115223,6430,2025-03-26,Completed
115224,2189,2025-03-26,Completed
115225,3632,2025-03-26,Completed
115226,3632,2025-04-26,Completed
115227,3632,2025-05-21,Completed
115228,3632,2025-08-24,Completed
115229,3632,2025-10-19,Completed
115230,3632,2025-11-27,Returned
115231,9555,2025-03-26,Completed
115232,9555,2025-05-01,Completed
115233,11305,2025-03-26,Completed
115234,5755,2025-03-26,Returned
115235,5755,2025-04-26,Completed
115236,5755,2025-09-16,Completed
115237,5755,2025-10-17,Completed
115238,9660,2025-03-26,Completed
115239,9660,2025-07-19,Completed
115240,9660,2025-08-30,Completed
115241,9660,2025-12-06,Completed
115242,2665,2025-03-27,Completed
115243,10429,2025-03-27,Cancelled
115244,2304,2025-03-27,Cancelled
115245,2304,2025-04-19,Completed
115246,2304,2025-05-16,Completed
115247,2304,2025-07-07,Completed
115248,2304,2025-09-25,Completed
115249,9776,2025-03-27,Completed
115250,9776,2025-06-02,Completed
115251,9776,2025-12-19,Completed
115252,2916,2025-03-27,Cancelled
115253,2916,2025-07-05,Completed
115254,8152,2025-03-27,Completed
115255,8152,2025-04-14,Completed
115256,8152,2025-05-11,Completed
115257,8152,2025-05-28,Completed
115258,8152,2025-09-12,Completed
115259,8152,2025-11-17,Completed
115260,5263,2025-03-27,Completed
115261,6342,2025-03-27,Completed
115262,6342,2025-05-15,Completed
115263,6342,2025-10-07,Completed
115264,7648,2025-03-27,Completed
115265,7648,2025-04-22,Completed
115266,2534,2025-03-27,Completed
115267,2534,2025-05-02,Completed
115268,49,2025-03-27,Completed
115269,49,2025-05-06,Completed
115270,49,2025-06-04,Completed
115271,49,2025-08-06,Completed
115272,49,2025-09-17,Completed
115273,49,2025-10-09,Completed
115274,49,2025-11-03,Completed
115275,10970,2025-03-27,Completed
115276,10445,2025-03-27,Completed
115277,3222,2025-03-27,Completed
115278,1514,2025-03-28,Completed
115279,1514,2025-05-04,Completed
115280,8464,2025-03-28,Returned
115281,2416,2025-03-28,Completed
115282,1062,2025-03-28,Completed
115283,1062,2025-04-24,Completed
115284,1062,2025-05-28,Completed
115285,3525,2025-03-28,Completed
115286,3525,2025-05-08,Completed
115287,1534,2025-03-28,Completed
115288,891,2025-03-28,Completed
115289,4452,2025-03-28,Completed
115290,4452,2025-08-08,Completed
115291,4452,2025-09-05,Completed
115292,6219,2025-03-28,Completed
115293,2829,2025-03-28,Completed
115294,2829,2025-08-01,Completed
115295,2829,2025-09-08,Completed
115296,6019,2025-03-28,Completed
115297,6019,2025-04-18,Completed
115298,6019,2025-05-09,Completed
115299,6019,2025-08-27,Completed
115300,6019,2025-09-23,Completed
115301,6019,2025-12-07,Completed
115302,1402,2025-03-29,Completed
115303,1402,2025-05-24,Completed
115304,1402,2025-07-27,Completed
115305,1402,2025-08-19,Completed
115306,9167,2025-03-29,Completed
115307,9167,2025-06-12,Completed
115308,5778,2025-03-29,Completed
115309,5778,2025-07-01,Completed
115310,5778,2025-08-30,Completed
115311,5778,2025-09-13,Completed
115312,6322,2025-03-29,Cancelled
115313,6322,2025-05-17,Returned
115314,3625,2025-03-29,Completed
115315,3625,2025-05-29,Completed
115316,796,2025-03-29,Completed
115317,796,2025-06-09,Completed
115318,6627,2025-03-29,Returned
115319,11520,2025-03-29,Cancelled
115320,10345,2025-03-29,Completed
115321,10345,2025-04-23,Completed
115322,10345,2025-10-01,Completed
115323,10345,2025-12-21,Completed
115324,11123,2025-03-29,Completed
115325,6567,2025-03-29,Cancelled
115326,6567,2025-05-24,Completed
115327,6567,2025-06-22,Returned
115328,6567,2025-11-03,Returned
115329,6567,2025-11-25,Completed
115330,6567,2025-12-20,Completed
115331,5083,2025-03-29,Completed
115332,5083,2025-04-23,Completed
115333,4607,2025-03-29,Completed
115334,4607,2025-05-11,Completed
115335,8862,2025-03-29,Completed
115336,9423,2025-03-29,Completed
115337,9423,2025-04-29,Returned
115338,9423,2025-06-27,Completed
115339,2540,2025-03-29,Cancelled
115340,9364,2025-03-30,Completed
115341,9364,2025-06-08,Completed
115342,9364,2025-10-03,Completed
115343,6189,2025-03-30,Completed
115344,6959,2025-03-30,Completed
115345,5576,2025-03-30,Completed
115346,11650,2025-03-30,Completed
115347,11650,2025-08-03,Completed
115348,6794,2025-03-30,Returned
115349,6794,2025-05-24,Completed
115350,6794,2025-06-20,Completed
115351,6794,2025-10-28,Returned
115352,6119,2025-03-30,Completed
115353,6119,2025-04-16,Completed
115354,6119,2025-08-16,Completed
115355,6119,2025-08-31,Cancelled
115356,6119,2025-11-14,Completed
115357,6119,2025-12-24,Completed
115358,3638,2025-03-30,Completed
115359,3638,2025-08-26,Completed
115360,3638,2025-09-24,Completed
115361,3638,2025-10-26,Completed
115362,5049,2025-03-30,Completed
115363,5049,2025-04-30,Completed
115364,5049,2025-06-06,Completed
115365,5049,2025-08-28,Completed
115366,3788,2025-03-30,Completed
115367,3788,2025-08-05,Completed
115368,3788,2025-09-10,Completed
115369,6576,2025-03-30,Completed
115370,6576,2025-08-24,Completed
115371,6576,2025-10-16,Completed
115372,6576,2025-12-15,Completed
115373,3069,2025-03-30,Completed
115374,3069,2025-05-09,Completed
115375,3069,2025-08-07,Completed
115376,3069,2025-10-07,Completed
115377,3069,2025-10-30,Completed
115378,3069,2025-12-27,Completed
115379,7351,2025-03-30,Completed
115380,1493,2025-03-30,Completed
115381,1493,2025-08-20,Returned
115382,1493,2025-10-08,Cancelled
115383,1493,2025-11-15,Completed
115384,3073,2025-03-30,Completed
115385,3073,2025-07-12,Returned
115386,3073,2025-07-31,Returned
115387,3073,2025-09-26,Cancelled
115388,9544,2025-03-30,Completed
115389,9544,2025-04-26,Completed
115390,9544,2025-05-14,Completed
115391,9544,2025-09-11,Completed
115392,9544,2025-10-08,Completed
115393,6195,2025-03-30,Returned
115394,6195,2025-05-01,Completed
115395,6402,2025-03-31,Cancelled
115396,6402,2025-08-21,Returned
115397,6402,2025-09-18,Completed
115398,6402,2025-12-10,Completed
115399,11802,2025-03-31,Completed
115400,11802,2025-05-22,Completed
115401,11802,2025-09-06,Completed
115402,9448,2025-03-31,Completed
115403,8356,2025-03-31,Completed
115404,8356,2025-05-07,Cancelled
115405,6102,2025-03-31,Completed
115406,6102,2025-05-29,Completed
115407,6102,2025-08-14,Completed
115408,6102,2025-10-06,Completed
115409,6102,2025-11-22,Returned
115410,34,2025-03-31,Completed
115411,34,2025-10-01,Completed
115412,34,2025-10-30,Completed
115413,8447,2025-03-31,Returned
115414,57,2025-03-31,Returned
115415,57,2025-06-07,Completed
115416,6116,2025-03-31,Completed
115417,6116,2025-05-30,Completed
115418,6116,2025-07-29,Returned
115419,75,2025-03-31,Completed
115420,75,2025-05-02,Completed
115421,75,2025-07-06,Completed
115422,5027,2025-03-31,Completed
115423,5027,2025-09-30,Completed
115424,5889,2025-03-31,Completed
115425,5889,2025-05-01,Completed
115426,5889,2025-06-11,Returned
115427,5889,2025-09-14,Completed
115428,5889,2025-10-14,Completed
115429,5889,2025-10-26,Completed
115430,7402,2025-04-01,Completed
115431,7402,2025-04-16,Completed
115432,7402,2025-05-09,Returned
115433,2176,2025-04-01,Completed
115434,2176,2025-05-01,Completed
115435,2176,2025-07-02,Completed
115436,2176,2025-07-27,Completed
115437,2176,2025-10-01,Completed
115438,2176,2025-12-08,Completed
115439,2176,2025-12-26,Completed
115440,3215,2025-04-01,Completed
115441,3215,2025-09-03,Completed
115442,3215,2025-11-28,Completed
115443,10821,2025-04-01,Returned
115444,825,2025-04-01,Completed
115445,825,2025-05-28,Completed
115446,825,2025-08-21,Completed
115447,1198,2025-04-01,Completed
115448,2475,2025-04-01,Returned
115449,4037,2025-04-01,Completed
115450,4037,2025-05-13,Cancelled
115451,1892,2025-04-01,Returned
115452,1892,2025-06-03,Completed
115453,1892,2025-08-05,Cancelled
115454,320,2025-04-01,Completed
115455,320,2025-08-05,Completed
115456,320,2025-09-04,Completed
115457,10864,2025-04-01,Completed
115458,10864,2025-06-24,Completed
115459,10864,2025-08-15,Completed
115460,10864,2025-12-29,Completed
115461,10965,2025-04-01,Completed
115462,10965,2025-05-27,Completed
115463,10965,2025-07-04,Completed
115464,10965,2025-07-31,Completed
115465,10965,2025-12-08,Completed
115466,2466,2025-04-01,Completed
115467,6408,2025-04-01,Completed
115468,6408,2025-04-29,Returned
115469,6408,2025-07-27,Completed
115470,6408,2025-08-23,Completed
115471,6814,2025-04-01,Completed
115472,6814,2025-09-06,Completed
115473,6814,2025-10-16,Completed
115474,7628,2025-04-01,Completed
115475,6159,2025-04-01,Completed
115476,6159,2025-04-30,Completed
115477,6159,2025-05-24,Cancelled
115478,6159,2025-07-08,Completed
115479,6159,2025-08-12,Completed
115480,6159,2025-12-11,Completed
115481,6159,2025-12-31,Completed
115482,8763,2025-04-01,Completed
115483,8763,2025-06-26,Returned
115484,8763,2025-10-03,Completed
115485,2684,2025-04-01,Completed
115486,2684,2025-05-01,Completed
115487,1644,2025-04-01,Completed
115488,9671,2025-04-01,Completed
115489,11882,2025-04-01,Completed
115490,11882,2025-05-04,Completed
115491,11882,2025-05-23,Completed
115492,11882,2025-06-10,Returned
115493,3520,2025-04-02,Completed
115494,11963,2025-04-02,Completed
115495,11963,2025-06-19,Completed
115496,6960,2025-04-02,Completed
115497,6960,2025-04-21,Completed
115498,6960,2025-05-21,Completed
115499,6960,2025-06-16,Completed
115500,6960,2025-08-03,Returned
115501,6960,2025-09-03,Completed
115502,6366,2025-04-02,Completed
115503,6974,2025-04-02,Completed
115504,9786,2025-04-02,Completed
115505,9786,2025-07-24,Completed
115506,9786,2025-09-30,Completed
115507,9786,2025-10-29,Completed
115508,9786,2025-12-10,Completed
115509,10788,2025-04-02,Completed
115510,10788,2025-05-25,Completed
115511,10788,2025-11-27,Completed
115512,7190,2025-04-02,Completed
115513,4696,2025-04-02,Completed
115514,4696,2025-07-23,Completed
115515,7668,2025-04-02,Cancelled
115516,7668,2025-09-11,Completed
115517,7668,2025-10-08,Completed
115518,7668,2025-10-30,Completed
115519,6640,2025-04-02,Completed
115520,6640,2025-04-17,Completed
115521,6640,2025-05-18,Completed
115522,6640,2025-06-12,Completed
115523,6640,2025-07-19,Completed
115524,6640,2025-08-30,Returned
115525,11312,2025-04-02,Completed
115526,7774,2025-04-02,Completed
115527,7355,2025-04-03,Completed
115528,7355,2025-04-30,Completed
115529,11556,2025-04-03,Completed
115530,11556,2025-08-18,Returned
115531,2830,2025-04-03,Completed
115532,2830,2025-05-09,Completed
115533,2830,2025-06-01,Completed
115534,2830,2025-06-26,Completed
115535,2372,2025-04-03,Completed
115536,2372,2025-06-01,Completed
115537,2372,2025-07-07,Completed
115538,2372,2025-09-24,Completed
115539,2372,2025-11-22,Completed
115540,2372,2025-12-27,Completed
115541,10475,2025-04-03,Completed
115542,9340,2025-04-03,Completed
115543,4007,2025-04-03,Completed
115544,4007,2025-11-06,Returned
115545,650,2025-04-03,Completed
115546,9851,2025-04-03,Completed
115547,9851,2025-07-05,Completed
115548,9851,2025-09-04,Completed
115549,9851,2025-10-04,Completed
115550,9851,2025-11-12,Completed
115551,9851,2025-12-08,Returned
115552,8099,2025-04-03,Completed
115553,6140,2025-04-03,Completed
115554,6140,2025-06-06,Completed
115555,6140,2025-07-02,Completed
115556,10879,2025-04-03,Completed
115557,10879,2025-06-26,Completed
115558,11651,2025-04-03,Cancelled
115559,11651,2025-06-24,Completed
115560,11651,2025-08-17,Completed
115561,2443,2025-04-03,Completed
115562,5706,2025-04-03,Completed
115563,5706,2025-07-18,Completed
115564,5706,2025-11-18,Completed
115565,5706,2025-12-03,Completed
115566,2038,2025-04-04,Completed
115567,5513,2025-04-04,Completed
115568,5513,2025-04-21,Completed
115569,5513,2025-11-15,Completed
115570,9430,2025-04-04,Returned
115571,9430,2025-04-29,Completed
115572,9430,2025-07-02,Completed
115573,9430,2025-12-07,Completed
115574,944,2025-04-04,Completed
115575,944,2025-08-27,Cancelled
115576,7070,2025-04-04,Completed
115577,7070,2025-05-23,Completed
115578,9471,2025-04-04,Completed
115579,9471,2025-05-05,Completed
115580,33,2025-04-04,Completed
115581,33,2025-06-17,Completed
115582,33,2025-09-26,Completed
115583,10620,2025-04-04,Completed
115584,10620,2025-07-05,Completed
115585,10620,2025-09-03,Completed
115586,10620,2025-12-21,Completed
115587,6038,2025-04-04,Completed
115588,659,2025-04-04,Completed
115589,659,2025-06-05,Completed
115590,659,2025-09-01,Completed
115591,659,2025-12-30,Completed
115592,10172,2025-04-04,Completed
115593,10172,2025-07-12,Completed
115594,10172,2025-08-16,Completed
115595,8702,2025-04-04,Completed
115596,8702,2025-05-09,Completed
115597,6008,2025-04-04,Completed
115598,6127,2025-04-04,Cancelled
115599,4459,2025-04-04,Returned
115600,4459,2025-08-10,Returned
115601,4459,2025-09-24,Completed
115602,6758,2025-04-04,Completed
115603,6758,2025-05-31,Completed
115604,1605,2025-04-04,Completed
115605,4609,2025-04-04,Completed
115606,4609,2025-05-09,Completed
115607,3945,2025-04-04,Completed
115608,3945,2025-05-05,Completed
115609,3945,2025-08-24,Cancelled
115610,8782,2025-04-04,Completed
115611,8782,2025-05-14,Returned
115612,6508,2025-04-04,Completed
115613,398,2025-04-04,Completed
115614,398,2025-05-05,Completed
115615,398,2025-05-21,Returned
115616,398,2025-07-18,Completed
115617,398,2025-10-24,Completed
115618,398,2025-11-18,Completed
115619,2182,2025-04-04,Cancelled
115620,5225,2025-04-04,Completed
115621,5225,2025-04-29,Completed
115622,5225,2025-10-14,Completed
115623,5225,2025-11-18,Completed
115624,5225,2025-12-20,Completed
115625,5807,2025-04-04,Completed
115626,4087,2025-04-05,Completed
115627,6507,2025-04-05,Completed
115628,8927,2025-04-05,Completed
115629,8927,2025-04-27,Cancelled
115630,8927,2025-05-20,Completed
115631,8927,2025-06-26,Completed
115632,8927,2025-08-13,Completed
115633,8927,2025-08-30,Cancelled
115634,9687,2025-04-05,Completed
115635,9687,2025-05-04,Completed
115636,9687,2025-06-12,Completed
115637,9687,2025-10-10,Completed
115638,6879,2025-04-05,Completed
115639,6879,2025-08-11,Completed
115640,424,2025-04-05,Completed
115641,424,2025-06-12,Completed
115642,424,2025-09-20,Completed
115643,424,2025-12-15,Completed
115644,5645,2025-04-05,Completed
115645,10867,2025-04-05,Completed
115646,8376,2025-04-05,Completed
115647,8376,2025-04-29,Completed
115648,8376,2025-07-28,Returned
115649,10483,2025-04-05,Completed
115650,10483,2025-05-22,Completed
115651,10483,2025-06-17,Completed
115652,10483,2025-07-14,Completed
115653,6032,2025-04-05,Completed
115654,3437,2025-04-05,Completed
115655,3437,2025-06-18,Completed
115656,3437,2025-09-13,Completed
115657,3437,2025-10-04,Completed
115658,3437,2025-11-09,Returned
115659,3437,2025-12-14,Completed
115660,8114,2025-04-05,Completed
115661,8114,2025-04-27,Cancelled
115662,8114,2025-05-23,Completed
115663,8114,2025-06-16,Completed
115664,8114,2025-07-17,Completed
115665,11991,2025-04-05,Completed
115666,11991,2025-05-01,Completed
115667,11991,2025-06-27,Completed
115668,11991,2025-12-14,Completed
115669,9907,2025-04-05,Completed
115670,9907,2025-06-23,Completed
115671,9907,2025-07-29,Cancelled
115672,6173,2025-04-05,Completed
115673,6173,2025-05-02,Completed
115674,6173,2025-08-24,Completed
115675,4635,2025-04-05,Returned
115676,5155,2025-04-06,Completed
115677,5155,2025-07-21,Completed
115678,6015,2025-04-06,Completed
115679,6015,2025-07-06,Completed
115680,7288,2025-04-06,Completed
115681,7288,2025-08-02,Completed
115682,7288,2025-09-07,Completed
115683,9593,2025-04-06,Completed
115684,8764,2025-04-06,Completed
115685,10842,2025-04-06,Completed
115686,10842,2025-05-08,Completed
115687,10842,2025-06-02,Completed
115688,10842,2025-06-29,Completed
115689,10842,2025-10-09,Completed
115690,11998,2025-04-06,Completed
115691,5696,2025-04-06,Cancelled
115692,5696,2025-05-04,Completed
115693,5696,2025-07-06,Completed
115694,6778,2025-04-06,Completed
115695,6778,2025-05-23,Completed
115696,6778,2025-08-08,Completed
115697,5281,2025-04-06,Cancelled
115698,5281,2025-07-18,Completed
115699,5281,2025-08-13,Completed
115700,8938,2025-04-06,Returned
115701,10624,2025-04-06,Completed
115702,10624,2025-05-08,Returned
115703,10624,2025-06-15,Completed
115704,10624,2025-07-13,Completed
115705,2025,2025-04-06,Completed
115706,5887,2025-04-06,Completed
115707,5887,2025-04-26,Completed
115708,5887,2025-09-02,Cancelled
115709,2823,2025-04-06,Completed
115710,4349,2025-04-06,Returned
115711,4349,2025-05-06,Completed
115712,4349,2025-07-23,Completed
115713,4349,2025-09-21,Completed
115714,10307,2025-04-06,Completed
115715,10307,2025-05-03,Completed
115716,10307,2025-05-26,Returned
115717,4612,2025-04-07,Completed
115718,5984,2025-04-07,Completed
115719,5984,2025-05-15,Completed
115720,5984,2025-06-26,Completed
115721,5984,2025-08-05,Completed
115722,5984,2025-08-18,Completed
115723,5984,2025-09-17,Completed
115724,5984,2025-11-23,Returned
115725,6199,2025-04-07,Completed
115726,6199,2025-05-04,Completed
115727,6199,2025-10-17,Completed
115728,6199,2025-12-08,Completed
115729,6619,2025-04-07,Completed
115730,6619,2025-05-03,Returned
115731,6619,2025-06-01,Completed
115732,6619,2025-07-31,Completed
115733,8295,2025-04-07,Completed
115734,11737,2025-04-07,Completed
115735,11737,2025-05-03,Completed
115736,11737,2025-08-24,Completed
115737,11737,2025-10-19,Completed
115738,7900,2025-04-07,Completed
115739,4293,2025-04-07,Completed
115740,2936,2025-04-07,Completed
115741,8769,2025-04-07,Completed
115742,8769,2025-10-13,Completed
115743,6184,2025-04-07,Completed
115744,8110,2025-04-07,Completed
115745,8110,2025-05-02,Completed
115746,8110,2025-06-03,Completed
115747,8110,2025-06-24,Returned
115748,8110,2025-08-06,Completed
115749,8110,2025-11-17,Completed
115750,4183,2025-04-07,Completed
115751,4183,2025-05-11,Completed
115752,4183,2025-09-10,Completed
115753,4183,2025-11-07,Completed
115754,1383,2025-04-07,Completed
115755,1383,2025-06-06,Completed
115756,1383,2025-07-27,Returned
115757,1383,2025-10-02,Cancelled
115758,11501,2025-04-07,Completed
115759,2360,2025-04-07,Returned
115760,296,2025-04-07,Completed
115761,296,2025-05-02,Completed
115762,11477,2025-04-07,Completed
115763,11477,2025-06-16,Completed
115764,11477,2025-07-16,Completed
115765,11477,2025-10-26,Completed
115766,10134,2025-04-07,Completed
115767,10134,2025-05-31,Completed
115768,9967,2025-04-07,Completed
115769,9967,2025-12-17,Completed
115770,5584,2025-04-07,Completed
115771,5584,2025-05-14,Completed
115772,5584,2025-08-27,Completed
115773,5584,2025-09-25,Completed
115774,1486,2025-04-08,Completed
115775,1486,2025-05-15,Completed
115776,6597,2025-04-08,Completed
115777,6597,2025-05-07,Completed
115778,6597,2025-06-15,Completed
115779,6597,2025-08-12,Completed
115780,6597,2025-09-19,Returned
115781,6597,2025-10-26,Completed
115782,6597,2025-11-26,Completed
115783,8740,2025-04-08,Completed
115784,8740,2025-05-03,Completed
115785,8740,2025-06-08,Completed
115786,8740,2025-07-06,Completed
115787,8740,2025-08-30,Completed
115788,5677,2025-04-08,Returned
115789,10892,2025-04-08,Completed
115790,2053,2025-04-08,Completed
115791,11308,2025-04-08,Completed
115792,11308,2025-06-03,Completed
115793,11308,2025-10-09,Completed
115794,11308,2025-11-04,Cancelled
115795,5055,2025-04-08,Completed
115796,6522,2025-04-08,Completed
115797,6522,2025-08-13,Completed
115798,6522,2025-09-01,Completed
115799,6522,2025-10-13,Returned
115800,4102,2025-04-08,Completed
115801,10904,2025-04-08,Completed
115802,10904,2025-05-14,Cancelled
115803,10904,2025-10-04,Completed
115804,3774,2025-04-08,Completed
115805,9418,2025-04-08,Completed
115806,9418,2025-07-12,Completed
115807,9418,2025-09-29,Completed
115808,9418,2025-11-18,Completed
115809,396,2025-04-08,Completed
115810,396,2025-07-07,Completed
115811,396,2025-09-03,Returned
115812,5413,2025-04-08,Completed
115813,5413,2025-04-29,Completed
115814,5413,2025-05-20,Completed
115815,5413,2025-07-28,Completed
115816,5413,2025-10-20,Returned
115817,5413,2025-11-24,Completed
115818,5413,2025-12-23,Completed
115819,8682,2025-04-08,Completed
115820,8707,2025-04-09,Completed
115821,8333,2025-04-09,Completed
115822,5949,2025-04-09,Returned
115823,5949,2025-05-06,Completed
115824,6728,2025-04-09,Completed
115825,6762,2025-04-09,Completed
115826,6762,2025-05-05,Completed
115827,6762,2025-10-10,Completed
115828,6762,2025-10-26,Completed
115829,3594,2025-04-09,Completed
115830,3594,2025-04-28,Completed
115831,3227,2025-04-09,Completed
115832,3227,2025-05-27,Completed
115833,3227,2025-07-05,Completed
115834,8741,2025-04-09,Completed
115835,11161,2025-04-09,Completed
115836,11161,2025-05-25,Completed
115837,11161,2025-07-25,Completed
115838,2974,2025-04-09,Completed
115839,2974,2025-05-09,Completed
115840,2974,2025-06-12,Completed
115841,11079,2025-04-09,Completed
115842,11079,2025-06-10,Completed
115843,11079,2025-08-13,Completed
115844,192,2025-04-09,Completed
115845,192,2025-10-22,Completed
115846,3508,2025-04-09,Completed
115847,8998,2025-04-09,Completed
115848,8998,2025-05-16,Completed
115849,2591,2025-04-09,Completed
115850,5135,2025-04-09,Cancelled
115851,4050,2025-04-09,Returned
115852,2735,2025-04-09,Returned
115853,2735,2025-06-27,Returned
115854,696,2025-04-09,Completed
115855,696,2025-06-01,Completed
115856,4264,2025-04-09,Completed
115857,4264,2025-06-01,Completed
115858,9426,2025-04-10,Completed
115859,301,2025-04-10,Completed
115860,1513,2025-04-10,Completed
115861,6923,2025-04-10,Completed
115862,6923,2025-05-18,Completed
115863,8563,2025-04-10,Completed
115864,8563,2025-05-10,Completed
115865,8563,2025-06-11,Completed
115866,10300,2025-04-10,Returned
115867,3673,2025-04-10,Completed
115868,3673,2025-06-07,Completed
115869,10793,2025-04-10,Completed
115870,10793,2025-05-12,Completed
115871,10967,2025-04-10,Completed
115872,10967,2025-05-17,Completed
115873,8112,2025-04-10,Completed
115874,8112,2025-06-03,Completed
115875,8112,2025-10-06,Completed
115876,8112,2025-11-18,Completed
115877,5634,2025-04-10,Returned
115878,8739,2025-04-10,Completed
115879,8739,2025-05-20,Returned
115880,5633,2025-04-10,Completed
115881,8768,2025-04-10,Completed
115882,8768,2025-06-27,Returned
115883,5424,2025-04-10,Completed
115884,5424,2025-08-17,Completed
115885,5424,2025-12-09,Returned
115886,11900,2025-04-11,Completed
115887,3756,2025-04-11,Completed
115888,3756,2025-08-26,Completed
115889,3756,2025-10-05,Completed
115890,10898,2025-04-11,Cancelled
115891,5764,2025-04-11,Completed
115892,270,2025-04-11,Completed
115893,5093,2025-04-11,Completed
115894,5093,2025-10-25,Completed
115895,9140,2025-04-11,Completed
115896,9140,2025-06-13,Completed
115897,8342,2025-04-11,Completed
115898,8342,2025-05-08,Completed
115899,5099,2025-04-11,Completed
115900,5099,2025-05-24,Completed
115901,5099,2025-06-22,Returned
115902,10938,2025-04-11,Completed
115903,3576,2025-04-11,Completed
115904,3576,2025-07-11,Completed
115905,3576,2025-08-06,Completed
115906,10503,2025-04-11,Completed
115907,4613,2025-04-11,Returned
115908,1849,2025-04-11,Completed
115909,1849,2025-05-15,Completed
115910,1849,2025-07-28,Completed
115911,11168,2025-04-11,Completed
115912,11168,2025-07-06,Completed
115913,11168,2025-09-17,Completed
115914,11168,2025-10-27,Completed
115915,9311,2025-04-11,Completed
115916,9311,2025-05-20,Completed
115917,9311,2025-07-18,Completed
115918,9311,2025-10-26,Completed
115919,9311,2025-11-18,Returned
115920,4535,2025-04-11,Completed
115921,4535,2025-06-15,Completed
115922,4535,2025-07-04,Returned
115923,4535,2025-08-17,Completed
115924,7165,2025-04-11,Completed
115925,7165,2025-05-08,Completed
115926,7165,2025-06-16,Completed
115927,7165,2025-09-14,Completed
115928,7165,2025-10-26,Completed
115929,6397,2025-04-12,Completed
115930,6397,2025-05-23,Completed
115931,6397,2025-12-31,Returned
115932,6852,2025-04-12,Completed
115933,6852,2025-05-11,Completed
115934,11467,2025-04-12,Completed
115935,11467,2025-05-16,Completed
115936,7811,2025-04-12,Cancelled
115937,7811,2025-07-12,Completed
115938,7038,2025-04-12,Completed
115939,7038,2025-05-08,Completed
115940,1801,2025-04-12,Completed
115941,1801,2025-05-13,Completed
115942,1593,2025-04-12,Returned
115943,1593,2025-09-08,Completed
115944,1593,2025-10-10,Completed
115945,9320,2025-04-12,Completed
115946,1767,2025-04-13,Completed
115947,1767,2025-08-03,Completed
115948,1767,2025-09-23,Completed
115949,1767,2025-12-14,Returned
115950,8873,2025-04-13,Completed
115951,8873,2025-08-23,Completed
115952,8873,2025-09-28,Completed
115953,8873,2025-11-01,Completed
115954,2954,2025-04-13,Completed
115955,8560,2025-04-13,Completed
115956,8560,2025-06-28,Completed
115957,8373,2025-04-13,Returned
115958,8373,2025-06-25,Completed
115959,8373,2025-07-26,Completed
115960,8373,2025-09-28,Completed
115961,9478,2025-04-13,Completed
115962,9478,2025-05-16,Completed
115963,9478,2025-06-11,Completed
115964,7033,2025-04-13,Completed
115965,7033,2025-05-09,Completed
115966,10869,2025-04-13,Cancelled
115967,10869,2025-10-17,Returned
115968,10869,2025-11-14,Completed
115969,10869,2025-12-31,Returned
115970,3394,2025-04-13,Cancelled
115971,7747,2025-04-13,Completed
115972,7747,2025-07-10,Completed
115973,7747,2025-09-03,Completed
115974,10047,2025-04-13,Completed
115975,10047,2025-05-18,Completed
115976,7,2025-04-13,Completed
115977,7,2025-05-07,Completed
115978,7423,2025-04-13,Completed
115979,7423,2025-05-09,Completed
115980,9556,2025-04-13,Completed
115981,9556,2025-05-08,Completed
115982,11231,2025-04-13,Completed
115983,11231,2025-09-10,Completed
115984,11231,2025-11-28,Completed
115985,1745,2025-04-14,Completed
115986,4413,2025-04-14,Completed
115987,4413,2025-05-15,Completed
115988,3581,2025-04-14,Completed
115989,3581,2025-05-31,Completed
115990,3581,2025-06-23,Completed
115991,3581,2025-08-02,Returned
115992,3581,2025-09-04,Completed
115993,11848,2025-04-14,Completed
115994,915,2025-04-14,Returned
115995,3948,2025-04-14,Completed
115996,1717,2025-04-14,Completed
115997,1717,2025-06-22,Completed
115998,3355,2025-04-14,Completed
115999,10553,2025-04-14,Completed
116000,6735,2025-04-14,Completed
116001,1255,2025-04-14,Completed
116002,1255,2025-05-08,Completed
116003,551,2025-04-14,Completed
116004,551,2025-05-22,Returned
116005,551,2025-07-14,Cancelled
116006,551,2025-08-19,Returned
116007,551,2025-11-05,Completed
116008,11019,2025-04-14,Completed
116009,11019,2025-08-15,Completed
116010,11019,2025-09-22,Returned
116011,3518,2025-04-14,Completed
116012,3261,2025-04-14,Completed
116013,3261,2025-06-12,Cancelled
116014,3261,2025-06-25,Completed
116015,3261,2025-08-31,Completed
116016,3261,2025-12-04,Completed
116017,10960,2025-04-14,Completed
116018,9627,2025-04-14,Completed
116019,9203,2025-04-14,Completed
116020,8647,2025-04-14,Returned
116021,8647,2025-06-29,Completed
116022,8647,2025-10-07,Completed
116023,8647,2025-10-26,Completed
116024,4989,2025-04-15,Completed
116025,8267,2025-04-15,Completed
116026,8267,2025-05-24,Completed
116027,8267,2025-07-28,Completed
116028,443,2025-04-15,Cancelled
116029,443,2025-05-13,Completed
116030,1716,2025-04-15,Completed
116031,1716,2025-08-19,Completed
116032,9148,2025-04-15,Completed
116033,9148,2025-07-26,Completed
116034,9148,2025-08-28,Completed
116035,9148,2025-10-08,Completed
116036,9148,2025-11-10,Completed
116037,11387,2025-04-15,Completed
116038,3231,2025-04-15,Completed
116039,3231,2025-05-19,Completed
116040,3231,2025-07-27,Completed
116041,3231,2025-08-27,Cancelled
116042,3231,2025-09-28,Completed
116043,6405,2025-04-15,Completed
116044,6405,2025-05-17,Completed
116045,6405,2025-06-12,Completed
116046,298,2025-04-16,Returned
116047,8461,2025-04-16,Completed
116048,6594,2025-04-16,Completed
116049,9444,2025-04-16,Completed
116050,9462,2025-04-16,Completed
116051,9462,2025-08-19,Completed
116052,9438,2025-04-16,Completed
116053,9438,2025-06-19,Completed
116054,9438,2025-07-20,Completed
116055,9438,2025-10-08,Completed
116056,9438,2025-10-31,Completed
116057,3398,2025-04-16,Completed
116058,3398,2025-06-14,Completed
116059,4987,2025-04-16,Returned
116060,5916,2025-04-16,Cancelled
116061,1418,2025-04-16,Completed
116062,6704,2025-04-16,Completed
116063,3766,2025-04-16,Completed
116064,3766,2025-05-07,Completed
116065,3766,2025-05-30,Completed
116066,3766,2025-10-31,Completed
116067,3766,2025-12-15,Completed
116068,4975,2025-04-16,Completed
116069,4975,2025-12-21,Completed
116070,6744,2025-04-16,Completed
116071,9410,2025-04-16,Completed
116072,10318,2025-04-16,Completed
116073,3257,2025-04-16,Completed
116074,2383,2025-04-16,Completed
116075,2383,2025-05-17,Completed
116076,2383,2025-08-04,Completed
116077,2383,2025-09-02,Completed
116078,2383,2025-11-02,Completed
116079,74,2025-04-16,Completed
116080,538,2025-04-16,Completed
116081,538,2025-05-14,Completed
116082,538,2025-06-24,Returned
116083,538,2025-11-26,Completed
116084,11554,2025-04-16,Completed
116085,11554,2025-06-27,Returned
116086,9404,2025-04-17,Completed
116087,9404,2025-05-11,Completed
116088,4173,2025-04-17,Returned
116089,5669,2025-04-17,Returned
116090,6623,2025-04-17,Completed
116091,9361,2025-04-17,Cancelled
116092,9361,2025-05-31,Completed
116093,8657,2025-04-17,Returned
116094,5096,2025-04-17,Completed
116095,9333,2025-04-17,Completed
116096,6396,2025-04-17,Completed
116097,1683,2025-04-17,Completed
116098,7217,2025-04-17,Completed
116099,2870,2025-04-17,Completed
116100,2870,2025-05-25,Completed
116101,2870,2025-08-06,Returned
116102,2870,2025-10-21,Returned
116103,2870,2025-11-27,Completed
116104,9042,2025-04-17,Completed
116105,9042,2025-06-17,Completed
116106,968,2025-04-17,Completed
116107,968,2025-05-21,Completed
116108,968,2025-08-02,Returned
116109,968,2025-11-09,Completed
116110,10819,2025-04-18,Completed
116111,7890,2025-04-18,Completed
116112,8153,2025-04-18,Returned
116113,6361,2025-04-18,Completed
116114,4824,2025-04-18,Completed
116115,4824,2025-07-19,Completed
116116,4824,2025-08-30,Completed
116117,4824,2025-10-29,Completed
116118,2445,2025-04-18,Completed
116119,10135,2025-04-18,Completed
116120,9790,2025-04-18,Completed
116121,9790,2025-07-22,Completed
116122,9790,2025-08-10,Completed
116123,9790,2025-09-28,Completed
116124,9790,2025-10-20,Completed
116125,88,2025-04-18,Completed
116126,88,2025-05-28,Completed
116127,88,2025-06-17,Completed
116128,88,2025-09-13,Completed
116129,88,2025-10-16,Completed
116130,88,2025-11-10,Completed
116131,7707,2025-04-18,Completed
116132,7707,2025-08-10,Completed
116133,724,2025-04-18,Completed
116134,724,2025-07-21,Completed
116135,752,2025-04-18,Completed
116136,752,2025-06-20,Completed
116137,752,2025-08-28,Completed
116138,7427,2025-04-18,Returned
116139,7427,2025-09-30,Returned
116140,8451,2025-04-18,Completed
116141,8451,2025-06-10,Completed
116142,2526,2025-04-18,Completed
116143,2526,2025-05-15,Completed
116144,7616,2025-04-19,Completed
116145,7616,2025-08-31,Completed
116146,10509,2025-04-19,Completed
116147,6969,2025-04-19,Returned
116148,6969,2025-05-10,Completed
116149,6969,2025-07-27,Completed
116150,502,2025-04-19,Completed
116151,502,2025-07-29,Completed
116152,502,2025-08-16,Completed
116153,502,2025-09-16,Completed
116154,502,2025-10-24,Completed
116155,78,2025-04-19,Cancelled
116156,78,2025-05-22,Returned
116157,78,2025-06-20,Completed
116158,78,2025-09-19,Completed
116159,78,2025-11-19,Completed
116160,78,2025-12-13,Completed
116161,4049,2025-04-19,Completed
116162,8343,2025-04-19,Completed
116163,8343,2025-05-29,Completed
116164,8343,2025-08-25,Completed
116165,10327,2025-04-19,Completed
116166,10327,2025-05-26,Completed
116167,10327,2025-07-29,Completed
116168,10327,2025-08-22,Completed
116169,11503,2025-04-19,Returned
116170,8043,2025-04-19,Completed
116171,2283,2025-04-19,Completed
116172,2283,2025-05-12,Cancelled
116173,617,2025-04-19,Completed
116174,617,2025-11-16,Completed
116175,617,2025-12-22,Completed
116176,11443,2025-04-19,Completed
116177,11443,2025-06-26,Completed
116178,11443,2025-07-24,Completed
116179,4556,2025-04-19,Returned
116180,4556,2025-05-15,Completed
116181,307,2025-04-19,Completed
116182,307,2025-06-07,Completed
116183,307,2025-08-15,Completed
116184,307,2025-09-02,Completed
116185,307,2025-10-01,Completed
116186,307,2025-11-07,Completed
116187,8565,2025-04-19,Completed
116188,9021,2025-04-19,Completed
116189,3501,2025-04-19,Completed
116190,6727,2025-04-19,Completed
116191,6727,2025-09-10,Completed
116192,6727,2025-10-02,Completed
116193,6727,2025-11-01,Completed
116194,2612,2025-04-19,Completed
116195,5896,2025-04-19,Completed
116196,4238,2025-04-19,Completed
116197,5175,2025-04-20,Completed
116198,3646,2025-04-20,Completed
116199,3646,2025-05-17,Completed
116200,3646,2025-06-06,Cancelled
116201,10029,2025-04-20,Completed
116202,10029,2025-06-25,Completed
116203,10029,2025-11-02,Completed
116204,10029,2025-11-27,Cancelled
116205,10029,2025-12-31,Completed
116206,6706,2025-04-20,Returned
116207,6706,2025-07-07,Completed
116208,2588,2025-04-20,Completed
116209,7388,2025-04-20,Completed
116210,7388,2025-05-12,Completed
116211,9937,2025-04-20,Completed
116212,9937,2025-05-15,Completed
116213,3476,2025-04-20,Completed
116214,11800,2025-04-20,Completed
116215,11800,2025-05-26,Returned
116216,8060,2025-04-20,Completed
116217,10066,2025-04-21,Cancelled
116218,10066,2025-05-26,Completed
116219,10066,2025-06-25,Completed
116220,7271,2025-04-21,Cancelled
116221,7271,2025-06-18,Completed
116222,7271,2025-08-11,Completed
116223,7271,2025-09-12,Completed
116224,11655,2025-04-21,Completed
116225,11655,2025-06-24,Completed
116226,3692,2025-04-21,Completed
116227,3692,2025-07-17,Completed
116228,10365,2025-04-21,Completed
116229,10365,2025-05-24,Completed
116230,10365,2025-07-18,Returned
116231,10365,2025-09-29,Completed
116232,10365,2025-11-02,Completed
116233,1310,2025-04-21,Completed
116234,1310,2025-07-13,Returned
116235,2288,2025-04-21,Returned
116236,1550,2025-04-21,Completed
116237,1550,2025-05-10,Completed
116238,9715,2025-04-21,Returned
116239,9715,2025-05-25,Completed
116240,2152,2025-04-21,Returned
116241,2152,2025-05-22,Completed
116242,2152,2025-06-13,Completed
116243,2152,2025-08-17,Completed
116244,2152,2025-10-01,Completed
116245,3604,2025-04-21,Completed
116246,3604,2025-05-20,Completed
116247,10941,2025-04-21,Completed
116248,10311,2025-04-21,Completed
116249,10311,2025-06-21,Completed
116250,10311,2025-07-26,Completed
116251,6278,2025-04-21,Completed
116252,6278,2025-05-20,Completed
116253,6278,2025-10-25,Cancelled
116254,10625,2025-04-21,Returned
116255,10625,2025-10-23,Completed
116256,9276,2025-04-21,Completed
116257,3657,2025-04-21,Completed
116258,3657,2025-05-20,Completed
116259,5101,2025-04-21,Completed
116260,5409,2025-04-21,Completed
116261,5409,2025-10-27,Completed
116262,5616,2025-04-22,Completed
116263,5616,2025-05-22,Returned
116264,5616,2025-06-20,Completed
116265,5616,2025-08-24,Completed
116266,5616,2025-10-06,Completed
116267,5616,2025-10-30,Completed
116268,5616,2025-11-27,Returned
116269,5616,2025-12-19,Completed
116270,8151,2025-04-22,Completed
116271,8151,2025-10-22,Completed
116272,2848,2025-04-22,Completed
116273,4156,2025-04-22,Completed
116274,4156,2025-05-14,Completed
116275,7238,2025-04-22,Completed
116276,362,2025-04-22,Completed
116277,362,2025-05-16,Completed
116278,362,2025-07-20,Cancelled
116279,362,2025-08-14,Completed
116280,362,2025-11-22,Completed
116281,362,2025-12-18,Completed
116282,9570,2025-04-22,Completed
116283,8920,2025-04-22,Completed
116284,8920,2025-08-21,Completed
116285,8920,2025-12-06,Completed
116286,2406,2025-04-22,Completed
116287,2406,2025-06-15,Completed
116288,2406,2025-07-20,Completed
116289,2406,2025-09-12,Completed
116290,2406,2025-12-09,Completed
116291,10102,2025-04-22,Completed
116292,11867,2025-04-22,Completed
116293,11867,2025-05-18,Returned
116294,11867,2025-06-26,Completed
116295,11867,2025-07-26,Completed
116296,11867,2025-10-04,Completed
116297,5205,2025-04-22,Completed
116298,5205,2025-05-10,Completed
116299,8438,2025-04-22,Completed
116300,8438,2025-05-11,Returned
116301,753,2025-04-22,Completed
116302,7539,2025-04-23,Completed
116303,7539,2025-06-13,Completed
116304,7539,2025-07-12,Completed
116305,7539,2025-08-13,Completed
116306,11224,2025-04-23,Returned
116307,11224,2025-05-26,Completed
116308,8350,2025-04-23,Cancelled
116309,8350,2025-06-21,Completed
116310,8350,2025-09-13,Completed
116311,8350,2025-09-30,Completed
116312,4889,2025-04-23,Cancelled
116313,3809,2025-04-23,Returned
116314,6302,2025-04-23,Completed
116315,6302,2025-05-17,Completed
116316,6302,2025-07-16,Completed
116317,3172,2025-04-23,Completed
116318,5834,2025-04-23,Completed
116319,5834,2025-07-11,Completed
116320,5834,2025-09-02,Completed
116321,5834,2025-11-06,Completed
116322,7262,2025-04-23,Completed
116323,447,2025-04-24,Completed
116324,5417,2025-04-24,Completed
116325,5417,2025-05-09,Completed
116326,3763,2025-04-24,Completed
116327,3763,2025-05-28,Completed
116328,3763,2025-08-04,Completed
116329,3763,2025-09-06,Cancelled
116330,9877,2025-04-24,Completed
116331,2525,2025-04-24,Completed
116332,303,2025-04-24,Completed
116333,3306,2025-04-24,Completed
116334,7664,2025-04-24,Completed
116335,7664,2025-08-22,Completed
116336,7664,2025-10-24,Completed
116337,7664,2025-12-21,Completed
116338,6538,2025-04-24,Returned
116339,6538,2025-05-27,Completed
116340,1342,2025-04-24,Completed
116341,10875,2025-04-25,Completed
116342,11686,2025-04-25,Returned
116343,11266,2025-04-25,Completed
116344,11266,2025-09-19,Completed
116345,10369,2025-04-25,Completed
116346,5345,2025-04-25,Completed
116347,6855,2025-04-25,Completed
116348,6855,2025-09-17,Completed
116349,2899,2025-04-25,Completed
116350,2899,2025-08-22,Returned
116351,2899,2025-09-09,Completed
116352,2899,2025-10-18,Completed
116353,2899,2025-11-10,Completed
116354,8445,2025-04-25,Completed
116355,5919,2025-04-25,Completed
116356,5919,2025-05-23,Completed
116357,4753,2025-04-25,Completed
116358,4753,2025-09-23,Completed
116359,7553,2025-04-25,Completed
116360,7553,2025-05-19,Completed
116361,9502,2025-04-25,Completed
116362,9502,2025-05-21,Returned
116363,733,2025-04-25,Completed
116364,733,2025-06-11,Completed
116365,733,2025-07-21,Completed
116366,733,2025-10-09,Returned
116367,733,2025-12-28,Completed
116368,4373,2025-04-26,Returned
116369,8255,2025-04-26,Completed
116370,5158,2025-04-26,Returned
116371,5158,2025-07-10,Completed
116372,5158,2025-08-09,Completed
116373,9581,2025-04-26,Completed
116374,9581,2025-06-13,Returned
116375,9581,2025-08-22,Completed
116376,7263,2025-04-26,Completed
116377,3489,2025-04-26,Completed
116378,3489,2025-05-19,Completed
116379,10835,2025-04-26,Completed
116380,10835,2025-05-30,Completed
116381,10835,2025-06-23,Returned
116382,6443,2025-04-26,Completed
116383,6443,2025-06-25,Completed
116384,6443,2025-08-17,Completed
116385,6443,2025-09-15,Completed
116386,718,2025-04-26,Completed
116387,8791,2025-04-26,Completed
116388,5979,2025-04-26,Returned
116389,5979,2025-05-20,Completed
116390,5979,2025-10-02,Completed
116391,5979,2025-10-24,Completed
116392,645,2025-04-26,Completed
116393,645,2025-06-03,Completed
116394,645,2025-07-09,Completed
116395,1401,2025-04-26,Completed
116396,1401,2025-05-23,Completed
116397,1401,2025-09-13,Completed
116398,6211,2025-04-26,Completed
116399,6211,2025-06-21,Completed
116400,3074,2025-04-26,Completed
116401,3074,2025-05-26,Completed
116402,3074,2025-06-26,Returned
116403,3074,2025-10-07,Completed
116404,3074,2025-11-21,Completed
116405,6456,2025-04-26,Returned
116406,6456,2025-09-19,Completed
116407,6456,2025-12-28,Completed
116408,9182,2025-04-26,Returned
116409,9182,2025-05-19,Completed
116410,6168,2025-04-26,Completed
116411,7027,2025-04-26,Completed
116412,5587,2025-04-27,Cancelled
116413,6352,2025-04-27,Completed
116414,6352,2025-09-25,Completed
116415,2114,2025-04-27,Completed
116416,2714,2025-04-27,Completed
116417,2714,2025-05-28,Returned
116418,2714,2025-08-31,Completed
116419,2714,2025-09-22,Completed
116420,41,2025-04-27,Completed
116421,41,2025-09-25,Completed
116422,7239,2025-04-27,Completed
116423,7239,2025-05-24,Returned
116424,5950,2025-04-27,Completed
116425,5950,2025-05-31,Completed
116426,9186,2025-04-27,Completed
116427,9186,2025-06-05,Completed
116428,5080,2025-04-27,Completed
116429,5080,2025-05-29,Completed
116430,5080,2025-12-04,Completed
116431,6609,2025-04-27,Completed
116432,6609,2025-05-31,Completed
116433,3133,2025-04-27,Completed
116434,7891,2025-04-27,Completed
116435,9982,2025-04-27,Completed
116436,9982,2025-06-02,Completed
116437,9982,2025-07-21,Completed
116438,11117,2025-04-27,Completed
116439,11117,2025-05-20,Completed
116440,11117,2025-07-25,Completed
116441,4838,2025-04-27,Completed
116442,8723,2025-04-27,Completed
116443,8723,2025-09-09,Completed
116444,8723,2025-12-02,Completed
116445,2007,2025-04-28,Completed
116446,2007,2025-05-31,Completed
116447,2007,2025-06-24,Completed
116448,7278,2025-04-28,Completed
116449,3558,2025-04-28,Completed
116450,3558,2025-06-05,Completed
116451,5814,2025-04-28,Completed
116452,5814,2025-06-01,Completed
116453,5814,2025-09-09,Completed
116454,2611,2025-04-28,Returned
116455,1114,2025-04-28,Completed
116456,1114,2025-09-15,Completed
116457,1114,2025-10-18,Completed
116458,11628,2025-04-28,Completed
116459,11628,2025-07-07,Cancelled
116460,11628,2025-08-04,Completed
116461,11628,2025-08-21,Completed
116462,11628,2025-09-21,Completed
116463,11628,2025-10-26,Returned
116464,11628,2025-12-06,Completed
116465,1619,2025-04-28,Completed
116466,1619,2025-08-28,Completed
116467,1619,2025-10-19,Completed
116468,1619,2025-11-01,Completed
116469,1841,2025-04-28,Completed
116470,1841,2025-07-03,Completed
116471,4673,2025-04-28,Completed
116472,4673,2025-09-04,Completed
116473,278,2025-04-28,Completed
116474,6939,2025-04-28,Completed
116475,2658,2025-04-28,Completed
116476,2658,2025-06-06,Completed
116477,2658,2025-07-08,Completed
116478,7987,2025-04-29,Completed
116479,7987,2025-05-19,Completed
116480,7987,2025-09-04,Returned
116481,7987,2025-09-24,Returned
116482,7987,2025-11-23,Completed
116483,7987,2025-12-13,Completed
116484,3641,2025-04-29,Completed
116485,10985,2025-04-29,Completed
116486,2003,2025-04-29,Completed
116487,8562,2025-04-29,Cancelled
116488,8562,2025-06-17,Completed
116489,8562,2025-08-08,Cancelled
116490,8562,2025-09-10,Completed
116491,8562,2025-11-06,Completed
116492,8562,2025-12-01,Completed
116493,7240,2025-04-29,Completed
116494,7240,2025-07-01,Completed
116495,7240,2025-10-04,Cancelled
116496,10990,2025-04-29,Completed
116497,10990,2025-07-27,Completed
116498,10990,2025-09-20,Completed
116499,1491,2025-04-29,Returned
116500,9978,2025-04-29,Completed
116501,2614,2025-04-29,Completed
116502,2614,2025-06-02,Cancelled
116503,1346,2025-04-29,Completed
116504,2267,2025-04-29,Completed
116505,11768,2025-04-30,Returned
116506,11768,2025-06-02,Completed
116507,4009,2025-04-30,Completed
116508,838,2025-04-30,Completed
116509,838,2025-06-06,Completed
116510,838,2025-08-27,Completed
116511,838,2025-10-03,Completed
116512,5508,2025-04-30,Completed
116513,5508,2025-06-06,Completed
116514,5508,2025-07-08,Completed
116515,5508,2025-11-27,Completed
116516,5508,2025-12-15,Returned
116517,4005,2025-04-30,Completed
116518,4005,2025-05-28,Returned
116519,4736,2025-04-30,Completed
116520,4736,2025-06-10,Completed
116521,4736,2025-07-04,Cancelled
116522,4736,2025-09-06,Completed
116523,6654,2025-04-30,Completed
116524,6654,2025-05-26,Completed
116525,6654,2025-06-14,Completed
116526,9027,2025-04-30,Completed
116527,9027,2025-07-06,Completed
116528,3079,2025-04-30,Completed
116529,3079,2025-06-10,Completed
116530,748,2025-04-30,Completed
116531,748,2025-07-20,Completed
116532,748,2025-08-25,Completed
116533,6254,2025-04-30,Completed
116534,7508,2025-04-30,Completed
116535,7508,2025-06-04,Completed
116536,6002,2025-04-30,Completed
116537,9077,2025-04-30,Completed
116538,9077,2025-06-07,Returned
116539,9077,2025-07-29,Completed
116540,9077,2025-09-19,Completed
116541,5574,2025-05-01,Completed
116542,5574,2025-05-25,Completed
116543,5574,2025-09-26,Cancelled
116544,5574,2025-11-13,Cancelled
116545,5574,2025-12-21,Completed
116546,1581,2025-05-01,Completed
116547,1581,2025-05-31,Completed
116548,1581,2025-08-22,Completed
116549,1581,2025-09-29,Completed
116550,9378,2025-05-01,Completed
116551,9378,2025-05-29,Completed
116552,9378,2025-07-29,Completed
116553,9378,2025-10-16,Completed
116554,2950,2025-05-01,Completed
116555,2950,2025-07-20,Completed
116556,2950,2025-10-20,Completed
116557,4862,2025-05-01,Completed
116558,4862,2025-07-08,Completed
116559,4862,2025-07-28,Returned
116560,4862,2025-08-29,Completed
116561,4862,2025-09-20,Completed
116562,5986,2025-05-01,Completed
116563,2269,2025-05-01,Completed
116564,2269,2025-05-27,Completed
116565,2269,2025-09-26,Completed
116566,10843,2025-05-01,Completed
116567,10843,2025-06-09,Completed
116568,10843,2025-07-17,Completed
116569,8621,2025-05-01,Completed
116570,8621,2025-06-30,Completed
116571,8621,2025-08-06,Completed
116572,8809,2025-05-01,Completed
116573,11549,2025-05-01,Completed
116574,4870,2025-05-01,Completed
116575,8871,2025-05-01,Returned
116576,5375,2025-05-01,Completed
116577,5375,2025-09-03,Completed
116578,11152,2025-05-01,Completed
116579,11152,2025-07-06,Completed
116580,11152,2025-07-21,Completed
116581,10523,2025-05-02,Returned
116582,7268,2025-05-02,Completed
116583,7268,2025-05-31,Returned
116584,7268,2025-07-07,Completed
116585,7268,2025-07-29,Completed
116586,178,2025-05-02,Completed
116587,178,2025-05-29,Completed
116588,178,2025-06-19,Completed
116589,3276,2025-05-02,Completed
116590,3276,2025-07-02,Completed
116591,3276,2025-08-01,Returned
116592,3276,2025-09-09,Completed
116593,3276,2025-10-14,Completed
116594,3276,2025-11-20,Cancelled
116595,3276,2025-12-12,Completed
116596,11718,2025-05-02,Completed
116597,11718,2025-06-20,Completed
116598,11718,2025-07-30,Completed
116599,11718,2025-09-07,Completed
116600,11718,2025-10-31,Completed
116601,9083,2025-05-02,Completed
116602,9083,2025-12-07,Completed
116603,4458,2025-05-02,Completed
116604,5560,2025-05-02,Returned
116605,4603,2025-05-02,Cancelled
116606,7272,2025-05-02,Completed
116607,7272,2025-07-08,Completed
116608,7272,2025-07-25,Completed
116609,7272,2025-08-16,Completed
116610,7272,2025-09-18,Completed
116611,10335,2025-05-02,Completed
116612,10335,2025-08-01,Returned
116613,10335,2025-08-27,Completed
116614,10335,2025-10-01,Completed
116615,9048,2025-05-02,Completed
116616,9048,2025-06-02,Completed
116617,9048,2025-09-27,Completed
116618,3689,2025-05-02,Completed
116619,3689,2025-06-01,Completed
116620,3689,2025-10-15,Completed
116621,1511,2025-05-03,Completed
116622,9635,2025-05-03,Completed
116623,9635,2025-06-04,Completed
116624,9635,2025-08-22,Returned
116625,9635,2025-09-16,Completed
116626,692,2025-05-03,Completed
116627,692,2025-05-30,Completed
116628,692,2025-07-01,Completed
116629,11844,2025-05-03,Completed
116630,11844,2025-09-25,Completed
116631,11844,2025-11-04,Completed
116632,11844,2025-12-03,Completed
116633,10552,2025-05-03,Completed
116634,10552,2025-05-28,Returned
116635,10552,2025-08-18,Completed
116636,11750,2025-05-03,Completed
116637,11750,2025-09-03,Completed
116638,10818,2025-05-03,Returned
116639,10818,2025-05-27,Completed
116640,10818,2025-08-28,Completed
116641,10818,2025-10-21,Completed
116642,6869,2025-05-03,Completed
116643,2527,2025-05-03,Completed
116644,2527,2025-07-06,Completed
116645,2527,2025-08-08,Completed
116646,2527,2025-09-12,Completed
116647,2527,2025-10-02,Returned
116648,2527,2025-11-01,Returned
116649,2527,2025-12-02,Completed
116650,9273,2025-05-03,Completed
116651,9273,2025-07-20,Completed
116652,8163,2025-05-03,Completed
116653,462,2025-05-03,Completed
116654,462,2025-12-18,Completed
116655,9653,2025-05-03,Completed
116656,9653,2025-08-03,Completed
116657,9653,2025-09-22,Completed
116658,10128,2025-05-03,Completed
116659,3865,2025-05-03,Completed
116660,3865,2025-07-26,Completed
116661,7939,2025-05-04,Returned
116662,2737,2025-05-04,Completed
116663,2737,2025-07-03,Completed
116664,11818,2025-05-04,Completed
116665,11818,2025-07-15,Completed
116666,11818,2025-08-01,Returned
116667,11818,2025-09-27,Returned
116668,4715,2025-05-04,Returned
116669,11753,2025-05-04,Completed
116670,11753,2025-07-04,Completed
116671,11753,2025-07-27,Completed
116672,11753,2025-09-30,Completed
116673,3084,2025-05-04,Returned
116674,3084,2025-06-09,Completed
116675,3084,2025-08-07,Completed
116676,3084,2025-10-14,Completed
116677,378,2025-05-04,Completed
116678,582,2025-05-04,Completed
116679,582,2025-06-25,Completed
116680,4386,2025-05-04,Completed
116681,11497,2025-05-04,Completed
116682,11497,2025-06-06,Completed
116683,11497,2025-07-06,Cancelled
116684,11637,2025-05-04,Returned
116685,4218,2025-05-04,Completed
116686,4218,2025-06-27,Completed
116687,4218,2025-08-09,Completed
116688,1809,2025-05-04,Completed
116689,9020,2025-05-04,Completed
116690,9020,2025-06-08,Completed
116691,9020,2025-09-08,Completed
116692,8400,2025-05-04,Completed
116693,8990,2025-05-04,Completed
116694,10964,2025-05-04,Completed
116695,10964,2025-06-09,Completed
116696,10964,2025-08-11,Completed
116697,6436,2025-05-04,Completed
116698,7587,2025-05-05,Returned
116699,6889,2025-05-05,Completed
116700,5128,2025-05-05,Completed
116701,10798,2025-05-05,Completed
116702,10798,2025-05-30,Completed
116703,11313,2025-05-05,Completed
116704,11313,2025-06-03,Completed
116705,8951,2025-05-05,Completed
116706,684,2025-05-05,Completed
116707,684,2025-05-24,Completed
116708,684,2025-07-28,Completed
116709,684,2025-09-10,Returned
116710,11850,2025-05-05,Returned
116711,11850,2025-08-26,Completed
116712,11850,2025-11-25,Completed
116713,11850,2025-12-11,Completed
116714,9488,2025-05-05,Completed
116715,9488,2025-06-10,Completed
116716,6689,2025-05-05,Completed
116717,6689,2025-06-03,Completed
116718,6689,2025-06-29,Returned
116719,6689,2025-10-06,Completed
116720,1625,2025-05-05,Completed
116721,1625,2025-06-30,Completed
116722,1625,2025-07-31,Completed
116723,9962,2025-05-05,Completed
116724,3366,2025-05-05,Completed
116725,3480,2025-05-05,Completed
116726,3480,2025-06-04,Completed
116727,11872,2025-05-05,Completed
116728,3198,2025-05-05,Completed
116729,7685,2025-05-05,Completed
116730,7685,2025-05-30,Completed
116731,7685,2025-07-04,Completed
116732,7685,2025-07-29,Completed
116733,8975,2025-05-05,Completed
116734,8975,2025-05-30,Completed
116735,8975,2025-06-22,Completed
116736,8975,2025-08-25,Completed
116737,8975,2025-09-12,Completed
116738,8975,2025-10-03,Completed
116739,8975,2025-10-23,Completed
116740,8036,2025-05-06,Completed
116741,8036,2025-05-30,Completed
116742,8036,2025-12-06,Completed
116743,9412,2025-05-06,Completed
116744,8833,2025-05-06,Completed
116745,8833,2025-06-10,Completed
116746,8833,2025-07-06,Completed
116747,10547,2025-05-06,Completed
116748,10547,2025-07-25,Completed
116749,10547,2025-09-08,Completed
116750,10547,2025-11-10,Completed
116751,2089,2025-05-06,Completed
116752,11386,2025-05-06,Completed
116753,11386,2025-05-28,Completed
116754,11661,2025-05-06,Completed
116755,4308,2025-05-06,Completed
116756,4308,2025-09-01,Completed
116757,4308,2025-10-18,Completed
116758,4308,2025-12-02,Completed
116759,4308,2025-12-24,Returned
116760,9080,2025-05-06,Completed
116761,11049,2025-05-06,Returned
116762,7359,2025-05-06,Completed
116763,2231,2025-05-06,Completed
116764,9269,2025-05-06,Completed
116765,9269,2025-08-21,Completed
116766,9269,2025-12-30,Completed
116767,457,2025-05-06,Completed
116768,7091,2025-05-06,Completed
116769,7091,2025-08-04,Completed
116770,7091,2025-09-04,Completed
116771,7091,2025-12-09,Completed
116772,7885,2025-05-06,Completed
116773,1456,2025-05-06,Completed
116774,1456,2025-07-24,Returned
116775,1456,2025-08-24,Completed
116776,2330,2025-05-06,Cancelled
116777,2330,2025-08-02,Completed
116778,2330,2025-08-22,Completed
116779,2330,2025-09-18,Cancelled
116780,7183,2025-05-06,Completed
116781,3185,2025-05-06,Completed
116782,3185,2025-05-31,Completed
116783,10220,2025-05-06,Completed
116784,10220,2025-12-18,Completed
116785,6094,2025-05-07,Completed
116786,11926,2025-05-07,Completed
116787,7156,2025-05-07,Completed
116788,11142,2025-05-07,Completed
116789,7714,2025-05-07,Completed
116790,7714,2025-08-21,Completed
116791,8434,2025-05-07,Completed
116792,8434,2025-06-01,Completed
116793,8434,2025-08-05,Completed
116794,8434,2025-12-28,Completed
116795,1669,2025-05-07,Completed
116796,1669,2025-11-23,Completed
116797,5773,2025-05-07,Completed
116798,2112,2025-05-07,Completed
116799,2455,2025-05-07,Completed
116800,2455,2025-05-25,Completed
116801,2455,2025-09-04,Completed
116802,2455,2025-10-06,Completed
116803,2455,2025-11-01,Cancelled
116804,2455,2025-11-23,Completed
116805,2902,2025-05-07,Completed
116806,2902,2025-08-02,Completed
116807,2902,2025-08-31,Completed
116808,942,2025-05-07,Completed
116809,2660,2025-05-07,Completed
116810,2660,2025-06-13,Completed
116811,2660,2025-11-27,Completed
116812,5931,2025-05-07,Completed
116813,5931,2025-10-19,Completed
116814,2077,2025-05-07,Completed
116815,2077,2025-07-14,Completed
116816,2077,2025-08-06,Completed
116817,2077,2025-09-13,Completed
116818,2077,2025-10-13,Returned
116819,2077,2025-12-15,Completed
116820,8429,2025-05-07,Returned
116821,3446,2025-05-07,Cancelled
116822,9705,2025-05-08,Completed
116823,9705,2025-07-09,Completed
116824,5593,2025-05-08,Completed
116825,5593,2025-07-26,Completed
116826,5593,2025-08-25,Completed
116827,5593,2025-09-29,Returned
116828,5593,2025-11-11,Completed
116829,194,2025-05-08,Completed
116830,10287,2025-05-08,Completed
116831,236,2025-05-08,Completed
116832,5585,2025-05-08,Returned
116833,5816,2025-05-08,Completed
116834,5816,2025-07-08,Completed
116835,5816,2025-07-31,Completed
116836,11331,2025-05-08,Completed
116837,5425,2025-05-08,Completed
116838,8390,2025-05-08,Completed
116839,7304,2025-05-08,Completed
116840,7304,2025-06-07,Completed
116841,7304,2025-07-02,Completed
116842,7304,2025-08-15,Completed
116843,4079,2025-05-08,Completed
116844,4079,2025-11-21,Completed
116845,4079,2025-12-15,Completed
116846,3648,2025-05-08,Completed
116847,3648,2025-06-18,Returned
116848,3648,2025-12-23,Cancelled
116849,7882,2025-05-08,Completed
116850,7882,2025-07-16,Cancelled
116851,7882,2025-08-23,Completed
116852,7882,2025-09-23,Completed
116853,7882,2025-10-17,Completed
116854,7882,2025-12-04,Completed
116855,9184,2025-05-09,Completed
116856,9184,2025-08-02,Completed
116857,9184,2025-11-17,Completed
116858,5663,2025-05-09,Completed
116859,5663,2025-06-11,Completed
116860,5663,2025-08-04,Completed
116861,5663,2025-09-02,Completed
116862,5663,2025-11-01,Completed
116863,8571,2025-05-09,Completed
116864,8571,2025-07-19,Completed
116865,8571,2025-08-20,Completed
116866,8571,2025-09-16,Cancelled
116867,8571,2025-12-17,Completed
116868,3372,2025-05-09,Completed
116869,2178,2025-05-09,Completed
116870,2749,2025-05-09,Completed
116871,2749,2025-07-06,Cancelled
116872,2749,2025-10-13,Completed
116873,2749,2025-12-21,Completed
116874,4080,2025-05-09,Completed
116875,4080,2025-07-11,Completed
116876,446,2025-05-09,Completed
116877,769,2025-05-09,Completed
116878,769,2025-06-20,Completed
116879,769,2025-08-02,Returned
116880,769,2025-10-02,Completed
116881,2393,2025-05-09,Completed
116882,3070,2025-05-09,Completed
116883,3070,2025-05-30,Completed
116884,977,2025-05-10,Completed
116885,5805,2025-05-10,Completed
116886,6720,2025-05-10,Completed
116887,2469,2025-05-10,Completed
116888,2469,2025-06-09,Completed
116889,9685,2025-05-10,Completed
116890,9685,2025-07-22,Completed
116891,10193,2025-05-10,Completed
116892,3627,2025-05-10,Completed
116893,3627,2025-11-02,Completed
116894,4420,2025-05-10,Completed
116895,10799,2025-05-10,Completed
116896,10799,2025-06-06,Completed
116897,6967,2025-05-10,Returned
116898,2724,2025-05-10,Completed
116899,2724,2025-07-24,Returned
116900,2724,2025-10-18,Completed
116901,2724,2025-11-18,Completed
116902,6063,2025-05-10,Completed
116903,6063,2025-06-09,Completed
116904,7600,2025-05-10,Completed
116905,9958,2025-05-10,Completed
116906,9958,2025-08-20,Completed
116907,9958,2025-09-14,Completed
116908,9958,2025-11-22,Completed
116909,5828,2025-05-10,Returned
116910,5828,2025-08-22,Completed
116911,5828,2025-09-11,Completed
116912,5828,2025-11-06,Completed
116913,394,2025-05-10,Completed
116914,394,2025-07-11,Completed
116915,394,2025-10-11,Completed
116916,10900,2025-05-10,Completed
116917,11864,2025-05-10,Completed
116918,11871,2025-05-10,Completed
116919,5470,2025-05-10,Completed
116920,5470,2025-05-29,Completed
116921,5470,2025-07-08,Completed
116922,4581,2025-05-11,Returned
116923,6391,2025-05-11,Completed
116924,8969,2025-05-11,Completed
116925,8969,2025-09-05,Completed
116926,8969,2025-11-24,Completed
116927,8969,2025-12-27,Completed
116928,8567,2025-05-11,Completed
116929,8567,2025-07-31,Completed
116930,8567,2025-08-29,Completed
116931,1880,2025-05-11,Completed
116932,1880,2025-06-17,Completed
116933,1880,2025-07-11,Completed
116934,189,2025-05-11,Completed
116935,189,2025-07-13,Completed
116936,189,2025-08-16,Completed
116937,189,2025-11-18,Completed
116938,189,2025-12-14,Completed
116939,11614,2025-05-11,Completed
116940,3749,2025-05-11,Completed
116941,5044,2025-05-11,Completed
116942,5380,2025-05-12,Completed
116943,5380,2025-08-09,Completed
116944,5380,2025-10-13,Completed
116945,5380,2025-12-16,Completed
116946,10405,2025-05-12,Completed
116947,10405,2025-11-06,Completed
116948,2234,2025-05-12,Completed
116949,2234,2025-10-07,Completed
116950,2234,2025-12-06,Returned
116951,5787,2025-05-12,Completed
116952,2103,2025-05-12,Completed
116953,2103,2025-07-27,Completed
116954,2103,2025-09-09,Completed
116955,2103,2025-12-12,Completed
116956,11564,2025-05-12,Cancelled
116957,11564,2025-07-09,Completed
116958,6061,2025-05-12,Completed
116959,6061,2025-08-06,Completed
116960,6061,2025-10-26,Returned
116961,6061,2025-12-31,Completed
116962,4667,2025-05-12,Completed
116963,4667,2025-06-10,Completed
116964,6692,2025-05-12,Completed
116965,6692,2025-06-21,Completed
116966,6692,2025-07-17,Cancelled
116967,3245,2025-05-12,Completed
116968,10958,2025-05-12,Completed
116969,7151,2025-05-12,Completed
116970,5136,2025-05-12,Completed
116971,7554,2025-05-12,Completed
116972,7554,2025-09-25,Completed
116973,3169,2025-05-12,Completed
116974,3362,2025-05-12,Completed
116975,757,2025-05-12,Completed
116976,7264,2025-05-12,Completed
116977,6887,2025-05-13,Completed
116978,3539,2025-05-13,Completed
116979,3539,2025-06-12,Completed
116980,3539,2025-07-22,Returned
116981,3539,2025-12-10,Returned
116982,4272,2025-05-13,Completed
116983,4272,2025-05-31,Completed
116984,4272,2025-06-28,Completed
116985,4272,2025-08-08,Completed
116986,4272,2025-10-07,Completed
116987,4272,2025-11-09,Completed
116988,10037,2025-05-13,Completed
116989,10037,2025-06-11,Completed
116990,6495,2025-05-13,Completed
116991,5833,2025-05-13,Completed
116992,5833,2025-06-16,Completed
116993,5833,2025-07-12,Completed
116994,5833,2025-10-27,Completed
116995,5833,2025-12-28,Completed
116996,10786,2025-05-13,Completed
116997,5970,2025-05-13,Completed
116998,5970,2025-07-16,Returned
116999,5970,2025-08-01,Completed
117000,5970,2025-09-16,Completed
117001,6540,2025-05-13,Completed
117002,5985,2025-05-13,Completed
117003,5985,2025-07-11,Completed
117004,5985,2025-08-13,Completed
117005,5985,2025-09-27,Completed
117006,10450,2025-05-13,Completed
117007,11639,2025-05-13,Cancelled
117008,871,2025-05-13,Completed
117009,2101,2025-05-13,Completed
117010,2101,2025-07-06,Completed
117011,2101,2025-08-13,Completed
117012,2101,2025-09-06,Completed
117013,2101,2025-09-25,Completed
117014,11593,2025-05-13,Completed
117015,11593,2025-09-17,Completed
117016,11426,2025-05-13,Completed
117017,11426,2025-07-10,Completed
117018,4999,2025-05-13,Completed
117019,4999,2025-06-29,Cancelled
117020,4999,2025-10-15,Returned
117021,4999,2025-12-20,Completed
117022,11738,2025-05-14,Completed
117023,4143,2025-05-14,Completed
117024,8102,2025-05-14,Completed
117025,8102,2025-08-02,Cancelled
117026,9295,2025-05-14,Completed
117027,9295,2025-06-23,Completed
117028,9295,2025-08-19,Completed
117029,5211,2025-05-14,Completed
117030,5211,2025-06-23,Completed
117031,848,2025-05-14,Completed
117032,11134,2025-05-14,Completed
117033,8177,2025-05-14,Returned
117034,8177,2025-06-17,Completed
117035,8177,2025-08-08,Completed
117036,8177,2025-12-10,Completed
117037,4369,2025-05-14,Completed
117038,4369,2025-10-01,Completed
117039,9095,2025-05-14,Completed
117040,9095,2025-08-07,Completed
117041,9081,2025-05-14,Completed
117042,9081,2025-10-08,Completed
117043,11928,2025-05-14,Completed
117044,11928,2025-08-13,Completed
117045,11928,2025-09-08,Completed
117046,4874,2025-05-14,Completed
117047,5556,2025-05-14,Completed
117048,5556,2025-06-14,Completed
117049,5556,2025-07-11,Completed
117050,1948,2025-05-14,Completed
117051,1948,2025-06-09,Completed
117052,1948,2025-08-18,Completed
117053,1948,2025-10-08,Completed
117054,1948,2025-11-11,Completed
117055,1948,2025-12-15,Completed
117056,6544,2025-05-14,Completed
117057,11042,2025-05-14,Completed
117058,11042,2025-08-08,Returned
117059,11042,2025-09-01,Returned
117060,10865,2025-05-14,Completed
117061,10865,2025-07-12,Completed
117062,10865,2025-10-28,Completed
117063,5337,2025-05-14,Completed
117064,7781,2025-05-14,Cancelled
117065,7781,2025-08-06,Completed
117066,1940,2025-05-14,Completed
117067,5930,2025-05-15,Completed
117068,4810,2025-05-15,Completed
117069,499,2025-05-15,Completed
117070,499,2025-06-13,Returned
117071,499,2025-07-06,Completed
117072,7588,2025-05-15,Completed
117073,7588,2025-10-29,Completed
117074,7588,2025-12-27,Completed
117075,5317,2025-05-15,Cancelled
117076,5317,2025-06-15,Completed
117077,916,2025-05-15,Completed
117078,916,2025-06-21,Completed
117079,168,2025-05-15,Completed
117080,168,2025-08-01,Returned
117081,2168,2025-05-16,Completed
117082,9631,2025-05-16,Completed
117083,9631,2025-08-23,Returned
117084,9631,2025-09-25,Returned
117085,888,2025-05-16,Completed
117086,888,2025-07-02,Cancelled
117087,10003,2025-05-16,Completed
117088,10003,2025-10-31,Completed
117089,10003,2025-12-30,Completed
117090,6125,2025-05-16,Completed
117091,6125,2025-08-10,Completed
117092,6125,2025-09-22,Completed
117093,6125,2025-10-23,Completed
117094,6125,2025-12-20,Completed
117095,3096,2025-05-16,Completed
117096,3096,2025-07-02,Completed
117097,3096,2025-08-02,Completed
117098,7842,2025-05-16,Completed
117099,3267,2025-05-16,Returned
117100,3267,2025-06-14,Completed
117101,2825,2025-05-16,Completed
117102,2825,2025-08-02,Completed
117103,2825,2025-11-20,Completed
117104,9769,2025-05-16,Completed
117105,1214,2025-05-16,Completed
117106,310,2025-05-16,Completed
117107,310,2025-08-30,Completed
117108,310,2025-10-25,Cancelled
117109,310,2025-11-27,Completed
117110,143,2025-05-17,Completed
117111,954,2025-05-17,Completed
117112,11711,2025-05-17,Completed
117113,1374,2025-05-17,Completed
117114,8941,2025-05-17,Completed
117115,8941,2025-12-16,Completed
117116,52,2025-05-17,Completed
117117,6723,2025-05-17,Returned
117118,6723,2025-07-15,Returned
117119,4877,2025-05-17,Completed
117120,4877,2025-10-18,Completed
117121,4877,2025-11-15,Completed
117122,4877,2025-12-25,Completed
117123,10374,2025-05-17,Completed
117124,10374,2025-06-23,Completed
117125,6209,2025-05-17,Completed
117126,4594,2025-05-17,Completed
117127,2750,2025-05-17,Completed
117128,8395,2025-05-17,Completed
117129,3210,2025-05-17,Completed
117130,9824,2025-05-18,Completed
117131,9824,2025-07-04,Completed
117132,603,2025-05-18,Completed
117133,603,2025-06-06,Returned
117134,10807,2025-05-18,Cancelled
117135,10807,2025-06-20,Cancelled
117136,2444,2025-05-18,Completed
117137,2444,2025-09-09,Completed
117138,2444,2025-10-08,Completed
117139,4804,2025-05-18,Completed
117140,9808,2025-05-18,Completed
117141,4588,2025-05-18,Completed
117142,5852,2025-05-18,Completed
117143,5852,2025-07-25,Completed
117144,5498,2025-05-18,Completed
117145,5498,2025-07-19,Completed
117146,5498,2025-09-02,Completed
117147,5498,2025-09-20,Completed
117148,5498,2025-11-14,Completed
117149,2161,2025-05-18,Completed
117150,2161,2025-07-10,Completed
117151,2161,2025-08-13,Completed
117152,11453,2025-05-18,Completed
117153,11453,2025-11-04,Cancelled
117154,11453,2025-12-05,Returned
117155,10404,2025-05-18,Cancelled
117156,10404,2025-07-17,Completed
117157,10404,2025-08-07,Completed
117158,10616,2025-05-18,Completed
117159,10616,2025-08-30,Returned
117160,2433,2025-05-19,Completed
117161,9852,2025-05-19,Completed
117162,9852,2025-08-25,Completed
117163,2472,2025-05-19,Completed
117164,2472,2025-06-22,Completed
117165,2472,2025-07-24,Completed
117166,3038,2025-05-19,Completed
117167,3038,2025-08-18,Completed
117168,3038,2025-11-19,Cancelled
117169,3038,2025-12-25,Cancelled
117170,8719,2025-05-19,Completed
117171,8719,2025-06-26,Completed
117172,8719,2025-10-21,Completed
117173,3211,2025-05-19,Completed
117174,3211,2025-08-10,Cancelled
117175,3211,2025-11-06,Completed
117176,984,2025-05-19,Completed
117177,11471,2025-05-19,Returned
117178,4421,2025-05-19,Completed
117179,4421,2025-08-13,Completed
117180,4421,2025-10-12,Completed
117181,5203,2025-05-19,Completed
117182,591,2025-05-19,Completed
117183,591,2025-06-13,Completed
117184,591,2025-07-23,Completed
117185,591,2025-08-27,Completed
117186,591,2025-09-24,Completed
117187,10975,2025-05-19,Completed
117188,10975,2025-06-18,Completed
117189,925,2025-05-19,Completed
117190,1693,2025-05-19,Completed
117191,7737,2025-05-19,Completed
117192,7737,2025-07-21,Completed
117193,2397,2025-05-19,Completed
117194,2397,2025-09-12,Completed
117195,9625,2025-05-19,Completed
117196,9625,2025-06-13,Completed
117197,9625,2025-07-18,Completed
117198,9625,2025-10-28,Completed
117199,3650,2025-05-19,Completed
117200,3650,2025-08-13,Completed
117201,549,2025-05-20,Completed
117202,1124,2025-05-20,Completed
117203,1124,2025-10-24,Completed
117204,6333,2025-05-20,Completed
117205,6333,2025-06-19,Completed
117206,9780,2025-05-20,Completed
117207,9837,2025-05-20,Returned
117208,9837,2025-07-26,Completed
117209,8664,2025-05-20,Completed
117210,8664,2025-06-26,Completed
117211,10092,2025-05-20,Completed
117212,3736,2025-05-20,Completed
117213,3736,2025-06-14,Completed
117214,3736,2025-07-11,Completed
117215,3736,2025-08-14,Completed
117216,7699,2025-05-20,Completed
117217,3503,2025-05-20,Completed
117218,3503,2025-09-06,Completed
117219,3503,2025-09-28,Completed
117220,3503,2025-11-18,Completed
117221,3503,2025-12-06,Completed
117222,6730,2025-05-20,Completed
117223,6730,2025-06-17,Completed
117224,7824,2025-05-20,Returned
117225,7824,2025-06-11,Completed
117226,7824,2025-07-11,Completed
117227,7824,2025-08-31,Completed
117228,4617,2025-05-20,Completed
117229,4617,2025-06-14,Completed
117230,8638,2025-05-20,Completed
117231,4686,2025-05-20,Completed
117232,4686,2025-06-30,Completed
117233,3831,2025-05-21,Completed
117234,3831,2025-06-29,Returned
117235,3831,2025-08-03,Completed
117236,10091,2025-05-21,Completed
117237,10091,2025-08-03,Completed
117238,10036,2025-05-21,Completed
117239,10036,2025-06-28,Completed
117240,10036,2025-07-18,Completed
117241,10036,2025-09-25,Completed
117242,10036,2025-11-30,Completed
117243,11875,2025-05-21,Completed
117244,11875,2025-06-27,Completed
117245,5182,2025-05-21,Completed
117246,5182,2025-09-25,Completed
117247,5182,2025-12-29,Completed
117248,8059,2025-05-21,Completed
117249,5903,2025-05-21,Completed
117250,4103,2025-05-21,Completed
117251,4103,2025-09-27,Completed
117252,9773,2025-05-21,Completed
117253,9773,2025-07-27,Completed
117254,9773,2025-11-19,Returned
117255,9773,2025-12-15,Completed
117256,1622,2025-05-21,Completed
117257,1622,2025-06-23,Completed
117258,1622,2025-07-12,Completed
117259,1622,2025-08-12,Completed
117260,2945,2025-05-21,Completed
117261,6091,2025-05-21,Completed
117262,6091,2025-08-25,Returned
117263,6091,2025-10-03,Completed
117264,4318,2025-05-21,Completed
117265,4318,2025-06-13,Completed
117266,7274,2025-05-21,Completed
117267,7274,2025-07-13,Completed
117268,7274,2025-08-12,Completed
117269,7274,2025-09-08,Completed
117270,6377,2025-05-21,Completed
117271,6377,2025-06-22,Completed
117272,6603,2025-05-21,Completed
117273,6603,2025-06-23,Returned
117274,6603,2025-08-02,Completed
117275,6603,2025-08-30,Completed
117276,10896,2025-05-21,Completed
117277,10896,2025-07-18,Completed
117278,10896,2025-11-21,Returned
117279,10896,2025-12-05,Completed
117280,10937,2025-05-21,Completed
117281,10937,2025-06-10,Completed
117282,10937,2025-07-16,Completed
117283,10937,2025-09-17,Completed
117284,2205,2025-05-22,Completed
117285,3270,2025-05-22,Completed
117286,3270,2025-06-16,Completed
117287,3270,2025-07-14,Completed
117288,3270,2025-11-11,Completed
117289,9966,2025-05-22,Completed
117290,9966,2025-06-10,Returned
117291,9966,2025-08-22,Completed
117292,9966,2025-09-17,Completed
117293,1608,2025-05-22,Completed
117294,1608,2025-08-14,Completed
117295,1608,2025-09-03,Completed
117296,10514,2025-05-22,Completed
117297,7779,2025-05-22,Completed
117298,7779,2025-06-23,Completed
117299,7779,2025-09-07,Completed
117300,7779,2025-11-19,Completed
117301,1926,2025-05-22,Completed
117302,1926,2025-08-21,Completed
117303,5412,2025-05-22,Returned
117304,5412,2025-07-19,Completed
117305,5412,2025-08-22,Completed
117306,6417,2025-05-22,Completed
117307,6417,2025-07-25,Completed
117308,6417,2025-08-18,Completed
117309,1739,2025-05-22,Completed
117310,4571,2025-05-22,Completed
117311,4571,2025-07-16,Completed
117312,4571,2025-08-04,Completed
117313,11375,2025-05-22,Completed
117314,5400,2025-05-22,Completed
117315,5400,2025-06-13,Completed
117316,4643,2025-05-22,Completed
117317,9214,2025-05-22,Completed
117318,9214,2025-06-20,Completed
117319,9214,2025-07-19,Completed
117320,9214,2025-08-15,Completed
117321,9214,2025-12-14,Completed
117322,7746,2025-05-22,Completed
117323,2598,2025-05-23,Completed
117324,2598,2025-07-22,Cancelled
117325,2598,2025-10-17,Completed
117326,7832,2025-05-23,Completed
117327,11909,2025-05-23,Cancelled
117328,11909,2025-08-29,Returned
117329,2782,2025-05-23,Cancelled
117330,2782,2025-06-24,Returned
117331,2782,2025-08-09,Completed
117332,7096,2025-05-23,Returned
117333,5676,2025-05-23,Returned
117334,5676,2025-12-28,Completed
117335,2137,2025-05-23,Completed
117336,2137,2025-09-15,Returned
117337,6639,2025-05-23,Completed
117338,2852,2025-05-23,Returned
117339,4883,2025-05-23,Completed
117340,4883,2025-07-06,Completed
117341,2132,2025-05-23,Completed
117342,2132,2025-06-25,Completed
117343,2132,2025-07-16,Completed
117344,2132,2025-08-15,Completed
117345,6786,2025-05-23,Completed
117346,6786,2025-06-22,Completed
117347,238,2025-05-23,Completed
117348,4237,2025-05-23,Completed
117349,4237,2025-08-30,Completed
117350,4237,2025-11-06,Completed
117351,734,2025-05-23,Completed
117352,1197,2025-05-23,Completed
117353,11164,2025-05-23,Returned
117354,2720,2025-05-24,Completed
117355,2720,2025-06-16,Completed
117356,10030,2025-05-24,Completed
117357,653,2025-05-24,Completed
117358,653,2025-06-18,Completed
117359,653,2025-07-12,Completed
117360,3051,2025-05-24,Completed
117361,3051,2025-06-24,Completed
117362,7833,2025-05-24,Completed
117363,9856,2025-05-24,Completed
117364,9856,2025-06-22,Completed
117365,9856,2025-10-06,Completed
117366,9856,2025-11-11,Completed
117367,2364,2025-05-24,Completed
117368,9344,2025-05-24,Completed
117369,9344,2025-06-30,Completed
117370,9344,2025-09-21,Completed
117371,2972,2025-05-24,Completed
117372,2676,2025-05-24,Completed
117373,2676,2025-07-23,Completed
117374,2676,2025-08-27,Completed
117375,2676,2025-11-08,Completed
117376,2676,2025-12-13,Completed
117377,1778,2025-05-24,Completed
117378,10245,2025-05-24,Returned
117379,10245,2025-09-08,Completed
117380,10245,2025-10-31,Returned
117381,10245,2025-12-04,Completed
117382,4195,2025-05-24,Completed
117383,4195,2025-08-13,Completed
117384,4195,2025-11-01,Completed
117385,4195,2025-12-06,Completed
117386,8013,2025-05-24,Returned
117387,2988,2025-05-24,Cancelled
117388,2988,2025-06-26,Completed
117389,2988,2025-07-26,Completed
117390,11005,2025-05-25,Completed
117391,5026,2025-05-25,Completed
117392,5026,2025-11-20,Completed
117393,7120,2025-05-25,Returned
117394,10279,2025-05-25,Completed
117395,10279,2025-06-30,Completed
117396,126,2025-05-25,Completed
117397,126,2025-07-05,Completed
117398,126,2025-08-01,Completed
117399,5346,2025-05-25,Completed
117400,4101,2025-05-25,Completed
117401,4101,2025-06-30,Completed
117402,4101,2025-09-28,Completed
117403,4101,2025-11-22,Completed
117404,5492,2025-05-25,Completed
117405,5492,2025-10-10,Completed
117406,2428,2025-05-25,Returned
117407,2428,2025-07-28,Completed
117408,2428,2025-08-26,Completed
117409,2428,2025-12-16,Completed
117410,2126,2025-05-25,Completed
117411,6742,2025-05-25,Returned
117412,6742,2025-10-09,Completed
117413,38,2025-05-25,Completed
117414,2169,2025-05-25,Completed
117415,2169,2025-07-05,Completed
117416,2169,2025-07-31,Completed
117417,2169,2025-08-19,Cancelled
117418,2169,2025-09-14,Completed
117419,7405,2025-05-25,Completed
117420,7405,2025-07-28,Completed
117421,7405,2025-08-20,Completed
117422,7405,2025-09-12,Completed
117423,5648,2025-05-25,Completed
117424,5648,2025-06-26,Completed
117425,1504,2025-05-25,Returned
117426,1504,2025-10-12,Completed
117427,1504,2025-11-23,Completed
117428,6534,2025-05-25,Completed
117429,6534,2025-07-13,Completed
117430,6534,2025-11-10,Completed
117431,11842,2025-05-25,Returned
117432,8974,2025-05-25,Cancelled
117433,8974,2025-06-28,Completed
117434,10993,2025-05-25,Completed
117435,10993,2025-06-20,Completed
117436,10993,2025-07-20,Completed
117437,4451,2025-05-26,Completed
117438,4451,2025-06-27,Returned
117439,9429,2025-05-26,Completed
117440,9429,2025-08-30,Completed
117441,6936,2025-05-26,Cancelled
117442,6936,2025-06-27,Completed
117443,6936,2025-07-10,Completed
117444,6936,2025-09-07,Completed
117445,6936,2025-10-19,Returned
117446,6936,2025-11-13,Completed
117447,4216,2025-05-26,Completed
117448,10143,2025-05-26,Completed
117449,7693,2025-05-26,Completed
117450,7693,2025-09-19,Completed
117451,7693,2025-10-19,Completed
117452,10725,2025-05-26,Completed
117453,10725,2025-10-24,Completed
117454,10725,2025-12-31,Returned
117455,5422,2025-05-26,Completed
117456,5422,2025-07-01,Completed
117457,5422,2025-08-03,Returned
117458,5422,2025-10-04,Completed
117459,5422,2025-12-24,Completed
117460,1736,2025-05-26,Completed
117461,2695,2025-05-26,Returned
117462,2695,2025-07-29,Completed
117463,2695,2025-11-23,Completed
117464,4937,2025-05-26,Completed
117465,4837,2025-05-26,Completed
117466,4837,2025-07-28,Completed
117467,5777,2025-05-26,Completed
117468,1117,2025-05-27,Completed
117469,1117,2025-06-20,Completed
117470,1117,2025-09-02,Completed
117471,1117,2025-10-16,Completed
117472,1117,2025-12-14,Completed
117473,2476,2025-05-27,Completed
117474,2476,2025-06-26,Completed
117475,2476,2025-07-30,Completed
117476,10303,2025-05-27,Completed
117477,4921,2025-05-27,Completed
117478,4921,2025-09-26,Completed
117479,4921,2025-12-06,Completed
117480,9485,2025-05-27,Completed
117481,9485,2025-08-02,Cancelled
117482,6353,2025-05-27,Completed
117483,8107,2025-05-27,Completed
117484,8107,2025-09-10,Cancelled
117485,1613,2025-05-27,Completed
117486,1613,2025-06-14,Completed
117487,8415,2025-05-27,Returned
117488,9794,2025-05-27,Completed
117489,1574,2025-05-27,Returned
117490,1574,2025-07-25,Completed
117491,1574,2025-09-10,Completed
117492,11389,2025-05-27,Completed
117493,11389,2025-12-31,Completed
117494,489,2025-05-27,Completed
117495,489,2025-06-30,Completed
117496,489,2025-08-14,Completed
117497,2099,2025-05-27,Completed
117498,2099,2025-06-19,Completed
117499,2099,2025-08-28,Completed
117500,2099,2025-09-27,Completed
117501,2099,2025-11-02,Completed
117502,2099,2025-12-21,Completed
117503,6477,2025-05-28,Completed
117504,6076,2025-05-28,Completed
117505,4742,2025-05-28,Completed
117506,4817,2025-05-28,Completed
117507,899,2025-05-28,Returned
117508,3552,2025-05-28,Completed
117509,3552,2025-06-20,Completed
117510,3552,2025-07-17,Returned
117511,11124,2025-05-28,Completed
117512,11124,2025-07-24,Completed
117513,11124,2025-10-01,Completed
117514,1540,2025-05-28,Completed
117515,1540,2025-08-04,Cancelled
117516,1709,2025-05-28,Completed
117517,1709,2025-08-29,Completed
117518,8859,2025-05-28,Completed
117519,5964,2025-05-28,Cancelled
117520,5964,2025-07-06,Cancelled
117521,5964,2025-08-02,Completed
117522,5964,2025-09-06,Completed
117523,5964,2025-11-05,Completed
117524,4189,2025-05-28,Returned
117525,4189,2025-09-24,Completed
117526,4189,2025-12-14,Completed
117527,243,2025-05-28,Completed
117528,11930,2025-05-28,Completed
117529,11930,2025-06-27,Completed
117530,11930,2025-08-16,Completed
117531,11930,2025-10-18,Returned
117532,11930,2025-11-19,Completed
117533,4584,2025-05-28,Completed
117534,4584,2025-08-18,Completed
117535,8147,2025-05-29,Completed
117536,8147,2025-09-17,Completed
117537,8850,2025-05-29,Completed
117538,8332,2025-05-29,Completed
117539,9490,2025-05-29,Completed
117540,8751,2025-05-29,Completed
117541,8751,2025-09-13,Completed
117542,8751,2025-10-19,Completed
117543,9359,2025-05-29,Completed
117544,482,2025-05-29,Completed
117545,3242,2025-05-29,Completed
117546,3242,2025-08-28,Completed
117547,3242,2025-09-19,Returned
117548,440,2025-05-29,Completed
117549,11148,2025-05-29,Returned
117550,11679,2025-05-29,Completed
117551,10117,2025-05-29,Completed
117552,10117,2025-08-01,Completed
117553,10117,2025-09-27,Completed
117554,122,2025-05-29,Completed
117555,434,2025-05-29,Returned
117556,1906,2025-05-29,Completed
117557,1906,2025-07-10,Completed
117558,1906,2025-08-02,Completed
117559,1906,2025-11-04,Completed
117560,7014,2025-05-29,Returned
117561,6204,2025-05-29,Completed
117562,7349,2025-05-29,Completed
117563,7349,2025-08-16,Completed
117564,4408,2025-05-29,Completed
117565,4408,2025-07-30,Completed
117566,4408,2025-09-03,Completed
117567,8898,2025-05-30,Completed
117568,8898,2025-09-17,Completed
117569,6363,2025-05-30,Completed
117570,6363,2025-08-15,Completed
117571,6363,2025-10-26,Completed
117572,6363,2025-12-26,Completed
117573,7854,2025-05-30,Completed
117574,2619,2025-05-30,Completed
117575,6491,2025-05-30,Completed
117576,11113,2025-05-30,Completed
117577,937,2025-05-30,Returned
117578,937,2025-06-23,Completed
117579,937,2025-07-23,Completed
117580,937,2025-09-18,Completed
117581,937,2025-10-15,Completed
117582,937,2025-11-15,Completed
117583,10772,2025-05-30,Completed
117584,10772,2025-06-26,Completed
117585,10772,2025-08-18,Completed
117586,7435,2025-05-30,Returned
117587,7435,2025-06-20,Completed
117588,8569,2025-05-30,Completed
117589,11402,2025-05-30,Completed
117590,11402,2025-06-19,Completed
117591,1132,2025-05-30,Completed
117592,1132,2025-09-22,Completed
117593,1132,2025-10-23,Completed
117594,6592,2025-05-30,Completed
117595,6592,2025-08-03,Completed
117596,5895,2025-05-31,Completed
117597,5895,2025-07-27,Completed
117598,5895,2025-08-28,Completed
117599,5895,2025-10-06,Completed
117600,5895,2025-12-18,Completed
117601,5747,2025-05-31,Completed
117602,5913,2025-05-31,Completed
117603,669,2025-05-31,Completed
117604,8182,2025-05-31,Completed
117605,8182,2025-08-01,Completed
117606,8182,2025-09-27,Completed
117607,3313,2025-05-31,Completed
117608,8555,2025-05-31,Completed
117609,11422,2025-05-31,Completed
117610,152,2025-05-31,Completed
117611,152,2025-07-19,Completed
117612,152,2025-09-11,Completed
117613,152,2025-11-21,Returned
117614,7798,2025-05-31,Completed
117615,8849,2025-05-31,Completed
117616,8849,2025-06-20,Completed
117617,1453,2025-05-31,Completed
117618,1453,2025-07-12,Completed
117619,1453,2025-08-16,Completed
117620,9010,2025-05-31,Completed
117621,8261,2025-05-31,Completed
117622,6201,2025-05-31,Completed
117623,6201,2025-07-05,Completed
117624,8416,2025-05-31,Completed
117625,8416,2025-07-31,Completed
117626,8416,2025-09-25,Completed
117627,8416,2025-10-30,Completed
117628,8902,2025-06-01,Completed
117629,8902,2025-07-25,Returned
117630,8902,2025-09-25,Completed
117631,8902,2025-10-20,Completed
117632,10217,2025-06-01,Completed
117633,11234,2025-06-01,Completed
117634,11234,2025-08-15,Completed
117635,4760,2025-06-01,Completed
117636,4760,2025-07-05,Completed
117637,4052,2025-06-01,Returned
117638,4052,2025-07-08,Completed
117639,10943,2025-06-01,Returned
117640,10943,2025-06-30,Completed
117641,10943,2025-11-02,Completed
117642,10943,2025-11-30,Returned
117643,4177,2025-06-01,Completed
117644,4177,2025-11-07,Completed
117645,5496,2025-06-01,Completed
117646,1237,2025-06-01,Returned
117647,1237,2025-08-02,Cancelled
117648,2419,2025-06-01,Completed
117649,7560,2025-06-01,Cancelled
117650,7560,2025-07-04,Completed
117651,7764,2025-06-01,Completed
117652,784,2025-06-01,Completed
117653,784,2025-06-25,Completed
117654,784,2025-10-30,Completed
117655,10129,2025-06-01,Completed
117656,10129,2025-11-23,Completed
117657,2857,2025-06-01,Completed
117658,10474,2025-06-01,Completed
117659,10474,2025-07-01,Completed
117660,4539,2025-06-01,Returned
117661,4539,2025-06-29,Cancelled
117662,5902,2025-06-01,Completed
117663,5902,2025-06-23,Completed
117664,5902,2025-08-16,Completed
117665,5902,2025-10-15,Completed
117666,5902,2025-12-18,Completed
117667,505,2025-06-01,Completed
117668,505,2025-08-26,Completed
117669,2371,2025-06-01,Cancelled
117670,5975,2025-06-01,Completed
117671,5975,2025-07-25,Cancelled
117672,5975,2025-08-31,Completed
117673,5975,2025-11-28,Completed
117674,9999,2025-06-01,Completed
117675,9999,2025-06-25,Completed
117676,7121,2025-06-02,Completed
117677,2035,2025-06-02,Returned
117678,2035,2025-08-14,Completed
117679,5631,2025-06-02,Completed
117680,3456,2025-06-02,Completed
117681,3456,2025-07-05,Completed
117682,3456,2025-07-24,Completed
117683,11643,2025-06-02,Completed
117684,7663,2025-06-02,Completed
117685,7663,2025-09-13,Completed
117686,7663,2025-10-27,Completed
117687,7663,2025-12-20,Completed
117688,6858,2025-06-02,Completed
117689,11632,2025-06-02,Completed
117690,11632,2025-07-08,Completed
117691,11632,2025-07-27,Completed
117692,9576,2025-06-02,Completed
117693,10700,2025-06-02,Completed
117694,10700,2025-07-26,Completed
117695,55,2025-06-02,Returned
117696,4700,2025-06-02,Cancelled
117697,2235,2025-06-02,Completed
117698,2235,2025-06-30,Completed
117699,2235,2025-07-21,Completed
117700,2235,2025-09-01,Completed
117701,2235,2025-09-22,Completed
117702,2235,2025-10-21,Completed
117703,2235,2025-11-24,Completed
117704,2235,2025-12-29,Completed
117705,1510,2025-06-02,Completed
117706,1510,2025-07-15,Completed
117707,1510,2025-08-16,Completed
117708,2743,2025-06-02,Completed
117709,2743,2025-07-05,Completed
117710,2743,2025-09-13,Completed
117711,2743,2025-10-21,Completed
117712,8274,2025-06-02,Completed
117713,2086,2025-06-03,Completed
117714,3012,2025-06-03,Completed
117715,8389,2025-06-03,Completed
117716,3906,2025-06-03,Completed
117717,3906,2025-09-12,Completed
117718,3906,2025-10-03,Completed
117719,10580,2025-06-03,Completed
117720,10580,2025-09-05,Completed
117721,10580,2025-10-07,Completed
117722,10580,2025-11-10,Completed
117723,10580,2025-11-21,Completed
117724,12,2025-06-03,Completed
117725,9044,2025-06-03,Completed
117726,6614,2025-06-03,Completed
117727,11447,2025-06-03,Cancelled
117728,11447,2025-09-06,Cancelled
117729,11447,2025-10-08,Completed
117730,9386,2025-06-03,Completed
117731,4653,2025-06-03,Completed
117732,4653,2025-06-29,Cancelled
117733,4653,2025-09-17,Completed
117734,4653,2025-11-01,Completed
117735,6459,2025-06-03,Completed
117736,6459,2025-08-31,Completed
117737,120,2025-06-03,Completed
117738,9905,2025-06-03,Completed
117739,9905,2025-08-20,Completed
117740,9905,2025-09-24,Completed
117741,9905,2025-11-19,Cancelled
117742,9305,2025-06-03,Completed
117743,9305,2025-07-30,Completed
117744,9305,2025-08-31,Completed
117745,5840,2025-06-03,Completed
117746,5199,2025-06-03,Returned
117747,11012,2025-06-04,Completed
117748,8042,2025-06-04,Completed
117749,8042,2025-08-30,Completed
117750,8042,2025-10-24,Completed
117751,7215,2025-06-04,Completed
117752,7215,2025-07-09,Completed
117753,7215,2025-08-10,Completed
117754,4385,2025-06-04,Completed
117755,4385,2025-07-21,Completed
117756,11188,2025-06-04,Completed
117757,2937,2025-06-04,Completed
117758,2937,2025-07-04,Completed
117759,2937,2025-08-06,Completed
117760,2937,2025-10-16,Completed
117761,2937,2025-11-08,Completed
117762,2937,2025-12-17,Returned
117763,1853,2025-06-04,Completed
117764,7386,2025-06-04,Completed
117765,7386,2025-07-29,Returned
117766,7386,2025-10-28,Returned
117767,7386,2025-11-25,Completed
117768,981,2025-06-04,Completed
117769,981,2025-06-25,Completed
117770,981,2025-08-19,Completed
117771,981,2025-12-12,Returned
117772,9550,2025-06-04,Completed
117773,3021,2025-06-04,Returned
117774,7605,2025-06-04,Completed
117775,7872,2025-06-05,Completed
117776,5109,2025-06-05,Completed
117777,11531,2025-06-05,Completed
117778,11531,2025-08-04,Returned
117779,11531,2025-08-30,Completed
117780,11531,2025-11-27,Completed
117781,3702,2025-06-05,Completed
117782,4611,2025-06-05,Completed
117783,4611,2025-07-31,Completed
117784,4611,2025-10-10,Returned
117785,4611,2025-12-22,Completed
117786,10319,2025-06-05,Completed
117787,11373,2025-06-05,Completed
117788,3983,2025-06-05,Completed
117789,3983,2025-07-13,Completed
117790,7835,2025-06-05,Completed
117791,4118,2025-06-05,Completed
117792,4118,2025-06-25,Completed
117793,4118,2025-09-01,Completed
117794,4118,2025-09-17,Returned
117795,5113,2025-06-05,Completed
117796,5113,2025-06-25,Returned
117797,4325,2025-06-05,Completed
117798,4325,2025-09-03,Completed
117799,11901,2025-06-05,Completed
117800,3566,2025-06-05,Completed
117801,3566,2025-06-30,Completed
117802,10997,2025-06-05,Completed
117803,10997,2025-09-07,Completed
117804,10997,2025-12-28,Completed
117805,2839,2025-06-05,Completed
117806,11683,2025-06-05,Completed
117807,11683,2025-07-02,Cancelled
117808,1101,2025-06-05,Completed
117809,1662,2025-06-05,Completed
117810,1007,2025-06-06,Completed
117811,1007,2025-08-02,Completed
117812,1007,2025-09-26,Returned
117813,4042,2025-06-06,Completed
117814,10227,2025-06-06,Completed
117815,10001,2025-06-06,Completed
117816,11212,2025-06-06,Completed
117817,11212,2025-06-30,Completed
117818,3192,2025-06-06,Completed
117819,3192,2025-08-21,Completed
117820,3192,2025-10-16,Returned
117821,3192,2025-11-09,Returned
117822,5214,2025-06-06,Returned
117823,9229,2025-06-06,Completed
117824,10737,2025-06-06,Completed
117825,10737,2025-08-31,Completed
117826,10737,2025-09-28,Returned
117827,10737,2025-10-25,Completed
117828,10737,2025-12-23,Completed
117829,9847,2025-06-06,Completed
117830,4391,2025-06-06,Completed
117831,4359,2025-06-06,Completed
117832,4359,2025-08-01,Returned
117833,4359,2025-09-28,Completed
117834,6193,2025-06-06,Completed
117835,6266,2025-06-06,Completed
117836,5792,2025-06-06,Completed
117837,5792,2025-08-25,Completed
117838,6792,2025-06-06,Completed
117839,6792,2025-06-29,Completed
117840,6792,2025-08-10,Completed
117841,299,2025-06-06,Cancelled
117842,299,2025-08-13,Returned
117843,299,2025-09-06,Completed
117844,4892,2025-06-06,Completed
117845,4892,2025-07-03,Completed
117846,4892,2025-09-01,Cancelled
117847,6696,2025-06-06,Completed
117848,6696,2025-07-12,Completed
117849,1050,2025-06-06,Completed
117850,10988,2025-06-06,Completed
117851,10988,2025-07-30,Completed
117852,10988,2025-11-14,Completed
117853,10988,2025-12-18,Completed
117854,11110,2025-06-06,Completed
117855,11110,2025-07-03,Completed
117856,11110,2025-08-12,Completed
117857,9032,2025-06-06,Completed
117858,9032,2025-09-29,Completed
117859,9032,2025-10-29,Completed
117860,11590,2025-06-06,Completed
117861,11590,2025-08-19,Completed
117862,11590,2025-10-09,Completed
117863,11590,2025-10-30,Completed
117864,3281,2025-06-07,Completed
117865,10779,2025-06-07,Completed
117866,10779,2025-07-13,Completed
117867,6413,2025-06-07,Completed
117868,6413,2025-07-06,Completed
117869,5066,2025-06-07,Completed
117870,5066,2025-07-02,Completed
117871,5066,2025-07-26,Returned
117872,7563,2025-06-07,Completed
117873,7563,2025-07-03,Completed
117874,7563,2025-09-21,Completed
117875,7563,2025-11-14,Completed
117876,7563,2025-12-14,Completed
117877,2794,2025-06-07,Completed
117878,7346,2025-06-07,Cancelled
117879,7346,2025-07-08,Completed
117880,7346,2025-09-09,Completed
117881,7346,2025-12-25,Completed
117882,5934,2025-06-07,Returned
117883,5934,2025-08-14,Completed
117884,5934,2025-10-14,Returned
117885,5141,2025-06-07,Completed
117886,5141,2025-08-14,Completed
117887,5141,2025-09-11,Completed
117888,5141,2025-10-12,Completed
117889,5141,2025-11-11,Completed
117890,4029,2025-06-07,Completed
117891,4029,2025-08-14,Completed
117892,10962,2025-06-07,Completed
117893,10962,2025-07-12,Completed
117894,10962,2025-10-28,Completed
117895,7951,2025-06-07,Returned
117896,3439,2025-06-07,Completed
117897,3439,2025-08-01,Cancelled
117898,3439,2025-09-06,Completed
117899,3439,2025-10-09,Completed
117900,3439,2025-11-23,Completed
117901,3439,2025-12-22,Completed
117902,10235,2025-06-07,Completed
117903,10630,2025-06-07,Returned
117904,10630,2025-07-12,Returned
117905,10630,2025-09-19,Completed
117906,9770,2025-06-07,Completed
117907,5387,2025-06-07,Completed
117908,5821,2025-06-07,Completed
117909,5990,2025-06-08,Completed
117910,5990,2025-09-08,Completed
117911,5990,2025-12-02,Completed
117912,6058,2025-06-08,Completed
117913,9272,2025-06-08,Completed
117914,6313,2025-06-08,Completed
117915,6313,2025-11-01,Completed
117916,7585,2025-06-08,Completed
117917,6307,2025-06-08,Completed
117918,6307,2025-09-11,Cancelled
117919,4314,2025-06-08,Completed
117920,4314,2025-08-01,Cancelled
117921,4314,2025-09-12,Completed
117922,4314,2025-12-18,Completed
117923,11588,2025-06-08,Completed
117924,10567,2025-06-08,Completed
117925,6299,2025-06-08,Completed
117926,10846,2025-06-08,Completed
117927,893,2025-06-08,Completed
117928,893,2025-07-30,Completed
117929,11780,2025-06-08,Completed
117930,11179,2025-06-08,Completed
117931,11179,2025-07-29,Completed
117932,1298,2025-06-08,Completed
117933,1298,2025-07-19,Completed
117934,1917,2025-06-08,Returned
117935,8614,2025-06-08,Returned
117936,8614,2025-09-03,Completed
117937,8305,2025-06-08,Completed
117938,8305,2025-08-17,Completed
117939,8305,2025-09-04,Completed
117940,8305,2025-11-16,Completed
117941,10174,2025-06-08,Completed
117942,10174,2025-07-16,Completed
117943,10174,2025-11-12,Completed
117944,5095,2025-06-08,Completed
117945,1571,2025-06-09,Completed
117946,1571,2025-08-18,Completed
117947,1571,2025-09-12,Completed
117948,1571,2025-11-26,Completed
117949,5474,2025-06-09,Returned
117950,5474,2025-08-13,Completed
117951,6415,2025-06-09,Completed
117952,6415,2025-08-30,Completed
117953,6415,2025-10-25,Completed
117954,6415,2025-11-20,Completed
117955,1069,2025-06-09,Completed
117956,1069,2025-11-02,Completed
117957,1069,2025-12-13,Completed
117958,6431,2025-06-09,Completed
117959,6431,2025-09-05,Completed
117960,1938,2025-06-09,Returned
117961,1938,2025-12-29,Returned
117962,5650,2025-06-09,Completed
117963,5650,2025-08-24,Completed
117964,6473,2025-06-09,Returned
117965,6473,2025-07-12,Completed
117966,1691,2025-06-09,Completed
117967,1691,2025-08-29,Completed
117968,5767,2025-06-09,Returned
117969,5767,2025-09-14,Completed
117970,10417,2025-06-09,Completed
117971,10417,2025-07-07,Returned
117972,10417,2025-09-06,Cancelled
117973,2539,2025-06-09,Completed
117974,2539,2025-08-17,Completed
117975,2539,2025-11-15,Completed
117976,2539,2025-12-18,Completed
117977,8972,2025-06-09,Completed
117978,7111,2025-06-09,Completed
117979,2960,2025-06-09,Cancelled
117980,2960,2025-07-10,Completed
117981,2960,2025-09-11,Completed
117982,2960,2025-09-30,Completed
117983,7678,2025-06-09,Completed
117984,8857,2025-06-09,Completed
117985,8857,2025-07-15,Completed
117986,8857,2025-09-16,Completed
117987,8857,2025-10-27,Completed
117988,8857,2025-12-09,Completed
117989,8851,2025-06-09,Completed
117990,7839,2025-06-10,Completed
117991,7839,2025-09-23,Completed
117992,7839,2025-10-22,Returned
117993,9637,2025-06-10,Completed
117994,4701,2025-06-10,Completed
117995,4701,2025-07-21,Completed
117996,4634,2025-06-10,Completed
117997,1677,2025-06-10,Returned
117998,1677,2025-09-08,Completed
117999,1677,2025-10-24,Completed
118000,1677,2025-12-24,Completed
118001,6084,2025-06-10,Completed
118002,9875,2025-06-10,Returned
118003,10355,2025-06-10,Completed
118004,4428,2025-06-10,Completed
118005,10497,2025-06-10,Completed
118006,10497,2025-07-04,Returned
118007,702,2025-06-10,Completed
118008,2802,2025-06-10,Completed
118009,2802,2025-08-16,Completed
118010,2802,2025-09-10,Completed
118011,2802,2025-11-11,Completed
118012,2802,2025-12-08,Completed
118013,10123,2025-06-11,Completed
118014,10123,2025-07-04,Completed
118015,5812,2025-06-11,Completed
118016,6182,2025-06-11,Completed
118017,6182,2025-07-10,Completed
118018,6182,2025-08-19,Completed
118019,6182,2025-11-10,Completed
118020,2363,2025-06-11,Completed
118021,2363,2025-10-29,Completed
118022,2363,2025-12-04,Completed
118023,1535,2025-06-11,Completed
118024,7213,2025-06-11,Returned
118025,5603,2025-06-11,Completed
118026,9395,2025-06-11,Completed
118027,9395,2025-09-06,Completed
118028,9395,2025-10-08,Completed
118029,9395,2025-12-01,Returned
118030,10752,2025-06-11,Completed
118031,2887,2025-06-11,Completed
118032,10662,2025-06-11,Completed
118033,10662,2025-08-14,Completed
118034,10645,2025-06-11,Completed
118035,1992,2025-06-11,Completed
118036,1992,2025-08-09,Completed
118037,1992,2025-11-01,Completed
118038,3462,2025-06-11,Completed
118039,8407,2025-06-11,Completed
118040,8580,2025-06-11,Completed
118041,8580,2025-07-15,Completed
118042,8580,2025-08-30,Completed
118043,8580,2025-09-20,Completed
118044,8580,2025-12-22,Completed
118045,6677,2025-06-11,Completed
118046,6677,2025-08-13,Completed
118047,6020,2025-06-11,Returned
118048,6020,2025-07-10,Returned
118049,11813,2025-06-11,Completed
118050,5680,2025-06-11,Returned
118051,2581,2025-06-11,Completed
118052,2581,2025-07-18,Completed
118053,7256,2025-06-12,Completed
118054,6813,2025-06-12,Completed
118055,6813,2025-08-27,Completed
118056,3981,2025-06-12,Completed
118057,3981,2025-07-19,Completed
118058,3981,2025-09-11,Completed
118059,7127,2025-06-12,Completed
118060,7127,2025-07-06,Cancelled
118061,7127,2025-10-08,Completed
118062,9459,2025-06-12,Completed
118063,11903,2025-06-12,Completed
118064,11903,2025-08-06,Completed
118065,11903,2025-09-07,Cancelled
118066,1246,2025-06-12,Completed
118067,1246,2025-08-06,Completed
118068,9724,2025-06-12,Returned
118069,9855,2025-06-12,Completed
118070,9855,2025-10-30,Completed
118071,9855,2025-12-13,Completed
118072,5564,2025-06-12,Cancelled
118073,5564,2025-06-27,Completed
118074,5564,2025-10-19,Completed
118075,2815,2025-06-12,Completed
118076,2815,2025-11-15,Completed
118077,2815,2025-12-06,Completed
118078,11141,2025-06-12,Completed
118079,11141,2025-09-12,Completed
118080,11141,2025-12-10,Completed
118081,11141,2025-12-31,Completed
118082,743,2025-06-12,Completed
118083,3935,2025-06-12,Completed
118084,3935,2025-07-10,Completed
118085,9733,2025-06-12,Completed
118086,3545,2025-06-12,Returned
118087,3545,2025-08-02,Completed
118088,3289,2025-06-12,Completed
118089,3289,2025-08-15,Completed
118090,11126,2025-06-13,Completed
118091,11126,2025-07-19,Completed
118092,11126,2025-10-01,Completed
118093,11126,2025-11-04,Returned
118094,10240,2025-06-13,Completed
118095,7836,2025-06-13,Completed
118096,5647,2025-06-13,Returned
118097,5647,2025-07-16,Completed
118098,5647,2025-10-28,Completed
118099,10540,2025-06-13,Cancelled
118100,10540,2025-10-09,Completed
118101,10540,2025-11-14,Completed
118102,950,2025-06-13,Cancelled
118103,6849,2025-06-13,Completed
118104,6849,2025-09-05,Completed
118105,142,2025-06-13,Completed
118106,2318,2025-06-13,Completed
118107,2318,2025-08-10,Returned
118108,5488,2025-06-13,Completed
118109,5488,2025-07-05,Completed
118110,5488,2025-08-30,Completed
118111,5488,2025-10-30,Completed
118112,847,2025-06-13,Completed
118113,2194,2025-06-13,Completed
118114,2299,2025-06-13,Returned
118115,2299,2025-07-30,Completed
118116,2299,2025-08-30,Completed
118117,1233,2025-06-13,Completed
118118,1233,2025-08-09,Completed
118119,1233,2025-10-17,Returned
118120,1233,2025-10-31,Completed
118121,570,2025-06-13,Completed
118122,570,2025-11-04,Completed
118123,1163,2025-06-13,Returned
118124,3739,2025-06-13,Returned
118125,3739,2025-07-11,Completed
118126,7963,2025-06-13,Completed
118127,7963,2025-08-20,Completed
118128,7963,2025-10-01,Completed
118129,2842,2025-06-13,Completed
118130,9565,2025-06-13,Returned
118131,9565,2025-07-12,Completed
118132,912,2025-06-14,Completed
118133,912,2025-07-22,Completed
118134,10591,2025-06-14,Completed
118135,10591,2025-11-15,Completed
118136,9325,2025-06-14,Completed
118137,4266,2025-06-14,Completed
118138,4266,2025-08-22,Completed
118139,4266,2025-12-23,Completed
118140,5670,2025-06-14,Completed
118141,5670,2025-08-15,Completed
118142,3111,2025-06-14,Returned
118143,6797,2025-06-14,Completed
118144,6797,2025-10-08,Completed
118145,1950,2025-06-14,Cancelled
118146,1950,2025-07-15,Completed
118147,1950,2025-11-05,Completed
118148,8826,2025-06-14,Completed
118149,8281,2025-06-14,Returned
118150,5261,2025-06-14,Completed
118151,5261,2025-09-14,Completed
118152,5673,2025-06-14,Returned
118153,5673,2025-08-14,Completed
118154,5673,2025-09-13,Completed
118155,5673,2025-10-03,Completed
118156,3486,2025-06-15,Completed
118157,3460,2025-06-15,Completed
118158,3460,2025-07-04,Completed
118159,3460,2025-09-11,Completed
118160,3460,2025-11-21,Completed
118161,5376,2025-06-15,Completed
118162,11722,2025-06-15,Completed
118163,11722,2025-07-25,Completed
118164,11722,2025-08-15,Completed
118165,11722,2025-10-12,Completed
118166,5330,2025-06-15,Completed
118167,7633,2025-06-15,Completed
118168,993,2025-06-15,Completed
118169,9577,2025-06-15,Completed
118170,9420,2025-06-15,Completed
118171,9420,2025-07-11,Completed
118172,9420,2025-08-18,Completed
118173,1758,2025-06-15,Completed
118174,9797,2025-06-15,Completed
118175,9797,2025-08-13,Completed
118176,9797,2025-09-09,Returned
118177,9797,2025-10-29,Completed
118178,9797,2025-12-09,Completed
118179,9797,2025-12-30,Completed
118180,3175,2025-06-15,Returned
118181,3175,2025-09-04,Completed
118182,7019,2025-06-15,Completed
118183,7019,2025-07-17,Completed
118184,7019,2025-08-13,Completed
118185,4873,2025-06-15,Completed
118186,8603,2025-06-15,Completed
118187,8603,2025-07-12,Returned
118188,8603,2025-08-13,Completed
118189,8603,2025-10-24,Returned
118190,8345,2025-06-15,Completed
118191,8345,2025-07-17,Completed
118192,3229,2025-06-15,Completed
118193,562,2025-06-15,Completed
118194,7536,2025-06-16,Completed
118195,7536,2025-12-25,Completed
118196,6297,2025-06-16,Completed
118197,1723,2025-06-16,Completed
118198,1723,2025-10-15,Completed
118199,5992,2025-06-16,Completed
118200,5992,2025-08-09,Completed
118201,7657,2025-06-16,Completed
118202,7657,2025-12-12,Completed
118203,10109,2025-06-16,Completed
118204,10109,2025-07-26,Returned
118205,10109,2025-10-11,Returned
118206,10085,2025-06-16,Completed
118207,9231,2025-06-16,Completed
118208,9231,2025-07-12,Returned
118209,9231,2025-08-10,Completed
118210,5504,2025-06-16,Completed
118211,5504,2025-10-03,Completed
118212,5504,2025-10-31,Completed
118213,5789,2025-06-16,Completed
118214,1129,2025-06-16,Completed
118215,8435,2025-06-16,Completed
118216,3314,2025-06-16,Completed
118217,3314,2025-07-14,Completed
118218,7946,2025-06-16,Completed
118219,6367,2025-06-16,Completed
118220,6367,2025-09-15,Completed
118221,6367,2025-11-12,Completed
118222,7208,2025-06-16,Completed
118223,7208,2025-09-06,Completed
118224,10636,2025-06-16,Completed
118225,10636,2025-07-09,Completed
118226,5127,2025-06-16,Completed
118227,5127,2025-09-22,Completed
118228,8845,2025-06-16,Completed
118229,8845,2025-07-15,Completed
118230,8845,2025-09-02,Completed
118231,1280,2025-06-16,Completed
118232,1280,2025-09-06,Completed
118233,1280,2025-09-30,Completed
118234,8728,2025-06-16,Completed
118235,8728,2025-11-06,Completed
118236,4670,2025-06-16,Completed
118237,8890,2025-06-16,Completed
118238,6839,2025-06-16,Completed
118239,8989,2025-06-16,Completed
118240,8991,2025-06-16,Completed
118241,2314,2025-06-16,Completed
118242,2314,2025-07-19,Completed
118243,2314,2025-08-07,Completed
118244,7865,2025-06-16,Completed
118245,7865,2025-07-06,Returned
118246,7865,2025-09-19,Completed
118247,7865,2025-10-02,Completed
118248,7865,2025-12-20,Completed
118249,2424,2025-06-16,Completed
118250,5693,2025-06-17,Completed
118251,5693,2025-07-03,Completed
118252,5693,2025-08-25,Completed
118253,5693,2025-09-30,Completed
118254,5693,2025-10-31,Completed
118255,5405,2025-06-17,Returned
118256,5405,2025-07-26,Completed
118257,5405,2025-12-10,Completed
118258,4605,2025-06-17,Completed
118259,4605,2025-07-21,Completed
118260,914,2025-06-17,Completed
118261,914,2025-10-12,Completed
118262,914,2025-11-07,Completed
118263,914,2025-12-05,Completed
118264,1341,2025-06-17,Completed
118265,1341,2025-07-21,Completed
118266,1667,2025-06-17,Completed
118267,1667,2025-07-14,Completed
118268,7490,2025-06-17,Completed
118269,7490,2025-07-16,Completed
118270,9822,2025-06-17,Completed
118271,9822,2025-07-14,Completed
118272,11233,2025-06-17,Completed
118273,352,2025-06-17,Completed
118274,352,2025-09-14,Completed
118275,10349,2025-06-17,Completed
118276,6819,2025-06-17,Completed
118277,6819,2025-08-25,Completed
118278,6819,2025-09-30,Completed
118279,2303,2025-06-17,Completed
118280,2303,2025-08-14,Completed
118281,2303,2025-12-31,Completed
118282,6279,2025-06-17,Completed
118283,6279,2025-07-14,Cancelled
118284,6279,2025-08-12,Returned
118285,6279,2025-09-02,Returned
118286,4503,2025-06-17,Completed
118287,4503,2025-07-23,Completed
118288,4503,2025-09-25,Cancelled
118289,4503,2025-10-15,Completed
118290,11763,2025-06-18,Completed
118291,11763,2025-07-17,Completed
118292,11763,2025-12-26,Completed
118293,7226,2025-06-18,Completed
118294,2102,2025-06-18,Returned
118295,2102,2025-07-14,Completed
118296,2323,2025-06-18,Completed
118297,2323,2025-07-17,Completed
118298,2323,2025-11-29,Returned
118299,6291,2025-06-18,Completed
118300,10145,2025-06-18,Completed
118301,10145,2025-07-09,Completed
118302,10145,2025-08-03,Completed
118303,10145,2025-08-20,Completed
118304,10145,2025-09-22,Completed
118305,10145,2025-10-28,Completed
118306,10454,2025-06-18,Returned
118307,10454,2025-10-20,Completed
118308,10454,2025-11-21,Completed
118309,10454,2025-12-24,Completed
118310,177,2025-06-18,Completed
118311,177,2025-10-26,Completed
118312,3521,2025-06-18,Completed
118313,6059,2025-06-18,Completed
118314,6059,2025-07-17,Completed
118315,6059,2025-08-20,Completed
118316,6059,2025-09-14,Completed
118317,5068,2025-06-18,Completed
118318,9903,2025-06-19,Completed
118319,897,2025-06-19,Completed
118320,897,2025-11-29,Completed
118321,910,2025-06-19,Completed
118322,910,2025-08-04,Completed
118323,1381,2025-06-19,Completed
118324,1381,2025-08-10,Completed
118325,1381,2025-09-12,Completed
118326,621,2025-06-19,Completed
118327,621,2025-08-19,Completed
118328,621,2025-09-09,Cancelled
118329,621,2025-10-15,Completed
118330,621,2025-11-09,Completed
118331,621,2025-12-13,Completed
118332,7944,2025-06-19,Completed
118333,1873,2025-06-19,Completed
118334,1873,2025-07-30,Completed
118335,3741,2025-06-19,Completed
118336,9882,2025-06-19,Completed
118337,9882,2025-08-14,Completed
118338,11247,2025-06-19,Completed
118339,6626,2025-06-19,Completed
118340,6626,2025-10-18,Completed
118341,6626,2025-11-17,Completed
118342,6626,2025-12-13,Completed
118343,4501,2025-06-19,Completed
118344,4501,2025-08-20,Completed
118345,3668,2025-06-19,Completed
118346,3668,2025-09-21,Cancelled
118347,3668,2025-12-31,Completed
118348,76,2025-06-19,Completed
118349,7945,2025-06-20,Completed
118350,6610,2025-06-20,Completed
118351,9103,2025-06-20,Completed
118352,190,2025-06-20,Completed
118353,190,2025-08-22,Completed
118354,8627,2025-06-20,Completed
118355,8627,2025-07-28,Completed
118356,2386,2025-06-20,Completed
118357,2791,2025-06-20,Completed
118358,2080,2025-06-20,Completed
118359,2080,2025-08-18,Completed
118360,4531,2025-06-20,Completed
118361,4531,2025-07-10,Cancelled
118362,4531,2025-11-06,Completed
118363,4531,2025-12-05,Completed
118364,8494,2025-06-20,Completed
118365,8494,2025-07-12,Completed
118366,8494,2025-08-07,Completed
118367,8494,2025-09-19,Completed
118368,8494,2025-10-08,Completed
118369,7075,2025-06-20,Completed
118370,3389,2025-06-20,Completed
118371,11332,2025-06-20,Completed
118372,11332,2025-07-12,Completed
118373,11332,2025-08-14,Completed
118374,11332,2025-09-20,Completed
118375,11332,2025-12-08,Completed
118376,7528,2025-06-20,Completed
118377,7528,2025-08-05,Completed
118378,6760,2025-06-20,Completed
118379,3259,2025-06-21,Completed
118380,3259,2025-07-24,Completed
118381,3259,2025-08-06,Completed
118382,1843,2025-06-21,Completed
118383,1843,2025-09-14,Completed
118384,8047,2025-06-21,Completed
118385,8047,2025-07-23,Completed
118386,8047,2025-08-27,Completed
118387,11062,2025-06-21,Completed
118388,1652,2025-06-21,Completed
118389,4231,2025-06-21,Completed
118390,4231,2025-07-15,Completed
118391,7804,2025-06-21,Completed
118392,2141,2025-06-21,Completed
118393,9189,2025-06-21,Completed
118394,9896,2025-06-21,Returned
118395,9896,2025-08-30,Completed
118396,9896,2025-10-06,Completed
118397,8822,2025-06-21,Completed
118398,8822,2025-07-19,Completed
118399,8822,2025-08-24,Completed
118400,6579,2025-06-21,Completed
118401,175,2025-06-21,Completed
118402,7039,2025-06-21,Completed
118403,10917,2025-06-21,Completed
118404,10917,2025-08-19,Completed
118405,10917,2025-09-22,Completed
118406,6079,2025-06-21,Completed
118407,6079,2025-08-28,Completed
118408,6079,2025-09-28,Completed
118409,5284,2025-06-21,Completed
118410,5070,2025-06-21,Completed
118411,9396,2025-06-21,Completed
118412,9921,2025-06-21,Completed
118413,9921,2025-07-16,Completed
118414,9921,2025-08-09,Completed
118415,2580,2025-06-21,Completed
118416,2580,2025-07-14,Completed
118417,4907,2025-06-21,Completed
118418,4907,2025-07-19,Completed
118419,3442,2025-06-21,Cancelled
118420,9777,2025-06-21,Completed
118421,9777,2025-11-28,Completed
118422,8361,2025-06-21,Returned
118423,8361,2025-08-31,Completed
118424,6154,2025-06-22,Completed
118425,19,2025-06-22,Completed
118426,6861,2025-06-22,Completed
118427,6276,2025-06-22,Completed
118428,8865,2025-06-22,Completed
118429,6175,2025-06-22,Completed
118430,6175,2025-07-23,Completed
118431,8505,2025-06-22,Returned
118432,2054,2025-06-22,Completed
118433,4973,2025-06-22,Completed
118434,4973,2025-11-26,Completed
118435,10058,2025-06-22,Completed
118436,5450,2025-06-22,Cancelled
118437,5450,2025-08-14,Completed
118438,5450,2025-09-04,Returned
118439,5450,2025-09-26,Completed
118440,593,2025-06-22,Completed
118441,593,2025-07-30,Completed
118442,593,2025-12-19,Completed
118443,5598,2025-06-22,Completed
118444,1224,2025-06-22,Completed
118445,1224,2025-07-09,Completed
118446,1224,2025-08-23,Completed
118447,7530,2025-06-22,Returned
118448,7530,2025-09-06,Returned
118449,6194,2025-06-22,Returned
118450,2118,2025-06-23,Completed
118451,2118,2025-08-01,Completed
118452,3013,2025-06-23,Completed
118453,5304,2025-06-23,Returned
118454,6608,2025-06-23,Completed
118455,6608,2025-08-03,Completed
118456,9368,2025-06-23,Completed
118457,9368,2025-07-17,Completed
118458,9368,2025-11-26,Completed
118459,5280,2025-06-23,Completed
118460,5280,2025-08-19,Completed
118461,5280,2025-10-09,Completed
118462,5280,2025-11-10,Completed
118463,5280,2025-12-01,Completed
118464,5529,2025-06-23,Completed
118465,5529,2025-07-26,Completed
118466,5529,2025-09-24,Completed
118467,5529,2025-11-30,Completed
118468,4506,2025-06-23,Completed
118469,4506,2025-07-25,Returned
118470,4506,2025-08-21,Completed
118471,4506,2025-10-07,Completed
118472,2509,2025-06-23,Completed
118473,2509,2025-07-17,Completed
118474,2509,2025-09-27,Completed
118475,2509,2025-10-19,Completed
118476,2509,2025-11-20,Completed
118477,5004,2025-06-23,Completed
118478,5004,2025-10-14,Completed
118479,4453,2025-06-23,Completed
118480,10712,2025-06-23,Completed
118481,6323,2025-06-23,Completed
118482,6323,2025-08-31,Completed
118483,7852,2025-06-23,Completed
118484,9614,2025-06-23,Completed
118485,6356,2025-06-24,Completed
118486,425,2025-06-24,Completed
118487,425,2025-07-16,Completed
118488,425,2025-10-15,Completed
118489,425,2025-11-01,Completed
118490,2201,2025-06-24,Completed
118491,2201,2025-07-21,Completed
118492,2201,2025-09-17,Completed
118493,2201,2025-12-15,Returned
118494,4511,2025-06-24,Cancelled
118495,6569,2025-06-24,Completed
118496,6569,2025-08-03,Completed
118497,6573,2025-06-24,Completed
118498,6573,2025-09-24,Completed
118499,4483,2025-06-24,Completed
118500,4483,2025-09-20,Completed
118501,4483,2025-10-16,Completed
118502,2752,2025-06-24,Completed
118503,2752,2025-10-05,Completed
118504,4935,2025-06-24,Completed
118505,4935,2025-08-29,Completed
118506,4935,2025-09-22,Completed
118507,4935,2025-11-09,Completed
118508,4935,2025-12-14,Completed
118509,8284,2025-06-24,Completed
118510,1015,2025-06-24,Completed
118511,1015,2025-07-18,Completed
118512,5544,2025-06-24,Completed
118513,5544,2025-09-23,Completed
118514,839,2025-06-24,Returned
118515,839,2025-10-05,Completed
118516,839,2025-12-25,Completed
118517,11733,2025-06-24,Completed
118518,10502,2025-06-24,Completed
118519,10502,2025-07-24,Completed
118520,10502,2025-09-19,Completed
118521,10502,2025-10-10,Completed
118522,3781,2025-06-24,Completed
118523,3781,2025-09-25,Completed
118524,9537,2025-06-24,Completed
118525,8307,2025-06-24,Completed
118526,8307,2025-09-03,Returned
118527,8307,2025-11-19,Completed
118528,8307,2025-12-27,Completed
118529,11174,2025-06-24,Completed
118530,11174,2025-08-29,Cancelled
118531,4756,2025-06-24,Completed
118532,3424,2025-06-24,Completed
118533,3424,2025-09-02,Completed
118534,3494,2025-06-25,Completed
118535,3494,2025-10-13,Completed
118536,2841,2025-06-25,Completed
118537,2841,2025-07-20,Completed
118538,2841,2025-09-07,Returned
118539,11023,2025-06-25,Returned
118540,9862,2025-06-25,Completed
118541,9862,2025-08-05,Completed
118542,9969,2025-06-25,Completed
118543,9969,2025-07-24,Completed
118544,9649,2025-06-25,Completed
118545,3896,2025-06-25,Completed
118546,3896,2025-08-16,Completed
118547,3896,2025-09-29,Completed
118548,2300,2025-06-25,Cancelled
118549,2300,2025-08-15,Completed
118550,7579,2025-06-25,Completed
118551,7579,2025-08-04,Completed
118552,7579,2025-09-23,Completed
118553,7579,2025-11-04,Completed
118554,7579,2025-12-18,Completed
118555,7279,2025-06-25,Completed
118556,7279,2025-10-30,Completed
118557,4918,2025-06-25,Completed
118558,3911,2025-06-25,Completed
118559,2650,2025-06-25,Completed
118560,5545,2025-06-25,Completed
118561,633,2025-06-25,Completed
118562,633,2025-08-27,Completed
118563,633,2025-10-25,Completed
118564,7828,2025-06-25,Completed
118565,7828,2025-07-30,Completed
118566,7828,2025-12-01,Completed
118567,10659,2025-06-25,Completed
118568,11868,2025-06-25,Completed
118569,11868,2025-08-20,Completed
118570,994,2025-06-25,Completed
118571,3595,2025-06-25,Completed
118572,3595,2025-08-01,Completed
118573,3595,2025-11-26,Completed
118574,1656,2025-06-25,Completed
118575,1656,2025-07-29,Completed
118576,1656,2025-08-29,Cancelled
118577,1656,2025-12-07,Returned
118578,5689,2025-06-26,Completed
118579,5689,2025-08-02,Completed
118580,4262,2025-06-26,Returned
118581,4262,2025-07-12,Completed
118582,4564,2025-06-26,Completed
118583,4564,2025-07-23,Cancelled
118584,2652,2025-06-26,Cancelled
118585,8202,2025-06-26,Completed
118586,5768,2025-06-26,Completed
118587,5768,2025-07-21,Returned
118588,5768,2025-09-01,Completed
118589,5768,2025-11-01,Completed
118590,5768,2025-12-13,Completed
118591,5733,2025-06-26,Completed
118592,4730,2025-06-26,Completed
118593,4730,2025-08-15,Completed
118594,4730,2025-11-22,Completed
118595,11814,2025-06-26,Completed
118596,11814,2025-07-19,Completed
118597,11814,2025-09-27,Completed
118598,11814,2025-10-10,Returned
118599,3216,2025-06-26,Completed
118600,8649,2025-06-26,Completed
118601,5443,2025-06-26,Completed
118602,5435,2025-06-26,Completed
118603,5435,2025-08-20,Completed
118604,2524,2025-06-26,Completed
118605,5328,2025-06-26,Cancelled
118606,5328,2025-08-21,Cancelled
118607,11336,2025-06-26,Completed
118608,11336,2025-09-22,Completed
118609,11378,2025-06-26,Completed
118610,11378,2025-08-04,Completed
118611,1331,2025-06-26,Returned
118612,10571,2025-06-26,Completed
118613,10571,2025-10-06,Completed
118614,7968,2025-06-26,Completed
118615,6635,2025-06-26,Completed
118616,1283,2025-06-26,Completed
118617,1623,2025-06-26,Completed
118618,1623,2025-07-22,Completed
118619,1623,2025-08-24,Returned
118620,1623,2025-09-27,Completed
118621,1623,2025-10-28,Completed
118622,6033,2025-06-27,Returned
118623,6033,2025-11-02,Completed
118624,6033,2025-12-07,Completed
118625,8807,2025-06-27,Completed
118626,11200,2025-06-27,Completed
118627,11200,2025-08-18,Completed
118628,11200,2025-09-04,Completed
118629,11200,2025-10-16,Completed
118630,11200,2025-12-15,Completed
118631,11060,2025-06-27,Completed
118632,11060,2025-08-07,Completed
118633,11060,2025-10-05,Completed
118634,11060,2025-10-19,Completed
118635,11060,2025-11-29,Completed
118636,497,2025-06-27,Completed
118637,497,2025-09-10,Completed
118638,5178,2025-06-27,Completed
118639,5178,2025-08-18,Completed
118640,5178,2025-09-25,Completed
118641,5178,2025-10-22,Completed
118642,5178,2025-12-26,Completed
118643,10999,2025-06-27,Completed
118644,10999,2025-07-27,Completed
118645,6586,2025-06-27,Completed
118646,6586,2025-08-05,Completed
118647,6586,2025-08-30,Completed
118648,6586,2025-09-21,Completed
118649,6586,2025-11-14,Completed
118650,1078,2025-06-27,Completed
118651,11345,2025-06-27,Completed
118652,10891,2025-06-27,Completed
118653,10891,2025-08-04,Completed
118654,10891,2025-10-05,Completed
118655,10891,2025-12-06,Completed
118656,10137,2025-06-27,Cancelled
118657,10855,2025-06-27,Completed
118658,1100,2025-06-27,Completed
118659,1100,2025-09-08,Completed
118660,1100,2025-11-17,Completed
118661,2836,2025-06-27,Completed
118662,10575,2025-06-27,Completed
118663,4134,2025-06-27,Completed
118664,4134,2025-07-24,Completed
118665,4134,2025-09-16,Completed
118666,4134,2025-11-06,Completed
118667,4134,2025-12-07,Completed
118668,7991,2025-06-27,Completed
118669,7991,2025-07-27,Completed
118670,77,2025-06-28,Completed
118671,2551,2025-06-28,Completed
118672,2551,2025-09-19,Completed
118673,2551,2025-10-30,Completed
118674,6144,2025-06-28,Completed
118675,6144,2025-10-05,Returned
118676,11089,2025-06-28,Completed
118677,11795,2025-06-28,Completed
118678,11795,2025-12-06,Completed
118679,5713,2025-06-28,Returned
118680,5713,2025-08-03,Returned
118681,5713,2025-08-24,Completed
118682,5713,2025-10-27,Returned
118683,10558,2025-06-28,Completed
118684,10558,2025-08-09,Completed
118685,4802,2025-06-28,Completed
118686,4802,2025-08-05,Completed
118687,4802,2025-09-12,Completed
118688,1183,2025-06-28,Completed
118689,54,2025-06-28,Completed
118690,7723,2025-06-28,Completed
118691,7723,2025-09-18,Returned
118692,7723,2025-11-22,Completed
118693,10634,2025-06-28,Completed
118694,10634,2025-08-26,Completed
118695,940,2025-06-28,Completed
118696,940,2025-07-27,Completed
118697,940,2025-09-06,Completed
118698,940,2025-10-16,Completed
118699,10317,2025-06-28,Completed
118700,10317,2025-08-10,Completed
118701,10317,2025-10-07,Completed
118702,2446,2025-06-28,Returned
118703,2446,2025-09-16,Cancelled
118704,2446,2025-10-09,Completed
118705,6223,2025-06-29,Completed
118706,6223,2025-07-22,Completed
118707,7010,2025-06-29,Completed
118708,2609,2025-06-29,Completed
118709,2609,2025-07-27,Completed
118710,2609,2025-09-07,Completed
118711,2609,2025-10-01,Completed
118712,6375,2025-06-29,Completed
118713,6375,2025-08-05,Completed
118714,6375,2025-08-23,Completed
118715,6375,2025-09-24,Completed
118716,6375,2025-10-13,Completed
118717,6375,2025-11-01,Completed
118718,6375,2025-12-22,Completed
118719,9367,2025-06-29,Completed
118720,938,2025-06-29,Completed
118721,938,2025-07-29,Completed
118722,938,2025-10-17,Completed
118723,7923,2025-06-29,Completed
118724,5041,2025-06-29,Completed
118725,2045,2025-06-29,Completed
118726,2045,2025-07-31,Completed
118727,2045,2025-11-04,Cancelled
118728,2961,2025-06-29,Returned
118729,9623,2025-06-29,Completed
118730,9623,2025-08-31,Completed
118731,9623,2025-12-02,Completed
118732,6890,2025-06-29,Completed
118733,6890,2025-09-01,Completed
118734,400,2025-06-29,Completed
118735,191,2025-06-29,Completed
118736,191,2025-09-10,Completed
118737,191,2025-12-17,Completed
118738,5582,2025-06-30,Completed
118739,5582,2025-08-01,Completed
118740,5582,2025-12-15,Completed
118741,2353,2025-06-30,Completed
118742,2353,2025-08-28,Completed
118743,2353,2025-09-29,Completed
118744,2353,2025-10-23,Completed
118745,2353,2025-11-26,Completed
118746,9755,2025-06-30,Completed
118747,9755,2025-09-25,Completed
118748,8154,2025-06-30,Completed
118749,8154,2025-09-05,Cancelled
118750,8154,2025-09-24,Completed
118751,8154,2025-12-06,Cancelled
118752,2374,2025-06-30,Completed
118753,2374,2025-08-13,Completed
118754,2374,2025-08-30,Completed
118755,2374,2025-10-27,Completed
118756,7194,2025-06-30,Completed
118757,7194,2025-10-15,Completed
118758,6943,2025-06-30,Completed
118759,6666,2025-06-30,Completed
118760,6666,2025-10-08,Completed
118761,11898,2025-06-30,Completed
118762,4406,2025-06-30,Completed
118763,10602,2025-06-30,Completed
118764,2503,2025-06-30,Completed
118765,1025,2025-06-30,Completed
118766,1025,2025-09-11,Completed
118767,1025,2025-12-03,Completed
118768,212,2025-06-30,Completed
118769,4683,2025-06-30,Completed
118770,4683,2025-09-11,Completed
118771,4683,2025-10-17,Completed
118772,6980,2025-06-30,Completed
118773,6980,2025-08-06,Completed
118774,6980,2025-08-27,Completed
118775,6268,2025-06-30,Completed
118776,9775,2025-07-01,Completed
118777,1895,2025-07-01,Completed
118778,6835,2025-07-01,Completed
118779,6963,2025-07-01,Completed
118780,905,2025-07-01,Completed
118781,905,2025-12-19,Completed
118782,11464,2025-07-01,Completed
118783,11464,2025-09-22,Completed
118784,11464,2025-11-13,Completed
118785,10635,2025-07-01,Returned
118786,3386,2025-07-01,Completed
118787,3386,2025-07-30,Returned
118788,3882,2025-07-01,Completed
118789,3882,2025-08-31,Completed
118790,6954,2025-07-01,Completed
118791,6954,2025-07-27,Completed
118792,6447,2025-07-01,Completed
118793,6447,2025-08-01,Completed
118794,6447,2025-09-03,Completed
118795,6447,2025-10-06,Completed
118796,9654,2025-07-01,Completed
118797,8528,2025-07-01,Returned
118798,11155,2025-07-01,Completed
118799,11155,2025-09-17,Returned
118800,11155,2025-10-26,Completed
118801,10202,2025-07-01,Completed
118802,10202,2025-09-04,Completed
118803,10202,2025-09-25,Completed
118804,10202,2025-10-26,Completed
118805,6105,2025-07-01,Returned
118806,6105,2025-08-06,Completed
118807,6105,2025-08-29,Completed
118808,6607,2025-07-01,Completed
118809,6607,2025-12-14,Returned
118810,6646,2025-07-01,Completed
118811,6646,2025-08-21,Completed
118812,3132,2025-07-01,Completed
118813,11018,2025-07-01,Completed
118814,11018,2025-08-15,Completed
118815,11018,2025-11-21,Completed
118816,6109,2025-07-01,Completed
118817,6109,2025-08-09,Completed
118818,6109,2025-09-25,Completed
118819,6109,2025-11-23,Completed
118820,9244,2025-07-01,Completed
118821,1024,2025-07-01,Completed
118822,1024,2025-08-10,Completed
118823,1024,2025-08-25,Completed
118824,1024,2025-10-16,Completed
118825,8841,2025-07-02,Completed
118826,8841,2025-09-05,Completed
118827,8841,2025-12-04,Completed
118828,11594,2025-07-02,Completed
118829,11594,2025-09-03,Completed
118830,11594,2025-10-13,Completed
118831,11828,2025-07-02,Completed
118832,11828,2025-08-06,Completed
118833,11828,2025-09-14,Completed
118834,11828,2025-11-09,Completed
118835,3913,2025-07-02,Completed
118836,3913,2025-07-28,Completed
118837,3913,2025-08-25,Completed
118838,11041,2025-07-02,Completed
118839,10847,2025-07-02,Returned
118840,10847,2025-07-31,Returned
118841,118,2025-07-02,Completed
118842,118,2025-10-02,Completed
118843,118,2025-11-22,Returned
118844,1850,2025-07-02,Completed
118845,1850,2025-11-12,Completed
118846,10406,2025-07-02,Completed
118847,10406,2025-07-27,Completed
118848,10406,2025-09-24,Completed
118849,10406,2025-12-18,Completed
118850,3326,2025-07-02,Completed
118851,3326,2025-08-05,Completed
118852,4878,2025-07-02,Completed
118853,4878,2025-07-30,Completed
118854,4878,2025-12-09,Completed
118855,1981,2025-07-02,Completed
118856,11654,2025-07-02,Cancelled
118857,11068,2025-07-02,Completed
118858,10233,2025-07-02,Completed
118859,10233,2025-08-30,Completed
118860,10233,2025-12-08,Completed
118861,1109,2025-07-02,Completed
118862,7483,2025-07-02,Completed
118863,3747,2025-07-02,Completed
118864,6165,2025-07-02,Completed
118865,6165,2025-08-09,Completed
118866,6165,2025-09-29,Completed
118867,6165,2025-10-31,Returned
118868,9371,2025-07-02,Completed
118869,9371,2025-08-03,Completed
118870,10593,2025-07-02,Completed
118871,6016,2025-07-02,Completed
118872,7066,2025-07-03,Cancelled
118873,7066,2025-10-27,Completed
118874,7066,2025-12-31,Completed
118875,8302,2025-07-03,Completed
118876,5411,2025-07-03,Completed
118877,5411,2025-08-23,Completed
118878,5411,2025-11-19,Completed
118879,7144,2025-07-03,Completed
118880,7144,2025-10-14,Completed
118881,4206,2025-07-03,Completed
118882,11756,2025-07-03,Completed
118883,11756,2025-09-08,Completed
118884,11756,2025-11-20,Completed
118885,10487,2025-07-03,Completed
118886,10487,2025-09-12,Completed
118887,4006,2025-07-03,Completed
118888,10511,2025-07-03,Completed
118889,10511,2025-08-07,Completed
118890,10511,2025-08-30,Completed
118891,10511,2025-09-21,Completed
118892,220,2025-07-04,Completed
118893,220,2025-07-27,Completed
118894,220,2025-09-01,Completed
118895,220,2025-10-10,Completed
118896,2803,2025-07-04,Completed
118897,2803,2025-10-16,Completed
118898,8203,2025-07-04,Completed
118899,9176,2025-07-04,Cancelled
118900,9176,2025-08-02,Completed
118901,9176,2025-08-16,Completed
118902,9176,2025-10-01,Completed
118903,9176,2025-10-30,Completed
118904,6202,2025-07-04,Completed
118905,6202,2025-08-03,Completed
118906,6202,2025-08-29,Completed
118907,6202,2025-10-01,Completed
118908,6202,2025-10-20,Returned
118909,6202,2025-12-18,Cancelled
118910,7694,2025-07-04,Completed
118911,3799,2025-07-04,Completed
118912,3799,2025-09-06,Returned
118913,4154,2025-07-04,Cancelled
118914,95,2025-07-04,Returned
118915,95,2025-08-31,Returned
118916,95,2025-09-27,Returned
118917,5313,2025-07-04,Returned
118918,5313,2025-09-12,Completed
118919,10919,2025-07-04,Completed
118920,10919,2025-07-28,Returned
118921,1248,2025-07-04,Completed
118922,1248,2025-08-02,Completed
118923,1367,2025-07-05,Completed
118924,1367,2025-09-28,Cancelled
118925,1367,2025-12-17,Completed
118926,2555,2025-07-05,Completed
118927,6625,2025-07-05,Completed
118928,6625,2025-09-22,Completed
118929,1497,2025-07-05,Completed
118930,1497,2025-09-26,Completed
118931,1497,2025-12-04,Completed
118932,4244,2025-07-05,Returned
118933,1133,2025-07-05,Completed
118934,10618,2025-07-05,Completed
118935,10618,2025-08-06,Completed
118936,10618,2025-09-11,Completed
118937,7254,2025-07-05,Completed
118938,319,2025-07-05,Returned
118939,319,2025-08-08,Completed
118940,6001,2025-07-05,Completed
118941,6001,2025-09-16,Completed
118942,6001,2025-10-08,Completed
118943,9253,2025-07-05,Completed
118944,5872,2025-07-05,Completed
118945,9920,2025-07-05,Completed
118946,11949,2025-07-05,Completed
118947,11949,2025-12-18,Completed
118948,873,2025-07-05,Completed
118949,873,2025-09-05,Completed
118950,873,2025-09-30,Completed
118951,8617,2025-07-05,Completed
118952,10171,2025-07-05,Completed
118953,1869,2025-07-05,Completed
118954,9784,2025-07-06,Completed
118955,7812,2025-07-06,Completed
118956,9652,2025-07-06,Completed
118957,3177,2025-07-06,Completed
118958,4618,2025-07-06,Completed
118959,4618,2025-10-04,Completed
118960,4618,2025-11-29,Completed
118961,2965,2025-07-06,Returned
118962,2965,2025-09-26,Completed
118963,2965,2025-12-05,Completed
118964,5760,2025-07-06,Completed
118965,5760,2025-09-04,Completed
118966,5760,2025-10-16,Returned
118967,11131,2025-07-06,Completed
118968,11131,2025-09-25,Completed
118969,11131,2025-10-23,Completed
118970,6216,2025-07-06,Completed
118971,6216,2025-10-02,Completed
118972,6216,2025-12-24,Completed
118973,5406,2025-07-06,Completed
118974,5406,2025-09-19,Completed
118975,5406,2025-10-22,Completed
118976,5406,2025-12-13,Completed
118977,3666,2025-07-06,Completed
118978,3666,2025-10-19,Completed
118979,3059,2025-07-06,Completed
118980,3059,2025-08-08,Completed
118981,3059,2025-10-22,Completed
118982,3059,2025-11-23,Completed
118983,3059,2025-12-13,Completed
118984,3036,2025-07-06,Completed
118985,4828,2025-07-06,Completed
118986,4828,2025-08-31,Completed
118987,4828,2025-09-27,Completed
118988,4828,2025-11-27,Completed
118989,8510,2025-07-06,Completed
118990,8179,2025-07-07,Completed
118991,8179,2025-08-05,Completed
118992,8179,2025-10-01,Completed
118993,2357,2025-07-07,Completed
118994,2357,2025-08-02,Returned
118995,2357,2025-09-26,Completed
118996,2357,2025-12-04,Cancelled
118997,3786,2025-07-07,Completed
118998,3786,2025-08-10,Completed
118999,3786,2025-10-15,Completed
119000,7670,2025-07-07,Completed
119001,7670,2025-11-03,Completed
119002,4774,2025-07-07,Completed
119003,11350,2025-07-07,Completed
119004,1705,2025-07-07,Completed
119005,1705,2025-09-14,Cancelled
119006,1705,2025-10-18,Completed
119007,1705,2025-11-28,Completed
119008,6952,2025-07-07,Completed
119009,3748,2025-07-07,Completed
119010,7459,2025-07-07,Completed
119011,7459,2025-08-07,Completed
119012,7459,2025-10-11,Returned
119013,10886,2025-07-07,Returned
119014,7850,2025-07-07,Completed
119015,7850,2025-10-22,Completed
119016,11269,2025-07-07,Returned
119017,8701,2025-07-07,Completed
119018,6086,2025-07-08,Completed
119019,6086,2025-08-01,Completed
119020,6086,2025-09-19,Completed
119021,6086,2025-10-31,Completed
119022,6086,2025-11-20,Completed
119023,6086,2025-12-31,Cancelled
119024,9663,2025-07-08,Completed
119025,8703,2025-07-08,Completed
119026,8703,2025-08-15,Completed
119027,7185,2025-07-08,Completed
119028,7185,2025-08-11,Completed
119029,2706,2025-07-08,Completed
119030,2706,2025-08-10,Completed
119031,4058,2025-07-08,Completed
119032,4058,2025-08-13,Completed
119033,4058,2025-09-01,Completed
119034,4058,2025-11-23,Completed
119035,4665,2025-07-08,Completed
119036,6873,2025-07-08,Completed
119037,8269,2025-07-08,Completed
119038,8269,2025-09-19,Completed
119039,1702,2025-07-08,Completed
119040,1702,2025-08-15,Completed
119041,4034,2025-07-08,Completed
119042,4034,2025-09-14,Completed
119043,10748,2025-07-08,Returned
119044,10748,2025-08-16,Completed
119045,10748,2025-09-17,Completed
119046,10748,2025-12-19,Completed
119047,2669,2025-07-08,Completed
119048,3769,2025-07-08,Completed
119049,3769,2025-08-02,Completed
119050,6537,2025-07-08,Completed
119051,10894,2025-07-08,Completed
119052,10894,2025-09-27,Completed
119053,8320,2025-07-08,Cancelled
119054,8320,2025-08-03,Completed
119055,9785,2025-07-08,Completed
119056,9785,2025-07-30,Completed
119057,16,2025-07-09,Completed
119058,16,2025-08-10,Completed
119059,16,2025-10-22,Completed
119060,5460,2025-07-09,Returned
119061,9573,2025-07-09,Completed
119062,9573,2025-09-16,Returned
119063,8077,2025-07-09,Completed
119064,8077,2025-08-12,Completed
119065,8077,2025-09-12,Completed
119066,8077,2025-10-04,Completed
119067,8077,2025-11-07,Completed
119068,1412,2025-07-09,Completed
119069,6903,2025-07-09,Completed
119070,2321,2025-07-09,Completed
119071,6324,2025-07-09,Returned
119072,4150,2025-07-09,Completed
119073,4150,2025-08-05,Completed
119074,4150,2025-08-30,Completed
119075,6123,2025-07-09,Completed
119076,6123,2025-08-03,Completed
119077,6123,2025-10-11,Completed
119078,7710,2025-07-09,Completed
119079,511,2025-07-09,Completed
119080,511,2025-09-02,Completed
119081,7765,2025-07-09,Completed
119082,3609,2025-07-09,Returned
119083,3609,2025-07-31,Completed
119084,3609,2025-09-03,Completed
119085,3609,2025-09-28,Completed
119086,3609,2025-10-27,Completed
119087,4128,2025-07-09,Completed
119088,6435,2025-07-10,Completed
119089,8082,2025-07-10,Returned
119090,1472,2025-07-10,Completed
119091,8378,2025-07-10,Completed
119092,8378,2025-07-30,Completed
119093,1607,2025-07-10,Returned
119094,1607,2025-10-29,Cancelled
119095,1607,2025-12-11,Completed
119096,936,2025-07-10,Completed
119097,10148,2025-07-10,Completed
119098,10148,2025-08-06,Completed
119099,10148,2025-10-14,Completed
119100,10148,2025-12-20,Completed
119101,8048,2025-07-10,Completed
119102,8048,2025-08-08,Completed
119103,4465,2025-07-10,Completed
119104,4465,2025-10-26,Completed
119105,2142,2025-07-10,Completed
119106,2142,2025-08-06,Completed
119107,2142,2025-10-10,Completed
119108,2142,2025-11-22,Completed
119109,2142,2025-12-25,Completed
119110,2067,2025-07-10,Completed
119111,2067,2025-09-08,Returned
119112,2067,2025-10-13,Completed
119113,4922,2025-07-10,Completed
119114,4922,2025-08-03,Completed
119115,10205,2025-07-10,Completed
119116,3337,2025-07-10,Completed
119117,3037,2025-07-10,Completed
119118,7780,2025-07-10,Completed
119119,7780,2025-08-17,Completed
119120,7780,2025-09-11,Completed
119121,5977,2025-07-10,Returned
119122,5977,2025-08-13,Completed
119123,5977,2025-09-08,Cancelled
119124,5977,2025-12-10,Completed
119125,3387,2025-07-10,Completed
119126,3387,2025-08-23,Completed
119127,3387,2025-09-23,Completed
119128,3387,2025-10-21,Completed
119129,3387,2025-12-11,Cancelled
119130,4496,2025-07-10,Returned
119131,4496,2025-08-27,Completed
119132,4496,2025-09-29,Returned
119133,4496,2025-10-21,Completed
119134,199,2025-07-10,Completed
119135,199,2025-10-15,Completed
119136,199,2025-11-14,Completed
119137,3812,2025-07-10,Completed
119138,3812,2025-10-02,Completed
119139,9578,2025-07-10,Completed
119140,1403,2025-07-10,Completed
119141,1403,2025-09-11,Completed
119142,5307,2025-07-10,Completed
119143,5307,2025-08-09,Returned
119144,5307,2025-09-10,Completed
119145,9366,2025-07-10,Completed
119146,9366,2025-09-12,Completed
119147,9366,2025-10-09,Completed
119148,9366,2025-11-30,Completed
119149,10146,2025-07-11,Completed
119150,5963,2025-07-11,Completed
119151,7347,2025-07-11,Completed
119152,2488,2025-07-11,Completed
119153,2488,2025-08-20,Completed
119154,2488,2025-09-18,Completed
119155,11343,2025-07-11,Completed
119156,11343,2025-10-05,Completed
119157,11343,2025-11-03,Completed
119158,678,2025-07-11,Completed
119159,11569,2025-07-11,Returned
119160,11569,2025-10-03,Returned
119161,10334,2025-07-11,Returned
119162,10334,2025-08-13,Completed
119163,10334,2025-09-06,Completed
119164,10609,2025-07-11,Cancelled
119165,10609,2025-08-11,Completed
119166,10609,2025-10-07,Returned
119167,2484,2025-07-11,Completed
119168,2484,2025-08-11,Completed
119169,2484,2025-09-14,Completed
119170,9536,2025-07-11,Returned
119171,9536,2025-10-15,Completed
119172,4454,2025-07-11,Completed
119173,4454,2025-08-09,Cancelled
119174,4454,2025-10-27,Completed
119175,4454,2025-12-21,Completed
119176,1743,2025-07-11,Returned
119177,1743,2025-09-24,Completed
119178,1743,2025-11-23,Returned
119179,6676,2025-07-11,Completed
119180,6676,2025-08-08,Returned
119181,6676,2025-10-01,Completed
119182,6676,2025-12-04,Completed
119183,6676,2025-12-26,Completed
119184,11050,2025-07-11,Completed
119185,11050,2025-10-07,Cancelled
119186,11050,2025-11-16,Completed
119187,8660,2025-07-11,Completed
119188,6605,2025-07-11,Completed
119189,6605,2025-09-01,Completed
119190,10856,2025-07-11,Completed
119191,10306,2025-07-11,Completed
119192,10306,2025-10-13,Cancelled
119193,385,2025-07-11,Completed
119194,385,2025-08-11,Completed
119195,1999,2025-07-11,Completed
119196,9094,2025-07-11,Completed
119197,9094,2025-08-01,Completed
119198,6769,2025-07-12,Completed
119199,5561,2025-07-12,Completed
119200,5561,2025-08-01,Completed
119201,5561,2025-08-31,Completed
119202,5561,2025-11-29,Completed
119203,9646,2025-07-12,Completed
119204,9646,2025-09-12,Completed
119205,9646,2025-11-18,Completed
119206,9646,2025-12-29,Completed
119207,3237,2025-07-12,Returned
119208,3237,2025-09-15,Completed
119209,1945,2025-07-12,Completed
119210,11070,2025-07-12,Completed
119211,11070,2025-12-07,Completed
119212,3178,2025-07-12,Completed
119213,9197,2025-07-12,Completed
119214,3376,2025-07-12,Completed
119215,3376,2025-08-07,Completed
119216,3376,2025-09-11,Cancelled
119217,3376,2025-12-26,Completed
119218,437,2025-07-12,Completed
119219,437,2025-10-06,Completed
119220,437,2025-11-06,Completed
119221,437,2025-11-21,Completed
119222,7529,2025-07-12,Completed
119223,989,2025-07-12,Completed
119224,989,2025-11-22,Completed
119225,989,2025-12-18,Completed
119226,1570,2025-07-12,Completed
119227,1570,2025-08-09,Completed
119228,1012,2025-07-12,Completed
119229,1012,2025-08-17,Completed
119230,1012,2025-09-23,Completed
119231,1012,2025-11-16,Completed
119232,1829,2025-07-12,Completed
119233,931,2025-07-12,Completed
119234,931,2025-09-21,Completed
119235,7102,2025-07-12,Completed
119236,7102,2025-08-17,Completed
119237,9036,2025-07-12,Completed
119238,9036,2025-07-30,Cancelled
119239,3893,2025-07-12,Completed
119240,5813,2025-07-12,Returned
119241,5813,2025-09-14,Completed
119242,5813,2025-10-21,Completed
119243,5813,2025-12-16,Completed
119244,6014,2025-07-12,Returned
119245,6014,2025-08-17,Completed
119246,10776,2025-07-12,Completed
119247,10776,2025-08-11,Completed
119248,10776,2025-10-03,Cancelled
119249,11248,2025-07-13,Completed
119250,11248,2025-08-03,Completed
119251,11248,2025-09-30,Completed
119252,11248,2025-11-24,Returned
119253,4794,2025-07-13,Completed
119254,4794,2025-08-03,Returned
119255,4794,2025-10-13,Completed
119256,3035,2025-07-13,Completed
119257,1671,2025-07-13,Completed
119258,555,2025-07-13,Completed
119259,9521,2025-07-13,Completed
119260,7971,2025-07-13,Completed
119261,7971,2025-09-26,Completed
119262,7971,2025-10-31,Completed
119263,7971,2025-12-26,Completed
119264,8959,2025-07-13,Completed
119265,7645,2025-07-13,Completed
119266,7645,2025-10-12,Completed
119267,247,2025-07-13,Cancelled
119268,247,2025-10-29,Completed
119269,4157,2025-07-13,Completed
119270,4157,2025-09-18,Completed
119271,4157,2025-11-11,Completed
119272,4157,2025-12-06,Completed
119273,7932,2025-07-13,Completed
119274,7932,2025-08-22,Completed
119275,6050,2025-07-13,Completed
119276,6050,2025-08-13,Completed
119277,6050,2025-11-18,Completed
119278,1090,2025-07-13,Completed
119279,1090,2025-09-09,Completed
119280,3347,2025-07-13,Completed
119281,5046,2025-07-13,Completed
119282,5046,2025-09-13,Completed
119283,5046,2025-12-02,Completed
119284,7540,2025-07-14,Returned
119285,9928,2025-07-14,Completed
119286,9928,2025-09-01,Returned
119287,9928,2025-10-11,Completed
119288,9928,2025-11-17,Completed
119289,9928,2025-12-15,Returned
119290,4472,2025-07-14,Completed
119291,4472,2025-11-12,Completed
119292,3682,2025-07-14,Returned
119293,3682,2025-10-14,Returned
119294,5762,2025-07-14,Completed
119295,5762,2025-08-17,Completed
119296,5762,2025-09-16,Completed
119297,5762,2025-12-22,Completed
119298,11870,2025-07-14,Completed
119299,11870,2025-08-11,Completed
119300,11870,2025-09-17,Completed
119301,11870,2025-11-03,Completed
119302,11870,2025-12-03,Completed
119303,11870,2025-12-23,Completed
119304,7392,2025-07-14,Completed
119305,5858,2025-07-14,Completed
119306,5858,2025-12-15,Completed
119307,3535,2025-07-14,Returned
119308,3535,2025-09-14,Completed
119309,3535,2025-10-09,Completed
119310,6905,2025-07-14,Completed
119311,6905,2025-09-22,Completed
119312,6905,2025-10-15,Completed
119313,6905,2025-11-20,Completed
119314,6905,2025-12-17,Completed
119315,5265,2025-07-14,Completed
119316,5265,2025-08-08,Completed
119317,5265,2025-09-23,Completed
119318,2048,2025-07-14,Completed
119319,2048,2025-08-16,Completed
119320,5500,2025-07-14,Completed
119321,11894,2025-07-14,Completed
119322,11894,2025-08-31,Completed
119323,11894,2025-11-20,Completed
119324,5562,2025-07-14,Completed
119325,1227,2025-07-14,Returned
119326,1227,2025-08-20,Completed
119327,1227,2025-12-11,Completed
119328,6192,2025-07-15,Completed
119329,6192,2025-08-19,Completed
119330,7249,2025-07-15,Completed
119331,7249,2025-10-13,Completed
119332,7249,2025-11-15,Returned
119333,7249,2025-12-07,Completed
119334,11543,2025-07-15,Completed
119335,11543,2025-10-18,Completed
119336,7284,2025-07-15,Completed
119337,7284,2025-08-20,Completed
119338,7284,2025-10-12,Completed
119339,7284,2025-12-09,Completed
119340,3891,2025-07-15,Completed
119341,3891,2025-10-27,Completed
119342,3891,2025-12-12,Completed
119343,5906,2025-07-15,Completed
119344,5906,2025-08-12,Completed
119345,5906,2025-09-05,Completed
119346,5906,2025-12-10,Cancelled
119347,3179,2025-07-15,Cancelled
119348,3179,2025-12-10,Completed
119349,7079,2025-07-15,Completed
119350,7079,2025-08-08,Completed
119351,9984,2025-07-15,Completed
119352,7036,2025-07-15,Returned
119353,8704,2025-07-16,Completed
119354,8704,2025-08-19,Returned
119355,8704,2025-09-16,Completed
119356,8704,2025-09-29,Completed
119357,8704,2025-11-05,Completed
119358,1789,2025-07-16,Returned
119359,1789,2025-08-14,Completed
119360,1789,2025-09-14,Completed
119361,7526,2025-07-16,Completed
119362,7526,2025-09-15,Completed
119363,7512,2025-07-16,Completed
119364,7512,2025-08-05,Completed
119365,7512,2025-09-03,Completed
119366,813,2025-07-16,Completed
119367,10320,2025-07-16,Completed
119368,10320,2025-08-16,Completed
119369,4814,2025-07-16,Completed
119370,4814,2025-08-17,Completed
119371,463,2025-07-16,Returned
119372,463,2025-08-17,Returned
119373,5020,2025-07-16,Completed
119374,3422,2025-07-16,Completed
119375,8557,2025-07-16,Completed
119376,225,2025-07-16,Completed
119377,225,2025-09-25,Completed
119378,225,2025-10-31,Completed
119379,9934,2025-07-16,Completed
119380,9934,2025-08-26,Completed
119381,8846,2025-07-16,Completed
119382,7738,2025-07-16,Completed
119383,7738,2025-09-14,Returned
119384,2632,2025-07-16,Completed
119385,2632,2025-09-12,Cancelled
119386,11,2025-07-16,Cancelled
119387,6411,2025-07-16,Completed
119388,6411,2025-11-22,Completed
119389,1287,2025-07-16,Completed
119390,1287,2025-09-21,Completed
119391,3487,2025-07-17,Completed
119392,3487,2025-09-11,Completed
119393,3487,2025-09-24,Completed
119394,4495,2025-07-17,Completed
119395,9893,2025-07-17,Completed
119396,1594,2025-07-17,Completed
119397,11135,2025-07-17,Completed
119398,11135,2025-09-14,Completed
119399,1870,2025-07-17,Returned
119400,1870,2025-08-04,Completed
119401,11309,2025-07-17,Completed
119402,11309,2025-11-29,Completed
119403,11309,2025-12-31,Cancelled
119404,11811,2025-07-17,Completed
119405,11811,2025-10-27,Completed
119406,11811,2025-11-10,Completed
119407,1788,2025-07-17,Completed
119408,1788,2025-09-26,Completed
119409,6872,2025-07-17,Completed
119410,6872,2025-09-24,Returned
119411,7149,2025-07-17,Completed
119412,7149,2025-08-14,Completed
119413,7149,2025-09-18,Completed
119414,7149,2025-12-15,Completed
119415,3737,2025-07-17,Completed
119416,8699,2025-07-17,Completed
119417,11586,2025-07-17,Completed
119418,11586,2025-09-16,Completed
119419,11586,2025-10-14,Completed
119420,11586,2025-10-26,Completed
119421,11586,2025-12-02,Completed
119422,6902,2025-07-17,Completed
119423,4990,2025-07-17,Completed
119424,4990,2025-09-14,Returned
119425,1302,2025-07-17,Completed
119426,1302,2025-08-08,Completed
119427,3054,2025-07-17,Completed
119428,3054,2025-08-11,Completed
119429,3054,2025-09-19,Completed
119430,1918,2025-07-17,Completed
119431,9466,2025-07-18,Completed
119432,9466,2025-10-15,Completed
119433,6604,2025-07-18,Returned
119434,6604,2025-10-20,Completed
119435,6604,2025-11-10,Completed
119436,4656,2025-07-18,Completed
119437,4656,2025-10-18,Completed
119438,4393,2025-07-18,Completed
119439,4393,2025-09-02,Completed
119440,4393,2025-10-16,Completed
119441,4393,2025-11-12,Completed
119442,7255,2025-07-18,Completed
119443,7255,2025-12-03,Completed
119444,7879,2025-07-18,Completed
119445,2139,2025-07-18,Completed
119446,2139,2025-08-13,Completed
119447,10703,2025-07-18,Returned
119448,10703,2025-11-20,Completed
119449,2593,2025-07-18,Completed
119450,2593,2025-09-22,Completed
119451,6908,2025-07-18,Completed
119452,6908,2025-08-28,Completed
119453,6908,2025-09-19,Completed
119454,2296,2025-07-18,Completed
119455,2296,2025-09-22,Completed
119456,759,2025-07-19,Completed
119457,759,2025-11-04,Completed
119458,9545,2025-07-19,Cancelled
119459,5523,2025-07-19,Completed
119460,8749,2025-07-19,Completed
119461,8749,2025-08-14,Completed
119462,8749,2025-09-19,Completed
119463,8749,2025-10-18,Completed
119464,3908,2025-07-19,Completed
119465,3908,2025-12-08,Completed
119466,11995,2025-07-19,Completed
119467,11995,2025-08-19,Completed
119468,7176,2025-07-19,Completed
119469,7176,2025-08-22,Completed
119470,7176,2025-09-23,Completed
119471,7176,2025-12-07,Returned
119472,1250,2025-07-19,Completed
119473,1250,2025-11-12,Completed
119474,5518,2025-07-19,Completed
119475,5104,2025-07-19,Completed
119476,5104,2025-08-15,Completed
119477,111,2025-07-19,Completed
119478,111,2025-08-12,Completed
119479,449,2025-07-19,Completed
119480,449,2025-09-05,Completed
119481,1972,2025-07-19,Completed
119482,2088,2025-07-19,Completed
119483,2088,2025-08-22,Completed
119484,7316,2025-07-19,Completed
119485,7316,2025-11-04,Returned
119486,7316,2025-12-19,Completed
119487,4377,2025-07-19,Returned
119488,4377,2025-08-11,Completed
119489,4377,2025-09-09,Completed
119490,4377,2025-11-21,Completed
119491,7620,2025-07-19,Completed
119492,4791,2025-07-19,Completed
119493,4791,2025-09-13,Completed
119494,4791,2025-10-24,Completed
119495,4791,2025-12-03,Completed
119496,3546,2025-07-19,Completed
119497,3546,2025-09-06,Completed
119498,7021,2025-07-19,Completed
119499,2256,2025-07-19,Returned
119500,11690,2025-07-19,Completed
119501,6831,2025-07-19,Completed
119502,3006,2025-07-19,Completed
119503,2707,2025-07-19,Completed
119504,6560,2025-07-20,Returned
119505,6560,2025-08-27,Completed
119506,902,2025-07-20,Completed
119507,902,2025-08-11,Returned
119508,902,2025-12-26,Completed
119509,7797,2025-07-20,Returned
119510,7797,2025-08-21,Completed
119511,4219,2025-07-20,Completed
119512,5946,2025-07-20,Completed
119513,4179,2025-07-20,Completed
119514,4179,2025-08-09,Returned
119515,6993,2025-07-20,Completed
119516,864,2025-07-20,Completed
119517,864,2025-08-22,Completed
119518,864,2025-11-08,Completed
119519,9385,2025-07-20,Completed
119520,477,2025-07-20,Completed
119521,477,2025-08-25,Completed
119522,477,2025-09-23,Completed
119523,477,2025-11-01,Returned
119524,477,2025-11-28,Completed
119525,9025,2025-07-20,Completed
119526,9025,2025-10-02,Completed
119527,11784,2025-07-20,Completed
119528,11784,2025-12-13,Returned
119529,5461,2025-07-20,Returned
119530,5461,2025-08-16,Completed
119531,5461,2025-09-13,Completed
119532,5461,2025-11-10,Completed
119533,8291,2025-07-20,Cancelled
119534,8291,2025-08-30,Completed
119535,8291,2025-09-11,Completed
119536,8291,2025-11-07,Completed
119537,11625,2025-07-20,Completed
119538,11625,2025-08-08,Completed
119539,11625,2025-09-01,Completed
119540,48,2025-07-20,Completed
119541,48,2025-10-19,Completed
119542,48,2025-11-17,Completed
119543,11983,2025-07-20,Completed
119544,1844,2025-07-20,Completed
119545,1844,2025-08-11,Completed
119546,6360,2025-07-20,Completed
119547,6360,2025-09-11,Returned
119548,7803,2025-07-20,Completed
119549,7803,2025-12-02,Completed
119550,5599,2025-07-20,Completed
119551,5599,2025-08-23,Completed
119552,8863,2025-07-20,Completed
119553,8863,2025-08-13,Completed
119554,9557,2025-07-21,Cancelled
119555,3382,2025-07-21,Completed
119556,3382,2025-08-13,Completed
119557,5775,2025-07-21,Completed
119558,2442,2025-07-21,Completed
119559,8232,2025-07-21,Completed
119560,8232,2025-11-17,Completed
119561,4587,2025-07-21,Completed
119562,4587,2025-12-17,Completed
119563,6097,2025-07-21,Completed
119564,11563,2025-07-21,Completed
119565,8384,2025-07-21,Completed
119566,8384,2025-11-14,Completed
119567,3279,2025-07-21,Completed
119568,6364,2025-07-21,Completed
119569,6364,2025-09-25,Completed
119570,6364,2025-11-20,Completed
119571,4281,2025-07-21,Completed
119572,4281,2025-08-30,Completed
119573,4281,2025-09-26,Completed
119574,4281,2025-11-06,Cancelled
119575,9679,2025-07-21,Completed
119576,5870,2025-07-21,Completed
119577,2326,2025-07-21,Returned
119578,7090,2025-07-21,Completed
119579,7090,2025-09-11,Completed
119580,3443,2025-07-21,Completed
119581,3443,2025-08-16,Returned
119582,3443,2025-12-13,Completed
119583,135,2025-07-21,Completed
119584,135,2025-09-23,Completed
119585,135,2025-10-24,Returned
119586,11693,2025-07-21,Completed
119587,8772,2025-07-22,Completed
119588,8772,2025-09-27,Returned
119589,8772,2025-10-16,Completed
119590,11953,2025-07-22,Completed
119591,2511,2025-07-22,Completed
119592,2511,2025-08-23,Completed
119593,2511,2025-09-29,Completed
119594,2511,2025-12-25,Completed
119595,11281,2025-07-22,Returned
119596,11592,2025-07-22,Cancelled
119597,1427,2025-07-22,Completed
119598,1427,2025-08-15,Completed
119599,1427,2025-09-16,Completed
119600,1427,2025-11-02,Completed
119601,4869,2025-07-22,Completed
119602,3474,2025-07-22,Completed
119603,10789,2025-07-22,Completed
119604,10006,2025-07-22,Completed
119605,10006,2025-09-25,Returned
119606,10006,2025-10-15,Completed
119607,10006,2025-12-13,Completed
119608,10253,2025-07-22,Completed
119609,2301,2025-07-22,Completed
119610,2301,2025-08-22,Completed
119611,2301,2025-11-16,Returned
119612,2301,2025-12-17,Completed
119613,8422,2025-07-22,Returned
119614,8422,2025-08-20,Completed
119615,6130,2025-07-22,Completed
119616,5505,2025-07-22,Completed
119617,2122,2025-07-22,Completed
119618,8246,2025-07-22,Completed
119619,8246,2025-09-17,Completed
119620,8246,2025-11-02,Completed
119621,8246,2025-11-24,Completed
119622,9585,2025-07-23,Completed
119623,9585,2025-09-20,Completed
119624,9585,2025-10-25,Completed
119625,381,2025-07-23,Completed
119626,381,2025-11-25,Completed
119627,802,2025-07-23,Completed
119628,802,2025-08-23,Cancelled
119629,802,2025-12-01,Completed
119630,7713,2025-07-23,Completed
119631,7713,2025-09-22,Completed
119632,7713,2025-11-01,Completed
119633,7713,2025-12-03,Returned
119634,11138,2025-07-23,Completed
119635,11138,2025-11-18,Completed
119636,2130,2025-07-23,Completed
119637,2130,2025-08-15,Completed
119638,7320,2025-07-23,Completed
119639,7320,2025-08-24,Completed
119640,7320,2025-10-20,Completed
119641,6785,2025-07-23,Completed
119642,6785,2025-09-01,Completed
119643,6785,2025-12-19,Completed
119644,7166,2025-07-23,Completed
119645,7166,2025-08-27,Completed
119646,7166,2025-09-18,Completed
119647,8497,2025-07-23,Completed
119648,8497,2025-09-23,Completed
119649,9817,2025-07-23,Completed
119650,9817,2025-11-06,Completed
119651,5390,2025-07-23,Completed
119652,3349,2025-07-23,Completed
119653,3349,2025-08-16,Completed
119654,3349,2025-10-21,Completed
119655,527,2025-07-23,Completed
119656,527,2025-09-04,Cancelled
119657,7665,2025-07-23,Completed
119658,7665,2025-09-08,Completed
119659,2668,2025-07-23,Completed
119660,11968,2025-07-23,Completed
119661,11968,2025-12-21,Completed
119662,11472,2025-07-23,Completed
119663,11472,2025-08-13,Completed
119664,11241,2025-07-23,Completed
119665,11241,2025-08-13,Completed
119666,11241,2025-10-24,Completed
119667,11241,2025-12-02,Completed
119668,9022,2025-07-23,Completed
119669,9022,2025-08-16,Completed
119670,9022,2025-09-17,Completed
119671,9022,2025-10-24,Completed
119672,9022,2025-11-20,Completed
119673,1876,2025-07-24,Cancelled
119674,7499,2025-07-24,Cancelled
119675,7499,2025-08-22,Completed
119676,7499,2025-11-04,Completed
119677,11944,2025-07-24,Completed
119678,2968,2025-07-24,Completed
119679,2968,2025-10-24,Completed
119680,251,2025-07-24,Completed
119681,4899,2025-07-24,Returned
119682,4899,2025-08-17,Completed
119683,2418,2025-07-24,Completed
119684,2418,2025-08-16,Completed
119685,2418,2025-10-02,Completed
119686,2418,2025-11-04,Completed
119687,2418,2025-12-14,Completed
119688,4137,2025-07-24,Completed
119689,4137,2025-08-13,Returned
119690,7395,2025-07-24,Completed
119691,4106,2025-07-24,Completed
119692,4106,2025-08-25,Completed
119693,4106,2025-09-29,Completed
119694,4106,2025-12-23,Completed
119695,3368,2025-07-24,Cancelled
119696,10526,2025-07-24,Completed
119697,10526,2025-08-31,Completed
119698,11417,2025-07-24,Completed
119699,11417,2025-10-10,Completed
119700,11934,2025-07-24,Returned
119701,70,2025-07-24,Completed
119702,963,2025-07-24,Completed
119703,4171,2025-07-24,Completed
119704,4171,2025-09-13,Completed
119705,1220,2025-07-24,Completed
119706,1220,2025-11-13,Completed
119707,1467,2025-07-24,Completed
119708,6238,2025-07-24,Completed
119709,8404,2025-07-24,Completed
119710,8404,2025-09-04,Completed
119711,8404,2025-10-30,Completed
119712,2567,2025-07-25,Completed
119713,875,2025-07-25,Completed
119714,875,2025-10-13,Completed
119715,875,2025-11-11,Completed
119716,9208,2025-07-25,Completed
119717,9208,2025-08-09,Completed
119718,729,2025-07-25,Completed
119719,729,2025-09-03,Completed
119720,5779,2025-07-25,Completed
119721,5779,2025-12-16,Completed
119722,8753,2025-07-25,Completed
119723,8753,2025-08-10,Completed
119724,8753,2025-10-11,Completed
119725,8753,2025-12-31,Completed
119726,2333,2025-07-25,Completed
119727,6129,2025-07-25,Completed
119728,8385,2025-07-25,Completed
119729,8596,2025-07-25,Cancelled
119730,2120,2025-07-25,Completed
119731,10840,2025-07-25,Completed
119732,10840,2025-08-30,Completed
119733,10840,2025-12-07,Completed
119734,6334,2025-07-25,Completed
119735,9609,2025-07-25,Cancelled
119736,9609,2025-09-22,Completed
119737,11094,2025-07-25,Completed
119738,11094,2025-10-19,Completed
119739,9823,2025-07-25,Completed
119740,9823,2025-08-19,Completed
119741,9823,2025-09-25,Completed
119742,9823,2025-10-09,Completed
119743,10086,2025-07-25,Returned
119744,10086,2025-10-26,Completed
119745,10086,2025-11-30,Completed
119746,1943,2025-07-25,Returned
119747,1943,2025-11-29,Completed
119748,1072,2025-07-25,Completed
119749,1072,2025-08-18,Completed
119750,1072,2025-09-09,Cancelled
119751,1072,2025-10-07,Completed
119752,1072,2025-12-24,Completed
119753,7251,2025-07-26,Completed
119754,5721,2025-07-26,Completed
119755,5721,2025-11-01,Completed
119756,816,2025-07-26,Completed
119757,816,2025-08-24,Completed
119758,816,2025-11-03,Completed
119759,1729,2025-07-26,Completed
119760,9070,2025-07-26,Completed
119761,8479,2025-07-26,Completed
119762,10903,2025-07-26,Completed
119763,10903,2025-11-13,Completed
119764,6321,2025-07-26,Completed
119765,5863,2025-07-26,Completed
119766,5863,2025-12-14,Completed
119767,11406,2025-07-26,Completed
119768,7656,2025-07-26,Completed
119769,5543,2025-07-26,Returned
119770,9005,2025-07-26,Completed
119771,9005,2025-08-14,Completed
119772,9005,2025-09-23,Completed
119773,5612,2025-07-26,Completed
119774,10874,2025-07-27,Completed
119775,10874,2025-11-10,Completed
119776,10874,2025-12-11,Cancelled
119777,3045,2025-07-27,Completed
119778,3045,2025-09-20,Completed
119779,9248,2025-07-27,Returned
119780,1751,2025-07-27,Completed
119781,1751,2025-08-14,Completed
119782,1751,2025-09-18,Completed
119783,6025,2025-07-27,Completed
119784,10598,2025-07-27,Completed
119785,5514,2025-07-27,Returned
119786,5514,2025-09-07,Completed
119787,5514,2025-11-22,Returned
119788,5514,2025-12-25,Completed
119789,10236,2025-07-27,Completed
119790,2890,2025-07-27,Completed
119791,2890,2025-08-24,Completed
119792,2890,2025-09-22,Completed
119793,2890,2025-10-29,Completed
119794,2890,2025-11-30,Completed
119795,9291,2025-07-27,Returned
119796,1138,2025-07-27,Completed
119797,11448,2025-07-27,Completed
119798,11448,2025-08-19,Completed
119799,11922,2025-07-27,Completed
119800,6700,2025-07-28,Returned
119801,6700,2025-11-30,Completed
119802,6070,2025-07-28,Completed
119803,859,2025-07-28,Completed
119804,7718,2025-07-28,Completed
119805,5449,2025-07-28,Completed
119806,5449,2025-09-30,Cancelled
119807,11270,2025-07-28,Completed
119808,11270,2025-09-29,Completed
119809,670,2025-07-28,Completed
119810,670,2025-10-03,Completed
119811,5788,2025-07-28,Completed
119812,5788,2025-11-13,Completed
119813,5788,2025-12-22,Completed
119814,2603,2025-07-28,Completed
119815,10710,2025-07-28,Returned
119816,10710,2025-09-17,Completed
119817,10710,2025-10-26,Completed
119818,5245,2025-07-28,Returned
119819,5245,2025-09-05,Completed
119820,5245,2025-11-14,Completed
119821,5671,2025-07-28,Completed
119822,11852,2025-07-28,Completed
119823,11852,2025-09-15,Returned
119824,11852,2025-10-07,Completed
119825,11852,2025-10-29,Completed
119826,11852,2025-11-26,Completed
119827,2645,2025-07-28,Completed
119828,2645,2025-10-04,Completed
119829,627,2025-07-28,Completed
119830,5272,2025-07-28,Returned
119831,5272,2025-11-28,Completed
119832,5272,2025-12-26,Completed
119833,1434,2025-07-28,Completed
119834,1434,2025-09-27,Completed
119835,8948,2025-07-28,Completed
119836,8960,2025-07-29,Returned
119837,8960,2025-11-03,Completed
119838,8960,2025-11-19,Completed
119839,2302,2025-07-29,Completed
119840,4580,2025-07-29,Completed
119841,6235,2025-07-29,Completed
119842,6235,2025-08-24,Completed
119843,6235,2025-10-28,Completed
119844,6235,2025-11-26,Cancelled
119845,6121,2025-07-29,Completed
119846,6121,2025-10-03,Completed
119847,6747,2025-07-29,Completed
119848,29,2025-07-29,Cancelled
119849,5542,2025-07-29,Completed
119850,5542,2025-10-10,Completed
119851,5542,2025-11-05,Completed
119852,8207,2025-07-29,Completed
119853,9432,2025-07-29,Completed
119854,9432,2025-12-21,Completed
119855,1060,2025-07-29,Returned
119856,1060,2025-09-03,Completed
119857,1060,2025-09-24,Completed
119858,5822,2025-07-29,Cancelled
119859,1974,2025-07-29,Completed
119860,6389,2025-07-29,Completed
119861,6389,2025-12-01,Completed
119862,1225,2025-07-29,Completed
119863,664,2025-07-29,Completed
119864,664,2025-09-11,Completed
119865,664,2025-11-09,Completed
119866,8017,2025-07-29,Completed
119867,7492,2025-07-29,Completed
119868,7492,2025-08-25,Completed
119869,7502,2025-07-29,Completed
119870,7502,2025-08-29,Cancelled
119871,7502,2025-09-21,Completed
119872,7502,2025-12-13,Completed
119873,8585,2025-07-29,Completed
119874,8585,2025-09-28,Completed
119875,580,2025-07-29,Completed
119876,580,2025-08-30,Returned
119877,580,2025-11-23,Returned
119878,4845,2025-07-29,Completed
119879,11187,2025-07-30,Completed
119880,11187,2025-10-21,Completed
119881,11187,2025-11-15,Completed
119882,3770,2025-07-30,Completed
119883,3770,2025-10-21,Completed
119884,3770,2025-11-09,Completed
119885,10527,2025-07-30,Completed
119886,4485,2025-07-30,Completed
119887,4485,2025-09-26,Completed
119888,1252,2025-07-30,Completed
119889,1252,2025-08-31,Completed
119890,1252,2025-11-24,Completed
119891,5370,2025-07-30,Completed
119892,11851,2025-07-30,Completed
119893,2081,2025-07-30,Completed
119894,2081,2025-09-26,Completed
119895,2081,2025-11-06,Completed
119896,10441,2025-07-30,Completed
119897,10441,2025-12-28,Completed
119898,10576,2025-07-30,Completed
119899,1192,2025-07-31,Completed
119900,8392,2025-07-31,Completed
119901,7644,2025-07-31,Completed
119902,7644,2025-08-21,Completed
119903,5978,2025-07-31,Completed
119904,5978,2025-08-27,Completed
119905,5978,2025-10-12,Completed
119906,9453,2025-07-31,Completed
119907,9115,2025-07-31,Completed
119908,9799,2025-07-31,Completed
119909,4457,2025-07-31,Completed
119910,4457,2025-09-02,Completed
119911,4457,2025-11-11,Completed
119912,8448,2025-07-31,Completed
119913,8448,2025-10-05,Completed
119914,8448,2025-11-12,Completed
119915,8448,2025-11-28,Completed
119916,2827,2025-07-31,Completed
119917,2827,2025-09-07,Completed
119918,11424,2025-07-31,Completed
119919,11424,2025-10-17,Completed
119920,11424,2025-12-14,Completed
119921,8804,2025-08-01,Completed
119922,8804,2025-11-12,Completed
119923,2620,2025-08-01,Returned
119924,8690,2025-08-01,Completed
119925,3611,2025-08-01,Completed
119926,3611,2025-09-07,Completed
119927,10726,2025-08-01,Returned
119928,10726,2025-08-27,Completed
119929,10726,2025-10-27,Completed
119930,10726,2025-11-26,Cancelled
119931,3712,2025-08-01,Completed
119932,2592,2025-08-01,Completed
119933,2592,2025-08-29,Completed
119934,1102,2025-08-01,Returned
119935,1102,2025-12-25,Cancelled
119936,9084,2025-08-01,Completed
119937,4355,2025-08-01,Completed
119938,4355,2025-09-05,Cancelled
119939,5108,2025-08-01,Returned
119940,5108,2025-10-16,Completed
119941,5108,2025-11-27,Completed
119942,5108,2025-12-23,Completed
119943,7947,2025-08-01,Completed
119944,9149,2025-08-01,Completed
119945,9149,2025-08-21,Completed
119946,9149,2025-09-28,Completed
119947,9149,2025-11-19,Returned
119948,198,2025-08-01,Completed
119949,198,2025-11-05,Completed
119950,246,2025-08-01,Cancelled
119951,2688,2025-08-02,Completed
119952,2688,2025-09-05,Completed
119953,6337,2025-08-02,Cancelled
119954,6337,2025-09-10,Completed
119955,4360,2025-08-02,Completed
119956,4360,2025-08-29,Completed
119957,7719,2025-08-02,Completed
119958,7719,2025-11-04,Completed
119959,10247,2025-08-02,Completed
119960,10247,2025-08-24,Cancelled
119961,1689,2025-08-02,Returned
119962,5306,2025-08-02,Completed
119963,5306,2025-09-02,Completed
119964,2376,2025-08-02,Completed
119965,2376,2025-09-02,Completed
119966,9992,2025-08-02,Cancelled
119967,9992,2025-10-09,Completed
119968,9992,2025-10-30,Returned
119969,9992,2025-11-28,Completed
119970,6041,2025-08-02,Completed
119971,6041,2025-10-03,Completed
119972,919,2025-08-02,Completed
119973,919,2025-09-16,Completed
119974,3150,2025-08-02,Returned
119975,1838,2025-08-03,Returned
119976,24,2025-08-03,Completed
119977,24,2025-08-24,Completed
119978,24,2025-09-14,Completed
119979,24,2025-10-19,Completed
119980,1010,2025-08-03,Completed
119981,1010,2025-08-23,Completed
119982,8344,2025-08-03,Returned
119983,7354,2025-08-03,Completed
119984,7354,2025-11-13,Returned
119985,11757,2025-08-03,Completed
119986,5353,2025-08-03,Completed
119987,6110,2025-08-03,Completed
119988,3561,2025-08-03,Completed
119989,3578,2025-08-03,Completed
119990,8486,2025-08-03,Returned
119991,8486,2025-09-06,Completed
119992,8486,2025-12-24,Completed
119993,821,2025-08-03,Completed
119994,6309,2025-08-03,Completed
119995,6309,2025-12-14,Completed
119996,7105,2025-08-04,Completed
119997,7105,2025-11-02,Completed
119998,10203,2025-08-04,Completed
119999,7750,2025-08-04,Completed
120000,7750,2025-09-01,Completed
120001,7750,2025-10-01,Completed
120002,9240,2025-08-04,Returned
120003,9240,2025-09-01,Completed
120004,9240,2025-09-24,Completed
120005,9683,2025-08-04,Completed
120006,9683,2025-09-09,Returned
120007,8411,2025-08-04,Completed
120008,8411,2025-08-25,Completed
120009,8411,2025-10-05,Completed
120010,8411,2025-12-23,Completed
120011,4392,2025-08-04,Returned
120012,4392,2025-09-12,Returned
120013,1604,2025-08-04,Completed
120014,1604,2025-09-27,Completed
120015,10250,2025-08-04,Completed
120016,10980,2025-08-04,Completed
120017,2922,2025-08-04,Completed
120018,10177,2025-08-04,Cancelled
120019,10177,2025-09-07,Completed
120020,10177,2025-10-09,Cancelled
120021,10177,2025-11-05,Completed
120022,2931,2025-08-04,Completed
120023,7174,2025-08-04,Returned
120024,4881,2025-08-04,Completed
120025,11372,2025-08-05,Completed
120026,11372,2025-11-14,Completed
120027,11372,2025-12-02,Completed
120028,8330,2025-08-05,Completed
120029,8330,2025-09-22,Completed
120030,5416,2025-08-05,Completed
120031,6611,2025-08-05,Completed
120032,9543,2025-08-05,Completed
120033,550,2025-08-05,Completed
120034,9266,2025-08-05,Completed
120035,10911,2025-08-05,Completed
120036,10911,2025-09-08,Completed
120037,10911,2025-11-30,Completed
120038,10911,2025-12-24,Completed
120039,31,2025-08-05,Completed
120040,31,2025-09-14,Completed
120041,2973,2025-08-05,Completed
120042,2973,2025-12-29,Completed
120043,6429,2025-08-05,Cancelled
120044,6429,2025-11-08,Completed
120045,11371,2025-08-05,Completed
120046,11371,2025-08-30,Completed
120047,8937,2025-08-05,Completed
120048,11500,2025-08-05,Completed
120049,11500,2025-09-17,Completed
120050,11500,2025-11-01,Completed
120051,9175,2025-08-05,Completed
120052,9175,2025-09-07,Completed
120053,9175,2025-10-11,Completed
120054,9175,2025-11-17,Completed
120055,253,2025-08-05,Completed
120056,1182,2025-08-05,Returned
120057,1182,2025-09-11,Completed
120058,1182,2025-11-26,Completed
120059,2736,2025-08-05,Completed
120060,4904,2025-08-05,Completed
120061,4904,2025-09-30,Completed
120062,4813,2025-08-05,Completed
120063,4813,2025-10-27,Completed
120064,2709,2025-08-06,Completed
120065,10806,2025-08-06,Completed
120066,10806,2025-08-24,Returned
120067,10806,2025-11-12,Completed
120068,9634,2025-08-06,Completed
120069,9634,2025-10-01,Cancelled
120070,9634,2025-11-02,Completed
120071,9634,2025-12-26,Completed
120072,1306,2025-08-06,Completed
120073,1306,2025-12-05,Completed
120074,5575,2025-08-06,Completed
120075,5575,2025-10-30,Completed
120076,10538,2025-08-06,Completed
120077,6132,2025-08-06,Completed
120078,6132,2025-10-12,Completed
120079,3836,2025-08-06,Completed
120080,6124,2025-08-06,Completed
120081,6124,2025-09-05,Completed
120082,6124,2025-10-16,Returned
120083,6124,2025-11-11,Completed
120084,4499,2025-08-06,Completed
120085,5153,2025-08-06,Completed
120086,5668,2025-08-06,Completed
120087,5668,2025-09-18,Completed
120088,5114,2025-08-06,Completed
120089,5114,2025-11-08,Completed
120090,5114,2025-11-26,Completed
120091,661,2025-08-06,Completed
120092,3703,2025-08-07,Completed
120093,3703,2025-08-30,Completed
120094,3703,2025-09-20,Completed
120095,2986,2025-08-07,Completed
120096,9600,2025-08-07,Returned
120097,9600,2025-09-11,Completed
120098,314,2025-08-07,Completed
120099,314,2025-09-14,Completed
120100,314,2025-10-12,Completed
120101,840,2025-08-07,Completed
120102,840,2025-09-11,Completed
120103,9262,2025-08-07,Completed
120104,1423,2025-08-07,Completed
120105,1423,2025-09-28,Completed
120106,5734,2025-08-07,Completed
120107,5734,2025-12-19,Completed
120108,10950,2025-08-07,Completed
120109,10950,2025-10-21,Completed
120110,11810,2025-08-07,Completed
120111,11810,2025-08-28,Completed
120112,11810,2025-10-20,Completed
120113,9615,2025-08-07,Cancelled
120114,9615,2025-10-22,Cancelled
120115,9615,2025-11-22,Completed
120116,9615,2025-12-24,Returned
120117,11617,2025-08-07,Completed
120118,5436,2025-08-07,Completed
120119,5436,2025-09-13,Cancelled
120120,5436,2025-11-26,Completed
120121,114,2025-08-07,Completed
120122,114,2025-11-28,Completed
120123,3813,2025-08-07,Completed
120124,1761,2025-08-07,Completed
120125,1761,2025-09-08,Completed
120126,11631,2025-08-08,Completed
120127,2893,2025-08-08,Returned
120128,3874,2025-08-08,Completed
120129,3874,2025-11-24,Completed
120130,10533,2025-08-08,Completed
120131,4970,2025-08-08,Completed
120132,4970,2025-09-18,Cancelled
120133,1845,2025-08-08,Completed
120134,1719,2025-08-08,Completed
120135,1719,2025-11-28,Completed
120136,1719,2025-12-12,Completed
120137,2254,2025-08-08,Completed
120138,10399,2025-08-08,Completed
120139,10399,2025-10-15,Completed
120140,2174,2025-08-08,Completed
120141,1655,2025-08-08,Completed
120142,1655,2025-11-04,Completed
120143,6074,2025-08-08,Completed
120144,10113,2025-08-08,Completed
120145,6634,2025-08-08,Completed
120146,6634,2025-08-29,Cancelled
120147,6634,2025-11-10,Completed
120148,1668,2025-08-08,Completed
120149,3937,2025-08-08,Returned
120150,11914,2025-08-08,Completed
120151,11914,2025-12-26,Completed
120152,9942,2025-08-08,Returned
120153,1903,2025-08-08,Cancelled
120154,1903,2025-12-21,Completed
120155,3693,2025-08-08,Completed
120156,8026,2025-08-08,Completed
120157,8026,2025-09-11,Completed
120158,8026,2025-11-10,Completed
120159,8046,2025-08-08,Completed
120160,8046,2025-12-31,Completed
120161,1251,2025-08-08,Returned
120162,10362,2025-08-08,Completed
120163,7927,2025-08-09,Completed
120164,9997,2025-08-09,Completed
120165,10544,2025-08-09,Completed
120166,10544,2025-09-24,Completed
120167,10544,2025-10-15,Completed
120168,10544,2025-12-31,Completed
120169,1442,2025-08-09,Completed
120170,9302,2025-08-09,Completed
120171,10185,2025-08-09,Completed
120172,374,2025-08-09,Cancelled
120173,374,2025-10-20,Completed
120174,861,2025-08-09,Returned
120175,1752,2025-08-09,Completed
120176,5228,2025-08-09,Completed
120177,5228,2025-09-05,Completed
120178,4123,2025-08-09,Completed
120179,4123,2025-12-19,Completed
120180,6918,2025-08-09,Completed
120181,6918,2025-08-29,Completed
120182,6918,2025-10-26,Completed
120183,6918,2025-11-16,Returned
120184,10044,2025-08-09,Completed
120185,10044,2025-08-30,Completed
120186,10044,2025-11-01,Completed
120187,9099,2025-08-09,Completed
120188,9292,2025-08-09,Completed
120189,9292,2025-09-28,Cancelled
120190,3614,2025-08-09,Completed
120191,3614,2025-09-02,Returned
120192,3614,2025-12-04,Completed
120193,846,2025-08-09,Completed
120194,846,2025-11-26,Completed
120195,4432,2025-08-09,Completed
120196,4432,2025-09-19,Completed
120197,9895,2025-08-09,Completed
120198,9895,2025-08-31,Completed
120199,9740,2025-08-09,Returned
120200,9740,2025-09-11,Completed
120201,4265,2025-08-10,Completed
120202,4265,2025-11-07,Completed
120203,4265,2025-12-01,Completed
120204,6818,2025-08-10,Completed
120205,6818,2025-09-14,Completed
120206,6818,2025-10-16,Completed
120207,6818,2025-11-13,Completed
120208,4614,2025-08-10,Completed
120209,2556,2025-08-10,Completed
120210,2556,2025-10-11,Completed
120211,4590,2025-08-10,Cancelled
120212,11618,2025-08-10,Completed
120213,6501,2025-08-10,Completed
120214,9282,2025-08-10,Returned
120215,9282,2025-10-07,Completed
120216,9282,2025-12-21,Completed
120217,11772,2025-08-10,Completed
120218,11772,2025-09-21,Completed
120219,11099,2025-08-10,Completed
120220,11099,2025-09-14,Completed
120221,10326,2025-08-10,Completed
120222,10326,2025-09-07,Completed
120223,10326,2025-09-30,Cancelled
120224,10326,2025-11-04,Completed
120225,9884,2025-08-10,Completed
120226,1517,2025-08-10,Returned
120227,399,2025-08-10,Completed
120228,5319,2025-08-10,Completed
120229,5506,2025-08-10,Completed
120230,5506,2025-09-13,Completed
120231,5506,2025-10-11,Completed
120232,10841,2025-08-11,Completed
120233,10841,2025-09-27,Completed
120234,10841,2025-10-21,Completed
120235,2553,2025-08-11,Completed
120236,2553,2025-09-02,Completed
120237,7470,2025-08-11,Completed
120238,7470,2025-08-30,Completed
120239,7470,2025-09-28,Completed
120240,7470,2025-10-16,Completed
120241,7470,2025-12-12,Completed
120242,4747,2025-08-11,Completed
120243,4747,2025-12-19,Completed
120244,9983,2025-08-11,Completed
120245,4748,2025-08-11,Cancelled
120246,4748,2025-10-17,Returned
120247,4748,2025-11-15,Completed
120248,4748,2025-12-14,Completed
120249,7602,2025-08-11,Completed
120250,7602,2025-12-02,Completed
120251,267,2025-08-11,Returned
120252,267,2025-11-21,Completed
120253,7099,2025-08-11,Completed
120254,7099,2025-09-03,Completed
120255,7099,2025-10-05,Completed
120256,8994,2025-08-11,Completed
120257,8994,2025-10-08,Completed
120258,6719,2025-08-11,Completed
120259,6719,2025-09-06,Completed
120260,9803,2025-08-11,Completed
120261,9803,2025-11-28,Completed
120262,1910,2025-08-12,Completed
120263,1910,2025-09-14,Completed
120264,11659,2025-08-12,Completed
120265,6196,2025-08-12,Completed
120266,6196,2025-09-29,Completed
120267,7708,2025-08-12,Completed
120268,3933,2025-08-12,Completed
120269,3933,2025-08-28,Completed
120270,8881,2025-08-12,Completed
120271,8881,2025-11-06,Completed
120272,11163,2025-08-12,Completed
120273,244,2025-08-12,Completed
120274,244,2025-08-31,Cancelled
120275,244,2025-10-27,Returned
120276,244,2025-12-30,Completed
120277,8643,2025-08-12,Completed
120278,6934,2025-08-12,Completed
120279,980,2025-08-12,Completed
120280,980,2025-11-05,Completed
120281,4372,2025-08-12,Completed
120282,4372,2025-09-24,Completed
120283,2308,2025-08-13,Completed
120284,2305,2025-08-13,Completed
120285,2958,2025-08-13,Completed
120286,2958,2025-10-31,Completed
120287,9960,2025-08-13,Completed
120288,7889,2025-08-13,Completed
120289,7889,2025-10-18,Completed
120290,7235,2025-08-13,Completed
120291,7235,2025-09-02,Completed
120292,7235,2025-10-12,Completed
120293,1554,2025-08-13,Completed
120294,1554,2025-10-18,Completed
120295,2929,2025-08-13,Completed
120296,1678,2025-08-13,Returned
120297,1678,2025-11-06,Completed
120298,4243,2025-08-13,Completed
120299,4243,2025-11-06,Completed
120300,9131,2025-08-14,Completed
120301,9131,2025-09-01,Completed
120302,1508,2025-08-14,Completed
120303,1508,2025-09-13,Completed
120304,1508,2025-12-01,Completed
120305,7469,2025-08-14,Completed
120306,7196,2025-08-14,Returned
120307,7196,2025-10-16,Completed
120308,7196,2025-11-19,Cancelled
120309,7196,2025-12-12,Returned
120310,6549,2025-08-14,Completed
120311,6549,2025-10-08,Returned
120312,1714,2025-08-14,Completed
120313,4181,2025-08-14,Returned
120314,4181,2025-11-02,Completed
120315,11037,2025-08-14,Completed
120316,11037,2025-09-16,Cancelled
120317,11037,2025-11-25,Completed
120318,6068,2025-08-15,Completed
120319,6068,2025-09-15,Completed
120320,9640,2025-08-15,Completed
120321,9640,2025-11-23,Completed
120322,59,2025-08-15,Completed
120323,9554,2025-08-15,Returned
120324,9554,2025-09-19,Returned
120325,9554,2025-10-20,Completed
120326,11227,2025-08-15,Completed
120327,11227,2025-10-10,Returned
120328,11227,2025-11-07,Completed
120329,10293,2025-08-15,Completed
120330,10293,2025-09-08,Completed
120331,10293,2025-10-11,Completed
120332,10293,2025-11-01,Completed
120333,2940,2025-08-15,Completed
120334,2940,2025-12-13,Completed
120335,715,2025-08-15,Returned
120336,715,2025-10-18,Completed
120337,2758,2025-08-15,Completed
120338,3106,2025-08-15,Returned
120339,3106,2025-08-31,Completed
120340,3106,2025-11-02,Completed
120341,8288,2025-08-15,Completed
120342,998,2025-08-15,Completed
120343,998,2025-12-22,Completed
120344,1874,2025-08-15,Completed
120345,1874,2025-10-16,Completed
120346,10260,2025-08-15,Completed
120347,10260,2025-09-13,Returned
120348,7601,2025-08-15,Completed
120349,7601,2025-09-21,Completed
120350,2066,2025-08-15,Completed
120351,2066,2025-09-26,Returned
120352,2066,2025-10-26,Returned
120353,4193,2025-08-15,Completed
120354,4193,2025-12-21,Completed
120355,1088,2025-08-15,Completed
120356,1088,2025-11-26,Completed
120357,1088,2025-12-25,Cancelled
120358,9819,2025-08-15,Completed
120359,11954,2025-08-15,Completed
120360,11954,2025-09-04,Completed
120361,11954,2025-11-26,Completed
120362,11114,2025-08-15,Completed
120363,11114,2025-09-06,Completed
120364,921,2025-08-16,Returned
120365,8691,2025-08-16,Completed
120366,972,2025-08-16,Completed
120367,972,2025-10-27,Returned
120368,972,2025-11-30,Completed
120369,9168,2025-08-16,Completed
120370,9168,2025-09-18,Returned
120371,7059,2025-08-16,Completed
120372,4220,2025-08-16,Completed
120373,6432,2025-08-16,Completed
120374,6432,2025-09-09,Completed
120375,7168,2025-08-16,Returned
120376,5179,2025-08-16,Completed
120377,11798,2025-08-16,Completed
120378,11798,2025-11-10,Completed
120379,5803,2025-08-16,Completed
120380,5803,2025-09-20,Returned
120381,9953,2025-08-16,Completed
120382,5137,2025-08-16,Cancelled
120383,1701,2025-08-16,Returned
120384,7650,2025-08-16,Completed
120385,7650,2025-10-17,Completed
120386,7650,2025-11-25,Completed
120387,7650,2025-12-28,Returned
120388,11246,2025-08-16,Completed
120389,11246,2025-09-07,Completed
120390,9792,2025-08-16,Returned
120391,9792,2025-09-24,Completed
120392,9792,2025-10-08,Completed
120393,9792,2025-11-09,Completed
120394,1539,2025-08-16,Completed
120395,4361,2025-08-16,Completed
120396,338,2025-08-16,Completed
120397,338,2025-09-26,Completed
120398,338,2025-10-19,Completed
120399,338,2025-11-20,Completed
120400,4745,2025-08-17,Completed
120401,4745,2025-09-06,Completed
120402,4745,2025-10-08,Completed
120403,4745,2025-11-07,Completed
120404,4745,2025-11-22,Completed
120405,9443,2025-08-17,Completed
120406,6407,2025-08-17,Completed
120407,6407,2025-11-07,Completed
120408,11634,2025-08-17,Completed
120409,11634,2025-09-10,Cancelled
120410,11634,2025-11-30,Completed
120411,10241,2025-08-17,Completed
120412,5032,2025-08-17,Completed
120413,5032,2025-09-20,Completed
120414,5032,2025-12-13,Completed
120415,6665,2025-08-17,Completed
120416,10140,2025-08-17,Completed
120417,10140,2025-10-25,Completed
120418,6667,2025-08-17,Completed
120419,6667,2025-09-06,Completed
120420,6667,2025-10-03,Completed
120421,7837,2025-08-17,Completed
120422,7837,2025-10-30,Returned
120423,6385,2025-08-17,Completed
120424,8408,2025-08-17,Completed
120425,1011,2025-08-17,Completed
120426,1011,2025-12-02,Completed
120427,5215,2025-08-17,Completed
120428,5215,2025-09-17,Completed
120429,7592,2025-08-17,Completed
120430,7592,2025-09-26,Completed
120431,3023,2025-08-17,Completed
120432,3023,2025-10-13,Completed
120433,3023,2025-12-20,Completed
120434,9742,2025-08-17,Completed
120435,11605,2025-08-17,Completed
120436,11605,2025-11-08,Returned
120437,1982,2025-08-17,Completed
120438,1982,2025-09-23,Completed
120439,1982,2025-12-23,Completed
120440,6935,2025-08-17,Completed
120441,10587,2025-08-17,Completed
120442,2970,2025-08-17,Completed
120443,9897,2025-08-17,Completed
120444,6948,2025-08-18,Completed
120445,9805,2025-08-18,Completed
120446,9805,2025-10-16,Completed
120447,9805,2025-12-28,Completed
120448,6709,2025-08-18,Completed
120449,6709,2025-12-21,Completed
120450,11427,2025-08-18,Completed
120451,11427,2025-09-29,Completed
120452,9722,2025-08-18,Completed
120453,9722,2025-09-29,Completed
120454,1234,2025-08-18,Cancelled
120455,1234,2025-09-27,Completed
120456,1234,2025-11-02,Completed
120457,4375,2025-08-18,Completed
120458,4375,2025-08-18,Completed
120459,4375,2025-08-26,Completed
120460,4375,2025-08-29,Cancelled
120461,4375,2025-08-31,Completed
120462,4375,2025-09-02,Completed
120463,4375,2025-09-02,Completed
120464,4375,2025-09-12,Completed
120465,4375,2025-09-14,Completed
120466,4375,2025-09-16,Completed
120467,4375,2025-09-21,Completed
120468,4375,2025-09-21,Completed
120469,4375,2025-09-22,Returned
120470,4375,2025-09-29,Completed
120471,4375,2025-09-30,Completed
120472,4375,2025-10-02,Completed
120473,4375,2025-10-04,Completed
120474,4375,2025-10-06,Completed
120475,4375,2025-10-08,Completed
120476,4375,2025-10-10,Completed
120477,4375,2025-10-17,Returned
120478,4375,2025-10-17,Completed
120479,4375,2025-10-19,Completed
120480,4375,2025-10-27,Completed
120481,4375,2025-11-03,Completed
120482,4375,2025-11-18,Completed
120483,4375,2025-12-01,Completed
120484,4375,2025-12-03,Completed
120485,4375,2025-12-03,Completed
120486,4375,2025-12-04,Completed
120487,4375,2025-12-06,Completed
120488,4375,2025-12-08,Completed
120489,4375,2025-12-09,Completed
120490,4375,2025-12-20,Returned
120491,4375,2025-12-23,Completed
120492,4939,2025-08-18,Completed
120493,11367,2025-08-18,Completed
120494,11367,2025-09-29,Cancelled
120495,8674,2025-08-18,Completed
120496,3565,2025-08-18,Completed
120497,8581,2025-08-18,Completed
120498,8581,2025-11-29,Completed
120499,8581,2025-12-31,Completed
120500,7017,2025-08-18,Completed
120501,10090,2025-08-18,Completed
120502,9290,2025-08-18,Completed
120503,9290,2025-09-29,Completed
120504,9290,2025-10-30,Completed
120505,9759,2025-08-18,Completed
120506,9759,2025-10-28,Completed
120507,9759,2025-12-04,Completed
120508,1875,2025-08-18,Completed
120509,1875,2025-10-25,Completed
120510,1875,2025-11-24,Completed
120511,1875,2025-12-29,Completed
120512,5635,2025-08-18,Returned
120513,1885,2025-08-18,Completed
120514,11841,2025-08-18,Completed
120515,11841,2025-11-04,Completed
120516,11841,2025-12-15,Completed
120517,5126,2025-08-18,Completed
120518,5126,2025-09-14,Completed
120519,9057,2025-08-18,Completed
120520,9057,2025-12-15,Completed
120521,4848,2025-08-18,Completed
120522,5254,2025-08-18,Completed
120523,1730,2025-08-19,Completed
120524,1730,2025-09-18,Returned
120525,11854,2025-08-19,Completed
120526,11854,2025-10-19,Completed
120527,11854,2025-12-27,Completed
120528,4793,2025-08-19,Completed
120529,10071,2025-08-19,Completed
120530,6930,2025-08-19,Completed
120531,6930,2025-12-29,Completed
120532,145,2025-08-19,Completed
120533,145,2025-09-17,Completed
120534,145,2025-10-19,Completed
120535,145,2025-12-11,Completed
120536,145,2025-12-31,Completed
120537,9814,2025-08-19,Completed
120538,9814,2025-11-04,Returned
120539,9814,2025-11-20,Completed
120540,3126,2025-08-19,Completed
120541,3126,2025-09-19,Completed
120542,1452,2025-08-19,Returned
120543,7348,2025-08-19,Completed
120544,7348,2025-09-13,Completed
120545,7291,2025-08-19,Cancelled
120546,5091,2025-08-19,Completed
120547,47,2025-08-19,Completed
120548,47,2025-10-24,Completed
120549,343,2025-08-19,Completed
120550,343,2025-11-17,Completed
120551,709,2025-08-19,Completed
120552,709,2025-09-22,Completed
120553,5202,2025-08-19,Returned
120554,5202,2025-09-09,Returned
120555,1221,2025-08-20,Completed
120556,11165,2025-08-20,Completed
120557,11165,2025-10-09,Returned
120558,5654,2025-08-20,Completed
120559,5654,2025-09-11,Completed
120560,5654,2025-12-05,Completed
120561,3720,2025-08-20,Completed
120562,3720,2025-10-22,Completed
120563,8583,2025-08-20,Completed
120564,2691,2025-08-20,Completed
120565,2691,2025-12-08,Completed
120566,5590,2025-08-20,Completed
120567,5590,2025-10-30,Completed
120568,5590,2025-11-27,Cancelled
120569,7067,2025-08-20,Completed
120570,7067,2025-10-30,Completed
120571,6174,2025-08-20,Cancelled
120572,6798,2025-08-20,Completed
120573,6798,2025-09-24,Completed
120574,5362,2025-08-20,Completed
120575,8122,2025-08-20,Completed
120576,10290,2025-08-20,Completed
120577,4616,2025-08-20,Completed
120578,1522,2025-08-20,Completed
120579,1522,2025-11-01,Completed
120580,1522,2025-11-30,Completed
120581,11259,2025-08-20,Completed
120582,11259,2025-09-24,Completed
120583,7816,2025-08-21,Cancelled
120584,1773,2025-08-21,Completed
120585,1773,2025-09-17,Completed
120586,1773,2025-11-28,Completed
120587,1773,2025-12-31,Completed
120588,7018,2025-08-21,Returned
120589,6737,2025-08-21,Completed
120590,6737,2025-09-15,Returned
120591,6737,2025-10-21,Completed
120592,5442,2025-08-21,Completed
120593,3628,2025-08-21,Completed
120594,3628,2025-10-21,Completed
120595,4526,2025-08-21,Completed
120596,4526,2025-12-22,Completed
120597,1489,2025-08-21,Completed
120598,1747,2025-08-21,Completed
120599,1747,2025-09-11,Completed
120600,5626,2025-08-21,Completed
120601,5626,2025-09-27,Completed
120602,5626,2025-12-14,Completed
120603,8770,2025-08-21,Completed
120604,302,2025-08-21,Completed
120605,302,2025-09-24,Completed
120606,2774,2025-08-21,Completed
120607,2774,2025-12-07,Completed
120608,6467,2025-08-21,Completed
120609,6467,2025-09-14,Completed
120610,11337,2025-08-21,Returned
120611,369,2025-08-22,Completed
120612,5947,2025-08-22,Completed
120613,5947,2025-09-15,Completed
120614,5947,2025-11-23,Completed
120615,6331,2025-08-22,Returned
120616,6331,2025-09-13,Completed
120617,4834,2025-08-22,Completed
120618,4834,2025-12-26,Completed
120619,9976,2025-08-22,Completed
120620,9976,2025-11-28,Completed
120621,9976,2025-12-23,Completed
120622,423,2025-08-22,Completed
120623,423,2025-09-15,Completed
120624,423,2025-11-04,Completed
120625,7518,2025-08-22,Completed
120626,7518,2025-10-29,Completed
120627,7518,2025-12-01,Completed
120628,6453,2025-08-22,Completed
120629,6453,2025-11-12,Completed
120630,6453,2025-12-21,Returned
120631,9278,2025-08-22,Returned
120632,3342,2025-08-22,Completed
120633,1553,2025-08-22,Completed
120634,1553,2025-09-19,Completed
120635,1553,2025-10-15,Completed
120636,1553,2025-11-14,Returned
120637,5915,2025-08-22,Completed
120638,5915,2025-09-18,Completed
120639,5915,2025-10-28,Cancelled
120640,5915,2025-12-13,Completed
120641,9233,2025-08-23,Completed
120642,9233,2025-09-11,Completed
120643,9233,2025-10-17,Completed
120644,9233,2025-11-13,Completed
120645,9233,2025-12-15,Completed
120646,2849,2025-08-23,Completed
120647,10266,2025-08-23,Returned
120648,10266,2025-10-05,Completed
120649,10266,2025-11-15,Completed
120650,7452,2025-08-23,Completed
120651,7452,2025-10-21,Completed
120652,7452,2025-12-17,Completed
120653,2951,2025-08-23,Completed
120654,62,2025-08-23,Completed
120655,4641,2025-08-23,Completed
120656,4641,2025-10-05,Completed
120657,4641,2025-12-02,Completed
120658,6837,2025-08-23,Completed
120659,6837,2025-09-14,Completed
120660,6837,2025-11-15,Completed
120661,6837,2025-12-11,Returned
120662,6837,2025-12-30,Completed
120663,6395,2025-08-23,Completed
120664,8926,2025-08-23,Completed
120665,8926,2025-10-22,Completed
120666,8926,2025-11-18,Completed
120667,8481,2025-08-23,Completed
120668,4879,2025-08-23,Completed
120669,9806,2025-08-23,Completed
120670,9806,2025-11-21,Completed
120671,8658,2025-08-23,Completed
120672,11044,2025-08-23,Completed
120673,11044,2025-09-21,Completed
120674,11044,2025-11-21,Completed
120675,366,2025-08-23,Completed
120676,366,2025-11-21,Completed
120677,366,2025-12-10,Completed
120678,8134,2025-08-23,Completed
120679,8134,2025-10-31,Completed
120680,11237,2025-08-23,Completed
120681,1107,2025-08-23,Completed
120682,1107,2025-10-17,Completed
120683,202,2025-08-23,Completed
120684,202,2025-09-15,Returned
120685,8278,2025-08-23,Completed
120686,5315,2025-08-23,Completed
120687,5315,2025-10-20,Completed
120688,5315,2025-11-09,Completed
120689,8427,2025-08-24,Completed
120690,11085,2025-08-24,Completed
120691,11085,2025-10-13,Cancelled
120692,3234,2025-08-24,Completed
120693,3234,2025-09-18,Returned
120694,3234,2025-12-10,Completed
120695,4924,2025-08-24,Completed
120696,10449,2025-08-24,Completed
120697,10449,2025-09-20,Completed
120698,242,2025-08-24,Completed
120699,242,2025-09-28,Completed
120700,2127,2025-08-24,Completed
120701,7786,2025-08-24,Completed
120702,11291,2025-08-24,Completed
120703,11291,2025-09-30,Completed
120704,11291,2025-11-06,Completed
120705,11291,2025-12-03,Completed
120706,4548,2025-08-24,Completed
120707,4548,2025-09-25,Completed
120708,1033,2025-08-24,Completed
120709,438,2025-08-24,Returned
120710,438,2025-10-06,Completed
120711,5381,2025-08-24,Completed
120712,5381,2025-09-19,Completed
120713,5381,2025-11-18,Completed
120714,2690,2025-08-24,Completed
120715,6229,2025-08-24,Completed
120716,6229,2025-09-24,Completed
120717,10750,2025-08-24,Completed
120718,5660,2025-08-24,Completed
120719,5660,2025-12-08,Completed
120720,416,2025-08-24,Completed
120721,2934,2025-08-24,Completed
120722,2934,2025-09-10,Completed
120723,2934,2025-11-17,Completed
120724,2934,2025-12-16,Completed
120725,6392,2025-08-24,Completed
120726,2385,2025-08-24,Completed
120727,11823,2025-08-25,Completed
120728,11823,2025-11-15,Completed
120729,5037,2025-08-25,Completed
120730,5037,2025-09-29,Completed
120731,9088,2025-08-25,Completed
120732,9088,2025-10-20,Completed
120733,9088,2025-12-13,Completed
120734,11481,2025-08-25,Completed
120735,11481,2025-10-19,Completed
120736,11075,2025-08-25,Completed
120737,11577,2025-08-25,Completed
120738,3403,2025-08-25,Completed
120739,3403,2025-12-26,Completed
120740,9850,2025-08-25,Completed
120741,9850,2025-09-11,Completed
120742,11803,2025-08-25,Completed
120743,11803,2025-09-14,Completed
120744,7847,2025-08-26,Completed
120745,7847,2025-10-21,Completed
120746,6346,2025-08-26,Completed
120747,6346,2025-09-17,Completed
120748,6346,2025-11-06,Completed
120749,7506,2025-08-26,Completed
120750,9857,2025-08-26,Completed
120751,10053,2025-08-26,Completed
120752,2063,2025-08-26,Completed
120753,7766,2025-08-26,Completed
120754,7766,2025-09-27,Completed
120755,7766,2025-10-24,Completed
120756,5642,2025-08-26,Returned
120757,742,2025-08-26,Completed
120758,742,2025-11-22,Returned
120759,9707,2025-08-26,Completed
120760,1282,2025-08-26,Completed
120761,1282,2025-09-24,Completed
120762,1282,2025-12-28,Completed
120763,284,2025-08-26,Completed
120764,284,2025-09-23,Completed
120765,431,2025-08-26,Completed
120766,5403,2025-08-26,Completed
120767,1961,2025-08-26,Completed
120768,7374,2025-08-26,Cancelled
120769,5667,2025-08-26,Completed
120770,1502,2025-08-26,Completed
120771,1502,2025-10-21,Completed
120772,5426,2025-08-27,Completed
120773,1929,2025-08-27,Completed
120774,5666,2025-08-27,Completed
120775,10515,2025-08-27,Completed
120776,10515,2025-09-18,Completed
120777,10808,2025-08-27,Completed
120778,1201,2025-08-27,Completed
120779,2840,2025-08-27,Completed
120780,2840,2025-10-01,Completed
120781,2840,2025-10-24,Completed
120782,2840,2025-11-09,Completed
120783,2840,2025-12-04,Completed
120784,4915,2025-08-27,Completed
120785,4915,2025-09-25,Completed
120786,4915,2025-10-16,Completed
120787,6024,2025-08-27,Completed
120788,6024,2025-11-11,Completed
120789,5583,2025-08-27,Completed
120790,10711,2025-08-27,Completed
120791,6685,2025-08-28,Completed
120792,6685,2025-12-04,Completed
120793,1965,2025-08-28,Completed
120794,4396,2025-08-28,Completed
120795,4396,2025-10-28,Completed
120796,3400,2025-08-28,Completed
120797,3400,2025-11-03,Completed
120798,8428,2025-08-28,Completed
120799,7124,2025-08-28,Completed
120800,9720,2025-08-28,Completed
120801,9720,2025-12-24,Completed
120802,4167,2025-08-28,Completed
120803,4167,2025-09-15,Cancelled
120804,1768,2025-08-28,Completed
120805,1768,2025-09-25,Completed
120806,2207,2025-08-28,Completed
120807,2207,2025-11-30,Completed
120808,11912,2025-08-28,Completed
120809,7315,2025-08-28,Returned
120810,7634,2025-08-29,Completed
120811,1861,2025-08-29,Completed
120812,1861,2025-10-29,Completed
120813,811,2025-08-29,Completed
120814,1548,2025-08-29,Completed
120815,1816,2025-08-29,Returned
120816,1816,2025-09-19,Returned
120817,1816,2025-12-07,Completed
120818,235,2025-08-29,Completed
120819,235,2025-11-28,Completed
120820,235,2025-12-23,Completed
120821,2173,2025-08-29,Returned
120822,5485,2025-08-29,Completed
120823,5485,2025-11-22,Completed
120824,11510,2025-08-29,Completed
120825,10100,2025-08-29,Completed
120826,10100,2025-09-27,Completed
120827,10100,2025-11-24,Completed
120828,9234,2025-08-29,Completed
120829,9234,2025-10-19,Completed
120830,5389,2025-08-29,Cancelled
120831,5389,2025-10-09,Completed
120832,8135,2025-08-30,Returned
120833,8135,2025-10-20,Completed
120834,8135,2025-11-28,Completed
120835,4863,2025-08-30,Completed
120836,4863,2025-10-26,Completed
120837,1665,2025-08-30,Completed
120838,1665,2025-09-29,Completed
120839,1665,2025-12-01,Completed
120840,8811,2025-08-30,Completed
120841,8811,2025-12-31,Completed
120842,11206,2025-08-30,Completed
120843,10004,2025-08-30,Completed
120844,3065,2025-08-30,Completed
120845,3065,2025-09-22,Completed
120846,5784,2025-08-30,Returned
120847,5784,2025-12-20,Completed
120848,5287,2025-08-30,Completed
120849,3575,2025-08-30,Completed
120850,2813,2025-08-30,Completed
120851,2813,2025-10-17,Completed
120852,2813,2025-11-03,Completed
120853,2813,2025-12-07,Completed
120854,1484,2025-08-30,Completed
120855,1484,2025-09-22,Completed
120856,2648,2025-08-30,Completed
120857,9090,2025-08-30,Completed
120858,7104,2025-08-30,Completed
120859,4568,2025-08-30,Completed
120860,8742,2025-08-30,Returned
120861,8742,2025-09-29,Completed
120862,1631,2025-08-30,Returned
120863,1631,2025-11-15,Completed
120864,8406,2025-08-30,Completed
120865,8406,2025-11-18,Returned
120866,10468,2025-08-30,Completed
120867,11154,2025-08-31,Completed
120868,1998,2025-08-31,Returned
120869,11905,2025-08-31,Completed
120870,11905,2025-10-02,Completed
120871,5415,2025-08-31,Cancelled
120872,5415,2025-10-08,Completed
120873,144,2025-08-31,Completed
120874,144,2025-11-03,Completed
120875,6418,2025-08-31,Completed
120876,6418,2025-09-25,Completed
120877,6418,2025-11-26,Completed
120878,3040,2025-08-31,Returned
120879,3040,2025-09-22,Completed
120880,3040,2025-12-08,Cancelled
120881,5003,2025-08-31,Completed
120882,5003,2025-10-31,Completed
120883,5003,2025-12-31,Returned
120884,10226,2025-08-31,Completed
120885,3203,2025-08-31,Completed
120886,3203,2025-11-23,Completed
120887,6564,2025-08-31,Completed
120888,8640,2025-08-31,Completed
120889,8640,2025-10-10,Completed
120890,11335,2025-08-31,Completed
120891,11335,2025-10-14,Completed
120892,3294,2025-08-31,Completed
120893,3967,2025-08-31,Completed
120894,3967,2025-10-21,Completed
120895,660,2025-08-31,Completed
120896,11288,2025-08-31,Completed
120897,6007,2025-08-31,Completed
120898,4404,2025-08-31,Completed
120899,4404,2025-09-21,Returned
120900,4404,2025-10-27,Completed
120901,8801,2025-08-31,Completed
120902,8801,2025-11-17,Completed
120903,1173,2025-08-31,Completed
120904,1173,2025-10-02,Completed
120905,2506,2025-08-31,Completed
120906,2506,2025-09-29,Completed
120907,2506,2025-12-03,Completed
120908,5453,2025-09-01,Completed
120909,5453,2025-12-09,Completed
120910,139,2025-09-01,Completed
120911,139,2025-10-28,Completed
120912,105,2025-09-01,Completed
120913,5651,2025-09-01,Completed
120914,5651,2025-10-20,Completed
120915,5651,2025-11-23,Completed
120916,8936,2025-09-01,Completed
120917,8936,2025-10-12,Completed
120918,8936,2025-11-14,Completed
120919,4553,2025-09-01,Completed
120920,4553,2025-11-01,Completed
120921,2441,2025-09-01,Completed
120922,11676,2025-09-01,Completed
120923,11676,2025-09-28,Completed
120924,11676,2025-10-27,Completed
120925,7140,2025-09-01,Completed
120926,7140,2025-10-02,Completed
120927,7140,2025-11-26,Completed
120928,7140,2025-12-23,Cancelled
120929,6158,2025-09-01,Completed
120930,6158,2025-09-23,Completed
120931,7590,2025-09-01,Completed
120932,22,2025-09-01,Completed
120933,22,2025-09-26,Completed
120934,2820,2025-09-01,Returned
120935,8946,2025-09-01,Completed
120936,7976,2025-09-01,Completed
120937,3029,2025-09-01,Completed
120938,3029,2025-11-16,Completed
120939,3029,2025-12-23,Completed
120940,3996,2025-09-01,Completed
120941,3996,2025-09-03,Completed
120942,3996,2025-09-04,Returned
120943,3996,2025-09-06,Completed
120944,3996,2025-09-09,Completed
120945,3996,2025-09-11,Completed
120946,3996,2025-09-17,Completed
120947,3996,2025-09-17,Completed
120948,3996,2025-09-18,Completed
120949,3996,2025-09-20,Completed
120950,3996,2025-09-20,Completed
120951,3996,2025-09-28,Completed
120952,3996,2025-09-30,Completed
120953,3996,2025-10-04,Completed
120954,3996,2025-10-12,Completed
120955,3996,2025-10-14,Completed
120956,3996,2025-10-15,Returned
120957,3996,2025-10-15,Completed
120958,3996,2025-10-15,Completed
120959,3996,2025-10-15,Completed
120960,3996,2025-10-22,Returned
120961,3996,2025-10-27,Completed
120962,3996,2025-10-28,Completed
120963,3996,2025-10-28,Completed
120964,3996,2025-10-30,Completed
120965,3996,2025-11-05,Completed
120966,3996,2025-11-13,Returned
120967,3996,2025-11-13,Completed
120968,3996,2025-11-16,Completed
120969,3996,2025-11-16,Completed
120970,3996,2025-11-16,Completed
120971,3996,2025-11-20,Completed
120972,3996,2025-11-20,Completed
120973,3996,2025-11-21,Completed
120974,3996,2025-11-29,Completed
120975,3996,2025-11-29,Returned
120976,3996,2025-12-02,Completed
120977,3996,2025-12-02,Completed
120978,3996,2025-12-05,Completed
120979,3996,2025-12-06,Completed
120980,3996,2025-12-17,Completed
120981,3996,2025-12-22,Completed
120982,3996,2025-12-29,Completed
120983,3996,2025-12-29,Completed
120984,3996,2025-12-31,Completed
120985,11952,2025-09-01,Completed
120986,11952,2025-11-01,Completed
120987,11952,2025-12-29,Completed
120988,4519,2025-09-01,Completed
120989,4519,2025-10-11,Returned
120990,4519,2025-11-04,Completed
120991,9213,2025-09-01,Completed
120992,11310,2025-09-01,Completed
120993,5944,2025-09-01,Completed
120994,8582,2025-09-01,Completed
120995,8582,2025-10-11,Completed
120996,8582,2025-11-27,Completed
120997,4468,2025-09-02,Returned
120998,4468,2025-09-21,Completed
120999,8767,2025-09-02,Completed
121000,6915,2025-09-02,Completed
121001,6915,2025-09-26,Completed
121002,2533,2025-09-02,Returned
121003,7139,2025-09-02,Completed
121004,7139,2025-10-17,Completed
121005,112,2025-09-02,Completed
121006,112,2025-09-25,Completed
121007,112,2025-10-29,Completed
121008,112,2025-11-29,Completed
121009,112,2025-12-28,Completed
121010,3623,2025-09-02,Cancelled
121011,3623,2025-10-13,Completed
121012,6556,2025-09-02,Completed
121013,11653,2025-09-02,Completed
121014,11653,2025-10-02,Completed
121015,11653,2025-12-02,Completed
121016,6898,2025-09-02,Completed
121017,6898,2025-11-12,Completed
121018,10559,2025-09-02,Completed
121019,10559,2025-09-26,Returned
121020,721,2025-09-02,Completed
121021,9185,2025-09-02,Completed
121022,4286,2025-09-02,Completed
121023,1520,2025-09-02,Completed
121024,1520,2025-10-09,Completed
121025,11363,2025-09-02,Completed
121026,9399,2025-09-02,Completed
121027,9132,2025-09-02,Completed
121028,10826,2025-09-02,Completed
121029,6829,2025-09-03,Completed
121030,6829,2025-10-10,Completed
121031,6829,2025-10-29,Returned
121032,2892,2025-09-03,Completed
121033,10254,2025-09-03,Completed
121034,10254,2025-11-15,Completed
121035,3085,2025-09-03,Completed
121036,3085,2025-10-07,Completed
121037,3085,2025-11-16,Completed
121038,4695,2025-09-03,Completed
121039,4695,2025-10-09,Returned
121040,4695,2025-11-17,Completed
121041,929,2025-09-03,Returned
121042,3637,2025-09-03,Completed
121043,3637,2025-09-29,Completed
121044,5941,2025-09-03,Completed
121045,5573,2025-09-03,Returned
121046,2932,2025-09-03,Completed
121047,2932,2025-09-30,Cancelled
121048,2932,2025-11-22,Completed
121049,134,2025-09-03,Completed
121050,7962,2025-09-03,Completed
121051,7962,2025-10-10,Completed
121052,7962,2025-11-04,Completed
121053,6900,2025-09-03,Completed
121054,5684,2025-09-03,Completed
121055,1096,2025-09-03,Completed
121056,1096,2025-10-14,Completed
121057,8109,2025-09-04,Completed
121058,5464,2025-09-04,Completed
121059,1879,2025-09-04,Completed
121060,5888,2025-09-04,Returned
121061,5888,2025-11-21,Completed
121062,4002,2025-09-04,Completed
121063,9894,2025-09-04,Completed
121064,1797,2025-09-04,Completed
121065,2869,2025-09-04,Completed
121066,1779,2025-09-04,Completed
121067,8909,2025-09-04,Completed
121068,8909,2025-12-19,Completed
121069,8554,2025-09-04,Completed
121070,8554,2025-09-26,Completed
121071,8554,2025-10-24,Completed
121072,4540,2025-09-04,Completed
121073,4540,2025-11-26,Completed
121074,4961,2025-09-04,Completed
121075,4961,2025-09-26,Completed
121076,179,2025-09-04,Completed
121077,179,2025-10-17,Completed
121078,179,2025-12-20,Completed
121079,7180,2025-09-04,Cancelled
121080,7180,2025-12-07,Completed
121081,7180,2025-12-27,Completed
121082,7003,2025-09-05,Completed
121083,867,2025-09-05,Completed
121084,867,2025-10-02,Completed
121085,867,2025-11-19,Completed
121086,5690,2025-09-05,Completed
121087,5690,2025-12-16,Completed
121088,8351,2025-09-05,Completed
121089,8351,2025-11-16,Completed
121090,4362,2025-09-05,Completed
121091,4923,2025-09-05,Completed
121092,4923,2025-12-01,Completed
121093,1806,2025-09-05,Completed
121094,1806,2025-11-15,Completed
121095,1806,2025-12-07,Completed
121096,8790,2025-09-05,Completed
121097,8790,2025-11-03,Completed
121098,10583,2025-09-05,Completed
121099,10583,2025-10-11,Cancelled
121100,3727,2025-09-05,Completed
121101,5912,2025-09-05,Completed
121102,5912,2025-12-08,Completed
121103,5912,2025-12-29,Completed
121104,2188,2025-09-05,Completed
121105,6892,2025-09-05,Completed
121106,6892,2025-09-26,Completed
121107,6892,2025-12-31,Completed
121108,6629,2025-09-05,Returned
121109,6911,2025-09-05,Completed
121110,6911,2025-11-16,Completed
121111,11299,2025-09-05,Completed
121112,11299,2025-11-01,Completed
121113,11290,2025-09-05,Returned
121114,11290,2025-10-05,Returned
121115,11290,2025-12-30,Completed
121116,8797,2025-09-05,Completed
121117,1595,2025-09-05,Completed
121118,1595,2025-10-14,Completed
121119,1595,2025-11-29,Completed
121120,8005,2025-09-05,Completed
121121,4521,2025-09-05,Completed
121122,4425,2025-09-05,Completed
121123,10298,2025-09-05,Completed
121124,10298,2025-10-12,Returned
121125,10298,2025-11-07,Returned
121126,4092,2025-09-05,Completed
121127,8542,2025-09-06,Completed
121128,6734,2025-09-06,Completed
121129,6734,2025-10-12,Completed
121130,6734,2025-12-28,Completed
121131,10753,2025-09-06,Completed
121132,1542,2025-09-06,Completed
121133,7820,2025-09-06,Completed
121134,7820,2025-10-25,Completed
121135,7820,2025-12-30,Returned
121136,7309,2025-09-06,Completed
121137,3357,2025-09-06,Completed
121138,3357,2025-12-31,Completed
121139,11318,2025-09-06,Completed
121140,4228,2025-09-06,Completed
121141,9369,2025-09-06,Completed
121142,9888,2025-09-06,Completed
121143,9888,2025-11-04,Returned
121144,8355,2025-09-06,Completed
121145,7224,2025-09-06,Completed
121146,1988,2025-09-06,Returned
121147,1235,2025-09-06,Completed
121148,1235,2025-10-20,Completed
121149,1235,2025-12-21,Returned
121150,8369,2025-09-06,Completed
121151,8369,2025-10-02,Completed
121152,8369,2025-10-13,Completed
121153,10040,2025-09-06,Completed
121154,5277,2025-09-07,Completed
121155,5277,2025-10-13,Completed
121156,5355,2025-09-07,Completed
121157,5355,2025-10-19,Returned
121158,6380,2025-09-07,Completed
121159,3076,2025-09-07,Completed
121160,3076,2025-10-03,Completed
121161,4239,2025-09-07,Completed
121162,4239,2025-09-29,Completed
121163,5098,2025-09-07,Completed
121164,7929,2025-09-07,Completed
121165,5160,2025-09-07,Completed
121166,5160,2025-11-22,Completed
121167,10537,2025-09-07,Completed
121168,10537,2025-10-24,Completed
121169,6942,2025-09-07,Completed
121170,6942,2025-12-29,Completed
121171,6292,2025-09-07,Cancelled
121172,6292,2025-10-07,Completed
121173,8456,2025-09-07,Returned
121174,8294,2025-09-07,Completed
121175,8294,2025-12-08,Completed
121176,11483,2025-09-07,Completed
121177,11444,2025-09-07,Completed
121178,10684,2025-09-07,Completed
121179,11938,2025-09-08,Completed
121180,11938,2025-10-02,Completed
121181,5486,2025-09-08,Completed
121182,5486,2025-10-06,Completed
121183,5486,2025-11-08,Completed
121184,11167,2025-09-08,Completed
121185,11167,2025-11-18,Completed
121186,11167,2025-12-03,Completed
121187,1699,2025-09-08,Returned
121188,1699,2025-10-14,Returned
121189,1699,2025-11-18,Completed
121190,10228,2025-09-08,Completed
121191,10228,2025-10-11,Completed
121192,10228,2025-10-27,Completed
121193,10228,2025-11-26,Completed
121194,10228,2025-12-19,Completed
121195,6240,2025-09-08,Returned
121196,6240,2025-10-20,Cancelled
121197,704,2025-09-08,Completed
121198,6659,2025-09-08,Completed
121199,9434,2025-09-08,Completed
121200,4529,2025-09-08,Completed
121201,9274,2025-09-08,Completed
121202,9274,2025-10-02,Completed
121203,9274,2025-11-03,Completed
121204,11492,2025-09-08,Completed
121205,9487,2025-09-08,Returned
121206,9487,2025-11-12,Completed
121207,10564,2025-09-08,Completed
121208,1435,2025-09-08,Completed
121209,2403,2025-09-08,Completed
121210,2403,2025-10-30,Completed
121211,2403,2025-12-05,Completed
121212,9390,2025-09-08,Completed
121213,9390,2025-10-09,Completed
121214,6454,2025-09-09,Completed
121215,6454,2025-10-30,Cancelled
121216,10729,2025-09-09,Completed
121217,1946,2025-09-09,Completed
121218,2642,2025-09-09,Completed
121219,2642,2025-12-01,Completed
121220,8966,2025-09-09,Completed
121221,8966,2025-09-30,Completed
121222,9173,2025-09-09,Completed
121223,7336,2025-09-09,Completed
121224,667,2025-09-09,Completed
121225,8852,2025-09-09,Completed
121226,8198,2025-09-09,Completed
121227,2032,2025-09-09,Completed
121228,2032,2025-11-19,Completed
121229,7755,2025-09-09,Completed
121230,7755,2025-11-19,Completed
121231,7755,2025-12-31,Completed
121232,1074,2025-09-09,Completed
121233,11354,2025-09-09,Completed
121234,11354,2025-10-22,Completed
121235,1891,2025-09-09,Completed
121236,1891,2025-11-02,Completed
121237,1891,2025-12-05,Completed
121238,11032,2025-09-09,Completed
121239,9199,2025-09-09,Completed
121240,8644,2025-09-09,Completed
121241,8788,2025-09-09,Completed
121242,8788,2025-10-16,Completed
121243,8788,2025-12-25,Completed
121244,7258,2025-09-10,Completed
121245,7258,2025-11-02,Completed
121246,8068,2025-09-10,Completed
121247,4440,2025-09-10,Completed
121248,11708,2025-09-10,Completed
121249,1448,2025-09-10,Completed
121250,1263,2025-09-10,Completed
121251,1263,2025-11-01,Completed
121252,1263,2025-11-29,Completed
121253,1263,2025-12-24,Completed
121254,6305,2025-09-10,Completed
121255,6108,2025-09-10,Completed
121256,6108,2025-12-22,Completed
121257,7413,2025-09-10,Completed
121258,9843,2025-09-10,Completed
121259,9843,2025-12-20,Completed
121260,9974,2025-09-10,Completed
121261,9714,2025-09-10,Completed
121262,2453,2025-09-10,Completed
121263,4185,2025-09-10,Completed
121264,4185,2025-12-16,Completed
121265,11059,2025-09-10,Completed
121266,11059,2025-10-08,Completed
121267,11059,2025-11-06,Completed
121268,1281,2025-09-10,Completed
121269,11488,2025-09-10,Completed
121270,11488,2025-11-23,Returned
121271,6422,2025-09-10,Completed
121272,9684,2025-09-10,Completed
121273,9684,2025-10-10,Completed
121274,5769,2025-09-10,Completed
121275,5769,2025-10-11,Completed
121276,5769,2025-11-24,Completed
121277,5769,2025-12-25,Completed
121278,2232,2025-09-10,Completed
121279,2232,2025-09-30,Returned
121280,7473,2025-09-10,Cancelled
121281,10755,2025-09-10,Completed
121282,3954,2025-09-10,Completed
121283,3954,2025-12-01,Completed
121284,1313,2025-09-10,Completed
121285,2073,2025-09-10,Completed
121286,2073,2025-10-04,Completed
121287,347,2025-09-10,Completed
121288,10299,2025-09-11,Completed
121289,10299,2025-10-14,Returned
121290,10299,2025-11-15,Completed
121291,11121,2025-09-11,Completed
121292,11121,2025-10-01,Completed
121293,11121,2025-12-06,Completed
121294,405,2025-09-11,Completed
121295,405,2025-10-03,Completed
121296,10968,2025-09-11,Completed
121297,7367,2025-09-11,Completed
121298,9120,2025-09-11,Completed
121299,9120,2025-11-07,Completed
121300,9120,2025-12-10,Completed
121301,6308,2025-09-11,Completed
121302,3250,2025-09-11,Completed
121303,6270,2025-09-11,Cancelled
121304,7158,2025-09-11,Completed
121305,7158,2025-11-05,Completed
121306,6551,2025-09-11,Completed
121307,6551,2025-10-05,Completed
121308,6551,2025-11-15,Completed
121309,6551,2025-12-22,Completed
121310,8949,2025-09-11,Completed
121311,8949,2025-10-29,Completed
121312,1323,2025-09-11,Completed
121313,5904,2025-09-11,Completed
121314,5904,2025-12-13,Completed
121315,1612,2025-09-11,Completed
121316,1612,2025-10-07,Completed
121317,1612,2025-11-13,Completed
121318,8459,2025-09-12,Completed
121319,4583,2025-09-12,Returned
121320,4583,2025-09-30,Completed
121321,4583,2025-10-27,Completed
121322,11491,2025-09-12,Completed
121323,7519,2025-09-12,Completed
121324,9590,2025-09-12,Completed
121325,9590,2025-10-14,Completed
121326,10302,2025-09-12,Completed
121327,10302,2025-10-16,Completed
121328,10302,2025-10-31,Completed
121329,10302,2025-12-09,Returned
121330,11669,2025-09-12,Completed
121331,11669,2025-11-16,Returned
121332,11669,2025-12-05,Returned
121333,10112,2025-09-12,Returned
121334,10112,2025-10-06,Completed
121335,9915,2025-09-12,Completed
121336,11840,2025-09-12,Completed
121337,11840,2025-11-13,Completed
121338,11840,2025-12-15,Completed
121339,9499,2025-09-12,Completed
121340,7988,2025-09-12,Completed
121341,2639,2025-09-12,Completed
121342,2639,2025-10-11,Returned
121343,2639,2025-11-28,Returned
121344,10322,2025-09-12,Completed
121345,3992,2025-09-12,Completed
121346,7910,2025-09-12,Completed
121347,9616,2025-09-12,Completed
121348,9616,2025-11-24,Completed
121349,9616,2025-12-18,Cancelled
121350,10820,2025-09-12,Completed
121351,3145,2025-09-13,Cancelled
121352,9571,2025-09-13,Completed
121353,9571,2025-11-09,Completed
121354,10510,2025-09-13,Completed
121355,6756,2025-09-13,Completed
121356,6756,2025-11-12,Completed
121357,6641,2025-09-13,Completed
121358,6641,2025-11-29,Completed
121359,8086,2025-09-13,Completed
121360,2041,2025-09-13,Completed
121361,2041,2025-12-02,Completed
121362,2041,2025-12-24,Completed
121363,10418,2025-09-13,Completed
121364,772,2025-09-13,Completed
121365,772,2025-11-26,Completed
121366,11039,2025-09-13,Completed
121367,6949,2025-09-13,Completed
121368,11776,2025-09-13,Returned
121369,8705,2025-09-13,Completed
121370,1475,2025-09-13,Completed
121371,1475,2025-10-11,Completed
121372,1475,2025-10-31,Cancelled
121373,3435,2025-09-13,Completed
121374,3435,2025-10-16,Completed
121375,10744,2025-09-13,Completed
121376,68,2025-09-13,Completed
121377,68,2025-09-29,Returned
121378,1651,2025-09-13,Completed
121379,1651,2025-10-15,Returned
121380,1651,2025-11-18,Completed
121381,3959,2025-09-13,Completed
121382,4740,2025-09-13,Returned
121383,4740,2025-10-11,Returned
121384,4740,2025-12-06,Completed
121385,11202,2025-09-13,Returned
121386,11202,2025-10-10,Completed
121387,10658,2025-09-13,Completed
121388,10658,2025-10-15,Completed
121389,10658,2025-11-18,Completed
121390,4233,2025-09-13,Completed
121391,11706,2025-09-13,Completed
121392,11706,2025-12-31,Completed
121393,5052,2025-09-13,Completed
121394,5641,2025-09-14,Completed
121395,1583,2025-09-14,Completed
121396,1583,2025-11-18,Returned
121397,7570,2025-09-14,Completed
121398,7219,2025-09-14,Completed
121399,726,2025-09-14,Completed
121400,3232,2025-09-14,Completed
121401,5578,2025-09-14,Completed
121402,216,2025-09-14,Completed
121403,513,2025-09-14,Completed
121404,2992,2025-09-14,Completed
121405,2014,2025-09-15,Completed
121406,2014,2025-12-31,Completed
121407,4718,2025-09-15,Completed
121408,11774,2025-09-15,Returned
121409,5473,2025-09-15,Completed
121410,11725,2025-09-15,Completed
121411,2332,2025-09-15,Completed
121412,3165,2025-09-15,Completed
121413,11917,2025-09-15,Completed
121414,10142,2025-09-15,Returned
121415,10142,2025-11-16,Completed
121416,1839,2025-09-15,Completed
121417,1839,2025-11-24,Completed
121418,1839,2025-12-31,Completed
121419,5191,2025-09-15,Completed
121420,5191,2025-10-11,Completed
121421,7989,2025-09-15,Completed
121422,7564,2025-09-15,Completed
121423,9990,2025-09-15,Completed
121424,9990,2025-11-09,Completed
121425,8292,2025-09-15,Completed
121426,2492,2025-09-15,Completed
121427,2492,2025-10-17,Cancelled
121428,2492,2025-12-10,Cancelled
121429,11990,2025-09-15,Completed
121430,11990,2025-11-23,Completed
121431,11916,2025-09-16,Returned
121432,11916,2025-11-14,Returned
121433,11916,2025-12-12,Returned
121434,10070,2025-09-16,Completed
121435,11377,2025-09-16,Completed
121436,11377,2025-10-21,Completed
121437,11377,2025-11-14,Completed
121438,11377,2025-12-06,Completed
121439,5063,2025-09-16,Completed
121440,5063,2025-10-27,Completed
121441,3730,2025-09-16,Completed
121442,3730,2025-11-18,Completed
121443,3995,2025-09-16,Returned
121444,3995,2025-10-11,Completed
121445,3995,2025-11-23,Completed
121446,1640,2025-09-16,Completed
121447,5147,2025-09-16,Completed
121448,5147,2025-12-22,Completed
121449,4698,2025-09-16,Completed
121450,3513,2025-09-16,Completed
121451,10991,2025-09-16,Completed
121452,10991,2025-11-24,Completed
121453,966,2025-09-16,Returned
121454,966,2025-10-16,Completed
121455,966,2025-11-20,Completed
121456,11889,2025-09-16,Completed
121457,4741,2025-09-16,Completed
121458,4741,2025-10-16,Completed
121459,4741,2025-11-07,Completed
121460,4741,2025-12-11,Completed
121461,1970,2025-09-17,Completed
121462,9259,2025-09-17,Completed
121463,9259,2025-11-01,Completed
121464,9259,2025-12-13,Completed
121465,10149,2025-09-17,Completed
121466,10149,2025-12-18,Completed
121467,4381,2025-09-17,Completed
121468,4381,2025-11-13,Completed
121469,4381,2025-12-18,Completed
121470,908,2025-09-17,Completed
121471,11775,2025-09-17,Completed
121472,9205,2025-09-17,Completed
121473,9205,2025-10-06,Completed
121474,9205,2025-11-12,Completed
121475,9205,2025-12-01,Completed
121476,8142,2025-09-17,Completed
121477,8142,2025-11-14,Completed
121478,11334,2025-09-17,Returned
121479,11334,2025-11-25,Completed
121480,7960,2025-09-17,Completed
121481,8867,2025-09-17,Completed
121482,8867,2025-11-30,Cancelled
121483,11987,2025-09-17,Returned
121484,11987,2025-11-17,Completed
121485,11987,2025-12-20,Completed
121486,7815,2025-09-17,Completed
121487,2948,2025-09-17,Completed
121488,5061,2025-09-17,Completed
121489,5061,2025-10-17,Completed
121490,8314,2025-09-18,Completed
121491,8314,2025-11-15,Cancelled
121492,8314,2025-12-11,Completed
121493,11365,2025-09-18,Completed
121494,11365,2025-11-19,Completed
121495,2980,2025-09-18,Completed
121496,2980,2025-11-02,Cancelled
121497,6776,2025-09-18,Completed
121498,166,2025-09-18,Completed
121499,166,2025-11-08,Returned
121500,3805,2025-09-18,Completed
121501,7332,2025-09-18,Completed
121502,7332,2025-10-21,Completed
121503,7332,2025-11-14,Completed
121504,7332,2025-12-27,Completed
121505,9076,2025-09-18,Completed
121506,9076,2025-10-14,Completed
121507,3193,2025-09-18,Completed
121508,7717,2025-09-18,Completed
121509,11404,2025-09-18,Completed
121510,5043,2025-09-18,Completed
121511,5043,2025-11-25,Completed
121512,5043,2025-12-12,Completed
121513,9138,2025-09-18,Completed
121514,9138,2025-10-11,Completed
121515,9138,2025-11-12,Cancelled
121516,9138,2025-12-20,Completed
121517,9904,2025-09-18,Completed
121518,7327,2025-09-19,Returned
121519,7327,2025-11-16,Completed
121520,7078,2025-09-19,Completed
121521,7078,2025-10-07,Completed
121522,7078,2025-11-05,Completed
121523,7078,2025-12-09,Completed
121524,10277,2025-09-19,Completed
121525,9749,2025-09-19,Completed
121526,2793,2025-09-19,Completed
121527,2793,2025-10-23,Cancelled
121528,11490,2025-09-19,Completed
121529,11490,2025-10-17,Completed
121530,11490,2025-12-28,Completed
121531,9112,2025-09-19,Completed
121532,6088,2025-09-19,Completed
121533,6088,2025-11-19,Completed
121534,6732,2025-09-19,Completed
121535,5682,2025-09-19,Completed
121536,5682,2025-10-12,Completed
121537,5682,2025-11-10,Completed
121538,4779,2025-09-19,Cancelled
121539,10845,2025-09-19,Returned
121540,10845,2025-11-10,Completed
121541,4844,2025-09-19,Completed
121542,4844,2025-10-26,Completed
121543,6347,2025-09-19,Completed
121544,6651,2025-09-19,Completed
121545,6651,2025-11-11,Completed
121546,5404,2025-09-19,Completed
121547,5404,2025-10-30,Cancelled
121548,5404,2025-12-28,Returned
121549,5643,2025-09-19,Completed
121550,5643,2025-10-12,Completed
121551,6941,2025-09-19,Completed
121552,7792,2025-09-20,Completed
121553,898,2025-09-20,Returned
121554,898,2025-10-18,Completed
121555,1128,2025-09-20,Completed
121556,1128,2025-10-09,Completed
121557,7115,2025-09-20,Completed
121558,6257,2025-09-20,Returned
121559,6257,2025-10-17,Completed
121560,6257,2025-11-05,Completed
121561,3925,2025-09-20,Completed
121562,1217,2025-09-20,Completed
121563,1217,2025-10-26,Completed
121564,2956,2025-09-20,Completed
121565,10562,2025-09-20,Completed
121566,10562,2025-10-31,Completed
121567,10562,2025-11-22,Completed
121568,10274,2025-09-20,Completed
121569,10274,2025-11-18,Completed
121570,496,2025-09-20,Completed
121571,496,2025-12-31,Returned
121572,7557,2025-09-20,Completed
121573,8992,2025-09-20,Cancelled
121574,10264,2025-09-20,Completed
121575,5717,2025-09-21,Returned
121576,7172,2025-09-21,Completed
121577,7172,2025-12-16,Completed
121578,991,2025-09-21,Completed
121579,991,2025-10-15,Completed
121580,991,2025-12-05,Completed
121581,9788,2025-09-21,Completed
121582,2673,2025-09-21,Completed
121583,2673,2025-10-17,Cancelled
121584,2049,2025-09-21,Completed
121585,1080,2025-09-21,Returned
121586,1080,2025-12-01,Completed
121587,1036,2025-09-21,Completed
121588,1370,2025-09-21,Completed
121589,4210,2025-09-21,Returned
121590,9965,2025-09-21,Completed
121591,7861,2025-09-21,Completed
121592,7861,2025-10-22,Returned
121593,1614,2025-09-21,Cancelled
121594,9782,2025-09-21,Completed
121595,11078,2025-09-22,Completed
121596,4819,2025-09-22,Completed
121597,4819,2025-10-14,Completed
121598,4819,2025-12-10,Completed
121599,2727,2025-09-22,Completed
121600,2727,2025-11-20,Completed
121601,5297,2025-09-22,Completed
121602,7199,2025-09-22,Completed
121603,7199,2025-11-18,Completed
121604,9251,2025-09-22,Completed
121605,5521,2025-09-22,Returned
121606,1577,2025-09-22,Completed
121607,1165,2025-09-22,Completed
121608,6056,2025-09-22,Completed
121609,7077,2025-09-22,Completed
121610,3717,2025-09-22,Completed
121611,3717,2025-12-03,Completed
121612,7520,2025-09-22,Completed
121613,10986,2025-09-23,Completed
121614,10986,2025-10-17,Returned
121615,7420,2025-09-23,Completed
121616,11845,2025-09-23,Completed
121617,1764,2025-09-23,Completed
121618,1764,2025-11-30,Completed
121619,10114,2025-09-23,Completed
121620,10114,2025-10-22,Completed
121621,10124,2025-09-23,Completed
121622,11539,2025-09-23,Completed
121623,219,2025-09-23,Completed
121624,2979,2025-09-23,Completed
121625,4637,2025-09-23,Completed
121626,4637,2025-11-22,Completed
121627,4637,2025-12-25,Completed
121628,1003,2025-09-23,Completed
121629,1003,2025-10-10,Completed
121630,1003,2025-11-09,Completed
121631,8322,2025-09-23,Completed
121632,8322,2025-10-25,Completed
121633,1557,2025-09-23,Completed
121634,1557,2025-10-20,Completed
121635,1557,2025-11-07,Completed
121636,1557,2025-12-07,Completed
121637,9114,2025-09-23,Returned
121638,11081,2025-09-23,Completed
121639,11081,2025-12-25,Returned
121640,2808,2025-09-23,Completed
121641,11287,2025-09-23,Cancelled
121642,11287,2025-12-10,Completed
121643,10,2025-09-24,Completed
121644,8249,2025-09-24,Completed
121645,11787,2025-09-24,Completed
121646,4946,2025-09-24,Completed
121647,4946,2025-10-14,Completed
121648,6428,2025-09-24,Completed
121649,6365,2025-09-24,Completed
121650,6365,2025-10-31,Completed
121651,6365,2025-12-29,Completed
121652,2465,2025-09-24,Completed
121653,9762,2025-09-24,Completed
121654,9762,2025-12-17,Completed
121655,610,2025-09-24,Completed
121656,610,2025-10-27,Completed
121657,9562,2025-09-24,Completed
121658,786,2025-09-24,Completed
121659,786,2025-10-18,Completed
121660,1112,2025-09-25,Completed
121661,8449,2025-09-25,Completed
121662,8449,2025-10-31,Completed
121663,8449,2025-12-12,Completed
121664,11665,2025-09-25,Completed
121665,11665,2025-12-22,Completed
121666,8538,2025-09-25,Completed
121667,8538,2025-10-23,Cancelled
121668,5140,2025-09-25,Completed
121669,5140,2025-12-29,Completed
121670,578,2025-09-25,Completed
121671,578,2025-11-29,Completed
121672,9677,2025-09-25,Completed
121673,5800,2025-09-25,Completed
121674,8659,2025-09-25,Completed
121675,8659,2025-11-03,Returned
121676,11838,2025-09-25,Completed
121677,8498,2025-09-25,Completed
121678,8498,2025-12-04,Completed
121679,3225,2025-09-25,Completed
121680,3225,2025-11-02,Completed
121681,3225,2025-12-03,Completed
121682,11463,2025-09-25,Completed
121683,11463,2025-11-21,Completed
121684,10588,2025-09-25,Completed
121685,10588,2025-10-22,Cancelled
121686,11156,2025-09-25,Completed
121687,4891,2025-09-25,Completed
121688,4891,2025-11-01,Completed
121689,4891,2025-12-17,Completed
121690,9324,2025-09-25,Completed
121691,9324,2025-10-24,Completed
121692,9324,2025-11-27,Completed
121693,9324,2025-12-26,Completed
121694,4032,2025-09-25,Completed
121695,2799,2025-09-25,Returned
121696,2799,2025-10-31,Completed
121697,426,2025-09-25,Completed
121698,426,2025-12-04,Completed
121699,4743,2025-09-25,Cancelled
121700,304,2025-09-25,Completed
121701,304,2025-11-28,Completed
121702,8,2025-09-25,Completed
121703,8,2025-10-22,Completed
121704,7107,2025-09-26,Completed
121705,11088,2025-09-26,Returned
121706,11088,2025-10-20,Completed
121707,276,2025-09-26,Completed
121708,9809,2025-09-26,Completed
121709,7625,2025-09-26,Completed
121710,11913,2025-09-26,Completed
121711,11913,2025-10-26,Returned
121712,5030,2025-09-26,Completed
121713,5030,2025-11-19,Completed
121714,5030,2025-12-19,Completed
121715,2425,2025-09-26,Completed
121716,2425,2025-11-05,Completed
121717,2425,2025-12-15,Returned
121718,2123,2025-09-26,Completed
121719,6031,2025-09-26,Completed
121720,6031,2025-11-08,Completed
121721,6031,2025-12-11,Completed
121722,9658,2025-09-26,Completed
121723,2811,2025-09-26,Completed
121724,2811,2025-10-11,Completed
121725,7549,2025-09-26,Completed
121726,7549,2025-10-25,Completed
121727,7549,2025-12-10,Completed
121728,4497,2025-09-26,Completed
121729,10751,2025-09-26,Completed
121730,11280,2025-09-26,Completed
121731,2317,2025-09-26,Completed
121732,2317,2025-10-11,Completed
121733,11790,2025-09-26,Completed
121734,3498,2025-09-26,Completed
121735,9867,2025-09-26,Cancelled
121736,9867,2025-12-06,Completed
121737,649,2025-09-26,Completed
121738,649,2025-11-30,Completed
121739,10026,2025-09-27,Completed
121740,11208,2025-09-27,Completed
121741,11048,2025-09-27,Cancelled
121742,2798,2025-09-27,Completed
121743,2079,2025-09-27,Completed
121744,2079,2025-12-24,Completed
121745,3285,2025-09-27,Completed
121746,3285,2025-11-09,Completed
121747,3285,2025-11-22,Completed
121748,3285,2025-12-26,Completed
121749,9006,2025-09-27,Completed
121750,9006,2025-10-31,Completed
121751,9006,2025-12-27,Completed
121752,10410,2025-09-27,Completed
121753,11264,2025-09-27,Completed
121754,11393,2025-09-27,Completed
121755,11393,2025-11-06,Completed
121756,8108,2025-09-27,Cancelled
121757,8108,2025-10-31,Completed
121758,10119,2025-09-27,Completed
121759,1447,2025-09-27,Completed
121760,1447,2025-12-16,Completed
121761,8935,2025-09-27,Completed
121762,8442,2025-09-27,Cancelled
121763,8442,2025-11-27,Completed
121764,5282,2025-09-27,Completed
121765,5282,2025-11-24,Completed
121766,2050,2025-09-27,Completed
121767,2050,2025-10-29,Completed
121768,7377,2025-09-27,Completed
121769,7377,2025-11-27,Completed
121770,7467,2025-09-27,Cancelled
121771,7467,2025-11-04,Completed
121772,3024,2025-09-28,Completed
121773,3024,2025-11-26,Completed
121774,1151,2025-09-28,Completed
121775,1151,2025-11-01,Completed
121776,1151,2025-11-22,Completed
121777,9085,2025-09-28,Returned
121778,9085,2025-11-01,Completed
121779,9085,2025-12-06,Completed
121780,10489,2025-09-28,Completed
121781,2059,2025-09-28,Completed
121782,2059,2025-11-27,Completed
121783,2901,2025-09-28,Returned
121784,2901,2025-12-12,Completed
121785,1424,2025-09-28,Completed
121786,1424,2025-10-25,Completed
121787,3056,2025-09-28,Completed
121788,50,2025-09-28,Completed
121789,50,2025-10-22,Completed
121790,50,2025-12-15,Completed
121791,7361,2025-09-28,Completed
121792,7361,2025-10-23,Returned
121793,7762,2025-09-28,Completed
121794,7762,2025-10-23,Completed
121795,7762,2025-11-16,Completed
121796,585,2025-09-28,Completed
121797,585,2025-10-29,Completed
121798,1887,2025-09-28,Completed
121799,1887,2025-11-15,Completed
121800,6750,2025-09-28,Completed
121801,11282,2025-09-28,Returned
121802,597,2025-09-28,Completed
121803,6637,2025-09-29,Completed
121804,6637,2025-10-29,Returned
121805,6637,2025-12-10,Completed
121806,3502,2025-09-29,Completed
121807,9911,2025-09-29,Completed
121808,9911,2025-10-17,Completed
121809,9911,2025-11-14,Completed
121810,3885,2025-09-29,Completed
121811,7509,2025-09-29,Completed
121812,345,2025-09-29,Completed
121813,3571,2025-09-29,Completed
121814,3571,2025-10-18,Completed
121815,8620,2025-09-29,Completed
121816,8620,2025-12-07,Completed
121817,909,2025-09-29,Completed
121818,6985,2025-09-29,Returned
121819,4000,2025-09-29,Cancelled
121820,4000,2025-11-02,Completed
121821,6826,2025-09-29,Completed
121822,10357,2025-09-29,Completed
121823,1421,2025-09-29,Completed
121824,4563,2025-09-29,Completed
121825,9268,2025-09-29,Completed
121826,9268,2025-11-01,Completed
121827,9268,2025-11-15,Completed
121828,9268,2025-12-22,Completed
121829,3017,2025-09-29,Completed
121830,3017,2025-12-04,Completed
121831,4240,2025-09-29,Completed
121832,4240,2025-11-26,Completed
121833,4240,2025-12-31,Completed
121834,2184,2025-09-30,Completed
121835,2184,2025-10-21,Completed
121836,2184,2025-11-18,Completed
121837,2184,2025-12-20,Completed
121838,10421,2025-09-30,Returned
121839,10421,2025-11-02,Completed
121840,7424,2025-09-30,Completed
121841,7424,2025-11-04,Completed
121842,6370,2025-09-30,Completed
121843,2206,2025-09-30,Completed
121844,8947,2025-09-30,Completed
121845,8947,2025-11-06,Completed
121846,10667,2025-09-30,Completed
121847,8921,2025-09-30,Completed
121848,8921,2025-12-01,Returned
121849,8921,2025-12-23,Returned
121850,4297,2025-09-30,Completed
121851,8911,2025-09-30,Completed
121852,7844,2025-09-30,Completed
121853,3217,2025-09-30,Cancelled
121854,3772,2025-09-30,Completed
121855,3772,2025-12-06,Completed
121856,8495,2025-09-30,Completed
121857,4895,2025-09-30,Completed
121858,5002,2025-09-30,Completed
121859,6881,2025-09-30,Completed
121860,11741,2025-09-30,Completed
121861,11741,2025-10-25,Completed
121862,11741,2025-11-24,Completed
121863,9603,2025-09-30,Completed
121864,9603,2025-10-31,Returned
121865,10653,2025-09-30,Completed
121866,10653,2025-11-08,Completed
121867,10653,2025-12-24,Completed
121868,2100,2025-10-01,Completed
121869,2100,2025-11-27,Completed
121870,6591,2025-10-01,Completed
121871,6591,2025-11-01,Completed
121872,6137,2025-10-01,Completed
121873,6137,2025-10-25,Completed
121874,6225,2025-10-01,Completed
121875,6225,2025-10-23,Completed
121876,4896,2025-10-01,Completed
121877,11721,2025-10-01,Completed
121878,1223,2025-10-01,Returned
121879,1223,2025-11-07,Completed
121880,1223,2025-11-29,Completed
121881,1223,2025-12-24,Completed
121882,5819,2025-10-01,Completed
121883,7507,2025-10-01,Completed
121884,7843,2025-10-01,Completed
121885,512,2025-10-01,Completed
121886,2872,2025-10-01,Completed
121887,4412,2025-10-01,Cancelled
121888,11420,2025-10-01,Completed
121889,8619,2025-10-01,Completed
121890,8619,2025-10-31,Completed
121891,8619,2025-12-01,Completed
121892,648,2025-10-01,Completed
121893,11010,2025-10-01,Completed
121894,11010,2025-12-16,Cancelled
121895,7547,2025-10-01,Returned
121896,2485,2025-10-01,Returned
121897,11437,2025-10-02,Completed
121898,5993,2025-10-02,Completed
121899,5993,2025-10-27,Completed
121900,11276,2025-10-02,Completed
121901,11276,2025-10-20,Completed
121902,11276,2025-11-26,Completed
121903,3218,2025-10-02,Completed
121904,403,2025-10-02,Completed
121905,403,2025-10-30,Completed
121906,9370,2025-10-02,Completed
121907,9370,2025-11-04,Returned
121908,9370,2025-12-06,Completed
121909,287,2025-10-02,Completed
121910,287,2025-10-24,Completed
121911,287,2025-11-21,Completed
121912,8771,2025-10-02,Completed
121913,9096,2025-10-02,Completed
121914,9933,2025-10-02,Returned
121915,6678,2025-10-02,Completed
121916,6678,2025-11-03,Completed
121917,6678,2025-12-04,Completed
121918,8618,2025-10-02,Completed
121919,11793,2025-10-02,Completed
121920,3280,2025-10-02,Completed
121921,3280,2025-12-25,Completed
121922,11656,2025-10-02,Completed
121923,2569,2025-10-03,Completed
121924,2569,2025-12-09,Completed
121925,9783,2025-10-03,Completed
121926,2394,2025-10-03,Completed
121927,2394,2025-11-24,Completed
121928,2394,2025-12-31,Completed
121929,2536,2025-10-03,Completed
121930,3929,2025-10-03,Returned
121931,3929,2025-10-26,Completed
121932,3601,2025-10-03,Completed
121933,3601,2025-11-10,Completed
121934,9629,2025-10-03,Completed
121935,9629,2025-12-17,Cancelled
121936,761,2025-10-03,Returned
121937,2602,2025-10-03,Completed
121938,5134,2025-10-03,Completed
121939,5928,2025-10-03,Completed
121940,5928,2025-10-25,Returned
121941,227,2025-10-03,Returned
121942,227,2025-10-29,Completed
121943,227,2025-11-20,Completed
121944,4629,2025-10-03,Completed
121945,4629,2025-10-29,Completed
121946,7727,2025-10-03,Completed
121947,7727,2025-10-22,Completed
121948,7727,2025-11-29,Completed
121949,11271,2025-10-04,Returned
121950,11271,2025-11-29,Completed
121951,1503,2025-10-04,Completed
121952,6350,2025-10-04,Completed
121953,6350,2025-10-22,Completed
121954,6350,2025-12-01,Completed
121955,10024,2025-10-04,Completed
121956,10024,2025-11-07,Completed
121957,10024,2025-12-12,Completed
121958,6378,2025-10-04,Completed
121959,11681,2025-10-04,Completed
121960,11579,2025-10-04,Completed
121961,5763,2025-10-04,Completed
121962,11597,2025-10-04,Completed
121963,2279,2025-10-04,Completed
121964,6134,2025-10-04,Completed
121965,6134,2025-11-11,Completed
121966,6134,2025-12-04,Completed
121967,6134,2025-12-18,Completed
121968,7794,2025-10-04,Completed
121969,7794,2025-12-30,Completed
121970,8605,2025-10-04,Completed
121971,8605,2025-11-14,Completed
121972,5494,2025-10-04,Completed
121973,5494,2025-12-11,Cancelled
121974,8736,2025-10-04,Completed
121975,311,2025-10-05,Completed
121976,504,2025-10-05,Completed
121977,2163,2025-10-05,Completed
121978,171,2025-10-05,Completed
121979,171,2025-11-27,Completed
121980,171,2025-12-22,Completed
121981,5926,2025-10-05,Completed
121982,5926,2025-11-02,Completed
121983,322,2025-10-05,Completed
121984,553,2025-10-05,Completed
121985,553,2025-11-09,Completed
121986,553,2025-11-24,Completed
121987,4342,2025-10-05,Returned
121988,6851,2025-10-05,Returned
121989,6851,2025-12-05,Completed
121990,4224,2025-10-05,Returned
121991,9525,2025-10-05,Completed
121992,9525,2025-11-07,Returned
121993,1148,2025-10-05,Cancelled
121994,2508,2025-10-05,Completed
121995,739,2025-10-05,Completed
121996,739,2025-10-26,Returned
121997,7925,2025-10-05,Completed
121998,2186,2025-10-05,Completed
121999,5806,2025-10-05,Completed
122000,5806,2025-12-12,Completed
122001,9159,2025-10-05,Completed
122002,9159,2025-12-23,Completed
122003,6674,2025-10-05,Completed
122004,6674,2025-12-18,Completed
122005,115,2025-10-05,Completed
122006,115,2025-10-26,Completed
122007,115,2025-12-08,Completed
122008,2113,2025-10-05,Completed
122009,2113,2025-11-20,Completed
122010,2113,2025-12-13,Completed
122011,1621,2025-10-05,Completed
122012,1621,2025-12-20,Completed
122013,1004,2025-10-05,Completed
122014,1004,2025-11-23,Completed
122015,1004,2025-12-14,Completed
122016,11190,2025-10-05,Completed
122017,11190,2025-10-30,Completed
122018,11190,2025-12-11,Completed
122019,11468,2025-10-06,Completed
122020,11468,2025-11-15,Completed
122021,11468,2025-12-22,Completed
122022,5110,2025-10-06,Completed
122023,3970,2025-10-06,Completed
122024,3970,2025-11-02,Completed
122025,3970,2025-12-31,Completed
122026,10046,2025-10-06,Completed
122027,7325,2025-10-06,Completed
122028,53,2025-10-06,Completed
122029,53,2025-10-25,Completed
122030,7822,2025-10-06,Completed
122031,8039,2025-10-06,Completed
122032,6885,2025-10-06,Completed
122033,6885,2025-10-25,Cancelled
122034,3379,2025-10-06,Returned
122035,3379,2025-12-09,Completed
122036,3679,2025-10-06,Completed
122037,9674,2025-10-06,Completed
122038,975,2025-10-06,Completed
122039,975,2025-12-03,Completed
122040,8776,2025-10-06,Completed
122041,8776,2025-12-13,Completed
122042,5221,2025-10-06,Completed
122043,9739,2025-10-06,Completed
122044,9739,2025-11-03,Completed
122045,9739,2025-12-24,Completed
122046,8484,2025-10-07,Completed
122047,11415,2025-10-07,Completed
122048,2400,2025-10-07,Completed
122049,6553,2025-10-07,Completed
122050,6553,2025-10-31,Completed
122051,6553,2025-12-03,Completed
122052,5830,2025-10-07,Completed
122053,5830,2025-11-08,Cancelled
122054,9540,2025-10-07,Completed
122055,6721,2025-10-07,Completed
122056,6721,2025-11-06,Returned
122057,6312,2025-10-07,Completed
122058,10992,2025-10-07,Completed
122059,8076,2025-10-07,Completed
122060,4070,2025-10-07,Completed
122061,10681,2025-10-07,Completed
122062,6379,2025-10-07,Completed
122063,6379,2025-11-06,Returned
122064,6379,2025-11-22,Returned
122065,4812,2025-10-07,Completed
122066,6585,2025-10-07,Completed
122067,6585,2025-10-31,Completed
122068,2941,2025-10-07,Completed
122069,2941,2025-11-02,Completed
122070,1465,2025-10-07,Completed
122071,4312,2025-10-07,Completed
122072,4312,2025-11-01,Completed
122073,4312,2025-11-23,Completed
122074,2898,2025-10-07,Completed
122075,1396,2025-10-08,Completed
122076,1396,2025-11-03,Completed
122077,1396,2025-12-09,Completed
122078,971,2025-10-08,Completed
122079,7623,2025-10-08,Completed
122080,3984,2025-10-08,Completed
122081,3984,2025-11-09,Returned
122082,4995,2025-10-08,Completed
122083,4995,2025-10-27,Completed
122084,4995,2025-12-10,Completed
122085,11214,2025-10-08,Completed
122086,1919,2025-10-08,Completed
122087,7599,2025-10-08,Completed
122088,7599,2025-11-02,Completed
122089,7599,2025-11-28,Completed
122090,7599,2025-12-13,Returned
122091,693,2025-10-08,Cancelled
122092,693,2025-10-29,Completed
122093,5138,2025-10-08,Completed
122094,5138,2025-10-31,Completed
122095,1471,2025-10-08,Completed
122096,1471,2025-11-08,Completed
122097,8669,2025-10-08,Completed
122098,8669,2025-12-03,Completed
122099,8669,2025-12-31,Completed
122100,10390,2025-10-08,Completed
122101,10390,2025-11-08,Returned
122102,10051,2025-10-08,Completed
122103,10051,2025-12-27,Returned
122104,2770,2025-10-08,Completed
122105,4754,2025-10-09,Returned
122106,4754,2025-11-10,Completed
122107,1531,2025-10-09,Completed
122108,1531,2025-10-27,Completed
122109,5937,2025-10-09,Completed
122110,4648,2025-10-09,Completed
122111,4648,2025-11-02,Completed
122112,9730,2025-10-09,Completed
122113,7465,2025-10-09,Completed
122114,2821,2025-10-09,Completed
122115,2821,2025-12-16,Completed
122116,6409,2025-10-09,Completed
122117,6409,2025-11-08,Completed
122118,7399,2025-10-09,Completed
122119,7399,2025-11-19,Completed
122120,7399,2025-12-27,Completed
122121,7546,2025-10-09,Completed
122122,4707,2025-10-09,Completed
122123,4707,2025-11-08,Completed
122124,1009,2025-10-09,Completed
122125,6003,2025-10-09,Completed
122126,10314,2025-10-09,Completed
122127,8453,2025-10-09,Returned
122128,8453,2025-11-03,Returned
122129,8208,2025-10-09,Completed
122130,2810,2025-10-09,Returned
122131,2810,2025-11-26,Completed
122132,2810,2025-12-29,Completed
122133,11964,2025-10-09,Completed
122134,11964,2025-10-31,Completed
122135,11964,2025-11-29,Completed
122136,10649,2025-10-10,Completed
122137,4920,2025-10-10,Completed
122138,4920,2025-11-22,Completed
122139,4920,2025-12-16,Completed
122140,8483,2025-10-10,Completed
122141,8483,2025-12-10,Completed
122142,5742,2025-10-10,Completed
122143,5742,2025-11-06,Completed
122144,6841,2025-10-10,Completed
122145,7301,2025-10-10,Completed
122146,10478,2025-10-10,Cancelled
122147,1525,2025-10-10,Completed
122148,1525,2025-12-31,Completed
122149,3471,2025-10-10,Returned
122150,1690,2025-10-10,Completed
122151,1690,2025-11-17,Returned
122152,2542,2025-10-10,Completed
122153,2542,2025-11-06,Completed
122154,2542,2025-12-17,Completed
122155,11388,2025-10-10,Completed
122156,4424,2025-10-10,Completed
122157,7016,2025-10-10,Completed
122158,7016,2025-12-13,Completed
122159,8226,2025-10-10,Completed
122160,9648,2025-10-10,Returned
122161,2518,2025-10-10,Completed
122162,2518,2025-12-09,Completed
122163,6394,2025-10-10,Returned
122164,6394,2025-12-22,Completed
122165,1158,2025-10-10,Completed
122166,1158,2025-12-08,Completed
122167,3985,2025-10-10,Completed
122168,3985,2025-11-04,Completed
122169,3985,2025-12-09,Completed
122170,10182,2025-10-11,Completed
122171,1935,2025-10-11,Completed
122172,1935,2025-11-26,Completed
122173,10939,2025-10-11,Completed
122174,10939,2025-12-25,Completed
122175,2775,2025-10-11,Completed
122176,2775,2025-11-30,Completed
122177,65,2025-10-11,Completed
122178,4687,2025-10-11,Completed
122179,4687,2025-12-12,Completed
122180,4622,2025-10-11,Completed
122181,3440,2025-10-11,Returned
122182,3440,2025-11-16,Completed
122183,3440,2025-12-23,Returned
122184,3431,2025-10-11,Cancelled
122185,4971,2025-10-11,Cancelled
122186,4182,2025-10-11,Completed
122187,1516,2025-10-12,Completed
122188,1516,2025-11-17,Completed
122189,1516,2025-12-15,Completed
122190,10984,2025-10-12,Completed
122191,10984,2025-11-06,Completed
122192,5311,2025-10-12,Completed
122193,4304,2025-10-12,Returned
122194,4304,2025-12-08,Completed
122195,2522,2025-10-12,Completed
122196,2911,2025-10-12,Completed
122197,1354,2025-10-12,Cancelled
122198,9987,2025-10-12,Completed
122199,103,2025-10-12,Completed
122200,6557,2025-10-12,Completed
122201,3243,2025-10-12,Completed
122202,2346,2025-10-12,Completed
122203,2346,2025-11-06,Completed
122204,102,2025-10-12,Returned
122205,10949,2025-10-12,Cancelled
122206,10949,2025-12-16,Completed
122207,10601,2025-10-12,Completed
122208,10601,2025-11-19,Completed
122209,2692,2025-10-12,Completed
122210,2692,2025-11-29,Completed
122211,5014,2025-10-12,Completed
122212,3834,2025-10-12,Completed
122213,1468,2025-10-12,Completed
122214,1468,2025-12-28,Completed
122215,8595,2025-10-13,Completed
122216,8595,2025-12-06,Completed
122217,7259,2025-10-13,Completed
122218,7259,2025-11-19,Completed
122219,6046,2025-10-13,Completed
122220,6046,2025-11-15,Returned
122221,6046,2025-12-18,Completed
122222,3161,2025-10-13,Completed
122223,3161,2025-12-12,Completed
122224,6295,2025-10-13,Completed
122225,8132,2025-10-13,Completed
122226,8132,2025-11-04,Completed
122227,8132,2025-11-30,Completed
122228,8132,2025-12-28,Completed
122229,4790,2025-10-13,Completed
122230,10151,2025-10-14,Completed
122231,9711,2025-10-14,Completed
122232,9678,2025-10-14,Completed
122233,9678,2025-11-11,Completed
122234,9678,2025-12-06,Completed
122235,186,2025-10-14,Completed
122236,3159,2025-10-14,Completed
122237,4738,2025-10-14,Completed
122238,1013,2025-10-14,Completed
122239,2873,2025-10-14,Completed
122240,5291,2025-10-14,Completed
122241,5184,2025-10-14,Completed
122242,5184,2025-11-19,Completed
122243,1585,2025-10-14,Completed
122244,766,2025-10-14,Completed
122245,11762,2025-10-14,Completed
122246,11740,2025-10-14,Completed
122247,8831,2025-10-14,Completed
122248,9611,2025-10-14,Completed
122249,9611,2025-12-03,Completed
122250,9009,2025-10-14,Completed
122251,9009,2025-12-11,Completed
122252,10384,2025-10-14,Completed
122253,10486,2025-10-14,Completed
122254,11540,2025-10-15,Completed
122255,11540,2025-11-15,Cancelled
122256,11540,2025-12-14,Completed
122257,9950,2025-10-15,Completed
122258,9950,2025-11-10,Completed
122259,10663,2025-10-15,Completed
122260,3975,2025-10-15,Completed
122261,3975,2025-11-19,Completed
122262,1440,2025-10-15,Completed
122263,3654,2025-10-15,Completed
122264,3238,2025-10-15,Returned
122265,8925,2025-10-15,Completed
122266,8925,2025-12-14,Completed
122267,1759,2025-10-15,Returned
122268,1174,2025-10-15,Completed
122269,3080,2025-10-15,Completed
122270,10179,2025-10-15,Completed
122271,2052,2025-10-15,Completed
122272,4347,2025-10-15,Completed
122273,7447,2025-10-15,Completed
122274,10701,2025-10-15,Completed
122275,10701,2025-11-15,Cancelled
122276,10701,2025-12-19,Completed
122277,4948,2025-10-15,Completed
122278,3072,2025-10-15,Completed
122279,8970,2025-10-15,Completed
122280,2313,2025-10-16,Completed
122281,4771,2025-10-16,Completed
122282,5728,2025-10-16,Completed
122283,7572,2025-10-16,Cancelled
122284,7572,2025-11-29,Completed
122285,7604,2025-10-16,Completed
122286,7784,2025-10-16,Completed
122287,7784,2025-12-19,Completed
122288,6145,2025-10-16,Completed
122289,6145,2025-11-10,Completed
122290,6145,2025-12-23,Returned
122291,9135,2025-10-16,Completed
122292,3304,2025-10-16,Completed
122293,2981,2025-10-16,Completed
122294,2981,2025-11-07,Returned
122295,4861,2025-10-16,Completed
122296,548,2025-10-16,Completed
122297,6410,2025-10-16,Completed
122298,1187,2025-10-16,Completed
122299,1187,2025-12-24,Returned
122300,9154,2025-10-16,Completed
122301,9154,2025-11-15,Completed
122302,10877,2025-10-16,Completed
122303,10877,2025-11-30,Completed
122304,5644,2025-10-16,Completed
122305,2043,2025-10-16,Completed
122306,2043,2025-12-06,Completed
122307,4750,2025-10-16,Completed
122308,8572,2025-10-16,Completed
122309,10787,2025-10-16,Cancelled
122310,2147,2025-10-16,Returned
122311,2147,2025-11-04,Completed
122312,8615,2025-10-16,Completed
122313,7796,2025-10-16,Returned
122314,11692,2025-10-16,Completed
122315,11692,2025-11-24,Completed
122316,4152,2025-10-16,Completed
122317,8022,2025-10-16,Completed
122318,1445,2025-10-17,Completed
122319,1445,2025-11-06,Completed
122320,1445,2025-12-06,Completed
122321,1445,2025-12-27,Completed
122322,17,2025-10-17,Completed
122323,17,2025-11-10,Completed
122324,7821,2025-10-17,Completed
122325,7821,2025-12-15,Completed
122326,11739,2025-10-17,Completed
122327,1399,2025-10-17,Completed
122328,10717,2025-10-17,Completed
122329,10717,2025-11-15,Completed
122330,1947,2025-10-17,Completed
122331,4957,2025-10-17,Completed
122332,8775,2025-10-17,Returned
122333,10926,2025-10-17,Returned
122334,10926,2025-12-30,Completed
122335,10139,2025-10-17,Completed
122336,7055,2025-10-17,Completed
122337,7055,2025-12-19,Completed
122338,2339,2025-10-17,Completed
122339,2339,2025-12-10,Completed
122340,1715,2025-10-17,Completed
122341,1715,2025-11-17,Completed
122342,3626,2025-10-17,Completed
122343,6809,2025-10-17,Completed
122344,6809,2025-11-16,Completed
122345,9767,2025-10-17,Completed
122346,3899,2025-10-18,Completed
122347,3899,2025-11-26,Completed
122348,2497,2025-10-18,Completed
122349,885,2025-10-18,Returned
122350,885,2025-11-25,Returned
122351,10246,2025-10-18,Completed
122352,10246,2025-12-26,Completed
122353,2644,2025-10-18,Returned
122354,2679,2025-10-18,Completed
122355,5883,2025-10-18,Completed
122356,5649,2025-10-18,Completed
122357,5649,2025-11-13,Completed
122358,5649,2025-12-25,Completed
122359,4339,2025-10-18,Completed
122360,4534,2025-10-18,Completed
122361,4437,2025-10-18,Completed
122362,4437,2025-11-14,Completed
122363,10492,2025-10-18,Returned
122364,10492,2025-11-29,Completed
122365,9610,2025-10-18,Completed
122366,9610,2025-11-13,Completed
122367,11380,2025-10-18,Completed
122368,4596,2025-10-18,Completed
122369,4596,2025-12-22,Completed
122370,9748,2025-10-19,Completed
122371,9748,2025-11-17,Completed
122372,9748,2025-12-23,Completed
122373,6823,2025-10-19,Completed
122374,6823,2025-11-11,Completed
122375,9187,2025-10-19,Completed
122376,9187,2025-12-09,Completed
122377,11213,2025-10-19,Completed
122378,8888,2025-10-19,Completed
122379,5408,2025-10-19,Completed
122380,1425,2025-10-19,Completed
122381,5325,2025-10-19,Completed
122382,1642,2025-10-19,Completed
122383,1238,2025-10-19,Completed
122384,9768,2025-10-19,Completed
122385,3801,2025-10-19,Completed
122386,5905,2025-10-19,Returned
122387,7524,2025-10-19,Completed
122388,7524,2025-11-08,Completed
122389,7471,2025-10-19,Completed
122390,7471,2025-12-27,Completed
122391,6285,2025-10-19,Completed
122392,5968,2025-10-19,Completed
122393,5968,2025-11-09,Completed
122394,5968,2025-12-13,Completed
122395,4230,2025-10-19,Completed
122396,5908,2025-10-19,Completed
122397,3912,2025-10-20,Completed
122398,3912,2025-12-14,Completed
122399,1300,2025-10-20,Completed
122400,11381,2025-10-20,Completed
122401,11381,2025-12-17,Completed
122402,11303,2025-10-20,Completed
122403,2370,2025-10-20,Completed
122404,2370,2025-11-26,Completed
122405,3155,2025-10-20,Completed
122406,3155,2025-12-07,Completed
122407,4136,2025-10-20,Completed
122408,1307,2025-10-20,Completed
122409,1307,2025-11-19,Completed
122410,1307,2025-12-18,Completed
122411,9879,2025-10-20,Completed
122412,6255,2025-10-20,Completed
122413,6255,2025-11-16,Completed
122414,7819,2025-10-20,Completed
122415,6541,2025-10-20,Completed
122416,8418,2025-10-20,Completed
122417,8418,2025-12-06,Completed
122418,1006,2025-10-20,Completed
122419,1006,2025-11-13,Completed
122420,1006,2025-12-14,Completed
122421,11717,2025-10-21,Completed
122422,11717,2025-12-17,Completed
122423,10832,2025-10-21,Completed
122424,10832,2025-12-19,Completed
122425,11680,2025-10-21,Completed
122426,3827,2025-10-21,Completed
122427,11936,2025-10-21,Completed
122428,11936,2025-11-07,Completed
122429,9548,2025-10-21,Completed
122430,1369,2025-10-21,Completed
122431,1290,2025-10-21,Completed
122432,4959,2025-10-21,Completed
122433,8290,2025-10-21,Completed
122434,10642,2025-10-21,Completed
122435,10642,2025-12-03,Returned
122436,1754,2025-10-21,Completed
122437,1754,2025-11-06,Completed
122438,9923,2025-10-21,Returned
122439,10957,2025-10-21,Completed
122440,10957,2025-11-21,Completed
122441,10957,2025-12-28,Completed
122442,11696,2025-10-21,Completed
122443,1790,2025-10-21,Completed
122444,1790,2025-11-29,Completed
122445,2000,2025-10-21,Cancelled
122446,2000,2025-11-15,Completed
122447,8049,2025-10-22,Completed
122448,8049,2025-11-25,Completed
122449,4164,2025-10-22,Completed
122450,3204,2025-10-22,Completed
122451,2327,2025-10-22,Completed
122452,4875,2025-10-22,Completed
122453,4875,2025-11-26,Cancelled
122454,1168,2025-10-22,Completed
122455,9072,2025-10-22,Completed
122456,9072,2025-12-15,Completed
122457,4551,2025-10-22,Completed
122458,4551,2025-11-24,Completed
122459,10278,2025-10-22,Completed
122460,10278,2025-11-19,Completed
122461,10278,2025-12-26,Completed
122462,818,2025-10-22,Returned
122463,4232,2025-10-22,Cancelled
122464,5724,2025-10-22,Completed
122465,7281,2025-10-22,Completed
122466,6474,2025-10-22,Completed
122467,6474,2025-12-31,Completed
122468,3927,2025-10-22,Completed
122469,3927,2025-12-18,Completed
122470,3797,2025-10-22,Completed
122471,3797,2025-11-21,Completed
122472,10364,2025-10-23,Completed
122473,10364,2025-12-14,Completed
122474,2853,2025-10-23,Completed
122475,2853,2025-11-15,Cancelled
122476,2853,2025-12-03,Completed
122477,6957,2025-10-23,Completed
122478,9394,2025-10-23,Completed
122479,7973,2025-10-23,Completed
122480,7973,2025-12-04,Returned
122481,10491,2025-10-23,Completed
122482,5588,2025-10-23,Returned
122483,5588,2025-11-29,Completed
122484,8760,2025-10-23,Completed
122485,8760,2025-11-19,Completed
122486,2106,2025-10-23,Completed
122487,2381,2025-10-23,Completed
122488,8485,2025-10-23,Completed
122489,8485,2025-12-16,Completed
122490,9101,2025-10-23,Completed
122491,2927,2025-10-23,Completed
122492,4160,2025-10-23,Completed
122493,5446,2025-10-23,Completed
122494,3288,2025-10-23,Returned
122495,3288,2025-11-07,Completed
122496,3288,2025-12-09,Completed
122497,4829,2025-10-23,Completed
122498,4829,2025-12-02,Completed
122499,3863,2025-10-23,Completed
122500,5702,2025-10-24,Completed
122501,2268,2025-10-24,Completed
122502,9209,2025-10-24,Completed
122503,67,2025-10-24,Completed
122504,67,2025-11-26,Returned
122505,67,2025-12-20,Completed
122506,9832,2025-10-24,Completed
122507,9832,2025-12-23,Completed
122508,3986,2025-10-24,Completed
122509,7521,2025-10-24,Completed
122510,7521,2025-12-20,Completed
122511,10466,2025-10-24,Completed
122512,4906,2025-10-24,Completed
122513,11203,2025-10-24,Completed
122514,4089,2025-10-24,Completed
122515,4089,2025-11-28,Completed
122516,4941,2025-10-24,Completed
122517,4941,2025-12-03,Completed
122518,10181,2025-10-24,Cancelled
122519,6598,2025-10-24,Completed
122520,1698,2025-10-24,Completed
122521,1698,2025-12-03,Completed
122522,1698,2025-12-31,Completed
122523,8025,2025-10-24,Returned
122524,232,2025-10-25,Completed
122525,232,2025-12-22,Completed
122526,11003,2025-10-25,Returned
122527,8216,2025-10-25,Returned
122528,4084,2025-10-25,Completed
122529,2771,2025-10-25,Completed
122530,1372,2025-10-25,Completed
122531,1372,2025-11-14,Completed
122532,9204,2025-10-25,Completed
122533,9204,2025-12-17,Completed
122534,11461,2025-10-25,Returned
122535,11461,2025-11-17,Completed
122536,8997,2025-10-25,Completed
122537,3044,2025-10-25,Completed
122538,9505,2025-10-25,Completed
122539,9505,2025-11-23,Completed
122540,1949,2025-10-25,Completed
122541,2654,2025-10-25,Completed
122542,10023,2025-10-25,Completed
122543,10023,2025-11-23,Completed
122544,8750,2025-10-25,Completed
122545,3336,2025-10-25,Completed
122546,3336,2025-11-27,Completed
122547,768,2025-10-25,Completed
122548,3768,2025-10-25,Completed
122549,9662,2025-10-25,Completed
122550,9662,2025-11-23,Completed
122551,9766,2025-10-25,Completed
122552,7873,2025-10-26,Completed
122553,5054,2025-10-26,Completed
122554,9696,2025-10-26,Completed
122555,9696,2025-11-11,Completed
122556,9696,2025-12-21,Cancelled
122557,3436,2025-10-26,Cancelled
122558,3436,2025-11-27,Completed
122559,3436,2025-12-28,Completed
122560,3226,2025-10-26,Completed
122561,5022,2025-10-26,Completed
122562,5022,2025-11-30,Completed
122563,5661,2025-10-26,Completed
122564,886,2025-10-26,Returned
122565,886,2025-11-19,Completed
122566,886,2025-12-06,Completed
122567,4209,2025-10-26,Returned
122568,7924,2025-10-26,Completed
122569,6860,2025-10-26,Completed
122570,4857,2025-10-26,Completed
122571,4857,2025-12-03,Completed
122572,10871,2025-10-26,Completed
122573,11684,2025-10-26,Completed
122574,11684,2025-11-21,Completed
122575,11684,2025-12-13,Completed
122576,4762,2025-10-26,Completed
122577,4762,2025-12-20,Completed
122578,7931,2025-10-26,Completed
122579,7931,2025-12-03,Completed
122580,9688,2025-10-26,Completed
122581,7122,2025-10-26,Completed
122582,6469,2025-10-26,Completed
122583,3107,2025-10-26,Completed
122584,3107,2025-12-14,Returned
122585,7544,2025-10-26,Completed
122586,11698,2025-10-26,Completed
122587,4257,2025-10-26,Completed
122588,1222,2025-10-27,Completed
122589,4419,2025-10-27,Returned
122590,9520,2025-10-27,Completed
122591,327,2025-10-27,Returned
122592,4675,2025-10-27,Returned
122593,5499,2025-10-27,Completed
122594,5499,2025-11-29,Completed
122595,1814,2025-10-27,Returned
122596,1814,2025-11-23,Cancelled
122597,6187,2025-10-27,Completed
122598,6187,2025-11-23,Completed
122599,6187,2025-12-31,Completed
122600,8746,2025-10-27,Completed
122601,1865,2025-10-27,Returned
122602,1865,2025-12-28,Completed
122603,4169,2025-10-27,Completed
122604,4169,2025-12-31,Completed
122605,10721,2025-10-27,Returned
122606,8854,2025-10-28,Completed
122607,1023,2025-10-28,Completed
122608,10914,2025-10-28,Completed
122609,1529,2025-10-28,Completed
122610,6330,2025-10-28,Completed
122611,3942,2025-10-28,Completed
122612,3942,2025-11-22,Returned
122613,517,2025-10-28,Completed
122614,201,2025-10-28,Completed
122615,201,2025-12-06,Returned
122616,11182,2025-10-28,Completed
122617,1123,2025-10-28,Completed
122618,7680,2025-10-28,Completed
122619,2015,2025-10-28,Completed
122620,1649,2025-10-28,Completed
122621,1649,2025-12-04,Completed
122622,2976,2025-10-28,Completed
122623,2976,2025-11-13,Completed
122624,10353,2025-10-28,Completed
122625,10353,2025-11-24,Completed
122626,5270,2025-10-28,Completed
122627,6143,2025-10-28,Completed
122628,2055,2025-10-28,Completed
122629,2055,2025-12-03,Completed
122630,6166,2025-10-28,Completed
122631,1713,2025-10-28,Completed
122632,11773,2025-10-28,Completed
122633,11773,2025-12-08,Completed
122634,1089,2025-10-29,Completed
122635,5374,2025-10-29,Cancelled
122636,11326,2025-10-29,Returned
122637,11326,2025-11-27,Returned
122638,1333,2025-10-29,Completed
122639,1333,2025-12-27,Completed
122640,3003,2025-10-29,Completed
122641,3003,2025-12-31,Completed
122642,9844,2025-10-29,Completed
122643,3969,2025-10-29,Completed
122644,1049,2025-10-29,Completed
122645,1049,2025-11-24,Returned
122646,1598,2025-10-29,Completed
122647,1598,2025-11-26,Completed
122648,1598,2025-12-28,Completed
122649,11084,2025-10-29,Returned
122650,11084,2025-12-05,Returned
122651,11084,2025-12-31,Completed
122652,10987,2025-10-29,Completed
122653,6112,2025-10-29,Completed
122654,6112,2025-11-26,Completed
122655,5300,2025-10-29,Returned
122656,5300,2025-11-22,Returned
122657,5791,2025-10-29,Cancelled
122658,8365,2025-10-29,Returned
122659,7257,2025-10-29,Completed
122660,7257,2025-11-29,Returned
122661,10196,2025-10-29,Completed
122662,5991,2025-10-30,Returned
122663,3475,2025-10-30,Completed
122664,2154,2025-10-30,Completed
122665,2154,2025-11-24,Completed
122666,8922,2025-10-30,Completed
122667,8922,2025-12-31,Completed
122668,213,2025-10-30,Completed
122669,10870,2025-10-30,Completed
122670,10870,2025-12-03,Completed
122671,11108,2025-10-30,Completed
122672,11108,2025-12-20,Completed
122673,11083,2025-10-30,Completed
122674,3758,2025-10-30,Completed
122675,11847,2025-10-30,Completed
122676,11847,2025-12-24,Returned
122677,9587,2025-10-30,Returned
122678,9587,2025-12-03,Completed
122679,4811,2025-10-30,Completed
122680,5192,2025-10-30,Completed
122681,5230,2025-10-30,Completed
122682,5230,2025-12-02,Completed
122683,8124,2025-10-31,Completed
122684,9375,2025-10-31,Completed
122685,9375,2025-11-19,Completed
122686,11534,2025-10-31,Returned
122687,11534,2025-12-19,Completed
122688,9086,2025-10-31,Completed
122689,9086,2025-12-22,Completed
122690,1897,2025-10-31,Completed
122691,1897,2025-12-13,Completed
122692,7182,2025-10-31,Completed
122693,7182,2025-11-20,Completed
122694,7182,2025-12-18,Completed
122695,9195,2025-10-31,Completed
122696,3484,2025-10-31,Completed
122697,7307,2025-10-31,Completed
122698,7307,2025-12-09,Completed
122699,7307,2025-12-31,Completed
122700,8584,2025-10-31,Completed
122701,8244,2025-10-31,Completed
122702,4888,2025-10-31,Returned
122703,9778,2025-10-31,Completed
122704,1196,2025-10-31,Returned
122705,1196,2025-11-22,Completed
122706,1868,2025-10-31,Completed
122707,7152,2025-10-31,Completed
122708,7152,2025-12-22,Completed
122709,7082,2025-10-31,Completed
122710,9493,2025-10-31,Completed
122711,9365,2025-10-31,Cancelled
122712,3907,2025-11-01,Completed
122713,1728,2025-11-01,Completed
122714,4186,2025-11-01,Completed
122715,6241,2025-11-01,Completed
122716,3826,2025-11-01,Completed
122717,4221,2025-11-01,Completed
122718,4221,2025-12-15,Completed
122719,9954,2025-11-01,Completed
122720,4444,2025-11-01,Completed
122721,7461,2025-11-01,Completed
122722,10251,2025-11-01,Completed
122723,6274,2025-11-01,Completed
122724,1164,2025-11-01,Completed
122725,1157,2025-11-01,Completed
122726,7112,2025-11-01,Completed
122727,5910,2025-11-01,Completed
122728,8564,2025-11-01,Completed
122729,8564,2025-11-26,Completed
122730,8564,2025-12-21,Completed
122731,8725,2025-11-01,Completed
122732,5824,2025-11-01,Completed
122733,10187,2025-11-01,Completed
122734,4068,2025-11-01,Completed
122735,2172,2025-11-01,Completed
122736,2172,2025-12-01,Completed
122737,3616,2025-11-01,Completed
122738,11961,2025-11-01,Completed
122739,5279,2025-11-01,Completed
122740,10289,2025-11-01,Completed
122741,7692,2025-11-01,Completed
122742,7692,2025-12-14,Completed
122743,7504,2025-11-01,Completed
122744,8590,2025-11-01,Completed
122745,8590,2025-11-29,Completed
122746,10644,2025-11-01,Returned
122747,8298,2025-11-01,Cancelled
122748,8298,2025-12-28,Completed
122749,6357,2025-11-01,Completed
122750,716,2025-11-01,Completed
122751,716,2025-11-30,Completed
122752,716,2025-12-20,Completed
122753,9941,2025-11-02,Completed
122754,576,2025-11-02,Completed
122755,576,2025-12-05,Completed
122756,4267,2025-11-02,Cancelled
122757,9725,2025-11-02,Completed
122758,9725,2025-11-29,Cancelled
122759,4426,2025-11-02,Completed
122760,4426,2025-12-07,Completed
122761,2167,2025-11-02,Completed
122762,2167,2025-12-02,Completed
122763,2450,2025-11-02,Completed
122764,1979,2025-11-02,Completed
122765,8003,2025-11-02,Completed
122766,8003,2025-12-06,Completed
122767,2867,2025-11-02,Completed
122768,1787,2025-11-02,Completed
122769,7666,2025-11-02,Completed
122770,7666,2025-12-11,Completed
122771,4129,2025-11-02,Returned
122772,4129,2025-11-29,Completed
122773,11649,2025-11-02,Completed
122774,9549,2025-11-02,Completed
122775,4654,2025-11-02,Completed
122776,5704,2025-11-02,Completed
122777,2111,2025-11-02,Completed
122778,7335,2025-11-02,Completed
122779,7335,2025-12-20,Completed
122780,4541,2025-11-02,Returned
122781,4651,2025-11-02,Completed
122782,73,2025-11-02,Completed
122783,4690,2025-11-02,Cancelled
122784,256,2025-11-02,Completed
122785,6995,2025-11-02,Completed
122786,6995,2025-12-23,Completed
122787,4668,2025-11-02,Completed
122788,4668,2025-12-25,Completed
122789,2187,2025-11-02,Completed
122790,6588,2025-11-02,Completed
122791,6588,2025-11-29,Completed
122792,6264,2025-11-02,Completed
122793,11159,2025-11-02,Completed
122794,11159,2025-12-10,Returned
122795,9539,2025-11-02,Completed
122796,10831,2025-11-02,Completed
122797,10639,2025-11-02,Completed
122798,5302,2025-11-02,Completed
122799,10549,2025-11-02,Returned
122800,1658,2025-11-03,Completed
122801,5711,2025-11-03,Completed
122802,4371,2025-11-03,Completed
122803,11710,2025-11-03,Completed
122804,11710,2025-12-08,Completed
122805,6210,2025-11-03,Returned
122806,3354,2025-11-03,Completed
122807,817,2025-11-03,Completed
122808,817,2025-12-13,Cancelled
122809,9000,2025-11-03,Completed
122810,9000,2025-12-25,Completed
122811,11918,2025-11-03,Completed
122812,1734,2025-11-03,Completed
122813,2801,2025-11-03,Completed
122814,2801,2025-11-30,Completed
122815,11498,2025-11-03,Completed
122816,11498,2025-12-04,Completed
122817,8825,2025-11-03,Completed
122818,10153,2025-11-03,Completed
122819,10153,2025-12-01,Cancelled
122820,2462,2025-11-03,Completed
122821,3619,2025-11-03,Completed
122822,3619,2025-12-21,Returned
122823,6781,2025-11-03,Completed
122824,7641,2025-11-03,Completed
122825,7641,2025-11-22,Completed
122826,2487,2025-11-03,Completed
122827,4702,2025-11-03,Completed
122828,4702,2025-12-22,Completed
122829,5615,2025-11-03,Completed
122830,5615,2025-11-22,Completed
122831,9580,2025-11-03,Completed
122832,9580,2025-12-04,Completed
122833,9580,2025-12-31,Completed
122834,8812,2025-11-03,Returned
122835,8812,2025-12-05,Completed
122836,7485,2025-11-03,Completed
122837,1166,2025-11-03,Returned
122838,240,2025-11-03,Completed
122839,10009,2025-11-03,Completed
122840,11885,2025-11-03,Completed
122841,11626,2025-11-03,Completed
122842,4197,2025-11-03,Completed
122843,3123,2025-11-03,Completed
122844,5980,2025-11-03,Completed
122845,5980,2025-12-02,Completed
122846,5528,2025-11-03,Completed
122847,5528,2025-11-27,Completed
122848,11054,2025-11-03,Completed
122849,2388,2025-11-03,Completed
122850,2388,2025-12-03,Completed
122851,5338,2025-11-03,Completed
122852,2359,2025-11-04,Completed
122853,8592,2025-11-04,Completed
122854,11994,2025-11-04,Completed
122855,6067,2025-11-04,Completed
122856,8371,2025-11-04,Cancelled
122857,9938,2025-11-04,Completed
122858,9516,2025-11-04,Completed
122859,8001,2025-11-04,Completed
122860,8001,2025-11-28,Completed
122861,2571,2025-11-04,Completed
122862,4681,2025-11-04,Completed
122863,4681,2025-12-07,Completed
122864,8279,2025-11-04,Returned
122865,8279,2025-12-15,Returned
122866,279,2025-11-04,Completed
122867,8029,2025-11-04,Completed
122868,8029,2025-12-14,Completed
122869,9227,2025-11-04,Completed
122870,7788,2025-11-04,Returned
122871,5723,2025-11-04,Completed
122872,3001,2025-11-04,Returned
122873,7711,2025-11-04,Completed
122874,7711,2025-12-29,Completed
122875,1034,2025-11-04,Completed
122876,5554,2025-11-04,Completed
122877,11770,2025-11-04,Completed
122878,5103,2025-11-04,Completed
122879,5103,2025-12-01,Cancelled
122880,9379,2025-11-04,Completed
122881,8551,2025-11-04,Returned
122882,4384,2025-11-04,Completed
122883,4384,2025-12-01,Completed
122884,655,2025-11-04,Completed
122885,655,2025-12-12,Completed
122886,5053,2025-11-04,Completed
122887,5053,2025-12-13,Completed
122888,5879,2025-11-04,Completed
122889,5879,2025-11-25,Completed
122890,1118,2025-11-04,Returned
122891,1118,2025-12-14,Completed
122892,8733,2025-11-04,Completed
122893,6527,2025-11-04,Completed
122894,1794,2025-11-04,Completed
122895,1794,2025-12-13,Completed
122896,1848,2025-11-05,Completed
122897,1848,2025-11-30,Completed
122898,3200,2025-11-05,Completed
122899,3200,2025-12-09,Completed
122900,3791,2025-11-05,Completed
122901,6978,2025-11-05,Completed
122902,11546,2025-11-05,Completed
122903,11546,2025-12-05,Completed
122904,520,2025-11-05,Completed
122905,5073,2025-11-05,Completed
122906,5073,2025-12-11,Returned
122907,5321,2025-11-05,Completed
122908,9309,2025-11-05,Completed
122909,10272,2025-11-05,Completed
122910,3538,2025-11-05,Completed
122911,9391,2025-11-05,Completed
122912,9391,2025-12-31,Completed
122913,10516,2025-11-05,Completed
122914,5189,2025-11-05,Completed
122915,8119,2025-11-05,Returned
122916,10455,2025-11-05,Completed
122917,10906,2025-11-05,Completed
122918,11392,2025-11-05,Cancelled
122919,1380,2025-11-05,Completed
122920,9348,2025-11-05,Completed
122921,10176,2025-11-05,Completed
122922,10176,2025-12-02,Completed
122923,10176,2025-12-26,Completed
122924,3099,2025-11-05,Completed
122925,280,2025-11-05,Completed
122926,97,2025-11-05,Completed
122927,9141,2025-11-05,Completed
122928,10387,2025-11-05,Completed
122929,10674,2025-11-06,Completed
122930,9202,2025-11-06,Completed
122931,2844,2025-11-06,Returned
122932,1559,2025-11-06,Completed
122933,1559,2025-11-29,Completed
122934,9193,2025-11-06,Completed
122935,8432,2025-11-06,Completed
122936,8432,2025-12-15,Completed
122937,3523,2025-11-06,Completed
122938,9382,2025-11-06,Completed
122939,701,2025-11-06,Completed
122940,8876,2025-11-06,Completed
122941,8217,2025-11-06,Cancelled
122942,9626,2025-11-06,Cancelled
122943,9626,2025-11-28,Completed
122944,2320,2025-11-06,Completed
122945,2320,2025-12-29,Completed
122946,3413,2025-11-06,Completed
122947,3413,2025-12-25,Completed
122948,601,2025-11-06,Completed
122949,601,2025-12-01,Completed
122950,11505,2025-11-06,Completed
122951,2009,2025-11-06,Completed
122952,2009,2025-11-25,Completed
122953,6427,2025-11-06,Returned
122954,8058,2025-11-06,Completed
122955,727,2025-11-06,Completed
122956,3941,2025-11-06,Completed
122957,8545,2025-11-06,Completed
122958,8545,2025-12-06,Completed
122959,529,2025-11-06,Completed
122960,3916,2025-11-06,Returned
122961,900,2025-11-06,Completed
122962,11745,2025-11-06,Completed
122963,7919,2025-11-06,Completed
122964,7919,2025-12-16,Completed
122965,349,2025-11-07,Completed
122966,349,2025-12-04,Completed
122967,3943,2025-11-07,Completed
122968,2963,2025-11-07,Returned
122969,978,2025-11-07,Completed
122970,978,2025-12-03,Completed
122971,4672,2025-11-07,Returned
122972,7378,2025-11-07,Completed
122973,8074,2025-11-07,Completed
122974,5056,2025-11-07,Completed
122975,8220,2025-11-07,Completed
122976,8220,2025-12-13,Returned
122977,9178,2025-11-07,Completed
122978,9178,2025-12-18,Completed
122979,4258,2025-11-07,Completed
122980,4258,2025-12-13,Returned
122981,10828,2025-11-07,Completed
122982,4626,2025-11-07,Returned
122983,9402,2025-11-07,Returned
122984,2013,2025-11-07,Completed
122985,9270,2025-11-07,Completed
122986,11320,2025-11-07,Completed
122987,2019,2025-11-07,Completed
122988,6606,2025-11-08,Completed
122989,723,2025-11-08,Completed
122990,11576,2025-11-08,Completed
122991,11576,2025-12-10,Completed
122992,1958,2025-11-08,Completed
122993,1958,2025-12-10,Completed
122994,2755,2025-11-08,Returned
122995,2755,2025-12-09,Completed
122996,8748,2025-11-08,Returned
122997,1476,2025-11-08,Completed
122998,4925,2025-11-08,Returned
122999,3839,2025-11-08,Completed
123000,3839,2025-12-14,Returned
123001,10170,2025-11-08,Completed
123002,8530,2025-11-08,Completed
123003,8530,2025-12-17,Completed
123004,4914,2025-11-08,Completed
123005,7419,2025-11-08,Completed
123006,7419,2025-12-19,Completed
123007,10199,2025-11-08,Completed
123008,2022,2025-11-08,Completed
123009,8398,2025-11-08,Completed
123010,8398,2025-12-08,Completed
123011,7133,2025-11-08,Completed
123012,4191,2025-11-08,Completed
123013,4191,2025-11-29,Returned
123014,4191,2025-12-26,Completed
123015,5657,2025-11-08,Completed
123016,5368,2025-11-08,Completed
123017,672,2025-11-08,Completed
123018,672,2025-12-07,Completed
123019,1200,2025-11-08,Completed
123020,1200,2025-12-25,Completed
123021,9702,2025-11-08,Completed
123022,2379,2025-11-08,Completed
123023,1694,2025-11-09,Completed
123024,1694,2025-12-24,Completed
123025,4636,2025-11-09,Completed
123026,4636,2025-12-03,Completed
123027,3631,2025-11-09,Completed
123028,7992,2025-11-09,Cancelled
123029,11045,2025-11-09,Completed
123030,11045,2025-12-13,Completed
123031,10000,2025-11-09,Completed
123032,3205,2025-11-09,Completed
123033,1821,2025-11-09,Returned
123034,1821,2025-11-30,Completed
123035,6233,2025-11-09,Completed
123036,6233,2025-12-27,Completed
123037,8792,2025-11-09,Cancelled
123038,8792,2025-12-10,Returned
123039,4125,2025-11-09,Completed
123040,6951,2025-11-09,Completed
123041,2153,2025-11-09,Completed
123042,6897,2025-11-09,Completed
123043,7005,2025-11-09,Completed
123044,11743,2025-11-09,Completed
123045,11743,2025-12-18,Completed
123046,8458,2025-11-09,Completed
123047,10897,2025-11-09,Completed
123048,7267,2025-11-09,Completed
123049,7293,2025-11-09,Completed
123050,4494,2025-11-09,Completed
123051,5102,2025-11-09,Completed
123052,5102,2025-12-14,Completed
123053,8184,2025-11-09,Returned
123054,632,2025-11-09,Returned
123055,632,2025-12-10,Completed
123056,6344,2025-11-09,Completed
123057,2623,2025-11-09,Completed
123058,2623,2025-12-09,Completed
123059,10189,2025-11-09,Completed
123060,2136,2025-11-09,Completed
123061,9598,2025-11-09,Cancelled
123062,3700,2025-11-09,Completed
123063,11245,2025-11-09,Completed
123064,2746,2025-11-09,Cancelled
123065,775,2025-11-09,Cancelled
123066,775,2025-12-03,Returned
123067,5918,2025-11-09,Completed
123068,5772,2025-11-10,Completed
123069,6214,2025-11-10,Completed
123070,3402,2025-11-10,Completed
123071,4867,2025-11-10,Completed
123072,3291,2025-11-10,Completed
123073,3640,2025-11-10,Completed
123074,9737,2025-11-10,Completed
123075,2480,2025-11-10,Returned
123076,6425,2025-11-10,Completed
123077,7896,2025-11-10,Completed
123078,7896,2025-12-19,Completed
123079,4737,2025-11-10,Completed
123080,4290,2025-11-10,Completed
123081,7132,2025-11-10,Returned
123082,7132,2025-12-02,Completed
123083,7132,2025-12-29,Returned
123084,2284,2025-11-10,Completed
123085,2284,2025-12-23,Completed
123086,4204,2025-11-10,Returned
123087,2717,2025-11-10,Completed
123088,11307,2025-11-10,Completed
123089,3027,2025-11-10,Completed
123090,1537,2025-11-10,Completed
123091,7472,2025-11-10,Completed
123092,10131,2025-11-10,Completed
123093,10131,2025-12-18,Completed
123094,4057,2025-11-10,Completed
123095,10783,2025-11-10,Completed
123096,10783,2025-12-04,Completed
123097,10783,2025-12-27,Returned
123098,44,2025-11-10,Completed
123099,44,2025-12-16,Completed
123100,4721,2025-11-10,Completed
123101,4721,2025-12-09,Completed
123102,2818,2025-11-10,Completed
123103,2818,2025-12-09,Completed
123104,7841,2025-11-10,Completed
123105,602,2025-11-10,Completed
123106,602,2025-12-02,Completed
123107,3014,2025-11-11,Completed
123108,3171,2025-11-11,Returned
123109,2767,2025-11-11,Returned
123110,1304,2025-11-11,Completed
123111,1304,2025-12-07,Completed
123112,5298,2025-11-11,Completed
123113,4234,2025-11-11,Completed
123114,2264,2025-11-11,Completed
123115,5012,2025-11-11,Completed
123116,2058,2025-11-11,Completed
123117,8259,2025-11-11,Completed
123118,8259,2025-12-01,Completed
123119,747,2025-11-11,Completed
123120,10590,2025-11-11,Returned
123121,6345,2025-11-11,Completed
123122,6345,2025-12-17,Completed
123123,8433,2025-11-11,Completed
123124,3233,2025-11-11,Completed
123125,7462,2025-11-11,Completed
123126,1536,2025-11-11,Returned
123127,9902,2025-11-11,Completed
123128,9902,2025-11-30,Completed
123129,3858,2025-11-11,Completed
123130,2084,2025-11-11,Completed
123131,6582,2025-11-11,Completed
123132,8559,2025-11-11,Completed
123133,8743,2025-11-11,Completed
123134,8743,2025-12-03,Completed
123135,9400,2025-11-12,Cancelled
123136,6243,2025-11-12,Cancelled
123137,2748,2025-11-12,Completed
123138,2748,2025-12-16,Completed
123139,5360,2025-11-12,Returned
123140,6493,2025-11-12,Completed
123141,6493,2025-12-02,Completed
123142,10600,2025-11-12,Completed
123143,7403,2025-11-12,Completed
123144,8508,2025-11-12,Returned
123145,3381,2025-11-12,Completed
123146,3381,2025-12-15,Completed
123147,2915,2025-11-12,Completed
123148,9515,2025-11-12,Completed
123149,9515,2025-12-05,Completed
123150,10276,2025-11-12,Cancelled
123151,11611,2025-11-12,Completed
123152,11611,2025-12-16,Completed
123153,4130,2025-11-12,Completed
123154,6910,2025-11-12,Completed
123155,6910,2025-12-19,Completed
123156,3542,2025-11-12,Completed
123157,10127,2025-11-12,Completed
123158,7996,2025-11-12,Completed
123159,7996,2025-12-09,Completed
123160,3919,2025-11-12,Completed
123161,3919,2025-12-21,Cancelled
123162,7981,2025-11-12,Completed
123163,93,2025-11-12,Completed
123164,93,2025-12-20,Completed
123165,2422,2025-11-12,Completed
123166,9916,2025-11-12,Completed
123167,8405,2025-11-12,Returned
123168,8405,2025-12-08,Completed
123169,3684,2025-11-12,Completed
123170,10438,2025-11-12,Completed
123171,10438,2025-12-07,Completed
123172,6774,2025-11-12,Completed
123173,6774,2025-12-28,Completed
123174,2156,2025-11-12,Completed
123175,5662,2025-11-12,Completed
123176,6373,2025-11-13,Completed
123177,6373,2025-12-04,Returned
123178,11285,2025-11-13,Completed
123179,4172,2025-11-13,Completed
123180,4172,2025-12-06,Completed
123181,2764,2025-11-13,Completed
123182,2764,2025-12-17,Completed
123183,778,2025-11-13,Completed
123184,9310,2025-11-13,Completed
123185,4105,2025-11-13,Completed
123186,4105,2025-12-19,Returned
123187,9425,2025-11-13,Completed
123188,1573,2025-11-13,Completed
123189,1573,2025-11-29,Completed
123190,4031,2025-11-13,Completed
123191,8729,2025-11-13,Completed
123192,8784,2025-11-13,Completed
123193,8784,2025-12-14,Completed
123194,1351,2025-11-13,Completed
123195,2826,2025-11-13,Completed
123196,2826,2025-12-22,Completed
123197,10761,2025-11-13,Completed
123198,10761,2025-12-10,Completed
123199,4211,2025-11-13,Completed
123200,7498,2025-11-13,Completed
123201,4625,2025-11-13,Completed
123202,10790,2025-11-13,Completed
123203,10790,2025-12-02,Completed
123204,8430,2025-11-13,Completed
123205,182,2025-11-13,Completed
123206,9947,2025-11-13,Completed
123207,9947,2025-12-29,Completed
123208,8642,2025-11-13,Completed
123209,8642,2025-12-15,Completed
123210,2227,2025-11-13,Completed
123211,2227,2025-12-14,Completed
123212,4800,2025-11-13,Completed
123213,4800,2025-11-14,Completed
123214,4800,2025-11-14,Completed
123215,4800,2025-11-15,Completed
123216,4800,2025-11-16,Completed
123217,4800,2025-11-16,Completed
123218,4800,2025-11-17,Completed
123219,4800,2025-11-18,Completed
123220,4800,2025-11-18,Completed
123221,4800,2025-11-19,Completed
123222,4800,2025-11-19,Completed
123223,4800,2025-11-20,Completed
123224,4800,2025-11-21,Completed
123225,4800,2025-11-22,Completed
123226,4800,2025-11-22,Completed
123227,4800,2025-11-23,Completed
123228,4800,2025-11-24,Completed
123229,4800,2025-11-24,Completed
123230,4800,2025-11-28,Completed
123231,4800,2025-11-29,Completed
123232,4800,2025-11-30,Completed
123233,4800,2025-12-01,Completed
123234,4800,2025-12-02,Cancelled
123235,4800,2025-12-03,Completed
123236,4800,2025-12-03,Completed
123237,4800,2025-12-04,Completed
123238,4800,2025-12-04,Completed
123239,4800,2025-12-05,Completed
123240,4800,2025-12-05,Completed
123241,4800,2025-12-05,Completed
123242,4800,2025-12-05,Completed
123243,4800,2025-12-06,Returned
123244,4800,2025-12-06,Completed
123245,4800,2025-12-07,Completed
123246,4800,2025-12-08,Completed
123247,4800,2025-12-08,Cancelled
123248,4800,2025-12-08,Returned
123249,4800,2025-12-08,Completed
123250,4800,2025-12-11,Returned
123251,4800,2025-12-11,Completed
123252,4800,2025-12-14,Completed
123253,4800,2025-12-16,Completed
123254,4800,2025-12-16,Completed
123255,4800,2025-12-16,Returned
123256,4800,2025-12-17,Completed
123257,4800,2025-12-17,Completed
123258,4800,2025-12-17,Completed
123259,4800,2025-12-17,Completed
123260,4800,2025-12-19,Completed
123261,4800,2025-12-21,Completed
123262,4800,2025-12-22,Completed
123263,4800,2025-12-23,Completed
123264,4800,2025-12-23,Completed
123265,4800,2025-12-24,Completed
123266,4800,2025-12-24,Completed
123267,4800,2025-12-26,Completed
123268,4800,2025-12-27,Cancelled
123269,4800,2025-12-31,Completed
123270,4940,2025-11-13,Completed
123271,4940,2025-12-13,Completed
123272,274,2025-11-13,Completed
123273,9211,2025-11-13,Completed
123274,7980,2025-11-13,Completed
123275,7980,2025-12-02,Completed
123276,8174,2025-11-13,Completed
123277,758,2025-11-13,Completed
123278,758,2025-12-07,Completed
123279,2277,2025-11-13,Completed
123280,3866,2025-11-13,Completed
123281,596,2025-11-14,Completed
123282,9628,2025-11-14,Completed
123283,90,2025-11-14,Completed
123284,90,2025-12-10,Completed
123285,7867,2025-11-14,Returned
123286,725,2025-11-14,Completed
123287,4640,2025-11-14,Completed
123288,6828,2025-11-14,Completed
123289,6751,2025-11-14,Returned
123290,6450,2025-11-14,Completed
123291,6450,2025-12-16,Returned
123292,2578,2025-11-14,Completed
123293,2578,2025-12-11,Completed
123294,3510,2025-11-14,Completed
123295,6972,2025-11-14,Completed
123296,11379,2025-11-14,Completed
123297,7083,2025-11-14,Completed
123298,7083,2025-12-13,Completed
123299,2993,2025-11-14,Completed
123300,11843,2025-11-14,Completed
123301,371,2025-11-14,Completed
123302,1410,2025-11-14,Completed
123303,1410,2025-12-14,Returned
123304,8885,2025-11-14,Returned
123305,1161,2025-11-14,Completed
123306,1161,2025-12-05,Completed
123307,1161,2025-12-31,Completed
123308,9863,2025-11-14,Completed
123309,9863,2025-12-06,Returned
123310,927,2025-11-14,Completed
123311,8506,2025-11-15,Completed
123312,8115,2025-11-15,Completed
123313,1980,2025-11-15,Completed
123314,9363,2025-11-15,Completed
123315,9363,2025-12-31,Completed
123316,8283,2025-11-15,Completed
123317,8283,2025-12-22,Completed
123318,8604,2025-11-15,Returned
123319,837,2025-11-15,Completed
123320,3771,2025-11-15,Completed
123321,5475,2025-11-15,Completed
123322,5475,2025-12-17,Cancelled
123323,10422,2025-11-15,Returned
123324,10413,2025-11-15,Completed
123325,2135,2025-11-15,Completed
123326,2064,2025-11-15,Completed
123327,2064,2025-12-17,Completed
123328,4382,2025-11-15,Completed
123329,508,2025-11-15,Completed
123330,508,2025-12-03,Completed
123331,5534,2025-11-15,Completed
123332,8623,2025-11-15,Completed
123333,8623,2025-12-24,Completed
123334,956,2025-11-15,Completed
123335,956,2025-12-07,Completed
123336,11076,2025-11-15,Completed
123337,7439,2025-11-15,Completed
123338,7439,2025-12-13,Completed
123339,6502,2025-11-15,Completed
123340,1348,2025-11-15,Completed
123341,11548,2025-11-15,Completed
123342,10785,2025-11-15,Completed
123343,5363,2025-11-15,Completed
123344,8667,2025-11-15,Completed
123345,10173,2025-11-15,Completed
123346,10150,2025-11-15,Completed
123347,10150,2025-12-25,Completed
123348,10742,2025-11-16,Completed
123349,5924,2025-11-16,Completed
123350,5924,2025-12-12,Completed
123351,10708,2025-11-16,Completed
123352,10708,2025-12-17,Cancelled
123353,11145,2025-11-16,Completed
123354,2040,2025-11-16,Completed
123355,5379,2025-11-16,Completed
123356,3889,2025-11-16,Completed
123357,174,2025-11-16,Completed
123358,7280,2025-11-16,Returned
123359,10472,2025-11-16,Completed
123360,11716,2025-11-16,Completed
123361,11591,2025-11-16,Completed
123362,951,2025-11-16,Cancelled
123363,2572,2025-11-16,Returned
123364,8136,2025-11-16,Completed
123365,9457,2025-11-16,Completed
123366,9457,2025-12-19,Completed
123367,2864,2025-11-16,Completed
123368,2864,2025-12-27,Completed
123369,7350,2025-11-16,Completed
123370,8919,2025-11-16,Completed
123371,7636,2025-11-16,Completed
123372,4403,2025-11-16,Returned
123373,4403,2025-12-31,Completed
123374,9389,2025-11-16,Completed
123375,406,2025-11-16,Completed
123376,3979,2025-11-16,Completed
123377,805,2025-11-16,Completed
123378,805,2025-12-12,Completed
123379,2704,2025-11-16,Completed
123380,2704,2025-12-08,Completed
123381,7915,2025-11-17,Completed
123382,4512,2025-11-17,Cancelled
123383,2564,2025-11-17,Completed
123384,2216,2025-11-17,Completed
123385,2216,2025-12-04,Completed
123386,1854,2025-11-17,Completed
123387,1195,2025-11-17,Completed
123388,5709,2025-11-17,Cancelled
123389,5709,2025-12-24,Completed
123390,3570,2025-11-17,Completed
123391,6886,2025-11-17,Completed
123392,1757,2025-11-17,Completed
123393,11400,2025-11-17,Completed
123394,11400,2025-12-26,Completed
123395,629,2025-11-17,Completed
123396,629,2025-12-22,Completed
123397,7883,2025-11-17,Completed
123398,3547,2025-11-17,Completed
123399,8306,2025-11-17,Completed
123400,1441,2025-11-17,Completed
123401,4836,2025-11-17,Completed
123402,4836,2025-12-22,Completed
123403,3849,2025-11-17,Cancelled
123404,6294,2025-11-17,Completed
123405,6161,2025-11-17,Completed
123406,10557,2025-11-17,Completed
123407,10557,2025-12-18,Returned
123408,6568,2025-11-17,Completed
123409,6568,2025-12-16,Completed
123410,8693,2025-11-17,Completed
123411,3064,2025-11-17,Completed
123412,4552,2025-11-17,Completed
123413,10878,2025-11-17,Completed
123414,3883,2025-11-17,Returned
123415,706,2025-11-17,Completed
123416,706,2025-12-25,Completed
123417,3591,2025-11-17,Completed
123418,530,2025-11-18,Completed
123419,7330,2025-11-18,Cancelled
123420,3738,2025-11-18,Completed
123421,5956,2025-11-18,Cancelled
123422,10055,2025-11-18,Returned
123423,5100,2025-11-18,Completed
123424,3957,2025-11-18,Completed
123425,1450,2025-11-18,Completed
123426,9924,2025-11-18,Returned
123427,11641,2025-11-18,Completed
123428,10194,2025-11-18,Completed
123429,7534,2025-11-18,Completed
123430,7690,2025-11-18,Completed
123431,7690,2025-12-11,Completed
123432,11553,2025-11-18,Completed
123433,11553,2025-12-29,Completed
123434,2496,2025-11-18,Completed
123435,2496,2025-12-18,Completed
123436,11515,2025-11-18,Completed
123437,11515,2025-12-14,Completed
123438,1575,2025-11-18,Completed
123439,1575,2025-12-26,Completed
123440,10595,2025-11-18,Completed
123441,9686,2025-11-18,Completed
123442,851,2025-11-18,Completed
123443,1952,2025-11-18,Cancelled
123444,1543,2025-11-18,Completed
123445,1543,2025-12-31,Completed
123446,8520,2025-11-18,Completed
123447,5646,2025-11-18,Returned
123448,5646,2025-12-04,Completed
123449,8887,2025-11-18,Completed
123450,8240,2025-11-18,Completed
123451,8240,2025-12-22,Completed
123452,4525,2025-11-18,Completed
123453,7438,2025-11-18,Returned
123454,8139,2025-11-18,Completed
123455,8133,2025-11-18,Completed
123456,4803,2025-11-18,Completed
123457,481,2025-11-18,Completed
123458,9338,2025-11-18,Completed
123459,1494,2025-11-18,Completed
123460,211,2025-11-18,Completed
123461,211,2025-12-29,Completed
123462,5060,2025-11-19,Completed
123463,2809,2025-11-19,Completed
123464,5900,2025-11-19,Returned
123465,5900,2025-12-11,Completed
123466,5876,2025-11-19,Completed
123467,804,2025-11-19,Completed
123468,8040,2025-11-19,Completed
123469,8040,2025-12-10,Completed
123470,2604,2025-11-19,Completed
123471,9643,2025-11-19,Returned
123472,2010,2025-11-19,Completed
123473,2010,2025-12-20,Completed
123474,3260,2025-11-19,Completed
123475,3260,2025-12-27,Completed
123476,1274,2025-11-19,Completed
123477,8238,2025-11-19,Completed
123478,8238,2025-12-21,Cancelled
123479,8229,2025-11-19,Completed
123480,8104,2025-11-19,Cancelled
123481,1824,2025-11-19,Completed
123482,3562,2025-11-19,Completed
123483,1795,2025-11-19,Completed
123484,1985,2025-11-19,Returned
123485,3832,2025-11-19,Completed
123486,4196,2025-11-19,Completed
123487,6136,2025-11-19,Returned
123488,6136,2025-12-10,Completed
123489,1616,2025-11-19,Completed
123490,1616,2025-12-19,Completed
123491,2190,2025-11-19,Returned
123492,2190,2025-12-29,Cancelled
123493,7098,2025-11-19,Completed
123494,10495,2025-11-19,Completed
123495,1376,2025-11-19,Completed
123496,10586,2025-11-19,Completed
123497,10586,2025-12-08,Completed
123498,2324,2025-11-19,Completed
123499,2324,2025-12-23,Returned
123500,4628,2025-11-19,Completed
123501,6929,2025-11-19,Completed
123502,11355,2025-11-19,Completed
123503,1366,2025-11-19,Completed
123504,11082,2025-11-20,Completed
123505,5028,2025-11-20,Completed
123506,11558,2025-11-20,Completed
123507,11558,2025-12-26,Completed
123508,7052,2025-11-20,Completed
123509,7052,2025-12-31,Completed
123510,10033,2025-11-20,Completed
123511,7047,2025-11-20,Completed
123512,492,2025-11-20,Completed
123513,4490,2025-11-20,Returned
123514,8417,2025-11-20,Completed
123515,8417,2025-12-11,Returned
123516,10848,2025-11-20,Completed
123517,10848,2025-12-15,Completed
123518,7058,2025-11-20,Completed
123519,2523,2025-11-20,Completed
123520,2523,2025-12-24,Completed
123521,8161,2025-11-20,Completed
123522,8285,2025-11-20,Completed
123523,5686,2025-11-20,Completed
123524,9463,2025-11-20,Completed
123525,9463,2025-12-28,Completed
123526,9237,2025-11-20,Completed
123527,9237,2025-12-11,Completed
123528,4882,2025-11-20,Completed
123529,7684,2025-11-20,Completed
123530,7408,2025-11-20,Completed
123531,2683,2025-11-20,Completed
123532,2683,2025-12-24,Cancelled
123533,889,2025-11-20,Completed
123534,889,2025-12-28,Cancelled
123535,3659,2025-11-20,Completed
123536,3659,2025-12-11,Completed
123537,9546,2025-11-20,Completed
123538,9546,2025-12-11,Completed
123539,6547,2025-11-20,Completed
123540,8892,2025-11-20,Completed
123541,2978,2025-11-21,Completed
123542,2978,2025-12-29,Completed
123543,6250,2025-11-21,Completed
123544,6250,2025-12-23,Completed
123545,2115,2025-11-21,Completed
123546,7040,2025-11-21,Completed
123547,7040,2025-12-18,Completed
123548,6298,2025-11-21,Returned
123549,6298,2025-12-24,Completed
123550,11969,2025-11-21,Completed
123551,4769,2025-11-21,Completed
123552,8105,2025-11-21,Returned
123553,9617,2025-11-21,Returned
123554,1515,2025-11-21,Completed
123555,1515,2025-12-28,Returned
123556,2875,2025-11-21,Completed
123557,2875,2025-12-24,Completed
123558,387,2025-11-21,Completed
123559,8367,2025-11-21,Completed
123560,9689,2025-11-21,Completed
123561,4930,2025-11-21,Completed
123562,4930,2025-12-27,Returned
123563,10156,2025-11-21,Completed
123564,10156,2025-12-30,Returned
123565,5617,2025-11-21,Completed
123566,8668,2025-11-21,Completed
123567,8668,2025-12-25,Completed
123568,1353,2025-11-21,Completed
123569,7760,2025-11-21,Completed
123570,7937,2025-11-21,Completed
123571,7603,2025-11-21,Completed
123572,3709,2025-11-21,Completed
123573,10062,2025-11-21,Completed
123574,10062,2025-12-26,Completed
123575,625,2025-11-21,Completed
123576,11053,2025-11-21,Completed
123577,1409,2025-11-21,Completed
123578,9936,2025-11-22,Completed
123579,9936,2025-12-25,Completed
123580,1812,2025-11-22,Completed
123581,3838,2025-11-22,Completed
123582,5198,2025-11-22,Completed
123583,10853,2025-11-22,Completed
123584,5216,2025-11-22,Completed
123585,5216,2025-12-24,Returned
123586,11086,2025-11-22,Completed
123587,11086,2025-12-18,Completed
123588,5234,2025-11-22,Completed
123589,5234,2025-12-31,Completed
123590,11253,2025-11-22,Completed
123591,8687,2025-11-22,Completed
123592,8835,2025-11-22,Completed
123593,4679,2025-11-22,Completed
123594,2969,2025-11-22,Completed
123595,2883,2025-11-22,Completed
123596,10183,2025-11-22,Completed
123597,11522,2025-11-22,Completed
123598,1780,2025-11-22,Completed
123599,1780,2025-12-29,Completed
123600,572,2025-11-22,Completed
123601,572,2025-12-31,Cancelled
123602,3671,2025-11-22,Completed
123603,3388,2025-11-22,Completed
123604,10680,2025-11-22,Completed
123605,7874,2025-11-22,Completed
123606,4353,2025-11-22,Completed
123607,4434,2025-11-22,Completed
123608,11349,2025-11-22,Completed
123609,8031,2025-11-22,Completed
123610,8031,2025-12-23,Completed
123611,4417,2025-11-22,Cancelled
123612,8070,2025-11-22,Completed
123613,11105,2025-11-23,Completed
123614,11105,2025-12-29,Completed
123615,4602,2025-11-23,Completed
123616,1686,2025-11-23,Completed
123617,5854,2025-11-23,Completed
123618,7064,2025-11-23,Completed
123619,2696,2025-11-23,Completed
123620,3102,2025-11-23,Completed
123621,3102,2025-12-29,Completed
123622,9130,2025-11-23,Completed
123623,11945,2025-11-23,Completed
123624,5699,2025-11-23,Completed
123625,3966,2025-11-23,Completed
123626,2962,2025-11-23,Completed
123627,11619,2025-11-23,Completed
123628,5326,2025-11-23,Completed
123629,11462,2025-11-23,Completed
123630,11462,2025-12-15,Completed
123631,8899,2025-11-23,Completed
123632,7562,2025-11-23,Completed
123633,2368,2025-11-23,Returned
123634,8953,2025-11-23,Completed
123635,10213,2025-11-23,Completed
123636,10213,2025-12-15,Completed
123637,8985,2025-11-23,Completed
123638,8985,2025-12-28,Returned
123639,3043,2025-11-23,Completed
123640,9169,2025-11-23,Completed
123641,9169,2025-12-27,Completed
123642,5341,2025-11-23,Completed
123643,11788,2025-11-23,Completed
123644,11788,2025-12-21,Returned
123645,8386,2025-11-23,Completed
123646,5781,2025-11-23,Completed
123647,5781,2025-12-24,Completed
123648,3377,2025-11-23,Completed
123649,7881,2025-11-23,Returned
123650,6082,2025-11-23,Completed
123651,6082,2025-12-11,Completed
123652,4868,2025-11-23,Completed
123653,4868,2025-12-15,Completed
123654,8409,2025-11-23,Completed
123655,8409,2025-12-20,Completed
123656,2260,2025-11-23,Completed
123657,11514,2025-11-23,Returned
123658,11746,2025-11-23,Completed
123659,2761,2025-11-23,Completed
123660,7706,2025-11-23,Completed
123661,2672,2025-11-23,Completed
123662,10121,2025-11-23,Completed
123663,9718,2025-11-23,Completed
123664,328,2025-11-23,Returned
123665,1473,2025-11-23,Completed
123666,2286,2025-11-23,Completed
123667,10457,2025-11-23,Completed
123668,10457,2025-12-22,Cancelled
123669,7895,2025-11-23,Completed
123670,7895,2025-12-11,Completed
123671,6170,2025-11-24,Completed
123672,3582,2025-11-24,Completed
123673,10922,2025-11-24,Returned
123674,2807,2025-11-24,Completed
123675,7505,2025-11-24,Completed
123676,9142,2025-11-24,Completed
123677,2133,2025-11-24,Completed
123678,7042,2025-11-24,Completed
123679,7042,2025-12-18,Completed
123680,2337,2025-11-24,Completed
123681,9437,2025-11-24,Completed
123682,9437,2025-12-22,Completed
123683,830,2025-11-24,Returned
123684,4463,2025-11-24,Completed
123685,4463,2025-12-19,Completed
123686,10542,2025-11-24,Completed
123687,6220,2025-11-24,Returned
123688,6065,2025-11-24,Returned
123689,3358,2025-11-24,Returned
123690,3334,2025-11-24,Completed
123691,10262,2025-11-24,Cancelled
123692,1558,2025-11-24,Returned
123693,7248,2025-11-24,Completed
123694,7248,2025-12-23,Completed
123695,8629,2025-11-24,Completed
123696,11896,2025-11-24,Completed
123697,4303,2025-11-24,Completed
123698,9868,2025-11-24,Completed
123699,5613,2025-11-24,Completed
123700,3117,2025-11-24,Completed
123701,8905,2025-11-24,Completed
123702,3057,2025-11-24,Completed
123703,3057,2025-12-29,Completed
123704,9567,2025-11-24,Completed
123705,9567,2025-12-31,Completed
123706,7632,2025-11-24,Completed
123707,11458,2025-11-24,Cancelled
123708,5559,2025-11-24,Completed
123709,5559,2025-12-28,Completed
123710,3032,2025-11-24,Completed
123711,2729,2025-11-25,Completed
123712,187,2025-11-25,Completed
123713,11300,2025-11-25,Completed
123714,4542,2025-11-25,Completed
123715,2584,2025-11-25,Completed
123716,11111,2025-11-25,Completed
123717,3921,2025-11-25,Completed
123718,3104,2025-11-25,Returned
123719,4410,2025-11-25,Completed
123720,10956,2025-11-25,Completed
123721,4184,2025-11-25,Completed
123722,2732,2025-11-25,Returned
123723,9074,2025-11-25,Cancelled
123724,9053,2025-11-25,Completed
123725,7576,2025-11-25,Completed
123726,8800,2025-11-25,Completed
123727,785,2025-11-25,Completed
123728,785,2025-12-25,Completed
123729,9845,2025-11-25,Cancelled
123730,9568,2025-11-25,Completed
123731,793,2025-11-25,Completed
123732,9191,2025-11-25,Returned
123733,9191,2025-12-26,Completed
123734,5842,2025-11-25,Completed
123735,9810,2025-11-25,Completed
123736,9858,2025-11-25,Completed
123737,9358,2025-11-25,Completed
123738,5971,2025-11-25,Completed
123739,5971,2025-12-17,Completed
123740,5983,2025-11-25,Completed
123741,10714,2025-11-25,Completed
123742,5384,2025-11-25,Completed
123743,7228,2025-11-26,Completed
123744,2490,2025-11-26,Completed
123745,2490,2025-12-15,Completed
123746,8783,2025-11-26,Completed
123747,4370,2025-11-26,Completed
123748,5240,2025-11-26,Completed
123749,2069,2025-11-26,Completed
123750,1545,2025-11-26,Completed
123751,834,2025-11-26,Returned
123752,9105,2025-11-26,Completed
123753,11950,2025-11-26,Completed
123754,5936,2025-11-26,Cancelled
123755,8337,2025-11-26,Cancelled
123756,7809,2025-11-26,Completed
123757,3645,2025-11-26,Completed
123758,5753,2025-11-26,Completed
123759,1505,2025-11-26,Completed
123760,8364,2025-11-26,Completed
123761,1509,2025-11-26,Completed
123762,6155,2025-11-26,Completed
123763,11830,2025-11-26,Completed
123764,7597,2025-11-26,Completed
123765,2949,2025-11-26,Completed
123766,5736,2025-11-26,Completed
123767,5736,2025-12-27,Completed
123768,8137,2025-11-26,Completed
123769,8137,2025-12-23,Returned
123770,4557,2025-11-26,Completed
123771,7390,2025-11-26,Returned
123772,5342,2025-11-26,Completed
123773,3965,2025-11-26,Cancelled
123774,814,2025-11-26,Completed
123775,2057,2025-11-27,Completed
123776,6870,2025-11-27,Completed
123777,5324,2025-11-27,Completed
123778,8688,2025-11-27,Completed
123779,8688,2025-12-31,Completed
123780,8673,2025-11-27,Completed
123781,10815,2025-11-27,Completed
123782,11517,2025-11-27,Completed
123783,11517,2025-12-24,Completed
123784,8679,2025-11-27,Completed
123785,1385,2025-11-27,Completed
123786,2020,2025-11-27,Returned
123787,10705,2025-11-27,Completed
123788,1785,2025-11-27,Completed
123789,10396,2025-11-27,Completed
123790,2884,2025-11-27,Completed
123791,2884,2025-12-26,Completed
123792,1925,2025-11-27,Completed
123793,1925,2025-12-17,Completed
123794,6203,2025-11-27,Completed
123795,3753,2025-11-27,Completed
123796,6272,2025-11-27,Completed
123797,6272,2025-12-28,Completed
123798,6729,2025-11-27,Completed
123799,7855,2025-11-27,Completed
123800,11565,2025-11-27,Returned
123801,9998,2025-11-27,Completed
123802,393,2025-11-27,Completed
123803,10325,2025-11-27,Completed
123804,2401,2025-11-27,Completed
123805,372,2025-11-27,Completed
123806,4885,2025-11-27,Completed
123807,4885,2025-12-22,Completed
123808,8653,2025-11-27,Completed
123809,5243,2025-11-27,Completed
123810,10242,2025-11-27,Returned
123811,3564,2025-11-27,Completed
123812,9063,2025-11-27,Completed
123813,676,2025-11-27,Returned
123814,10103,2025-11-27,Completed
123815,11682,2025-11-27,Completed
123816,11682,2025-12-18,Cancelled
123817,11858,2025-11-27,Completed
123818,11858,2025-12-22,Completed
123819,9380,2025-11-27,Completed
123820,8939,2025-11-28,Completed
123821,7173,2025-11-28,Completed
123822,2607,2025-11-28,Completed
123823,5837,2025-11-28,Completed
123824,4621,2025-11-28,Returned
123825,6111,2025-11-28,Completed
123826,3048,2025-11-28,Completed
123827,6403,2025-11-28,Completed
123828,6403,2025-12-21,Completed
123829,268,2025-11-28,Completed
123830,8454,2025-11-28,Completed
123831,9343,2025-11-28,Returned
123832,10718,2025-11-28,Completed
123833,2183,2025-11-28,Completed
123834,5567,2025-11-28,Completed
123835,926,2025-11-28,Completed
123836,611,2025-11-28,Completed
123837,11601,2025-11-28,Returned
123838,6282,2025-11-28,Returned
123839,6282,2025-12-27,Completed
123840,4929,2025-11-28,Completed
123841,5349,2025-11-28,Completed
123842,6148,2025-11-28,Completed
123843,4807,2025-11-28,Completed
123844,10273,2025-11-28,Completed
123845,2087,2025-11-28,Completed
123846,2087,2025-12-31,Completed
123847,7979,2025-11-28,Completed
123848,8090,2025-11-28,Completed
123849,333,2025-11-28,Completed
123850,10344,2025-11-28,Completed
123851,11357,2025-11-29,Completed
123852,9441,2025-11-29,Completed
123853,11715,2025-11-29,Completed
123854,1518,2025-11-29,Completed
123855,11571,2025-11-29,Completed
123856,10889,2025-11-29,Completed
123857,1113,2025-11-29,Completed
123858,1057,2025-11-29,Completed
123859,173,2025-11-29,Completed
123860,8877,2025-11-29,Completed
123861,9252,2025-11-29,Completed
123862,8006,2025-11-29,Completed
123863,2605,2025-11-29,Completed
123864,2605,2025-12-22,Completed
123865,323,2025-11-29,Cancelled
123866,323,2025-12-26,Completed
123867,4113,2025-11-29,Completed
123868,4448,2025-11-29,Returned
123869,6150,2025-11-29,Completed
123870,6150,2025-12-20,Completed
123871,10910,2025-11-29,Completed
123872,9524,2025-11-29,Completed
123873,7178,2025-11-29,Completed
123874,6907,2025-11-29,Completed
123875,1820,2025-11-29,Completed
123876,1820,2025-12-27,Completed
123877,3330,2025-11-29,Completed
123878,6901,2025-11-29,Completed
123879,6472,2025-11-29,Completed
123880,8402,2025-11-29,Completed
123881,7480,2025-11-29,Returned
123882,7480,2025-12-29,Completed
123883,9898,2025-11-29,Completed
123884,141,2025-11-29,Completed
123885,4688,2025-11-29,Completed
123886,9143,2025-11-29,Completed
123887,6820,2025-11-29,Completed
123888,4213,2025-11-29,Completed
123889,7917,2025-11-29,Completed
123890,7917,2025-12-30,Completed
123891,6807,2025-11-29,Completed
123892,6807,2025-12-21,Completed
123893,5716,2025-11-30,Completed
123894,6617,2025-11-30,Completed
123895,3344,2025-11-30,Returned
123896,474,2025-11-30,Completed
123897,798,2025-11-30,Completed
123898,9495,2025-11-30,Cancelled
123899,9495,2025-12-30,Completed
123900,7113,2025-11-30,Completed
123901,7113,2025-12-24,Completed
123902,4019,2025-11-30,Cancelled
123903,1934,2025-11-30,Completed
123904,8148,2025-11-30,Completed
123905,8148,2025-12-19,Completed
123906,10966,2025-11-30,Completed
123907,1951,2025-11-30,Completed
123908,6817,2025-11-30,Completed
123909,985,2025-11-30,Returned
123910,5637,2025-11-30,Completed
123911,10539,2025-11-30,Returned
123912,7801,2025-11-30,Completed
123913,7801,2025-12-31,Completed
123914,4767,2025-11-30,Completed
123915,6404,2025-11-30,Completed
123916,10351,2025-11-30,Completed
123917,1618,2025-11-30,Returned
123918,583,2025-11-30,Completed
123919,583,2025-12-25,Completed
123920,6684,2025-11-30,Completed
123921,9661,2025-11-30,Completed
123922,11236,2025-11-30,Completed
123923,11096,2025-11-30,Completed
123924,5746,2025-11-30,Returned
123925,9756,2025-11-30,Completed
123926,10617,2025-12-01,Completed
123927,10617,2025-12-22,Completed
123928,7460,2025-12-01,Completed
123929,6850,2025-12-01,Completed
123930,10574,2025-12-01,Completed
123931,10574,2025-12-28,Completed
123932,1398,2025-12-01,Completed
123933,6290,2025-12-01,Completed
123934,4161,2025-12-01,Completed
123935,4872,2025-12-01,Completed
123936,8882,2025-12-01,Completed
123937,2447,2025-12-01,Completed
123938,5652,2025-12-01,Completed
123939,1373,2025-12-01,Completed
123940,3606,2025-12-01,Completed
123941,6559,2025-12-01,Completed
123942,8363,2025-12-01,Completed
123943,5510,2025-12-01,Completed
123944,8712,2025-12-01,Completed
123945,9642,2025-12-01,Completed
123946,4422,2025-12-01,Completed
123947,4045,2025-12-01,Returned
123948,7418,2025-12-01,Completed
123949,10551,2025-12-01,Completed
123950,10551,2025-12-21,Completed
123951,8452,2025-12-01,Completed
123952,209,2025-12-01,Returned
123953,8234,2025-12-01,Completed
123954,4461,2025-12-01,Completed
123955,1750,2025-12-01,Completed
123956,1750,2025-12-29,Cancelled
123957,9454,2025-12-01,Completed
123958,6318,2025-12-02,Completed
123959,8963,2025-12-02,Returned
123960,2538,2025-12-02,Completed
123961,2351,2025-12-02,Cancelled
123962,8145,2025-12-02,Completed
123963,4352,2025-12-02,Completed
123964,6043,2025-12-02,Completed
123965,8011,2025-12-02,Completed
123966,8011,2025-12-31,Completed
123967,8606,2025-12-02,Completed
123968,4777,2025-12-02,Completed
123969,4144,2025-12-02,Completed
123970,735,2025-12-02,Completed
123971,8999,2025-12-02,Completed
123972,4141,2025-12-02,Cancelled
123973,8599,2025-12-02,Completed
123974,10568,2025-12-02,Completed
123975,35,2025-12-02,Completed
123976,6156,2025-12-02,Cancelled
123977,6156,2025-12-25,Completed
123978,8913,2025-12-02,Completed
123979,10224,2025-12-02,Completed
123980,7990,2025-12-02,Completed
123981,5329,2025-12-03,Completed
123982,5329,2025-12-31,Completed
123983,10436,2025-12-03,Completed
123984,10436,2025-12-31,Completed
123985,11370,2025-12-03,Completed
123986,11370,2025-12-21,Completed
123987,8242,2025-12-03,Completed
123988,3183,2025-12-03,Completed
123989,10927,2025-12-03,Returned
123990,6660,2025-12-03,Completed
123991,6387,2025-12-03,Completed
123992,6387,2025-12-20,Completed
123993,10093,2025-12-03,Returned
123994,6561,2025-12-03,Completed
123995,1989,2025-12-03,Cancelled
123996,3828,2025-12-03,Completed
123997,8532,2025-12-03,Completed
123998,1684,2025-12-03,Completed
123999,3026,2025-12-03,Completed
124000,9468,2025-12-03,Completed
124001,8610,2025-12-03,Completed
124002,4367,2025-12-03,Completed
124003,4367,2025-12-30,Completed
124004,4048,2025-12-03,Completed
124005,3672,2025-12-03,Completed
124006,2700,2025-12-03,Completed
124007,6139,2025-12-03,Completed
124008,3028,2025-12-03,Completed
124009,9526,2025-12-04,Returned
124010,6499,2025-12-04,Completed
124011,9517,2025-12-04,Completed
124012,9517,2025-12-23,Completed
124013,4699,2025-12-04,Completed
124014,2334,2025-12-04,Returned
124015,6876,2025-12-04,Completed
124016,2788,2025-12-04,Completed
124017,680,2025-12-04,Returned
124018,7773,2025-12-04,Returned
124019,4446,2025-12-04,Completed
124020,379,2025-12-04,Completed
124021,5636,2025-12-04,Completed
124022,5954,2025-12-04,Completed
124023,1275,2025-12-04,Completed
124024,8096,2025-12-04,Completed
124025,806,2025-12-04,Completed
124026,1344,2025-12-04,Completed
124027,2004,2025-12-04,Completed
124028,2219,2025-12-04,Completed
124029,8403,2025-12-04,Completed
124030,5078,2025-12-04,Completed
124031,1915,2025-12-04,Completed
124032,7740,2025-12-04,Completed
124033,9927,2025-12-04,Completed
124034,6863,2025-12-04,Completed
124035,9483,2025-12-04,Cancelled
124036,3283,2025-12-04,Completed
124037,6198,2025-12-04,Completed
124038,8480,2025-12-04,Completed
124039,694,2025-12-04,Completed
124040,2,2025-12-04,Completed
124041,2204,2025-12-04,Completed
124042,2085,2025-12-04,Completed
124043,2085,2025-12-23,Completed
124044,4903,2025-12-04,Completed
124045,3170,2025-12-04,Cancelled
124046,9381,2025-12-05,Cancelled
124047,5241,2025-12-05,Completed
124048,5241,2025-12-23,Completed
124049,11672,2025-12-05,Completed
124050,5511,2025-12-05,Completed
124051,855,2025-12-05,Completed
124052,7088,2025-12-05,Completed
124053,3136,2025-12-05,Completed
124054,8987,2025-12-05,Completed
124055,10918,2025-12-05,Completed
124056,7429,2025-12-05,Completed
124057,7303,2025-12-05,Completed
124058,7303,2025-12-29,Completed
124059,7857,2025-12-05,Completed
124060,860,2025-12-05,Returned
124061,10944,2025-12-05,Completed
124062,9594,2025-12-05,Completed
124063,4507,2025-12-05,Completed
124064,533,2025-12-05,Completed
124065,11456,2025-12-05,Completed
124066,2382,2025-12-05,Completed
124067,391,2025-12-05,Completed
124068,11470,2025-12-05,Completed
124069,9472,2025-12-05,Completed
124070,6006,2025-12-05,Completed
124071,11751,2025-12-05,Cancelled
124072,8830,2025-12-05,Completed
124073,7860,2025-12-05,Completed
124074,223,2025-12-05,Completed
124075,1782,2025-12-05,Completed
124076,8641,2025-12-05,Completed
124077,6670,2025-12-06,Completed
124078,10401,2025-12-06,Completed
124079,4466,2025-12-06,Completed
124080,8671,2025-12-06,Completed
124081,11294,2025-12-06,Returned
124082,4379,2025-12-06,Completed
124083,9357,2025-12-06,Completed
124084,6218,2025-12-06,Completed
124085,6218,2025-12-29,Completed
124086,3378,2025-12-06,Completed
124087,5620,2025-12-06,Completed
124088,8549,2025-12-06,Completed
124089,6222,2025-12-06,Completed
124090,413,2025-12-06,Completed
124091,413,2025-12-27,Completed
124092,1180,2025-12-06,Completed
124093,1046,2025-12-06,Completed
124094,5782,2025-12-06,Cancelled
124095,8463,2025-12-06,Returned
124096,9854,2025-12-06,Returned
124097,5250,2025-12-06,Completed
124098,11910,2025-12-06,Completed
124099,8387,2025-12-06,Completed
124100,6236,2025-12-06,Completed
124101,9134,2025-12-06,Completed
124102,1784,2025-12-06,Completed
124103,5082,2025-12-06,Completed
124104,8194,2025-12-06,Returned
124105,5018,2025-12-06,Completed
124106,11831,2025-12-07,Completed
124107,1065,2025-12-07,Completed
124108,1437,2025-12-07,Cancelled
124109,6990,2025-12-07,Completed
124110,6961,2025-12-07,Returned
124111,1852,2025-12-07,Completed
124112,5031,2025-12-07,Completed
124113,8836,2025-12-07,Completed
124114,10420,2025-12-07,Returned
124115,8004,2025-12-07,Completed
124116,5081,2025-12-07,Completed
124117,9955,2025-12-07,Completed
124118,10702,2025-12-07,Completed
124119,10677,2025-12-07,Completed
124120,10677,2025-12-31,Completed
124121,8943,2025-12-07,Cancelled
124122,11627,2025-12-07,Returned
124123,3049,2025-12-07,Completed
124124,3115,2025-12-07,Completed
124125,10097,2025-12-07,Completed
124126,11399,2025-12-07,Completed
124127,3514,2025-12-07,Completed
124128,3454,2025-12-07,Completed
124129,4345,2025-12-07,Completed
124130,6565,2025-12-07,Completed
124131,1899,2025-12-07,Completed
124132,9497,2025-12-07,Completed
124133,1462,2025-12-07,Completed
124134,1462,2025-12-24,Completed
124135,4020,2025-12-07,Completed
124136,9541,2025-12-07,Returned
124137,3553,2025-12-07,Completed
124138,8616,2025-12-07,Completed
124139,6563,2025-12-07,Completed
124140,7358,2025-12-07,Completed
124141,10885,2025-12-07,Completed
124142,6329,2025-12-07,Cancelled
124143,6320,2025-12-07,Completed
124144,9050,2025-12-07,Completed
124145,1603,2025-12-07,Completed
124146,410,2025-12-07,Returned
124147,10627,2025-12-07,Completed
124148,1377,2025-12-07,Completed
124149,1377,2025-12-26,Completed
124150,2131,2025-12-07,Cancelled
124151,10395,2025-12-08,Completed
124152,5467,2025-12-08,Cancelled
124153,8199,2025-12-08,Completed
124154,8308,2025-12-08,Returned
124155,9764,2025-12-08,Completed
124156,2240,2025-12-08,Completed
124157,5618,2025-12-08,Completed
124158,4279,2025-12-08,Completed
124159,8803,2025-12-08,Completed
124160,9874,2025-12-08,Completed
124161,3577,2025-12-08,Completed
124162,9281,2025-12-08,Completed
124163,2448,2025-12-08,Completed
124164,5885,2025-12-08,Completed
124165,8206,2025-12-08,Completed
124166,11385,2025-12-08,Completed
124167,4146,2025-12-08,Completed
124168,411,2025-12-08,Completed
124169,3008,2025-12-08,Completed
124170,8561,2025-12-08,Completed
124171,2107,2025-12-08,Completed
124172,4547,2025-12-08,Completed
124173,11441,2025-12-08,Completed
124174,11171,2025-12-08,Completed
124175,2935,2025-12-08,Completed
124176,2851,2025-12-08,Completed
124177,6217,2025-12-08,Completed
124178,1419,2025-12-08,Returned
124179,8622,2025-12-08,Completed
124180,6705,2025-12-08,Completed
124181,1352,2025-12-08,Returned
124182,7464,2025-12-08,Completed
124183,1005,2025-12-08,Cancelled
124184,5921,2025-12-08,Completed
124185,1590,2025-12-08,Completed
124186,1254,2025-12-08,Completed
124187,3819,2025-12-08,Completed
124188,6572,2025-12-08,Completed
124189,7220,2025-12-08,Completed
124190,9078,2025-12-08,Completed
124191,7752,2025-12-08,Completed
124192,3851,2025-12-08,Completed
124193,3851,2025-12-31,Completed
124194,4944,2025-12-08,Completed
124195,4944,2025-12-31,Completed
124196,2906,2025-12-08,Completed
124197,11891,2025-12-08,Completed
124198,6186,2025-12-08,Completed
124199,6186,2025-12-24,Completed
124200,544,2025-12-09,Completed
124201,11712,2025-12-09,Returned
124202,10216,2025-12-09,Returned
124203,9655,2025-12-09,Completed
124204,7906,2025-12-09,Completed
124205,10087,2025-12-09,Completed
124206,681,2025-12-09,Completed
124207,681,2025-12-29,Returned
124208,4207,2025-12-09,Completed
124209,89,2025-12-09,Completed
124210,7150,2025-12-09,Completed
124211,3311,2025-12-09,Completed
124212,7725,2025-12-09,Completed
124213,3162,2025-12-09,Completed
124214,3821,2025-12-09,Completed
124215,7849,2025-12-09,Completed
124216,4174,2025-12-09,Completed
124217,4094,2025-12-09,Completed
124218,2213,2025-12-09,Completed
124219,5133,2025-12-09,Completed
124220,5607,2025-12-09,Returned
124221,5659,2025-12-09,Completed
124222,10740,2025-12-09,Completed
124223,11911,2025-12-09,Completed
124224,5853,2025-12-09,Completed
124225,6947,2025-12-09,Completed
124226,6947,2025-12-31,Cancelled
124227,6836,2025-12-09,Completed
124228,8777,2025-12-09,Completed
124229,5829,2025-12-09,Completed
124230,827,2025-12-09,Completed
124231,11895,2025-12-09,Completed
124232,6690,2025-12-09,Completed
124233,2659,2025-12-09,Completed
124234,8879,2025-12-09,Completed
124235,11265,2025-12-10,Returned
124236,543,2025-12-10,Completed
124237,459,2025-12-10,Completed
124238,9012,2025-12-10,Completed
124239,3722,2025-12-10,Completed
124240,6789,2025-12-10,Completed
124241,4474,2025-12-10,Completed
124242,10428,2025-12-10,Returned
124243,2211,2025-12-10,Completed
124244,9650,2025-12-10,Completed
124245,10415,2025-12-10,Completed
124246,10154,2025-12-10,Completed
124247,10154,2025-12-31,Completed
124248,11031,2025-12-10,Completed
124249,754,2025-12-10,Completed
124250,11635,2025-12-10,Returned
124251,11908,2025-12-10,Completed
124252,5847,2025-12-10,Completed
124253,2952,2025-12-10,Completed
124254,6752,2025-12-10,Completed
124255,7749,2025-12-10,Completed
124256,7799,2025-12-10,Returned
124257,3309,2025-12-10,Completed
124258,8761,2025-12-10,Completed
124259,5011,2025-12-10,Completed
124260,6034,2025-12-10,Completed
124261,11765,2025-12-10,Completed
124262,1031,2025-12-10,Completed
124263,6027,2025-12-10,Completed
124264,10034,2025-12-10,Completed
124265,8441,2025-12-10,Cancelled
124266,10329,2025-12-10,Completed
124267,13,2025-12-10,Completed
124268,7493,2025-12-10,Completed
124269,10746,2025-12-10,Completed
124270,1933,2025-12-10,Completed
124271,3369,2025-12-10,Completed
124272,8518,2025-12-10,Completed
124273,4919,2025-12-11,Completed
124274,1836,2025-12-11,Completed
124275,9465,2025-12-11,Completed
124276,10218,2025-12-11,Completed
124277,6049,2025-12-11,Completed
124278,3384,2025-12-11,Completed
124279,9970,2025-12-11,Returned
124280,4842,2025-12-11,Completed
124281,4035,2025-12-11,Completed
124282,5973,2025-12-11,Completed
124283,2420,2025-12-11,Completed
124284,7533,2025-12-11,Completed
124285,1338,2025-12-11,Completed
124286,7468,2025-12-11,Returned
124287,8493,2025-12-11,Completed
124288,4073,2025-12-11,Completed
124289,2625,2025-12-11,Cancelled
124290,297,2025-12-11,Completed
124291,2208,2025-12-11,Completed
124292,2610,2025-12-11,Completed
124293,7233,2025-12-11,Returned
124294,11423,2025-12-11,Completed
124295,10285,2025-12-11,Completed
124296,181,2025-12-11,Completed
124297,193,2025-12-11,Completed
124298,3125,2025-12-11,Completed
124299,11862,2025-12-11,Completed
124300,503,2025-12-11,Completed
124301,11927,2025-12-12,Completed
124302,11846,2025-12-12,Cancelled
124303,11429,2025-12-12,Completed
124304,4310,2025-12-12,Completed
124305,9439,2025-12-12,Completed
124306,5493,2025-12-12,Returned
124307,8084,2025-12-12,Completed
124308,6455,2025-12-12,Completed
124309,7205,2025-12-12,Returned
124310,7688,2025-12-12,Completed
124311,10068,2025-12-12,Completed
124312,11530,2025-12-12,Returned
124313,2407,2025-12-12,Completed
124314,7756,2025-12-12,Completed
124315,5316,2025-12-12,Completed
124316,8711,2025-12-12,Completed
124317,8155,2025-12-12,Completed
124318,7589,2025-12-12,Completed
124319,2159,2025-12-12,Completed
124320,10035,2025-12-12,Cancelled
124321,3176,2025-12-12,Completed
124322,5725,2025-12-12,Completed
124323,3592,2025-12-12,Completed
124324,6694,2025-12-12,Completed
124325,11648,2025-12-12,Completed
124326,9232,2025-12-12,Completed
124327,10446,2025-12-12,Completed
124328,1179,2025-12-12,Completed
124329,6624,2025-12-12,Completed
124330,11296,2025-12-12,Completed
124331,5811,2025-12-12,Completed
124332,4516,2025-12-12,Completed
124333,11646,2025-12-13,Completed
124334,6261,2025-12-13,Completed
124335,11857,2025-12-13,Completed
124336,8426,2025-12-13,Completed
124337,8979,2025-12-13,Completed
124338,2008,2025-12-13,Completed
124339,5555,2025-12-13,Completed
124340,10973,2025-12-13,Completed
124341,11761,2025-12-13,Completed
124342,10378,2025-12-13,Completed
124343,9727,2025-12-13,Completed
124344,11324,2025-12-13,Completed
124345,4059,2025-12-13,Completed
124346,5064,2025-12-13,Completed
124347,10671,2025-12-13,Completed
124348,26,2025-12-13,Completed
124349,6516,2025-12-13,Completed
124350,6757,2025-12-13,Completed
124351,8689,2025-12-13,Completed
124352,11100,2025-12-13,Completed
124353,3009,2025-12-13,Completed
124354,8446,2025-12-13,Completed
124355,5271,2025-12-13,Completed
124356,11132,2025-12-14,Completed
124357,7333,2025-12-14,Completed
124358,699,2025-12-14,Completed
124359,4859,2025-12-14,Completed
124360,11025,2025-12-14,Completed
124361,4954,2025-12-14,Completed
124362,5168,2025-12-14,Completed
124363,894,2025-12-14,Completed
124364,8197,2025-12-14,Completed
124365,9918,2025-12-14,Completed
124366,6699,2025-12-14,Completed
124367,7543,2025-12-14,Completed
124368,3263,2025-12-14,Completed
124369,7269,2025-12-14,Completed
124370,639,2025-12-14,Completed
124371,7412,2025-12-14,Completed
124372,1359,2025-12-14,Completed
124373,2600,2025-12-14,Completed
124374,10582,2025-12-14,Completed
124375,1770,2025-12-14,Completed
124376,1087,2025-12-14,Completed
124377,573,2025-12-14,Completed
124378,7942,2025-12-14,Completed
124379,5290,2025-12-14,Completed
124380,480,2025-12-14,Completed
124381,5305,2025-12-15,Cancelled
124382,5826,2025-12-15,Completed
124383,5752,2025-12-15,Completed
124384,11622,2025-12-15,Completed
124385,10827,2025-12-15,Completed
124386,3450,2025-12-15,Completed
124387,4936,2025-12-15,Returned
124388,9885,2025-12-15,Cancelled
124389,4917,2025-12-15,Returned
124390,11007,2025-12-15,Cancelled
124391,5897,2025-12-15,Completed
124392,8023,2025-12-15,Returned
124393,1894,2025-12-15,Returned
124394,250,2025-12-15,Completed
124395,810,2025-12-15,Completed
124396,10881,2025-12-15,Completed
124397,10747,2025-12-15,Completed
124398,4972,2025-12-15,Completed
124399,11014,2025-12-15,Completed
124400,2837,2025-12-15,Completed
124401,763,2025-12-15,Completed
124402,2252,2025-12-15,Completed
124403,1499,2025-12-15,Completed
124404,4789,2025-12-15,Completed
124405,128,2025-12-15,Completed
124406,4849,2025-12-15,Completed
124407,3239,2025-12-15,Completed
124408,2110,2025-12-15,Completed
124409,10656,2025-12-15,Completed
124410,4661,2025-12-15,Cancelled
124411,157,2025-12-15,Completed
124412,7365,2025-12-15,Completed
124413,10222,2025-12-15,Completed
124414,7715,2025-12-15,Completed
124415,594,2025-12-15,Completed
124416,4203,2025-12-16,Completed
124417,9994,2025-12-16,Returned
124418,6,2025-12-16,Completed
124419,9308,2025-12-16,Completed
124420,11791,2025-12-16,Cancelled
124421,6925,2025-12-16,Returned
124422,2817,2025-12-16,Completed
124423,7902,2025-12-16,Cancelled
124424,9263,2025-12-16,Completed
124425,6444,2025-12-16,Completed
124426,8045,2025-12-16,Returned
124427,6867,2025-12-16,Completed
124428,7456,2025-12-16,Completed
124429,1416,2025-12-16,Completed
124430,8041,2025-12-16,Completed
124431,1136,2025-12-16,Completed
124432,6768,2025-12-16,Completed
124433,6246,2025-12-16,Returned
124434,7686,2025-12-16,Completed
124435,1048,2025-12-16,Completed
124436,2274,2025-12-16,Completed
124437,774,2025-12-16,Completed
124438,896,2025-12-16,Completed
124439,5433,2025-12-16,Completed
124440,8144,2025-12-16,Completed
124441,2947,2025-12-16,Completed
124442,2402,2025-12-17,Completed
124443,6775,2025-12-17,Completed
124444,2987,2025-12-17,Completed
124445,9073,2025-12-17,Cancelled
124446,9353,2025-12-17,Completed
124447,4090,2025-12-17,Completed
124448,11293,2025-12-17,Completed
124449,1181,2025-12-17,Completed
124450,9052,2025-12-17,Completed
124451,5193,2025-12-17,Completed
124452,4532,2025-12-17,Cancelled
124453,2285,2025-12-17,Completed
124454,3209,2025-12-17,Completed
124455,815,2025-12-17,Returned
124456,4415,2025-12-17,Completed
124457,4768,2025-12-17,Completed
124458,7061,2025-12-17,Completed
124459,8097,2025-12-17,Completed
124460,9602,2025-12-17,Completed
124461,2866,2025-12-17,Cancelled
124462,2221,2025-12-17,Completed
124463,1964,2025-12-17,Cancelled
124464,1460,2025-12-17,Completed
124465,5427,2025-12-18,Completed
124466,1847,2025-12-18,Completed
124467,3010,2025-12-18,Completed
124468,290,2025-12-18,Completed
124469,8192,2025-12-18,Completed
124470,3103,2025-12-18,Completed
124471,9288,2025-12-18,Completed
124472,4166,2025-12-18,Completed
124473,8251,2025-12-18,Completed
124474,3109,2025-12-18,Cancelled
124475,4321,2025-12-18,Completed
124476,6884,2025-12-18,Completed
124477,8675,2025-12-18,Completed
124478,6147,2025-12-18,Completed
124479,10532,2025-12-18,Completed
124480,6399,2025-12-18,Completed
124481,11166,2025-12-18,Completed
124482,5075,2025-12-18,Completed
124483,7938,2025-12-18,Returned
124484,2155,2025-12-18,Completed
124485,4666,2025-12-18,Completed
124486,6190,2025-12-18,Cancelled
124487,11047,2025-12-18,Completed
124488,7642,2025-12-18,Completed
124489,11523,2025-12-18,Completed
124490,6135,2025-12-18,Completed
124491,3854,2025-12-18,Completed
124492,7385,2025-12-18,Completed
124493,5146,2025-12-18,Returned
124494,451,2025-12-18,Completed
124495,599,2025-12-18,Completed
124496,8656,2025-12-18,Completed
124497,10504,2025-12-18,Completed
124498,11410,2025-12-19,Completed
124499,9861,2025-12-19,Completed
124500,9113,2025-12-19,Completed
124501,6009,2025-12-19,Completed
124502,7807,2025-12-19,Completed
124503,6095,2025-12-19,Completed
124504,2670,2025-12-19,Returned
124505,384,2025-12-19,Cancelled
124506,4986,2025-12-19,Completed
124507,1332,2025-12-19,Completed
124508,6172,2025-12-19,Completed
124509,5303,2025-12-19,Returned
124510,4597,2025-12-19,Completed
124511,6300,2025-12-19,Completed
124512,5951,2025-12-19,Completed
124513,4578,2025-12-19,Completed
124514,1393,2025-12-19,Completed
124515,7735,2025-12-19,Completed
124516,7324,2025-12-19,Completed
124517,865,2025-12-19,Completed
124518,10190,2025-12-19,Completed
124519,6509,2025-12-19,Completed
124520,6258,2025-12-19,Cancelled
124521,6476,2025-12-19,Completed
124522,2434,2025-12-19,Completed
124523,6412,2025-12-19,Completed
124524,2792,2025-12-19,Completed
124525,6426,2025-12-19,Completed
124526,8646,2025-12-19,Completed
124527,8816,2025-12-20,Completed
124528,8732,2025-12-20,Returned
124529,2618,2025-12-20,Completed
124530,3290,2025-12-20,Completed
124531,9455,2025-12-20,Completed
124532,9171,2025-12-20,Cancelled
124533,8210,2025-12-20,Completed
124534,8424,2025-12-20,Completed
124535,9424,2025-12-20,Completed
124536,8815,2025-12-20,Completed
124537,10936,2025-12-20,Returned
124538,4120,2025-12-20,Completed
124539,7909,2025-12-20,Completed
124540,6093,2025-12-20,Completed
124541,4934,2025-12-20,Completed
124542,6414,2025-12-20,Completed
124543,7654,2025-12-20,Returned
124544,1572,2025-12-20,Completed
124545,7594,2025-12-20,Completed
124546,10403,2025-12-20,Completed
124547,4442,2025-12-20,Completed
124548,4401,2025-12-20,Completed
124549,4397,2025-12-20,Completed
124550,2347,2025-12-20,Completed
124551,7028,2025-12-20,Completed
124552,3997,2025-12-20,Completed
124553,10163,2025-12-20,Completed
124554,7048,2025-12-20,Completed
124555,7431,2025-12-20,Completed
124556,558,2025-12-20,Completed
124557,7110,2025-12-20,Completed
124558,10698,2025-12-20,Completed
124559,11080,2025-12-20,Completed
124560,6633,2025-12-20,Completed
124561,1426,2025-12-20,Completed
124562,5658,2025-12-20,Completed
124563,11667,2025-12-20,Completed
124564,5343,2025-12-21,Returned
124565,10343,2025-12-21,Completed
124566,4623,2025-12-21,Completed
124567,1708,2025-12-21,Completed
124568,9736,2025-12-21,Completed
124569,1269,2025-12-21,Cancelled
124570,6612,2025-12-21,Completed
124571,5289,2025-12-21,Completed
124572,1428,2025-12-21,Completed
124573,6801,2025-12-21,Completed
124574,10052,2025-12-21,Completed
124575,6655,2025-12-21,Completed
124576,7659,2025-12-21,Completed
124577,7630,2025-12-21,Completed
124578,4577,2025-12-21,Completed
124579,10082,2025-12-21,Returned
124580,6114,2025-12-21,Completed
124581,2909,2025-12-21,Completed
124582,5258,2025-12-21,Completed
124583,9414,2025-12-21,Completed
124584,3629,2025-12-21,Completed
124585,5850,2025-12-21,Cancelled
124586,10773,2025-12-21,Returned
124587,3174,2025-12-21,Completed
124588,11731,2025-12-21,Completed
124589,7283,2025-12-21,Completed
124590,518,2025-12-21,Completed
124591,2686,2025-12-21,Completed
124592,10316,2025-12-21,Completed
124593,11106,2025-12-21,Completed
124594,4100,2025-12-22,Completed
124595,7282,2025-12-22,Completed
124596,7436,2025-12-22,Completed
124597,7074,2025-12-22,Completed
124598,5420,2025-12-22,Completed
124599,2521,2025-12-22,Completed
124600,9665,2025-12-22,Completed
124601,8245,2025-12-22,Completed
124602,7581,2025-12-22,Completed
124603,7218,2025-12-22,Completed
124604,6946,2025-12-22,Completed
124605,4533,2025-12-22,Completed
124606,10385,2025-12-22,Completed
124607,3221,2025-12-22,Completed
124608,6883,2025-12-22,Completed
124609,7401,2025-12-22,Completed
124610,11869,2025-12-22,Completed
124611,3230,2025-12-22,Completed
124612,10797,2025-12-22,Completed
124613,6745,2025-12-22,Completed
124614,4841,2025-12-22,Completed
124615,7783,2025-12-22,Completed
124616,9991,2025-12-22,Completed
124617,9150,2025-12-22,Completed
124618,5786,2025-12-22,Completed
124619,7863,2025-12-22,Completed
124620,4650,2025-12-22,Completed
124621,1580,2025-12-22,Completed
124622,2449,2025-12-22,Completed
124623,7941,2025-12-22,Completed
124624,9347,2025-12-23,Completed
124625,10692,2025-12-23,Completed
124626,342,2025-12-23,Completed
124627,4826,2025-12-23,Completed
124628,7481,2025-12-23,Cancelled
124629,1969,2025-12-23,Completed
124630,1932,2025-12-23,Completed
124631,11948,2025-12-23,Completed
124632,9572,2025-12-23,Completed
124633,7582,2025-12-23,Completed
124634,1856,2025-12-23,Completed
124635,595,2025-12-23,Completed
124636,4214,2025-12-23,Completed
124637,6500,2025-12-23,Completed
124638,5563,2025-12-23,Completed
124639,10570,2025-12-23,Completed
124640,9901,2025-12-23,Completed
124641,4418,2025-12-23,Completed
124642,2322,2025-12-23,Completed
124643,2278,2025-12-24,Completed
124644,8676,2025-12-24,Completed
124645,6047,2025-12-24,Completed
124646,979,2025-12-24,Completed
124647,6004,2025-12-24,Completed
124648,5058,2025-12-24,Completed
124649,6702,2025-12-24,Completed
124650,5157,2025-12-24,Completed
124651,4326,2025-12-24,Completed
124652,4334,2025-12-24,Completed
124653,7069,2025-12-24,Completed
124654,1901,2025-12-24,Completed
124655,11172,2025-12-24,Completed
124656,7002,2025-12-24,Cancelled
124657,6989,2025-12-24,Completed
124658,10972,2025-12-24,Completed
124659,6251,2025-12-24,Completed
124660,10978,2025-12-24,Returned
124661,8958,2025-12-24,Completed
124662,5783,2025-12-24,Completed
124663,4850,2025-12-24,Completed
124664,11702,2025-12-24,Completed
124665,7877,2025-12-24,Completed
124666,3536,2025-12-24,Completed
124667,10025,2025-12-24,Completed
124668,7440,2025-12-24,Completed
124669,3674,2025-12-24,Cancelled
124670,719,2025-12-24,Completed
124671,2550,2025-12-24,Completed
124672,3559,2025-12-24,Completed
124673,7782,2025-12-24,Completed
124674,11466,2025-12-24,Returned
124675,3390,2025-12-24,Completed
124676,1026,2025-12-24,Completed
124677,8271,2025-12-24,Completed
124678,8033,2025-12-24,Completed
124679,1986,2025-12-25,Completed
124680,7918,2025-12-25,Cancelled
124681,11528,2025-12-25,Completed
124682,5701,2025-12-25,Completed
124683,9865,2025-12-25,Completed
124684,3958,2025-12-25,Completed
124685,964,2025-12-25,Completed
124686,8516,2025-12-25,Completed
124687,11782,2025-12-25,Completed
124688,3956,2025-12-25,Completed
124689,3093,2025-12-25,Completed
124690,2982,2025-12-25,Completed
124691,10528,2025-12-25,Completed
124692,11677,2025-12-25,Completed
124693,3507,2025-12-25,Returned
124694,4855,2025-12-25,Completed
124695,7146,2025-12-25,Completed
124696,2726,2025-12-25,Completed
124697,4289,2025-12-25,Completed
124698,10313,2025-12-25,Completed
124699,10165,2025-12-25,Returned
124700,1825,2025-12-25,Completed
124701,8165,2025-12-25,Cancelled
124702,6494,2025-12-25,Completed
124703,9592,2025-12-25,Completed
124704,2125,2025-12-26,Completed
124705,6080,2025-12-26,Completed
124706,6530,2025-12-26,Completed
124707,5797,2025-12-26,Completed
124708,10031,2025-12-26,Completed
124709,1079,2025-12-26,Completed
124710,1763,2025-12-26,Cancelled
124711,1043,2025-12-26,Completed
124712,872,2025-12-26,Completed
124713,1643,2025-12-26,Completed
124714,2983,2025-12-26,Completed
124715,1756,2025-12-26,Completed
124716,11729,2025-12-26,Completed
124717,6042,2025-12-26,Completed
124718,2651,2025-12-26,Completed
124719,7007,2025-12-26,Completed
124720,790,2025-12-26,Completed
124721,10125,2025-12-26,Completed
124722,10321,2025-12-26,Completed
124723,11527,2025-12-26,Completed
124724,1390,2025-12-26,Completed
124725,9692,2025-12-26,Returned
124726,11796,2025-12-26,Completed
124727,3121,2025-12-26,Completed
124728,188,2025-12-26,Completed
124729,4299,2025-12-27,Cancelled
124730,1871,2025-12-27,Completed
124731,2557,2025-12-27,Completed
124732,9489,2025-12-27,Completed
124733,3213,2025-12-27,Returned
124734,1687,2025-12-27,Completed
124735,7790,2025-12-27,Completed
124736,8626,2025-12-27,Completed
124737,6771,2025-12-27,Completed
124738,407,2025-12-27,Completed
124739,6437,2025-12-27,Completed
124740,976,2025-12-27,Completed
124741,1459,2025-12-27,Completed
124742,458,2025-12-27,Completed
124743,1059,2025-12-27,Completed
124744,8522,2025-12-27,Completed
124745,537,2025-12-27,Completed
124746,5209,2025-12-27,Completed
124747,663,2025-12-27,Completed
124748,5609,2025-12-27,Completed
124749,455,2025-12-27,Completed
124750,8052,2025-12-27,Completed
124751,10494,2025-12-27,Returned
124752,1125,2025-12-27,Completed
124753,5893,2025-12-27,Completed
124754,10133,2025-12-27,Completed
124755,636,2025-12-27,Completed
124756,683,2025-12-28,Completed
124757,5451,2025-12-28,Completed
124758,11666,2025-12-28,Completed
124759,9451,2025-12-28,Completed
124760,5959,2025-12-28,Completed
124761,1772,2025-12-28,Returned
124762,9250,2025-12-28,Completed
124763,1813,2025-12-28,Completed
124764,10803,2025-12-28,Completed
124765,1108,2025-12-28,Completed
124766,9883,2025-12-28,Completed
124767,5017,2025-12-28,Completed
124768,10982,2025-12-28,Completed
124769,9735,2025-12-28,Completed
124770,3938,2025-12-28,Cancelled
124771,3184,2025-12-28,Completed
124772,1294,2025-12-28,Completed
124773,7712,2025-12-28,Completed
124774,11700,2025-12-28,Completed
124775,11596,2025-12-28,Completed
124776,4572,2025-12-28,Completed
124777,8762,2025-12-28,Completed
124778,4646,2025-12-28,Returned
124779,2662,2025-12-28,Completed
124780,3297,2025-12-28,Completed
124781,3068,2025-12-28,Returned
124782,4574,2025-12-29,Completed
124783,1990,2025-12-29,Returned
124784,7496,2025-12-29,Completed
124785,4955,2025-12-29,Returned
124786,9296,2025-12-29,Completed
124787,2769,2025-12-29,Completed
124788,8248,2025-12-29,Completed
124789,10333,2025-12-29,Completed
124790,2502,2025-12-29,Completed
124791,7097,2025-12-29,Completed
124792,9816,2025-12-29,Completed
124793,5264,2025-12-29,Completed
124794,824,2025-12-29,Completed
124795,10094,2025-12-29,Cancelled
124796,10255,2025-12-29,Completed
124797,9041,2025-12-29,Completed
124798,2175,2025-12-29,Completed
124799,2559,2025-12-29,Completed
124800,1634,2025-12-29,Completed
124801,4704,2025-12-29,Completed
124802,3328,2025-12-29,Completed
124803,401,2025-12-29,Completed
124804,6227,2025-12-29,Completed
124805,10038,2025-12-29,Completed
124806,8318,2025-12-29,Completed
124807,3876,2025-12-29,Completed
124808,11604,2025-12-30,Cancelled
124809,11395,2025-12-30,Completed
124810,11985,2025-12-30,Cancelled
124811,3360,2025-12-30,Returned
124812,5533,2025-12-30,Returned
124813,7829,2025-12-30,Completed
124814,11454,2025-12-30,Completed
124815,7129,2025-12-30,Completed
124816,4822,2025-12-30,Completed
124817,2435,2025-12-30,Completed
124818,10230,2025-12-30,Completed
124819,9842,2025-12-30,Completed
124820,6746,2025-12-30,Completed
124821,11499,2025-12-30,Completed
124822,2238,2025-12-30,Completed
124823,5267,2025-12-30,Completed
124824,829,2025-12-30,Completed
124825,3247,2025-12-30,Completed
124826,8597,2025-12-30,Returned
124827,84,2025-12-30,Cancelled
124828,8570,2025-12-30,Completed
124829,10392,2025-12-30,Completed
124830,3740,2025-12-30,Completed
124831,4520,2025-12-30,Returned
124832,6827,2025-12-30,Completed
124833,8088,2025-12-30,Returned
124834,8889,2025-12-30,Completed
124835,7978,2025-12-30,Completed
124836,7261,2025-12-30,Completed
