customer_id,recency_days,frequency,monetary,r_score,f_score,m_score,segment
808,731,1,25.36,1,1,1,Hibernating
8146,731,1,37.22,1,1,1,Hibernating
2998,731,1,138.28,1,1,2,Hibernating
11935,731,1,205.25,1,1,3,Hibernating
3835,730,1,160.93,1,1,2,Hibernating
2713,729,1,11.07,1,1,1,Hibernating
1121,729,1,39.48,1,1,1,Hibernating
1186,729,1,45.4,1,1,1,Hibernating
2243,729,1,115.82,1,1,2,Hibernating
5517,729,1,151.53,1,1,2,Hibernating
6782,729,1,281.75,1,1,3,Hibernating
2145,729,1,325.62,1,1,3,Hibernating
3011,729,1,434.57,1,1,4,Hibernating
6053,728,1,53.21,1,1,1,Hibernating
2404,728,1,101.28,1,1,2,Hibernating
10672,728,1,107.72,1,1,2,Hibernating
3655,728,1,109.29,1,1,2,Hibernating
215,728,1,127.07,1,1,2,Hibernating
4561,728,1,138.56,1,1,2,Hibernating
466,727,1,43.52,1,1,1,Hibernating
10275,727,1,105.9,1,1,2,Hibernating
3847,727,1,118.31,1,1,2,Hibernating
5067,727,1,227.68,1,1,3,Hibernating
10781,727,1,281.7,1,1,3,Hibernating
7687,727,1,683.61,1,1,5,Hibernating
8843,726,1,23.34,1,1,1,Hibernating
8834,726,1,44.62,1,1,1,Hibernating
6590,726,1,104.84,1,1,2,Hibernating
7489,726,1,219.2,1,1,3,Hibernating
1193,726,1,352.64,1,1,4,Hibernating
7000,726,1,1046.9,1,1,5,Hibernating
11479,725,1,57.91,1,1,1,Hibernating
1480,725,1,91.1,1,1,2,Hibernating
11937,725,1,147.56,1,1,2,Hibernating
5397,725,1,172.19,1,1,2,Hibernating
281,725,1,203.58,1,1,3,Hibernating
2701,725,1,315.54,1,1,3,Hibernating
8158,725,1,464.66,1,1,4,Hibernating
10689,725,1,1423.17,1,1,5,Hibernating
8971,724,1,13.15,1,1,1,Hibernating
3331,724,1,15.45,1,1,1,Hibernating
7673,724,1,55.58,1,1,1,Hibernating
7184,724,1,118.31,1,1,2,Hibernating
2543,724,1,255.96,1,1,3,Hibernating
11077,724,1,607.77,1,1,4,Hibernating
10822,723,1,26.3,1,1,1,Hibernating
1360,723,1,114.23,1,1,2,Hibernating
8624,723,1,160.07,1,1,2,Hibernating
7810,723,1,162.12,1,1,2,Hibernating
7904,722,1,50.36,1,1,1,Hibernating
4456,722,1,154.7,1,1,2,Hibernating
478,722,1,218.34,1,1,3,Hibernating
5275,722,1,373.71,1,1,4,Hibernating
2656,721,1,51.24,1,1,1,Hibernating
9329,721,1,56.12,1,1,1,Hibernating
7163,721,1,91.1,1,1,2,Hibernating
2596,721,1,352.11,1,1,4,Hibernating
3517,721,1,463.1,1,1,4,Hibernating
5817,721,1,2114.1,1,1,5,Hibernating
8773,720,1,35.36,1,1,1,Hibernating
4692,720,1,37.22,1,1,1,Hibernating
8714,720,1,126.41,1,1,2,Hibernating
7596,720,1,212.42,1,1,3,Hibernating
5005,720,1,880.4,1,1,5,Hibernating
2856,719,1,101.26,1,1,2,Hibernating
5519,719,1,119.34,1,1,2,Hibernating
11028,719,1,172.35,1,1,2,Hibernating
8574,719,1,395.03,1,1,4,Hibernating
10108,719,1,516.92,1,1,4,Hibernating
1071,719,1,1116.06,1,1,5,Hibernating
11063,718,1,25.19,1,1,1,Hibernating
3135,718,1,31.28,1,1,1,Hibernating
9322,718,1,73.63,1,1,1,Hibernating
8589,718,1,252.86,1,1,3,Hibernating
348,718,1,287.84,1,1,3,Hibernating
6914,718,1,297.22,1,1,3,Hibernating
9118,718,1,329.12,1,1,3,Hibernating
9729,718,1,358.72,1,1,4,Hibernating
9221,717,1,47.42,1,1,1,Hibernating
1363,717,1,127.14,1,1,2,Hibernating
9664,717,1,147.46,1,1,2,Hibernating
3361,717,1,191.14,1,1,3,Hibernating
1942,717,1,222.17,1,1,3,Hibernating
7060,717,1,619.6,1,1,4,Hibernating
9597,717,1,703.91,1,1,5,Hibernating
3541,716,1,21.36,1,1,1,Hibernating
507,716,1,21.98,1,1,1,Hibernating
11623,716,1,87.12,1,1,2,Hibernating
8930,716,1,215.86,1,1,3,Hibernating
7969,716,1,230.49,1,1,3,Hibernating
162,716,1,300.8,1,1,3,Hibernating
6441,716,1,409.83,1,1,4,Hibernating
9271,716,1,536.31,1,1,4,Hibernating
11861,715,1,105.28,1,1,2,Hibernating
10709,715,1,183.46,1,1,2,Hibernating
10679,715,1,216.36,1,1,3,Hibernating
25,715,1,227.56,1,1,3,Hibernating
5244,715,1,259.01,1,1,3,Hibernating
3493,715,1,505.63,1,1,4,Hibernating
9145,715,1,860.23,1,1,5,Hibernating
2273,714,1,35.3,1,1,1,Hibernating
4827,714,1,79.76,1,1,1,Hibernating
1436,714,1,115.98,1,1,2,Hibernating
6526,714,1,120.5,1,1,2,Hibernating
10338,714,1,155.13,1,1,2,Hibernating
7314,714,1,155.23,1,1,2,Hibernating
7192,714,1,182.1,1,1,2,Hibernating
8010,713,1,72.9,1,1,1,Hibernating
7381,713,1,81.36,1,1,1,Hibernating
1284,713,1,100.26,1,1,2,Hibernating
9763,713,1,200.55,1,1,3,Hibernating
3098,713,1,379.2,1,1,4,Hibernating
6488,712,1,40.97,1,1,1,Hibernating
1586,712,1,51.15,1,1,1,Hibernating
8576,712,1,78.22,1,1,1,Hibernating
1997,712,1,87.55,1,1,2,Hibernating
1653,712,1,160.74,1,1,2,Hibernating
3052,712,1,201.36,1,1,3,Hibernating
8061,712,1,274.47,1,1,3,Hibernating
4785,712,1,383.62,1,1,4,Hibernating
9512,711,1,50.16,1,1,1,Hibernating
8467,711,1,102.92,1,1,2,Hibernating
4187,711,1,161.32,1,1,2,Hibernating
10168,710,1,45.4,1,1,1,Hibernating
1924,710,1,160.32,1,1,2,Hibernating
11925,710,1,189.6,1,1,3,Hibernating
5457,710,1,271.83,1,1,3,Hibernating
11727,710,1,336.98,1,1,3,Hibernating
11286,710,1,789.56,1,1,5,Hibernating
1807,709,1,25.19,1,1,1,Hibernating
8324,709,1,131.49,1,1,2,Hibernating
6672,709,1,234.13,1,1,3,Hibernating
1149,709,1,537.82,1,1,4,Hibernating
11888,708,1,23.34,1,1,1,Hibernating
2396,708,1,30.84,1,1,1,Hibernating
11186,708,1,68.65,1,1,1,Hibernating
11452,708,1,129.68,1,1,2,Hibernating
8282,707,1,30.92,1,1,1,Hibernating
1872,707,1,161.69,1,1,2,Hibernating
11561,707,1,186.82,1,1,3,Hibernating
10295,707,1,193.28,1,1,3,Hibernating
7451,706,1,26.96,1,1,1,Hibernating
6622,706,1,29.68,1,1,1,Hibernating
8780,706,1,178.68,1,1,2,Hibernating
6926,705,1,45.32,1,1,1,Hibernating
4720,705,1,93.49,1,1,2,Hibernating
4225,705,1,110.01,1,1,2,Hibernating
5246,705,1,186.62,1,1,3,Hibernating
1959,705,1,254.51,1,1,3,Hibernating
5371,705,1,254.78,1,1,3,Hibernating
158,705,1,312.31,1,1,3,Hibernating
2989,705,1,367.61,1,1,4,Hibernating
11199,704,1,20.2,1,1,1,Hibernating
7856,704,1,43.96,1,1,1,Hibernating
249,704,1,117.34,1,1,2,Hibernating
9840,704,1,206.02,1,1,3,Hibernating
2843,704,2,311.63,1,2,3,Hibernating
5914,704,1,311.94,1,1,3,Hibernating
3131,704,1,379.22,1,1,4,Hibernating
9212,704,1,408.17,1,1,4,Hibernating
9087,704,1,1062.75,1,1,5,Hibernating
11254,703,1,66.62,1,1,1,Hibernating
2253,703,1,78.89,1,1,1,Hibernating
5335,703,1,201.62,1,1,3,Hibernating
4330,703,1,221.44,1,1,3,Hibernating
10207,703,1,265.35,1,1,3,Hibernating
5071,703,1,643.34,1,1,5,Hibernating
6011,702,1,10.74,1,1,1,Hibernating
11074,702,1,15.46,1,1,1,Hibernating
4025,702,1,52.86,1,1,1,Hibernating
11778,702,1,237.28,1,1,3,Hibernating
485,702,1,247.06,1,1,3,Hibernating
7701,702,1,247.73,1,1,3,Hibernating
3262,702,1,374.89,1,1,4,Hibernating
11812,701,1,72.9,1,1,1,Hibernating
9719,701,1,148.47,1,1,2,Hibernating
5333,701,2,193.18,1,2,3,Hibernating
637,701,1,272.86,1,1,3,Hibernating
5907,701,2,303.21,1,2,3,Hibernating
8372,701,1,475.53,1,1,4,Hibernating
2072,700,1,8.82,1,1,1,Hibernating
6287,700,1,59.07,1,1,1,Hibernating
11630,700,1,95.29,1,1,2,Hibernating
10095,700,2,229.44,1,2,3,Hibernating
9584,700,1,232.71,1,1,3,Hibernating
11652,700,1,241.76,1,1,3,Hibernating
10631,699,1,92.96,1,1,2,Hibernating
5995,699,1,393.47,1,1,4,Hibernating
7486,699,1,655.46,1,1,5,Hibernating
6880,698,1,17.78,1,1,1,Hibernating
11678,698,1,19.56,1,1,1,Hibernating
1356,698,1,50.38,1,1,1,Hibernating
185,698,1,50.9,1,1,1,Hibernating
8477,698,1,59.17,1,1,1,Hibernating
2876,698,1,77.98,1,1,1,Hibernating
8100,698,1,138.42,1,1,2,Hibernating
8496,698,1,219.34,1,1,3,Hibernating
1268,698,1,526.83,1,1,4,Hibernating
9097,698,2,805.03,1,2,5,Hibernating
8228,697,1,27.06,1,1,1,Hibernating
2250,697,1,53.78,1,1,1,Hibernating
392,697,1,55.37,1,1,1,Hibernating
11193,697,1,70.58,1,1,1,Hibernating
3822,697,1,188.65,1,1,3,Hibernating
4593,697,1,383.94,1,1,4,Hibernating
1110,697,1,390.65,1,1,4,Hibernating
5365,697,2,524.31,1,2,4,Hibernating
6481,697,1,743.19,1,1,5,Hibernating
441,696,1,221.51,1,1,3,Hibernating
8476,696,1,1242.76,1,1,5,Hibernating
8490,695,1,105.09,1,1,2,Hibernating
1526,695,1,111.37,1,1,2,Hibernating
516,695,1,131.58,1,1,2,Hibernating
9243,695,1,161.32,1,1,2,Hibernating
11215,695,1,253.43,1,1,3,Hibernating
467,695,1,255.96,1,1,3,Hibernating
6811,695,1,322.64,1,1,3,Hibernating
6213,694,1,18.97,1,1,1,Hibernating
2068,694,1,70.09,1,1,1,Hibernating
9230,694,2,139.6,1,2,2,Hibernating
7331,694,1,325.02,1,1,3,Hibernating
7975,694,1,770.41,1,1,5,Hibernating
1461,693,1,16.66,1,1,1,Hibernating
9986,693,1,40.14,1,1,1,Hibernating
2739,693,1,67.76,1,1,1,Hibernating
9996,693,1,134.06,1,1,2,Hibernating
640,693,2,173.99,1,2,2,Hibernating
10963,693,1,258.12,1,1,3,Hibernating
4338,693,1,534.52,1,1,4,Hibernating
7294,692,1,17.78,1,1,1,Hibernating
10850,692,1,32.87,1,1,1,Hibernating
2990,692,1,160.74,1,1,2,Hibernating
4099,692,1,676.3,1,1,5,Hibernating
1265,691,1,14.96,1,1,1,Hibernating
11886,691,1,195.62,1,1,3,Hibernating
7297,691,1,205.26,1,1,3,Hibernating
6673,691,2,258.67,1,2,3,Hibernating
1064,691,1,451.07,1,1,4,Hibernating
7353,690,1,17.6,1,1,1,Hibernating
2585,690,1,26.68,1,1,1,Hibernating
10158,690,1,66.48,1,1,1,Hibernating
11226,690,1,88.48,1,1,2,Hibernating
6489,690,1,338.46,1,1,3,Hibernating
4758,689,1,36.96,1,1,1,Hibernating
5471,689,1,94.25,1,1,2,Hibernating
6583,689,1,194.17,1,1,3,Hibernating
2537,689,1,202.35,1,1,3,Hibernating
8204,689,1,207.96,1,1,3,Hibernating
9024,689,1,921.11,1,1,5,Hibernating
9881,689,2,1002.23,1,2,5,Hibernating
5877,688,1,35.8,1,1,1,Hibernating
8440,688,1,42.68,1,1,1,Hibernating
6163,688,1,79.02,1,1,1,Hibernating
3327,688,1,132.93,1,1,2,Hibernating
5909,688,1,156.45,1,1,2,Hibernating
5122,688,2,164.14,1,2,2,Hibernating
2822,688,1,268.06,1,1,3,Hibernating
1837,688,2,311.88,1,2,3,Hibernating
9004,688,1,383.12,1,1,4,Hibernating
292,688,1,1154.38,1,1,5,Hibernating
1388,687,1,16.86,1,1,1,Hibernating
9575,687,1,28.23,1,1,1,Hibernating
4763,687,1,160.8,1,1,2,Hibernating
8878,687,1,240.48,1,1,3,Hibernating
4592,687,1,286.16,1,1,3,Hibernating
2549,686,1,14.96,1,1,1,Hibernating
9179,686,1,18.04,1,1,1,Hibernating
329,686,1,50.86,1,1,1,Hibernating
7743,686,1,110.72,1,1,2,Hibernating
4726,686,1,143.93,1,1,2,Hibernating
2229,686,1,157.26,1,1,2,Hibernating
9538,686,2,286.45,1,2,3,Hibernating
6028,686,1,564.82,1,1,4,Hibernating
11513,686,1,1029.71,1,1,5,Hibernating
8266,686,2,1250.83,1,2,5,Hibernating
9956,685,1,34.16,1,1,1,Hibernating
4706,685,1,115.18,1,1,2,Hibernating
3765,685,1,308.53,1,1,3,Hibernating
11051,684,1,42.92,1,1,1,Hibernating
1700,684,1,54.01,1,1,1,Hibernating
1907,684,1,73.88,1,1,1,Hibernating
9043,684,1,85.86,1,1,2,Hibernating
3728,684,1,100.48,1,1,2,Hibernating
5771,684,1,148.18,1,1,2,Hibernating
3455,684,1,210.84,1,1,3,Hibernating
536,684,1,273.4,1,1,3,Hibernating
565,684,2,281.39,1,2,3,Hibernating
6449,684,1,286.12,1,1,3,Hibernating
9475,684,1,521.12,1,1,4,Hibernating
8847,684,2,681.57,1,2,5,Hibernating
7955,683,1,28.23,1,1,1,Hibernating
8575,683,1,30.07,1,1,1,Hibernating
3993,683,1,30.38,1,1,1,Hibernating
4402,683,1,79.02,1,1,1,Hibernating
9995,683,1,210.84,1,1,3,Hibernating
4021,683,1,303.12,1,1,3,Hibernating
3691,682,1,45.72,1,1,1,Hibernating
5131,682,1,63.26,1,1,1,Hibernating
10858,682,2,213.64,1,2,3,Hibernating
10940,681,1,30.9,1,1,1,Hibernating
2200,681,1,93.65,1,1,2,Hibernating
176,681,1,133.8,1,1,2,Hibernating
9781,681,1,177.66,1,1,2,Hibernating
8289,681,2,345.96,1,2,4,Hibernating
11545,680,1,10.46,1,1,1,Hibernating
4074,680,1,13.02,1,1,1,Hibernating
854,680,1,15.46,1,1,1,Hibernating
5570,680,1,16.46,1,1,1,Hibernating
1810,680,1,38.97,1,1,1,Hibernating
1470,680,1,50.67,1,1,1,Hibernating
4071,680,1,159.85,1,1,2,Hibernating
3697,680,2,456.1,1,2,4,Hibernating
988,680,2,849.37,1,2,5,Hibernating
3960,679,2,89.78,1,2,2,Hibernating
4251,679,1,254.05,1,1,3,Hibernating
1977,679,1,312.25,1,1,3,Hibernating
6386,678,1,36.99,1,1,1,Hibernating
5119,678,1,91.48,1,1,2,Hibernating
9703,678,1,351.88,1,1,4,Hibernating
9069,677,1,116.44,1,1,2,Hibernating
3708,677,1,136.36,1,1,2,Hibernating
6994,677,1,282.32,1,1,3,Hibernating
749,677,1,551.25,1,1,4,Hibernating
9335,676,1,36.45,1,1,1,Hibernating
5759,676,1,50.36,1,1,1,Hibernating
584,676,1,57.45,1,1,1,Hibernating
4513,675,2,84.51,1,2,2,Hibernating
3511,675,1,105.21,1,1,2,Hibernating
11103,675,1,184.76,1,1,2,Hibernating
6311,675,1,357.78,1,1,4,Hibernating
11933,674,1,117.52,1,1,2,Hibernating
6932,674,1,132.82,1,1,2,Hibernating
7368,674,2,232.32,1,2,3,Hibernating
728,673,1,14.62,1,1,1,Hibernating
9339,673,1,71.0,1,1,1,Hibernating
5440,673,1,131.61,1,1,2,Hibernating
11225,673,1,154.84,1,1,2,Hibernating
9121,673,1,177.05,1,1,2,Hibernating
928,673,1,180.84,1,1,2,Hibernating
3067,673,1,213.71,1,1,3,Hibernating
11038,673,1,246.17,1,1,3,Hibernating
560,673,1,376.34,1,1,4,Hibernating
9442,673,1,600.47,1,1,4,Hibernating
2390,673,1,812.16,1,1,5,Hibernating
3332,672,1,67.45,1,1,1,Hibernating
2486,672,1,100.21,1,1,2,Hibernating
10490,672,1,126.09,1,1,2,Hibernating
4755,672,1,286.16,1,1,3,Hibernating
717,671,1,88.34,1,1,2,Hibernating
7004,671,1,131.49,1,1,2,Hibernating
9060,671,1,426.15,1,1,4,Hibernating
2134,671,1,517.63,1,1,4,Hibernating
11175,671,2,747.41,1,2,5,Hibernating
3025,671,2,997.0,1,2,5,Hibernating
9827,670,1,12.33,1,1,1,Hibernating
11218,670,1,56.19,1,1,1,Hibernating
8765,670,1,68.98,1,1,1,Hibernating
9503,670,1,73.45,1,1,1,Hibernating
10800,670,2,138.23,1,2,2,Hibernating
8795,670,1,279.1,1,1,3,Hibernating
8698,670,1,334.81,1,1,3,Hibernating
2215,670,1,812.16,1,1,5,Hibernating
7292,669,1,13.16,1,1,1,Hibernating
1207,669,1,44.62,1,1,1,Hibernating
4003,669,2,132.24,1,2,2,Hibernating
2891,669,1,223.19,1,1,3,Hibernating
4833,669,1,319.01,1,1,3,Hibernating
9397,669,2,442.15,1,2,4,Hibernating
4365,669,2,498.37,1,2,4,Hibernating
9807,669,2,561.56,1,2,4,Hibernating
10304,669,1,764.59,1,1,5,Hibernating
2350,669,3,1875.97,1,3,5,At Risk (high value)
7532,668,2,72.27,1,2,1,Hibernating
10762,668,1,80.02,1,1,1,Hibernating
9440,668,1,139.71,1,1,2,Hibernating
9038,668,1,196.06,1,1,3,Hibernating
7745,668,1,247.73,1,1,3,Hibernating
9139,668,2,519.27,1,2,4,Hibernating
4825,668,1,524.38,1,1,4,Hibernating
9047,668,2,957.17,1,2,5,Hibernating
264,667,1,17.08,1,1,1,Hibernating
4901,667,1,86.81,1,1,2,Hibernating
3761,667,1,199.09,1,1,3,Hibernating
3512,667,1,217.02,1,1,3,Hibernating
11736,667,2,376.54,1,2,4,Hibernating
117,667,1,444.21,1,1,4,Hibernating
6237,666,1,9.42,1,1,1,Hibernating
6856,666,1,22.09,1,1,1,Hibernating
5705,666,1,39.48,1,1,1,Hibernating
2083,666,1,52.42,1,1,1,Hibernating
5835,666,1,67.4,1,1,1,Hibernating
4766,666,1,76.76,1,1,1,Hibernating
11311,666,2,120.58,1,2,2,Hibernating
1568,666,1,136.71,1,1,2,Hibernating
6780,666,1,321.48,1,1,3,Hibernating
4011,666,1,323.44,1,1,3,Hibernating
3481,665,1,35.52,1,1,1,Hibernating
8237,665,1,73.08,1,1,1,Hibernating
7117,665,1,116.91,1,1,2,Hibernating
4652,665,1,146.9,1,1,2,Hibernating
1600,665,1,182.1,1,1,2,Hibernating
23,665,1,286.9,1,1,3,Hibernating
3308,665,1,289.64,1,1,3,Hibernating
1882,665,2,463.82,1,2,4,Hibernating
4751,665,2,1143.28,1,2,5,Hibernating
6921,664,1,17.78,1,1,1,Hibernating
1519,664,1,29.24,1,1,1,Hibernating
6327,664,1,91.78,1,1,2,Hibernating
7343,664,2,125.37,1,2,2,Hibernating
9726,664,1,132.51,1,1,2,Hibernating
8357,664,1,170.94,1,1,2,Hibernating
4852,664,1,197.13,1,1,3,Hibernating
4981,664,1,281.7,1,1,3,Hibernating
7137,664,1,325.7,1,1,3,Hibernating
6650,664,1,334.6,1,1,3,Hibernating
11720,664,2,340.7,1,2,3,Hibernating
1862,664,1,507.34,1,1,4,Hibernating
5495,663,1,38.97,1,1,1,Hibernating
2566,663,1,56.42,1,1,1,Hibernating
9668,663,1,89.04,1,1,2,Hibernating
10132,663,1,103.98,1,1,2,Hibernating
8891,663,1,228.46,1,1,3,Hibernating
8159,663,1,228.81,1,1,3,Hibernating
6510,663,1,258.36,1,1,3,Hibernating
5418,663,1,342.81,1,1,4,Hibernating
10530,662,1,31.82,1,1,1,Hibernating
10565,662,1,49.8,1,1,1,Hibernating
11321,662,1,171.04,1,1,2,Hibernating
4319,662,1,214.99,1,1,3,Hibernating
2391,662,1,341.37,1,1,3,Hibernating
8471,661,1,59.07,1,1,1,Hibernating
11061,661,1,133.24,1,1,2,Hibernating
4518,661,1,182.2,1,1,2,Hibernating
364,661,2,189.46,1,2,3,Hibernating
2544,661,1,218.76,1,1,3,Hibernating
1081,661,1,545.62,1,1,4,Hibernating
3953,661,1,822.34,1,1,5,Hibernating
11972,661,3,1323.3,1,3,5,At Risk (high value)
1126,660,1,20.06,1,1,1,Hibernating
10945,660,1,25.27,1,1,1,Hibernating
1654,660,1,64.94,1,1,1,Hibernating
9831,660,1,120.99,1,1,2,Hibernating
589,660,1,139.55,1,1,2,Hibernating
9201,660,1,148.36,1,1,2,Hibernating
5571,660,1,155.06,1,1,2,Hibernating
7930,660,3,164.89,1,3,2,At Risk (high value)
1971,660,1,168.43,1,1,2,Hibernating
2459,660,1,192.09,1,1,3,Hibernating
3795,660,1,227.36,1,1,3,Hibernating
7260,660,2,344.15,1,2,4,Hibernating
4075,660,1,760.14,1,1,5,Hibernating
4358,659,1,29.4,1,1,1,Hibernating
8539,659,1,116.15,1,1,2,Hibernating
8053,659,2,233.32,1,2,3,Hibernating
3316,659,1,249.76,1,1,3,Hibernating
7382,659,1,268.54,1,1,3,Hibernating
11989,659,1,971.65,1,1,5,Hibernating
2109,659,3,1081.37,1,3,5,At Risk (high value)
5288,659,1,1467.46,1,1,5,Hibernating
11906,658,1,19.56,1,1,1,Hibernating
9945,658,1,70.36,1,1,1,Hibernating
4430,658,1,86.04,1,1,2,Hibernating
1877,658,1,154.95,1,1,2,Hibernating
11789,658,1,162.72,1,1,2,Hibernating
8869,658,1,285.54,1,1,3,Hibernating
7767,658,2,365.91,1,2,4,Hibernating
6796,658,2,407.82,1,2,4,Hibernating
8526,658,1,841.79,1,1,5,Hibernating
10637,657,1,19.56,1,1,1,Hibernating
4864,657,1,93.74,1,1,2,Hibernating
4573,657,1,254.63,1,1,3,Hibernating
4818,657,1,337.77,1,1,3,Hibernating
949,656,1,44.62,1,1,1,Hibernating
11257,656,1,186.15,1,1,2,Hibernating
2149,656,1,271.07,1,1,3,Hibernating
8713,656,1,279.77,1,1,3,Hibernating
7982,656,1,311.94,1,1,3,Hibernating
4682,655,1,18.61,1,1,1,Hibernating
863,655,1,21.98,1,1,1,Hibernating
4647,655,1,29.44,1,1,1,Hibernating
8993,655,1,40.2,1,1,1,Hibernating
3976,654,1,28.37,1,1,1,Hibernating
1615,654,2,178.64,1,2,2,Hibernating
7337,654,2,199.07,1,2,3,Hibernating
8995,654,2,826.42,1,2,5,Hibernating
6171,654,2,1371.32,1,2,5,Hibernating
10531,653,1,89.02,1,1,2,Hibernating
8482,653,1,107.72,1,1,2,Hibernating
9670,653,1,899.07,1,1,5,Hibernating
11794,653,2,1804.93,1,2,5,Hibernating
8465,652,1,18.04,1,1,1,Hibernating
204,652,1,66.23,1,1,1,Hibernating
9019,652,1,68.05,1,1,1,Hibernating
6857,652,2,80.73,1,2,1,Hibernating
7655,652,1,86.64,1,1,2,Hibernating
4030,652,1,90.8,1,1,2,Hibernating
11879,652,2,230.05,1,2,3,Hibernating
7846,652,1,239.81,1,1,3,Hibernating
3823,652,1,254.14,1,1,3,Hibernating
5252,652,3,322.75,1,3,3,At Risk (high value)
10596,651,1,26.07,1,1,1,Hibernating
6868,651,1,90.63,1,1,2,Hibernating
5107,651,1,109.3,1,1,2,Hibernating
5712,651,1,132.88,1,1,2,Hibernating
4435,651,1,228.72,1,1,3,Hibernating
10178,650,1,22.09,1,1,1,Hibernating
450,650,1,29.58,1,1,1,Hibernating
9834,650,1,36.67,1,1,1,Hibernating
7721,650,1,48.35,1,1,1,Hibernating
9279,650,1,128.72,1,1,2,Hibernating
5808,650,1,129.46,1,1,2,Hibernating
9940,650,1,146.18,1,1,2,Hibernating
9561,650,1,193.55,1,1,3,Hibernating
9745,650,1,199.3,1,1,3,Hibernating
6955,650,1,267.06,1,1,3,Hibernating
6157,650,1,275.46,1,1,3,Hibernating
8514,650,1,544.9,1,1,4,Hibernating
1140,649,1,21.47,1,1,1,Hibernating
7312,649,1,26.61,1,1,1,Hibernating
11808,649,1,91.1,1,1,2,Hibernating
3783,649,2,116.92,1,2,2,Hibernating
2408,649,1,151.29,1,1,2,Hibernating
11361,649,2,172.29,1,2,2,Hibernating
11747,649,1,628.06,1,1,4,Hibernating
6808,648,1,18.09,1,1,1,Hibernating
2306,648,1,32.22,1,1,1,Hibernating
1866,648,1,159.57,1,1,2,Hibernating
3249,648,1,227.47,1,1,3,Hibernating
3681,648,2,534.89,1,2,4,Hibernating
9045,647,1,12.81,1,1,1,Hibernating
8541,647,2,29.38,1,2,1,Hibernating
3295,647,1,48.73,1,1,1,Hibernating
8724,647,1,146.46,1,1,2,Hibernating
707,647,1,211.64,1,1,3,Hibernating
10371,647,1,228.46,1,1,3,Hibernating
7237,647,1,231.96,1,1,3,Hibernating
10169,647,1,374.16,1,1,4,Hibernating
1432,647,1,426.66,1,1,4,Hibernating
3343,646,1,28.26,1,1,1,Hibernating
5196,646,1,81.24,1,1,1,Hibernating
10294,646,1,105.72,1,1,2,Hibernating
10766,646,1,122.46,1,1,2,Hibernating
6239,646,1,153.04,1,1,2,Hibernating
7334,646,1,193.98,1,1,3,Hibernating
1878,646,1,294.11,1,1,3,Hibernating
5111,646,1,340.09,1,1,3,Hibernating
1641,646,2,390.71,1,2,4,Hibernating
2742,646,1,429.24,1,1,4,Hibernating
913,646,1,468.74,1,1,4,Hibernating
233,646,1,508.89,1,1,4,Hibernating
9196,645,1,80.48,1,1,1,Hibernating
11797,645,1,187.24,1,1,3,Hibernating
3952,645,1,273.19,1,1,3,Hibernating
2745,645,1,483.1,1,1,4,Hibernating
11970,645,2,612.68,1,2,4,Hibernating
6916,644,1,25.68,1,1,1,Hibernating
4714,644,1,39.9,1,1,1,Hibernating
8257,644,1,49.8,1,1,1,Hibernating
3572,644,1,62.78,1,1,1,Hibernating
9153,644,1,77.04,1,1,1,Hibernating
4041,644,1,139.07,1,1,2,Hibernating
4268,644,1,182.1,1,1,2,Hibernating
2228,644,2,214.92,1,2,3,Hibernating
10076,644,1,272.33,1,1,3,Hibernating
10925,644,2,274.55,1,2,3,Hibernating
1379,644,1,378.93,1,1,4,Hibernating
1650,644,2,525.11,1,2,4,Hibernating
8252,644,1,621.22,1,1,4,Hibernating
2531,644,2,744.84,1,2,5,Hibernating
5331,643,1,8.43,1,1,1,Hibernating
3497,643,1,60.42,1,1,1,Hibernating
11887,643,2,69.58,1,2,1,Hibernating
10064,643,1,71.6,1,1,1,Hibernating
11487,643,1,78.8,1,1,1,Hibernating
2516,643,1,174.17,1,1,2,Hibernating
791,643,1,259.81,1,1,3,Hibernating
1663,643,1,364.28,1,1,4,Hibernating
6169,643,1,723.51,1,1,5,Hibernating
230,643,2,830.86,1,2,5,Hibernating
4865,642,1,23.44,1,1,1,Hibernating
9476,642,1,103.98,1,1,2,Hibernating
11072,642,1,110.72,1,1,2,Hibernating
7943,642,1,164.47,1,1,2,Hibernating
5035,642,1,199.3,1,1,3,Hibernating
923,642,1,336.64,1,1,3,Hibernating
10195,642,1,403.4,1,1,4,Hibernating
1726,642,1,470.44,1,1,4,Hibernating
7575,642,2,556.48,1,2,4,Hibernating
7092,641,1,59.07,1,1,1,Hibernating
844,641,1,63.24,1,1,1,Hibernating
9068,641,1,89.17,1,1,2,Hibernating
2577,641,1,169.03,1,1,2,Hibernating
5546,641,2,243.83,1,2,3,Hibernating
8710,641,1,255.7,1,1,3,Hibernating
3391,641,2,270.93,1,2,3,Hibernating
3191,641,1,783.77,1,1,5,Hibernating
5204,641,2,940.57,1,2,5,Hibernating
4331,640,1,25.41,1,1,1,Hibernating
1000,640,1,26.96,1,1,1,Hibernating
3094,640,1,27.06,1,1,1,Hibernating
4217,640,1,61.97,1,1,1,Hibernating
5516,640,2,67.19,1,2,1,Hibernating
10391,640,1,108.04,1,1,2,Hibernating
6973,640,1,162.24,1,1,2,Hibernating
5185,640,2,349.07,1,2,4,Hibernating
1884,640,1,457.1,1,1,4,Hibernating
4951,639,1,26.96,1,1,1,Hibernating
9170,639,1,59.9,1,1,1,Hibernating
8419,639,1,65.76,1,1,1,Hibernating
6296,639,1,200.38,1,1,3,Hibernating
5497,639,1,210.67,1,1,3,Hibernating
9532,639,1,569.1,1,1,4,Hibernating
4781,638,1,39.3,1,1,1,Hibernating
7409,638,1,50.67,1,1,1,Hibernating
9812,638,1,80.16,1,1,1,Hibernating
8645,638,1,89.04,1,1,2,Hibernating
389,638,1,113.1,1,1,2,Hibernating
1610,638,1,113.4,1,1,2,Hibernating
1941,638,2,159.11,1,2,2,Hibernating
4085,638,2,190.74,1,2,3,Hibernating
8594,638,2,196.89,1,2,3,Hibernating
7397,638,2,222.34,1,2,3,Hibernating
11128,638,1,347.04,1,1,4,Hibernating
842,638,1,553.14,1,1,4,Hibernating
1029,638,1,938.89,1,1,5,Hibernating
11769,637,1,18.84,1,1,1,Hibernating
7972,637,1,23.68,1,1,1,Hibernating
9119,637,1,56.12,1,1,1,Hibernating
5874,637,1,56.46,1,1,1,Hibernating
11366,637,1,110.24,1,1,2,Hibernating
11394,637,2,119.65,1,2,2,Hibernating
483,637,1,143.12,1,1,2,Hibernating
7108,637,1,153.11,1,1,2,Hibernating
1309,637,1,203.58,1,1,3,Hibernating
5512,637,2,330.51,1,2,3,Hibernating
6899,637,2,785.86,1,2,5,Hibernating
5780,636,1,30.92,1,1,1,Hibernating
11728,636,1,39.51,1,1,1,Hibernating
6180,636,1,45.91,1,1,1,Hibernating
4880,636,1,102.18,1,1,2,Hibernating
5774,636,1,108.42,1,1,2,Hibernating
6228,636,2,222.82,1,2,3,Hibernating
11459,636,1,225.1,1,1,3,Hibernating
2997,636,1,382.3,1,1,4,Hibernating
3485,636,1,450.2,1,1,4,Hibernating
11884,636,2,643.38,1,2,5,Hibernating
11382,636,1,683.55,1,1,5,Hibernating
812,636,2,702.38,1,2,5,Hibernating
6424,635,2,53.11,1,2,1,Hibernating
2431,635,1,95.68,1,1,2,Hibernating
1888,635,1,109.92,1,1,2,Hibernating
2507,635,1,134.54,1,1,2,Hibernating
1397,635,1,227.16,1,1,3,Hibernating
9192,635,1,234.29,1,1,3,Hibernating
3696,635,2,639.25,1,2,5,Hibernating
2920,634,1,45.57,1,1,1,Hibernating
4004,634,3,159.94,1,3,2,At Risk (high value)
4732,634,3,180.97,1,3,2,At Risk (high value)
11064,634,1,236.62,1,1,3,Hibernating
4527,634,2,342.64,1,2,4,Hibernating
11475,634,1,344.58,1,1,4,Hibernating
11547,634,2,427.09,1,2,4,Hibernating
2928,634,1,670.24,1,1,5,Hibernating
4097,633,1,26.68,1,1,1,Hibernating
6783,633,1,42.58,1,1,1,Hibernating
722,633,1,51.07,1,1,1,Hibernating
5120,633,1,121.49,1,1,2,Hibernating
4832,633,2,137.14,1,2,2,Hibernating
5013,633,1,139.18,1,1,2,Hibernating
1232,633,2,366.4,1,2,4,Hibernating
197,633,2,497.44,1,2,4,Hibernating
1804,632,1,10.74,1,1,1,Hibernating
5731,632,2,72.34,1,2,1,Hibernating
6480,632,1,82.02,1,1,1,Hibernating
5042,632,1,94.05,1,1,2,Hibernating
4608,632,1,136.2,1,1,2,Hibernating
1291,632,2,174.7,1,2,2,Hibernating
9909,632,1,197.57,1,1,3,Hibernating
8089,632,1,345.87,1,1,4,Hibernating
3653,632,4,511.48,1,4,4,At Risk (high value)
10234,632,2,552.6,1,2,4,Hibernating
6764,631,1,30.38,1,1,1,Hibernating
3333,631,1,49.87,1,1,1,Hibernating
4575,631,1,79.39,1,1,1,Hibernating
10471,631,2,127.06,1,2,2,Hibernating
820,631,1,150.55,1,1,2,Hibernating
357,631,2,169.76,1,2,2,Hibernating
1711,631,2,208.52,1,2,3,Hibernating
10890,631,2,238.21,1,2,3,Hibernating
2467,631,2,751.34,1,2,5,Hibernating
2031,630,1,20.92,1,1,1,Hibernating
8391,630,1,36.45,1,1,1,Hibernating
6126,630,2,121.05,1,2,2,Hibernating
11537,630,1,216.7,1,1,3,Hibernating
3579,630,1,224.2,1,1,3,Hibernating
500,630,1,253.53,1,1,3,Hibernating
8450,630,1,398.75,1,1,4,Hibernating
6714,630,1,399.2,1,1,4,Hibernating
9558,629,1,226.2,1,1,3,Hibernating
7577,629,2,274.43,1,2,3,Hibernating
11006,629,1,384.26,1,1,4,Hibernating
36,629,2,477.58,1,2,4,Hibernating
5015,629,1,540.97,1,1,4,Hibernating
3569,629,1,599.81,1,1,4,Hibernating
10008,628,1,15.56,1,1,1,Hibernating
4638,628,1,47.58,1,1,1,Hibernating
10372,628,1,50.54,1,1,1,Hibernating
4886,628,1,74.1,1,1,1,Hibernating
3392,628,1,79.5,1,1,1,Hibernating
4630,628,1,86.22,1,1,2,Hibernating
2719,628,1,109.8,1,1,2,Hibernating
9886,628,1,176.99,1,1,2,Hibernating
3892,628,2,183.52,1,2,2,Hibernating
1349,628,1,343.95,1,1,4,Hibernating
10584,628,1,426.89,1,1,4,Hibernating
11314,627,1,17.13,1,1,1,Hibernating
2415,627,1,53.42,1,1,1,Hibernating
6332,627,1,63.08,1,1,1,Hibernating
5452,627,1,86.04,1,1,2,Hibernating
1909,627,1,110.74,1,1,2,Hibernating
8101,627,1,169.81,1,1,2,Hibernating
6713,627,1,170.87,1,1,2,Hibernating
388,627,1,250.99,1,1,3,Hibernating
5069,627,2,373.84,1,2,4,Hibernating
10738,627,1,759.69,1,1,5,Hibernating
11759,626,1,15.54,1,1,1,Hibernating
11965,626,1,28.7,1,1,1,Hibernating
2096,626,1,73.34,1,1,1,Hibernating
40,626,2,89.89,1,2,2,Hibernating
953,626,1,90.71,1,1,2,Hibernating
5394,626,2,137.19,1,2,2,Hibernating
1685,626,2,159.01,1,2,2,Hibernating
3284,626,1,160.32,1,1,2,Hibernating
685,626,2,222.17,1,2,3,Hibernating
3194,626,2,324.26,1,2,3,Hibernating
7474,626,2,1382.49,1,2,5,Hibernating
10388,625,1,13.91,1,1,1,Hibernating
1676,625,1,27.98,1,1,1,Hibernating
6784,625,1,42.72,1,1,1,Hibernating
7709,625,1,50.51,1,1,1,Hibernating
11732,625,2,387.18,1,2,4,Hibernating
2297,625,2,420.06,1,2,4,Hibernating
321,624,1,17.92,1,1,1,Hibernating
3544,624,1,38.38,1,1,1,Hibernating
9728,624,1,253.93,1,1,3,Hibernating
436,624,1,254.78,1,1,3,Hibernating
3244,624,2,290.78,1,2,3,Hibernating
11405,624,2,316.14,1,2,3,Hibernating
1695,624,1,381.83,1,1,4,Hibernating
10152,623,1,45.4,1,1,1,Hibernating
7887,623,1,67.73,1,1,1,Hibernating
9791,623,1,106.64,1,1,2,Hibernating
6793,623,1,130.58,1,1,2,Hibernating
9802,623,1,136.61,1,1,2,Hibernating
11176,623,1,381.21,1,1,4,Hibernating
4897,623,2,409.7,1,2,4,Hibernating
2816,623,2,651.55,1,2,5,Hibernating
3019,623,2,1505.23,1,2,5,Hibernating
3307,622,1,13.16,1,1,1,Hibernating
6354,622,1,22.82,1,1,1,Hibernating
3464,622,2,32.94,1,2,1,Hibernating
9313,622,1,73.02,1,1,1,Hibernating
2640,622,1,98.31,1,1,2,Hibernating
7868,622,2,212.37,1,2,3,Hibernating
7308,622,1,250.27,1,1,3,Hibernating
647,622,1,448.54,1,1,4,Hibernating
11043,622,1,579.84,1,1,4,Hibernating
7940,621,1,67.52,1,1,1,Hibernating
9416,621,1,200.3,1,1,3,Hibernating
4808,621,2,401.96,1,2,4,Hibernating
2456,621,3,749.06,1,3,5,At Risk (high value)
1458,620,1,16.46,1,1,1,Hibernating
2298,620,1,16.59,1,1,1,Hibernating
9356,620,1,25.62,1,1,1,Hibernating
1859,620,1,30.12,1,1,1,Hibernating
11046,620,1,31.16,1,1,1,Hibernating
10002,620,1,87.12,1,1,2,Hibernating
3778,620,1,92.03,1,1,2,Hibernating
9639,620,1,131.94,1,1,2,Hibernating
2477,620,3,264.26,1,3,3,At Risk (high value)
10924,620,2,488.0,1,2,4,Hibernating
8352,620,3,552.85,1,3,4,At Risk (high value)
5880,619,1,15.49,1,1,1,Hibernating
6584,619,1,30.07,1,1,1,Hibernating
5238,619,1,101.66,1,1,2,Hibernating
2292,619,1,108.46,1,1,2,Hibernating
5388,619,2,321.24,1,2,3,Hibernating
3412,619,1,349.14,1,1,4,Hibernating
4500,619,2,384.92,1,2,4,Hibernating
5334,619,1,513.11,1,1,4,Hibernating
11092,618,1,46.67,1,1,1,Hibernating
5681,618,1,56.46,1,1,1,Hibernating
9873,618,2,89.23,1,2,2,Hibernating
334,618,2,107.9,1,2,2,Hibernating
10431,618,1,159.26,1,1,2,Hibernating
3930,618,1,226.04,1,1,3,Hibernating
11390,618,1,393.17,1,1,4,Hibernating
8080,618,1,881.11,1,1,5,Hibernating
4246,618,2,2293.07,1,2,5,Hibernating
9530,617,1,37.77,1,1,1,Hibernating
3661,617,1,39.16,1,1,1,Hibernating
5000,617,1,59.07,1,1,1,Hibernating
9993,617,1,91.48,1,1,2,Hibernating
2943,617,1,108.35,1,1,2,Hibernating
6146,617,2,194.26,1,2,3,Hibernating
658,617,1,203.82,1,1,3,Hibernating
1324,617,1,281.7,1,1,3,Hibernating
10184,617,1,307.39,1,1,3,Hibernating
10106,617,1,321.38,1,1,3,Hibernating
6738,617,1,375.85,1,1,4,Hibernating
1422,617,1,414.25,1,1,4,Hibernating
866,617,3,579.38,1,3,4,At Risk (high value)
11758,616,1,10.74,1,1,1,Hibernating
1661,616,1,33.48,1,1,1,Hibernating
5229,616,1,51.15,1,1,1,Hibernating
4305,616,2,95.42,1,2,2,Hibernating
10188,616,1,136.36,1,1,2,Hibernating
11279,616,1,146.9,1,1,2,Hibernating
1675,616,1,207.96,1,1,3,Hibernating
10512,616,1,210.67,1,1,3,Hibernating
11581,616,2,573.47,1,2,4,Hibernating
11633,615,1,22.09,1,1,1,Hibernating
7216,615,1,79.02,1,1,1,Hibernating
7147,615,1,98.1,1,1,2,Hibernating
8630,615,2,146.64,1,2,2,Hibernating
3850,615,2,301.47,1,2,3,Hibernating
10238,615,1,324.13,1,1,3,Hibernating
4274,615,2,349.22,1,2,4,Hibernating
6642,615,3,702.83,1,3,5,At Risk (high value)
10049,615,2,1212.94,1,2,5,Hibernating
10849,614,1,68.52,1,1,1,Hibernating
6384,614,1,95.98,1,1,2,Hibernating
6351,614,1,177.06,1,1,2,Hibernating
3299,614,1,283.26,1,1,3,Hibernating
7364,614,2,339.08,1,2,3,Hibernating
6532,614,2,342.56,1,2,3,Hibernating
8906,614,1,403.93,1,1,4,Hibernating
9800,614,2,411.38,1,2,4,Hibernating
8696,613,1,85.09,1,1,2,Hibernating
10296,613,1,131.07,1,1,2,Hibernating
1823,613,2,163.23,1,2,2,Hibernating
960,613,1,176.85,1,1,2,Hibernating
8509,613,1,214.75,1,1,3,Hibernating
6224,613,2,351.85,1,2,4,Hibernating
5445,613,1,408.56,1,1,4,Hibernating
11640,613,1,477.47,1,1,4,Hibernating
708,612,1,13.16,1,1,1,Hibernating
3746,612,1,15.58,1,1,1,Hibernating
8738,612,1,30.83,1,1,1,Hibernating
2266,612,1,41.3,1,1,1,Hibernating
10232,612,2,346.61,1,2,4,Hibernating
10075,612,1,357.14,1,1,4,Hibernating
5875,611,1,22.82,1,1,1,Hibernating
5149,611,1,43.49,1,1,1,Hibernating
11999,611,1,68.18,1,1,1,Hibernating
10160,611,1,70.58,1,1,1,Hibernating
5531,611,1,73.45,1,1,1,Hibernating
2624,611,1,91.82,1,1,2,Hibernating
5802,611,1,497.0,1,1,4,Hibernating
9445,610,1,20.66,1,1,1,Hibernating
5917,610,1,28.7,1,1,1,Hibernating
2042,610,1,34.26,1,1,1,Hibernating
8625,610,1,38.44,1,1,1,Hibernating
5090,610,2,103.6,1,2,2,Hibernating
4242,610,1,173.37,1,1,2,Hibernating
1032,610,2,220.64,1,2,3,Hibernating
7476,610,1,342.68,1,1,4,Hibernating
6715,610,1,526.59,1,1,4,Hibernating
3932,609,1,30.12,1,1,1,Hibernating
8063,609,1,42.72,1,1,1,Hibernating
9595,609,1,71.55,1,1,1,Hibernating
11302,609,1,86.04,1,1,2,Hibernating
1632,609,1,114.9,1,1,2,Hibernating
7207,609,1,127.98,1,1,2,Hibernating
3989,609,1,163.86,1,1,2,Hibernating
11173,609,1,202.04,1,1,3,Hibernating
2293,609,1,251.68,1,1,3,Hibernating
1365,609,3,433.73,1,3,4,At Risk (high value)
1599,609,1,718.98,1,1,5,Hibernating
6882,608,3,173.08,1,3,2,At Risk (high value)
6546,608,2,264.27,1,2,3,Hibernating
3718,608,1,378.1,1,1,4,Hibernating
9388,608,2,571.84,1,2,4,Hibernating
9519,607,1,78.04,1,1,1,Hibernating
6648,607,1,110.74,1,1,2,Hibernating
3639,607,2,146.71,1,2,2,Hibernating
3016,607,1,190.88,1,1,3,Hibernating
2289,607,1,203.07,1,1,3,Hibernating
7446,607,1,246.25,1,1,3,Hibernating
4510,607,1,794.4,1,1,5,Hibernating
273,606,1,17.05,1,1,1,Hibernating
7769,606,1,43.4,1,1,1,Hibernating
608,606,1,77.7,1,1,1,Hibernating
2912,606,2,216.01,1,2,3,Hibernating
545,606,1,217.81,1,1,3,Hibernating
8758,606,1,248.44,1,1,3,Hibernating
4028,606,1,355.61,1,1,4,Hibernating
4984,606,4,650.17,1,4,5,At Risk (high value)
488,605,1,84.69,1,1,2,Hibernating
11153,605,1,172.08,1,1,2,Hibernating
6328,605,2,203.01,1,2,3,Hibernating
4644,605,1,227.28,1,1,3,Hibernating
7119,605,1,269.34,1,1,3,Hibernating
11832,605,1,280.22,1,1,3,Hibernating
1130,605,2,497.46,1,2,4,Hibernating
1339,605,2,512.47,1,2,4,Hibernating
8737,605,2,515.2,1,2,4,Hibernating
5679,605,1,534.89,1,1,4,Hibernating
8170,604,1,14.96,1,1,1,Hibernating
7415,604,1,27.54,1,1,1,Hibernating
1546,604,1,54.12,1,1,1,Hibernating
4340,604,1,61.36,1,1,1,Hibernating
3318,604,1,90.63,1,1,2,Hibernating
7026,604,1,227.87,1,1,3,Hibernating
955,604,1,284.43,1,1,3,Hibernating
11277,604,2,468.79,1,2,4,Hibernating
10699,604,1,502.42,1,1,4,Hibernating
8856,604,2,757.14,1,2,5,Hibernating
386,603,1,25.36,1,1,1,Hibernating
5112,603,1,46.67,1,1,1,Hibernating
609,603,1,180.38,1,1,2,Hibernating
3888,603,1,302.86,1,1,3,Hibernating
8550,603,2,311.81,1,2,3,Hibernating
71,603,3,744.16,1,3,5,At Risk (high value)
7716,602,1,51.36,1,1,1,Hibernating
10012,602,1,242.12,1,1,3,Hibernating
2855,602,2,252.65,1,2,3,Hibernating
10424,602,1,343.1,1,1,4,Hibernating
10161,601,1,14.96,1,1,1,Hibernating
5862,601,1,44.82,1,1,1,Hibernating
7901,601,1,73.23,1,1,1,Hibernating
7449,601,1,73.45,1,1,1,Hibernating
8035,601,1,105.62,1,1,2,Hibernating
11330,601,1,133.02,1,1,2,Hibernating
6643,601,2,154.82,1,2,2,Hibernating
4010,601,1,205.61,1,1,3,Hibernating
9547,601,2,216.34,1,2,3,Hibernating
10078,601,1,225.1,1,1,3,Hibernating
5804,601,1,1007.82,1,1,5,Hibernating
4820,600,1,10.46,1,1,1,Hibernating
7225,600,1,39.78,1,1,1,Hibernating
4669,600,1,68.18,1,1,1,Hibernating
7853,600,1,82.64,1,1,2,Hibernating
9789,600,1,98.61,1,1,2,Hibernating
7376,600,1,102.77,1,1,2,Hibernating
10480,600,1,107.21,1,1,2,Hibernating
2903,600,1,145.09,1,1,2,Hibernating
383,600,1,166.11,1,1,2,Hibernating
1160,600,2,336.5,1,2,3,Hibernating
7035,600,2,410.21,1,2,4,Hibernating
2481,600,2,425.64,1,2,4,Hibernating
634,600,2,477.77,1,2,4,Hibernating
8297,600,1,792.17,1,1,5,Hibernating
8655,599,1,54.09,1,1,1,Hibernating
4298,599,2,66.05,1,2,1,Hibernating
9563,599,1,181.25,1,1,2,Hibernating
2352,599,2,201.86,1,2,3,Hibernating
4933,599,1,267.06,1,1,3,Hibernating
2552,599,1,336.55,1,1,3,Hibernating
10614,599,2,503.05,1,2,4,Hibernating
6099,599,3,730.53,1,3,5,At Risk (high value)
10622,599,2,1051.75,1,2,5,Hibernating
8275,598,1,50.36,1,1,1,Hibernating
7631,598,1,52.64,1,1,1,Hibernating
4615,598,1,77.84,1,1,1,Hibernating
973,598,1,85.32,1,1,2,Hibernating
11899,598,2,158.66,1,2,2,Hibernating
10021,598,1,165.2,1,1,2,Hibernating
3255,598,1,382.96,1,1,4,Hibernating
10621,598,1,496.69,1,1,4,Hibernating
11015,598,1,547.35,1,1,4,Hibernating
7425,598,5,586.56,1,4,4,At Risk (high value)
11207,598,1,599.58,1,1,4,Hibernating
4631,598,1,737.02,1,1,5,Hibernating
615,597,1,35.29,1,1,1,Hibernating
5010,597,1,50.36,1,1,1,Hibernating
4591,597,1,103.98,1,1,2,Hibernating
1084,597,2,117.54,1,2,2,Hibernating
2276,597,1,163.54,1,1,2,Hibernating
2933,597,1,222.49,1,1,3,Hibernating
11865,597,1,241.49,1,1,3,Hibernating
9473,597,1,321.74,1,1,3,Hibernating
8126,597,2,401.8,1,2,4,Hibernating
8988,597,1,462.7,1,1,4,Hibernating
9129,597,4,729.83,1,4,5,At Risk (high value)
277,597,3,1259.74,1,3,5,At Risk (high value)
8973,596,1,20.27,1,1,1,Hibernating
4062,596,1,106.98,1,1,2,Hibernating
4674,596,1,270.03,1,1,3,Hibernating
8303,596,1,333.0,1,1,3,Hibernating
8468,596,1,338.5,1,1,3,Hibernating
3973,596,1,362.31,1,1,4,Hibernating
1053,596,2,418.31,1,2,4,Hibernating
4332,596,2,451.76,1,2,4,Hibernating
7073,596,4,455.28,1,4,4,At Risk (high value)
11368,596,1,488.9,1,1,4,Hibernating
11272,596,1,530.33,1,1,4,Hibernating
2451,596,2,902.43,1,2,5,Hibernating
5935,595,1,59.19,1,1,1,Hibernating
3114,595,1,98.04,1,1,2,Hibernating
3058,595,1,127.74,1,1,2,Hibernating
635,595,1,138.72,1,1,2,Hibernating
6503,595,2,202.83,1,2,3,Hibernating
9716,595,1,203.58,1,1,3,Hibernating
3241,595,2,275.96,1,2,3,Hibernating
137,595,1,355.91,1,1,4,Hibernating
3078,595,1,539.64,1,1,4,Hibernating
2236,595,3,878.93,1,3,5,At Risk (high value)
3224,594,1,29.68,1,1,1,Hibernating
10804,594,1,101.26,1,1,2,Hibernating
3519,594,1,118.31,1,1,2,Hibernating
2779,594,1,127.92,1,1,2,Hibernating
8685,594,1,149.16,1,1,2,Hibernating
2036,594,1,202.52,1,1,3,Hibernating
5770,594,1,450.2,1,1,4,Hibernating
10312,594,1,636.02,1,1,5,Hibernating
376,593,1,86.44,1,1,2,Hibernating
11238,593,1,86.78,1,1,2,Hibernating
895,593,1,177.21,1,1,2,Hibernating
4854,593,2,192.56,1,2,3,Hibernating
5444,593,1,213.05,1,1,3,Hibernating
4997,593,1,245.62,1,1,3,Hibernating
2790,593,1,287.56,1,1,3,Hibernating
6442,593,1,291.12,1,1,3,Hibernating
4088,593,3,791.22,1,3,5,At Risk (high value)
5766,592,1,14.62,1,1,1,Hibernating
9287,592,1,51.87,1,1,1,Hibernating
11946,592,1,66.23,1,1,1,Hibernating
7698,592,1,89.23,1,1,2,Hibernating
9553,592,1,115.71,1,1,2,Hibernating
5159,592,1,133.83,1,1,2,Hibernating
10979,592,1,136.28,1,1,2,Hibernating
7214,592,1,166.8,1,1,2,Hibernating
285,592,3,374.63,1,3,4,At Risk (high value)
8672,592,1,396.68,1,1,4,Hibernating
8181,592,1,577.24,1,1,4,Hibernating
5594,592,1,798.31,1,1,5,Hibernating
9265,591,1,50.16,1,1,1,Hibernating
3810,591,1,51.96,1,1,1,Hibernating
11115,591,1,89.04,1,1,2,Hibernating
3643,591,1,141.08,1,1,2,Hibernating
9321,591,1,155.64,1,1,2,Hibernating
1175,591,1,204.54,1,1,3,Hibernating
5172,591,2,259.32,1,2,3,Hibernating
8786,590,1,12.32,1,1,1,Hibernating
10339,590,1,27.59,1,1,1,Hibernating
1765,590,1,45.9,1,1,1,Hibernating
612,590,1,48.13,1,1,1,Hibernating
5152,590,1,76.08,1,1,1,Hibernating
10297,590,1,184.79,1,1,2,Hibernating
218,590,1,355.53,1,1,4,Hibernating
3396,590,2,630.81,1,2,4,Hibernating
11829,590,1,992.68,1,1,5,Hibernating
11958,589,1,31.08,1,1,1,Hibernating
7484,589,1,128.92,1,1,2,Hibernating
8143,589,1,155.06,1,1,2,Hibernating
1400,589,1,200.41,1,1,3,Hibernating
7031,589,1,202.51,1,1,3,Hibernating
10201,589,1,335.57,1,1,3,Hibernating
5795,589,1,373.57,1,1,4,Hibernating
2513,589,1,609.78,1,1,4,Hibernating
10488,589,1,618.67,1,1,4,Hibernating
8072,589,1,834.96,1,1,5,Hibernating
10499,588,1,39.48,1,1,1,Hibernating
11149,588,2,63.61,1,2,1,Hibernating
10664,588,1,141.34,1,1,2,Hibernating
9226,588,1,146.55,1,1,2,Hibernating
3168,588,2,240.8,1,2,3,Hibernating
11440,588,1,466.83,1,1,4,Hibernating
6871,588,1,510.98,1,1,4,Hibernating
2192,588,1,664.75,1,1,5,Hibernating
380,587,1,39.51,1,1,1,Hibernating
1552,587,1,48.68,1,1,1,Hibernating
1555,587,1,71.56,1,1,1,Hibernating
7384,587,1,200.43,1,1,3,Hibernating
8093,587,2,216.54,1,2,3,Hibernating
6772,587,2,253.66,1,2,3,Hibernating
11742,587,2,255.02,1,2,3,Hibernating
5602,587,1,424.35,1,1,4,Hibernating
509,587,3,582.5,1,3,4,At Risk (high value)
2429,587,2,616.13,1,2,4,Hibernating
6374,586,1,18.97,1,1,1,Hibernating
10915,586,1,29.64,1,1,1,Hibernating
7933,586,1,197.87,1,1,3,Hibernating
5029,586,1,292.18,1,1,3,Hibernating
8982,585,1,23.06,1,1,1,Hibernating
711,585,1,34.26,1,1,1,Hibernating
10022,585,1,45.4,1,1,1,Hibernating
9336,585,1,49.17,1,1,1,Hibernating
6457,585,1,104.2,1,1,2,Hibernating
10640,585,1,107.08,1,1,2,Hibernating
7772,585,1,120.35,1,1,2,Hibernating
3743,585,1,127.77,1,1,2,Hibernating
5123,585,1,143.86,1,1,2,Hibernating
592,585,2,184.48,1,2,2,Hibernating
8340,585,1,207.96,1,1,3,Hibernating
8038,585,2,661.65,1,2,5,Hibernating
8591,584,1,94.01,1,1,2,Hibernating
10081,584,1,98.68,1,1,2,Hibernating
7141,584,1,100.21,1,1,2,Hibernating
3833,584,2,102.38,1,2,2,Hibernating
5322,584,1,128.0,1,1,2,Hibernating
5260,584,1,157.11,1,1,2,Hibernating
6451,584,1,255.96,1,1,3,Hibernating
6066,584,2,498.06,1,2,4,Hibernating
8354,584,2,520.66,1,2,4,Hibernating
10607,584,3,750.29,1,3,5,At Risk (high value)
7726,584,2,1664.1,1,2,5,Hibernating
3483,583,1,45.9,1,1,1,Hibernating
5377,583,2,112.86,1,2,2,Hibernating
10909,583,1,210.67,1,1,3,Hibernating
9315,583,1,231.16,1,1,3,Hibernating
2831,583,2,410.8,1,2,4,Hibernating
3020,583,2,541.29,1,2,4,Hibernating
5441,582,1,110.01,1,1,2,Hibernating
8051,582,2,152.68,1,2,2,Hibernating
10695,582,1,157.5,1,1,2,Hibernating
9352,582,1,250.49,1,1,3,Hibernating
9091,582,1,398.6,1,1,4,Hibernating
9659,582,1,401.19,1,1,4,Hibernating
5359,582,2,965.2,1,2,5,Hibernating
2270,581,1,16.59,1,1,1,Hibernating
6976,581,1,81.48,1,1,1,Hibernating
546,581,1,90.58,1,1,2,Hibernating
3240,581,1,199.55,1,1,3,Hibernating
1939,581,1,220.59,1,1,3,Hibernating
11359,581,4,669.7,1,4,5,At Risk (high value)
1712,581,2,985.22,1,2,5,Hibernating
11662,580,1,25.68,1,1,1,Hibernating
3612,580,1,66.8,1,1,1,Hibernating
294,580,1,74.8,1,1,1,Hibernating
3980,580,1,78.22,1,1,1,Hibernating
2722,580,3,683.93,1,3,5,At Risk (high value)
7864,580,3,842.21,1,3,5,At Risk (high value)
9480,580,3,865.98,1,3,5,At Risk (high value)
8543,580,2,913.33,1,2,5,Hibernating
9559,580,3,1473.57,1,3,5,At Risk (high value)
6647,579,1,25.68,1,1,1,Hibernating
7273,579,2,78.3,1,2,1,Hibernating
2590,579,2,229.86,1,2,3,Hibernating
2328,579,2,236.25,1,2,3,Hibernating
3122,579,2,338.57,1,2,3,Hibernating
2730,579,2,345.96,1,2,4,Hibernating
6661,579,1,353.74,1,1,4,Hibernating
1299,579,1,545.86,1,1,4,Hibernating
2702,579,3,1853.58,1,3,5,At Risk (high value)
8156,579,3,1964.82,1,3,5,At Risk (high value)
3587,578,1,65.94,1,1,1,Hibernating
1732,578,2,152.03,1,2,2,Hibernating
10138,578,1,175.96,1,1,2,Hibernating
1786,578,1,187.19,1,1,3,Hibernating
3,578,1,189.98,1,1,3,Hibernating
4893,578,2,238.88,1,2,3,Hibernating
344,578,1,240.28,1,1,3,Hibernating
10615,578,1,253.0,1,1,3,Hibernating
11434,578,1,300.8,1,1,3,Hibernating
10331,578,1,332.89,1,1,3,Hibernating
7878,578,2,372.89,1,2,4,Hibernating
8552,578,2,399.07,1,2,4,Hibernating
5332,578,1,1163.79,1,1,5,Hibernating
3186,577,1,52.08,1,1,1,Hibernating
7948,577,3,114.36,1,3,2,At Risk (high value)
10056,577,1,140.31,1,1,2,Hibernating
1591,577,2,279.73,1,2,3,Hibernating
11339,577,1,289.34,1,1,3,Hibernating
5823,577,1,317.61,1,1,3,Hibernating
11413,577,1,317.91,1,1,3,Hibernating
799,577,3,348.89,1,3,4,At Risk (high value)
7691,577,2,383.7,1,2,4,Hibernating
1122,577,2,617.0,1,2,4,Hibernating
6092,577,3,854.01,1,3,5,At Risk (high value)
9280,576,1,20.06,1,1,1,Hibernating
8894,576,1,108.58,1,1,2,Hibernating
3116,576,2,226.8,1,2,3,Hibernating
1226,576,1,237.97,1,1,3,Hibernating
11403,576,2,240.57,1,2,3,Hibernating
11598,576,1,366.8,1,1,4,Hibernating
5167,576,1,458.26,1,1,4,Hibernating
6864,576,2,582.93,1,2,4,Hibernating
6845,576,2,661.04,1,2,5,Hibernating
2667,575,2,103.89,1,2,2,Hibernating
2575,575,2,199.95,1,2,3,Hibernating
7222,575,1,377.02,1,1,4,Hibernating
9306,574,1,13.16,1,1,1,Hibernating
8106,574,1,46.67,1,1,1,Hibernating
4537,574,1,73.99,1,1,1,Hibernating
11559,574,1,106.52,1,1,2,Hibernating
11473,574,2,197.31,1,2,3,Hibernating
6458,574,2,219.67,1,2,3,Hibernating
8227,574,1,220.92,1,1,3,Hibernating
4488,574,1,482.22,1,1,4,Hibernating
4717,574,1,523.29,1,1,4,Hibernating
9681,574,1,542.35,1,1,4,Hibernating
9509,573,1,14.81,1,1,1,Hibernating
2493,573,1,26.58,1,1,1,Hibernating
6446,573,1,32.05,1,1,1,Hibernating
2065,573,1,35.68,1,1,1,Hibernating
9872,573,2,96.57,1,2,2,Hibernating
8028,573,1,187.39,1,1,3,Hibernating
7317,573,2,211.82,1,2,3,Hibernating
11119,573,1,273.22,1,1,3,Hibernating
8663,573,3,277.77,1,3,3,At Risk (high value)
11143,573,2,287.13,1,2,3,Hibernating
2348,573,2,292.38,1,2,3,Hibernating
10259,573,1,314.0,1,1,3,Hibernating
3662,573,1,322.91,1,1,3,Hibernating
10935,573,2,343.26,1,2,4,Hibernating
8247,573,2,522.7,1,2,4,Hibernating
2046,573,1,1452.46,1,1,5,Hibernating
2345,572,1,13.29,1,1,1,Hibernating
1203,572,1,26.68,1,1,1,Hibernating
10209,572,1,36.51,1,1,1,Hibernating
3716,572,1,114.86,1,1,2,Hibernating
7245,572,1,120.18,1,1,2,Hibernating
8140,572,1,158.62,1,1,2,Hibernating
2845,572,1,170.49,1,1,2,Hibernating
6369,572,1,186.21,1,1,2,Hibernating
1319,572,1,190.89,1,1,3,Hibernating
11767,572,2,248.7,1,2,3,Hibernating
1566,572,1,279.64,1,1,3,Hibernating
6440,572,2,314.02,1,2,3,Hibernating
6733,572,1,506.83,1,1,4,Hibernating
1303,572,1,557.69,1,1,4,Hibernating
9560,572,3,609.59,1,3,4,At Risk (high value)
11120,572,1,726.47,1,1,5,Hibernating
3529,572,3,864.92,1,3,5,At Risk (high value)
10098,572,5,1125.88,1,4,5,At Risk (high value)
3533,571,1,14.62,1,1,1,Hibernating
164,571,1,35.56,1,1,1,Hibernating
10810,571,1,180.15,1,1,2,Hibernating
350,571,1,196.03,1,1,3,Hibernating
9596,571,2,387.31,1,2,4,Hibernating
3687,571,2,552.74,1,2,4,Hibernating
11707,571,2,720.59,1,2,5,Hibernating
10368,571,3,2425.4,1,3,5,At Risk (high value)
5614,570,1,33.24,1,1,1,Hibernating
11216,570,1,57.88,1,1,1,Hibernating
9534,570,1,138.75,1,1,2,Hibernating
4380,570,1,172.35,1,1,2,Hibernating
9930,570,1,196.17,1,1,3,Hibernating
3711,570,2,488.01,1,2,4,Hibernating
8553,570,1,823.16,1,1,5,Hibernating
4956,570,2,844.58,1,2,5,Hibernating
8984,570,3,896.32,1,3,5,At Risk (high value)
6462,569,1,23.68,1,1,1,Hibernating
4284,569,1,39.12,1,1,1,Hibernating
9220,569,1,50.36,1,1,1,Hibernating
7912,569,1,57.45,1,1,1,Hibernating
1176,569,1,61.76,1,1,1,Hibernating
3923,569,2,67.52,1,2,1,Hibernating
3731,569,2,84.9,1,2,2,Hibernating
5369,569,1,129.3,1,1,2,Hibernating
160,569,1,164.73,1,1,2,Hibernating
205,569,1,164.97,1,1,2,Hibernating
5151,569,1,223.12,1,1,3,Hibernating
1953,569,2,346.75,1,2,4,Hibernating
4735,569,1,364.1,1,1,4,Hibernating
4212,569,2,380.58,1,2,4,Hibernating
5255,569,2,439.62,1,2,4,Hibernating
6940,569,2,541.77,1,2,4,Hibernating
2331,569,3,687.58,1,3,5,At Risk (high value)
3182,569,3,789.37,1,3,5,At Risk (high value)
2680,569,1,1426.6,1,1,5,Hibernating
8766,568,2,29.07,1,2,1,Hibernating
8933,568,2,83.42,1,2,2,Hibernating
7871,568,3,88.01,1,3,2,At Risk (high value)
2832,568,2,183.61,1,2,2,Hibernating
10346,568,1,284.29,1,1,3,Hibernating
7145,568,2,371.26,1,2,4,Hibernating
10534,568,1,488.89,1,1,4,Hibernating
5437,568,4,532.25,1,4,4,At Risk (high value)
6997,568,2,2068.38,1,2,5,Hibernating
11325,567,1,17.08,1,1,1,Hibernating
9245,567,1,17.17,1,1,1,Hibernating
2634,567,1,25.36,1,1,1,Hibernating
8785,567,2,184.89,1,2,2,Hibernating
3180,567,1,215.36,1,1,3,Hibernating
7838,567,1,241.54,1,1,3,Hibernating
11356,567,1,259.35,1,1,3,Hibernating
11315,567,1,372.78,1,1,4,Hibernating
2814,567,1,382.91,1,1,4,Hibernating
8056,567,2,450.12,1,2,4,Hibernating
1279,567,1,463.85,1,1,4,Hibernating
11071,567,3,564.83,1,3,4,At Risk (high value)
4823,567,1,703.71,1,1,5,Hibernating
10955,567,2,709.22,1,2,5,Hibernating
6420,566,1,52.86,1,1,1,Hibernating
5115,566,2,69.72,1,2,1,Hibernating
7389,566,1,117.88,1,1,2,Hibernating
3046,566,1,126.93,1,1,2,Hibernating
2924,566,1,170.16,1,1,2,Hibernating
2703,566,1,212.79,1,1,3,Hibernating
11878,566,1,322.23,1,1,3,Hibernating
9828,566,1,425.3,1,1,4,Hibernating
9613,565,1,68.76,1,1,1,Hibernating
2358,565,3,89.29,1,3,2,At Risk (high value)
7770,565,1,135.04,1,1,2,Hibernating
8262,565,1,157.26,1,1,2,Hibernating
4509,565,1,183.04,1,1,2,Hibernating
3370,565,1,232.75,1,1,3,Hibernating
6711,565,1,236.62,1,1,3,Hibernating
8730,565,1,236.62,1,1,3,Hibernating
8421,565,2,253.14,1,2,3,Hibernating
3206,565,1,387.93,1,1,4,Hibernating
2734,564,1,66.23,1,1,1,Hibernating
5579,564,1,96.38,1,1,2,Hibernating
8087,564,1,149.35,1,1,2,Hibernating
495,564,2,162.25,1,2,2,Hibernating
9795,564,1,318.57,1,1,3,Hibernating
8752,564,1,435.25,1,1,4,Hibernating
9421,564,2,456.5,1,2,4,Hibernating
4884,564,1,567.07,1,1,4,Hibernating
2671,564,2,771.11,1,2,5,Hibernating
10524,563,1,73.45,1,1,1,Hibernating
7619,563,1,145.37,1,1,2,Hibernating
10687,563,1,206.89,1,1,3,Hibernating
4783,563,1,238.5,1,1,3,Hibernating
7482,563,2,247.52,1,2,3,Hibernating
10077,563,2,625.28,1,2,4,Hibernating
10578,563,3,679.0,1,3,5,At Risk (high value)
4950,563,4,1137.76,1,4,5,At Risk (high value)
2621,562,1,11.1,1,1,1,Hibernating
9318,562,1,61.95,1,1,1,Hibernating
3445,562,2,86.67,1,2,2,Hibernating
7025,562,1,89.96,1,1,2,Hibernating
10791,562,1,230.21,1,1,3,Hibernating
4436,562,1,254.25,1,1,3,Hibernating
8756,562,1,307.6,1,1,3,Hibernating
9071,562,2,1789.58,1,2,5,Hibernating
8420,561,1,22.66,1,1,1,Hibernating
10946,561,1,24.9,1,1,1,Hibernating
5871,561,1,56.12,1,1,1,Hibernating
9049,561,1,68.14,1,1,1,Hibernating
155,561,1,68.98,1,1,1,Hibernating
571,561,1,143.08,1,1,2,Hibernating
10425,561,1,195.0,1,1,3,Hibernating
6528,561,2,293.86,1,2,3,Hibernating
7322,561,1,376.17,1,1,4,Hibernating
11876,561,3,496.55,1,3,4,At Risk (high value)
4708,560,1,85.6,1,1,2,Hibernating
2033,560,1,98.61,1,1,2,Hibernating
8138,560,1,154.95,1,1,2,Hibernating
3451,560,2,156.88,1,2,2,Hibernating
11705,560,1,271.68,1,1,3,Hibernating
4138,560,1,349.89,1,1,4,Hibernating
421,560,2,477.04,1,2,4,Hibernating
10048,560,2,485.0,1,2,4,Hibernating
5627,560,2,786.25,1,2,5,Hibernating
8525,559,1,72.3,1,1,1,Hibernating
5009,559,2,99.98,1,2,2,Hibernating
7043,559,1,113.66,1,1,2,Hibernating
10837,559,2,213.79,1,2,3,Hibernating
7954,559,1,219.68,1,1,3,Hibernating
5989,559,2,361.58,1,2,4,Hibernating
5208,559,2,378.56,1,2,4,Hibernating
5665,559,4,758.13,1,4,5,At Risk (high value)
668,559,1,880.27,1,1,5,Hibernating
260,559,3,915.96,1,3,5,At Risk (high value)
7045,558,1,18.05,1,1,1,Hibernating
1957,558,1,36.45,1,1,1,Hibernating
4910,558,1,141.76,1,1,2,Hibernating
5025,558,1,149.97,1,1,2,Hibernating
515,558,1,161.04,1,1,2,Hibernating
868,558,1,182.2,1,1,2,Hibernating
5539,558,1,272.18,1,1,3,Hibernating
5923,558,1,282.9,1,1,3,Hibernating
3789,558,1,324.77,1,1,3,Hibernating
1563,558,1,775.86,1,1,5,Hibernating
2834,557,1,19.56,1,1,1,Hibernating
7556,557,2,131.27,1,2,2,Hibernating
7319,557,1,223.5,1,1,3,Hibernating
3292,557,2,243.4,1,2,3,Hibernating
598,557,1,250.25,1,1,3,Hibernating
9461,557,2,253.77,1,2,3,Hibernating
10041,557,2,415.61,1,2,4,Hibernating
7416,557,4,419.27,1,4,4,At Risk (high value)
3089,557,2,583.93,1,2,4,Hibernating
2698,557,3,910.5,1,3,5,At Risk (high value)
524,557,5,1208.49,1,4,5,At Risk (high value)
10623,557,3,1642.8,1,3,5,At Risk (high value)
2861,556,1,11.07,1,1,1,Hibernating
9890,556,1,15.58,1,1,1,Hibernating
9128,556,1,21.34,1,1,1,Hibernating
10045,556,1,86.56,1,1,2,Hibernating
4733,556,1,153.55,1,1,2,Hibernating
1727,556,1,181.31,1,1,2,Hibernating
9403,556,1,282.7,1,1,3,Hibernating
7545,556,1,292.73,1,1,3,Hibernating
6069,556,2,315.56,1,2,3,Hibernating
3410,556,1,317.91,1,1,3,Hibernating
4335,556,2,318.15,1,2,3,Hibernating
2177,556,1,335.94,1,1,3,Hibernating
1296,556,2,351.75,1,2,4,Hibernating
8558,556,2,461.93,1,2,4,Hibernating
7063,555,1,92.96,1,1,2,Hibernating
7417,555,1,124.44,1,1,2,Hibernating
6613,555,1,142.97,1,1,2,Hibernating
11645,555,1,152.14,1,1,2,Hibernating
11670,555,2,283.91,1,2,3,Hibernating
11449,555,2,303.46,1,2,3,Hibernating
1664,555,1,430.24,1,1,4,Hibernating
10330,555,2,647.66,1,2,5,Hibernating
563,555,3,652.98,1,3,5,At Risk (high value)
5621,554,1,28.37,1,1,1,Hibernating
340,554,1,73.34,1,1,1,Hibernating
7761,554,3,78.84,1,3,1,At Risk (high value)
8253,554,2,186.95,1,2,3,Hibernating
6036,554,1,238.48,1,1,3,Hibernating
3963,554,1,410.02,1,1,4,Hibernating
7363,554,4,483.47,1,4,4,At Risk (high value)
6000,554,1,489.0,1,1,4,Hibernating
4816,554,3,575.89,1,3,4,At Risk (high value)
3315,554,2,1082.1,1,2,5,Hibernating
1960,553,1,114.65,1,1,2,Hibernating
7393,553,1,187.99,1,1,3,Hibernating
5077,553,1,360.41,1,1,4,Hibernating
11020,553,1,527.11,1,1,4,Hibernating
1068,553,3,531.74,1,3,4,At Risk (high value)
5312,553,1,546.54,1,1,4,Hibernating
7253,553,2,708.69,1,2,5,Hibernating
7548,553,1,808.72,1,1,5,Hibernating
6615,553,1,915.57,1,1,5,Hibernating
80,552,1,16.75,1,1,1,Hibernating
9963,552,1,25.34,1,1,1,Hibernating
3420,552,1,40.14,1,1,1,Hibernating
11451,552,1,164.68,1,1,2,Hibernating
1647,552,1,178.9,1,1,2,Hibernating
3214,552,1,255.44,1,1,3,Hibernating
7463,552,1,480.52,1,1,4,Hibernating
8637,552,2,568.14,1,2,4,Hibernating
8700,552,1,696.78,1,1,5,Hibernating
3495,552,2,783.89,1,2,5,Hibernating
11599,551,1,77.56,1,1,1,Hibernating
10433,551,1,80.16,1,1,1,Hibernating
8755,551,1,109.23,1,1,2,Hibernating
2914,551,1,111.08,1,1,2,Hibernating
10833,551,1,170.49,1,1,2,Hibernating
1464,551,2,206.75,1,2,3,Hibernating
6928,551,1,275.44,1,1,3,Hibernating
2579,551,1,281.26,1,1,3,Hibernating
4119,551,1,282.23,1,1,3,Hibernating
1799,551,1,308.92,1,1,3,Hibernating
1776,551,2,339.48,1,2,3,Hibernating
10283,551,1,499.59,1,1,4,Hibernating
2214,550,1,36.18,1,1,1,Hibernating
9951,550,1,46.67,1,1,1,Hibernating
10673,550,1,58.7,1,1,1,Hibernating
8401,550,1,80.88,1,1,1,Hibernating
2699,550,1,173.88,1,1,2,Hibernating
2787,550,1,187.48,1,1,3,Hibernating
7277,550,1,226.48,1,1,3,Hibernating
6078,550,3,295.84,1,3,3,At Risk (high value)
9771,550,2,413.88,1,2,4,Hibernating
3554,550,3,513.45,1,3,4,At Risk (high value)
6388,550,1,624.9,1,1,4,Hibernating
8893,550,1,1177.83,1,1,5,Hibernating
9833,549,1,18.97,1,1,1,Hibernating
8665,549,2,148.73,1,2,2,Hibernating
10901,549,1,159.0,1,1,2,Hibernating
7071,549,3,265.82,1,3,3,At Risk (high value)
272,549,4,319.72,1,4,3,At Risk (high value)
8296,549,2,328.83,1,2,3,Hibernating
8817,549,2,443.5,1,2,4,Hibernating
11360,549,3,549.24,1,3,4,At Risk (high value)
1276,549,1,563.62,1,1,4,Hibernating
5348,548,1,32.94,1,1,1,Hibernating
2955,548,1,41.32,1,1,1,Hibernating
8650,548,1,52.86,1,1,1,Hibernating
1008,548,1,54.02,1,1,1,Hibernating
6636,548,2,71.67,1,2,1,Hibernating
11058,548,1,100.21,1,1,2,Hibernating
7329,548,1,115.18,1,1,2,Hibernating
9964,548,2,142.46,1,2,2,Hibernating
8209,548,1,257.58,1,1,3,Hibernating
3253,548,2,426.4,1,2,4,Hibernating
11602,548,2,490.2,1,2,4,Hibernating
7584,548,2,533.77,1,2,4,Hibernating
11419,548,2,1241.45,1,2,5,Hibernating
6763,547,1,59.36,1,1,1,Hibernating
10305,547,1,62.08,1,1,1,Hibernating
616,547,1,71.28,1,1,1,Hibernating
3129,547,2,102.24,1,2,2,Hibernating
10481,547,3,927.89,1,3,5,At Risk (high value)
3694,547,2,952.49,1,2,5,Hibernating
5801,547,4,2031.4,1,4,5,At Risk (high value)
7552,546,1,23.11,1,1,1,Hibernating
1067,546,1,48.3,1,1,1,Hibernating
9082,546,1,63.82,1,1,1,Hibernating
9300,546,1,94.26,1,1,2,Hibernating
6577,546,1,94.44,1,1,2,Hibernating
10115,546,1,97.41,1,1,2,Hibernating
1019,546,2,158.9,1,2,2,Hibernating
11555,546,2,759.09,1,2,5,Hibernating
1143,545,1,20.92,1,1,1,Hibernating
9223,545,1,34.34,1,1,1,Hibernating
359,545,2,118.32,1,2,2,Hibernating
6280,545,1,129.74,1,1,2,Hibernating
2198,544,1,9.8,1,1,1,Hibernating
1864,544,1,12.33,1,1,1,Hibernating
11016,544,1,29.44,1,1,1,Hibernating
11242,544,1,42.72,1,1,1,Hibernating
8950,544,1,76.58,1,1,1,Hibernating
10141,544,2,82.87,1,2,2,Hibernating
7742,544,1,258.12,1,1,3,Hibernating
5535,544,2,575.16,1,2,4,Hibernating
8215,544,3,615.48,1,3,4,At Risk (high value)
7093,544,3,628.32,1,3,4,At Risk (high value)
9104,544,4,3704.56,1,4,5,At Risk (high value)
737,543,1,27.59,1,1,1,Hibernating
8670,543,1,61.84,1,1,1,Hibernating
2309,543,1,168.19,1,1,2,Hibernating
11804,543,1,182.1,1,1,2,Hibernating
9528,543,1,280.74,1,1,3,Hibernating
10884,543,3,364.04,1,3,4,At Risk (high value)
7639,543,1,507.06,1,1,4,Hibernating
5195,543,2,646.79,1,2,5,Hibernating
5430,543,2,754.82,1,2,5,Hibernating
2483,542,1,65.74,1,1,1,Hibernating
10713,542,1,196.58,1,1,3,Hibernating
5832,542,1,329.77,1,1,3,Hibernating
8030,542,1,342.89,1,1,4,Hibernating
11535,542,2,346.85,1,2,4,Hibernating
1230,542,2,548.38,1,2,4,Hibernating
4550,542,2,586.42,1,2,4,Hibernating
7404,542,4,965.13,1,4,5,At Risk (high value)
7689,541,1,9.8,1,1,1,Hibernating
5945,541,1,28.23,1,1,1,Hibernating
3393,541,1,64.97,1,1,1,Hibernating
6368,541,1,90.34,1,1,2,Hibernating
43,541,1,93.34,1,1,2,Hibernating
1983,541,1,127.31,1,1,2,Hibernating
9207,541,2,163.09,1,2,2,Hibernating
136,541,1,199.3,1,1,3,Hibernating
6562,541,1,230.71,1,1,3,Hibernating
4116,541,1,275.34,1,1,3,Hibernating
7356,541,2,328.53,1,2,3,Hibernating
3964,541,2,403.85,1,2,4,Hibernating
5503,541,1,487.03,1,1,4,Hibernating
3190,541,1,504.81,1,1,4,Hibernating
4545,540,1,72.82,1,1,1,Hibernating
9261,540,2,86.52,1,2,2,Hibernating
5630,540,1,164.97,1,1,2,Hibernating
510,540,1,166.48,1,1,2,Hibernating
1301,540,1,169.0,1,1,2,Hibernating
3972,540,2,171.65,1,2,2,Hibernating
1387,540,1,243.66,1,1,3,Hibernating
1624,540,2,249.24,1,2,3,Hibernating
8273,540,1,416.06,1,1,4,Hibernating
967,540,2,797.1,1,2,5,Hibernating
8531,539,1,34.33,1,1,1,Hibernating
10868,539,1,39.78,1,1,1,Hibernating
3537,539,1,78.5,1,1,1,Hibernating
8236,539,1,135.88,1,1,2,Hibernating
1216,539,1,161.59,1,1,2,Hibernating
6600,539,2,219.18,1,2,3,Hibernating
8515,539,2,221.39,1,2,3,Hibernating
9612,539,1,272.04,1,1,3,Hibernating
6922,539,3,345.5,1,3,4,At Risk (high value)
3207,539,1,354.82,1,1,4,Hibernating
3264,539,1,398.5,1,1,4,Hibernating
7848,539,3,468.18,1,3,4,At Risk (high value)
8128,538,1,22.14,1,1,1,Hibernating
3939,538,2,141.47,1,2,2,Hibernating
4770,538,1,148.07,1,1,2,Hibernating
5481,538,1,205.81,1,1,3,Hibernating
306,538,1,322.51,1,1,3,Hibernating
9669,538,2,344.53,1,2,4,Hibernating
3066,538,2,354.26,1,2,4,Hibernating
3383,538,1,481.62,1,1,4,Hibernating
10572,537,1,9.42,1,1,1,Hibernating
6167,537,1,16.46,1,1,1,Hibernating
526,537,1,41.99,1,1,1,Hibernating
9504,537,1,90.63,1,1,2,Hibernating
3598,537,1,120.5,1,1,2,Hibernating
7771,537,2,210.53,1,2,3,Hibernating
6445,537,2,297.2,1,2,3,Hibernating
10443,537,2,313.9,1,2,3,Hibernating
4847,537,1,420.39,1,1,4,Hibernating
154,537,2,867.53,1,2,5,Hibernating
6153,537,2,1656.82,1,2,5,Hibernating
2561,536,1,12.81,1,1,1,Hibernating
2164,536,1,22.41,1,1,1,Hibernating
605,536,1,50.51,1,1,1,Hibernating
1611,536,1,127.92,1,1,2,Hibernating
6912,536,1,143.08,1,1,2,Hibernating
10569,536,1,152.49,1,1,2,Hibernating
3879,536,2,175.09,1,2,2,Hibernating
7414,536,1,207.96,1,1,3,Hibernating
11150,536,1,227.59,1,1,3,Hibernating
6962,536,1,230.21,1,1,3,Hibernating
10402,536,1,285.85,1,1,3,Hibernating
1144,536,1,333.41,1,1,3,Hibernating
2006,536,1,573.67,1,1,4,Hibernating
4776,536,5,1068.0,1,4,5,At Risk (high value)
4121,536,2,1150.05,1,2,5,Hibernating
11358,535,1,20.06,1,1,1,Hibernating
1305,535,1,26.46,1,1,1,Hibernating
11694,535,1,29.68,1,1,1,Hibernating
6283,535,1,34.33,1,1,1,Hibernating
3015,535,1,119.34,1,1,2,Hibernating
8967,535,1,133.55,1,1,2,Hibernating
8293,535,2,140.22,1,2,2,Hibernating
3776,535,1,149.88,1,1,2,Hibernating
2874,535,1,352.86,1,1,4,Hibernating
10650,535,1,406.47,1,1,4,Hibernating
4839,535,1,426.52,1,1,4,Hibernating
5722,535,4,495.86,1,4,4,At Risk (high value)
11342,535,3,875.92,1,3,5,At Risk (high value)
32,535,4,1022.34,1,4,5,At Risk (high value)
11133,535,3,1275.34,1,3,5,At Risk (high value)
2601,535,1,1501.39,1,1,5,Hibernating
1362,534,1,20.1,1,1,1,Hibernating
10749,534,1,42.92,1,1,1,Hibernating
127,534,1,68.59,1,1,1,Hibernating
10561,534,1,70.0,1,1,1,Hibernating
3353,534,1,82.12,1,1,1,Hibernating
9257,534,1,148.25,1,1,2,Hibernating
11511,534,1,270.91,1,1,3,Hibernating
5922,534,1,465.83,1,1,4,Hibernating
4149,534,3,1026.02,1,3,5,At Risk (high value)
2519,533,1,83.9,1,1,2,Hibernating
7957,533,1,127.39,1,1,2,Hibernating
8193,533,1,227.87,1,1,3,Hibernating
3820,533,3,295.93,1,3,3,At Risk (high value)
6355,533,1,299.44,1,1,3,Hibernating
9003,533,1,321.42,1,1,3,Hibernating
5121,533,1,448.31,1,1,4,Hibernating
2756,533,1,614.18,1,1,4,Hibernating
1834,533,4,870.25,1,4,5,At Risk (high value)
1408,533,2,1124.98,1,2,5,Hibernating
1902,533,4,1192.11,1,4,5,At Risk (high value)
4109,533,3,1344.29,1,3,5,At Risk (high value)
9411,532,1,15.58,1,1,1,Hibernating
252,532,1,18.04,1,1,1,Hibernating
9513,532,1,20.1,1,1,1,Hibernating
10269,532,1,51.24,1,1,1,Hibernating
4658,532,1,116.09,1,1,2,Hibernating
11263,532,1,348.67,1,1,4,Hibernating
771,532,3,443.13,1,3,4,At Risk (high value)
5383,532,1,559.44,1,1,4,Hibernating
6434,532,1,783.13,1,1,5,Hibernating
1325,532,1,882.02,1,1,5,Hibernating
11002,532,1,891.68,1,1,5,Hibernating
800,531,1,26.71,1,1,1,Hibernating
5790,531,1,143.08,1,1,2,Hibernating
1627,531,2,185.33,1,2,2,Hibernating
8012,531,1,194.25,1,1,3,Hibernating
3824,531,1,242.07,1,1,3,Hibernating
2515,531,2,253.37,1,2,3,Hibernating
1857,531,2,333.21,1,2,3,Hibernating
6616,531,1,364.8,1,1,4,Hibernating
2762,531,1,384.03,1,1,4,Hibernating
7959,531,1,518.07,1,1,4,Hibernating
7763,531,1,615.59,1,1,4,Hibernating
1681,530,1,17.13,1,1,1,Hibernating
8896,530,1,64.02,1,1,1,Hibernating
8360,530,1,81.72,1,1,1,Hibernating
4337,530,1,98.3,1,1,2,Hibernating
4026,530,2,141.89,1,2,2,Hibernating
4250,530,1,398.6,1,1,4,Hibernating
6988,530,1,461.46,1,1,4,Hibernating
4254,530,3,590.82,1,3,4,At Risk (high value)
9210,530,2,611.22,1,2,4,Hibernating
10360,530,3,1132.59,1,3,5,At Risk (high value)
1273,530,3,1571.49,1,3,5,At Risk (high value)
5600,529,1,26.6,1,1,1,Hibernating
2362,529,1,34.26,1,1,1,Hibernating
10397,529,1,81.71,1,1,1,Hibernating
7270,529,1,109.23,1,1,2,Hibernating
6178,529,1,124.06,1,1,2,Hibernating
11730,529,1,144.67,1,1,2,Hibernating
4797,529,1,197.84,1,1,3,Hibernating
5938,529,1,200.42,1,1,3,Hibernating
9835,529,1,254.19,1,1,3,Hibernating
1638,529,1,310.46,1,1,3,Hibernating
6891,529,3,563.31,1,3,4,At Risk (high value)
8020,529,3,657.88,1,3,5,At Risk (high value)
7023,529,3,715.51,1,3,5,At Risk (high value)
490,529,4,952.11,1,4,5,At Risk (high value)
3999,529,4,2114.39,1,4,5,At Risk (high value)
6987,528,1,13.48,1,1,1,Hibernating
4481,528,1,32.87,1,1,1,Hibernating
20,528,1,35.3,1,1,1,Hibernating
6248,528,1,116.59,1,1,2,Hibernating
8897,528,2,166.5,1,2,2,Hibernating
2405,528,2,259.29,1,2,3,Hibernating
1659,527,1,24.83,1,1,1,Hibernating
1637,527,1,33.21,1,1,1,Hibernating
8832,527,1,137.96,1,1,2,Hibernating
11799,527,2,194.83,1,2,3,Hibernating
5700,527,2,226.39,1,2,3,Hibernating
8286,527,1,300.8,1,1,3,Hibernating
10666,527,1,349.09,1,1,4,Hibernating
4223,527,2,391.45,1,2,4,Hibernating
11544,527,2,744.15,1,2,5,Hibernating
9859,527,2,839.73,1,2,5,Hibernating
3447,527,1,1255.71,1,1,5,Hibernating
2828,526,1,8.43,1,1,1,Hibernating
8806,526,1,17.92,1,1,1,Hibernating
3120,526,1,28.7,1,1,1,Hibernating
9289,526,1,54.12,1,1,1,Hibernating
2307,526,1,130.05,1,1,2,Hibernating
689,526,2,221.29,1,2,3,Hibernating
9117,526,1,521.37,1,1,4,Hibernating
11229,526,3,567.85,1,3,4,At Risk (high value)
10101,526,3,712.73,1,3,5,At Risk (high value)
4364,526,2,1150.37,1,2,5,Hibernating
7845,525,1,18.94,1,1,1,Hibernating
221,525,1,141.45,1,1,2,Hibernating
3593,525,2,341.5,1,2,3,Hibernating
9622,525,2,364.7,1,2,4,Hibernating
5188,525,1,504.33,1,1,4,Hibernating
266,524,1,32.47,1,1,1,Hibernating
11819,524,1,60.14,1,1,1,Hibernating
5038,524,1,60.43,1,1,1,Hibernating
1431,524,1,114.92,1,1,2,Hibernating
8425,524,1,161.97,1,1,2,Hibernating
5540,524,1,170.07,1,1,2,Hibernating
180,524,1,301.95,1,1,3,Hibernating
642,524,1,361.99,1,1,4,Hibernating
1047,524,2,382.11,1,2,4,Hibernating
765,524,3,543.2,1,3,4,At Risk (high value)
2343,524,1,589.4,1,1,4,Hibernating
6984,524,3,880.04,1,3,5,At Risk (high value)
2128,524,3,903.79,1,3,5,At Risk (high value)
2384,524,3,1072.33,1,3,5,At Risk (high value)
5057,524,3,1379.14,1,3,5,At Risk (high value)
1703,523,2,129.29,1,2,2,Hibernating
6141,523,1,146.41,1,1,2,Hibernating
10412,523,3,203.44,1,3,3,At Risk (high value)
11260,523,1,247.73,1,1,3,Hibernating
7426,523,2,344.56,1,2,4,Hibernating
9700,523,2,541.67,1,2,4,Hibernating
5911,523,3,995.53,1,3,5,At Risk (high value)
5410,523,2,1957.91,1,2,5,Hibernating
6506,522,1,12.13,1,1,1,Hibernating
1204,522,1,65.54,1,1,1,Hibernating
358,522,1,98.7,1,1,2,Hibernating
8239,522,1,147.08,1,1,2,Hibernating
1724,522,1,176.05,1,1,2,Hibernating
5611,522,1,228.84,1,1,3,Hibernating
1670,522,2,277.82,1,2,3,Hibernating
5732,522,1,286.37,1,1,3,Hibernating
8635,522,3,352.24,1,3,4,At Risk (high value)
8374,522,4,519.51,1,4,4,At Risk (high value)
11109,522,1,601.6,1,1,4,Hibernating
6051,522,2,718.52,1,2,5,Hibernating
4416,522,2,964.81,1,2,5,Hibernating
9181,521,1,9.8,1,1,1,Hibernating
2773,521,1,16.73,1,1,1,Hibernating
2244,521,1,45.64,1,1,1,Hibernating
11521,521,1,68.18,1,1,1,Hibernating
2051,521,1,127.07,1,1,2,Hibernating
2468,521,1,131.49,1,1,2,Hibernating
2062,521,2,432.48,1,2,4,Hibernating
10018,521,3,722.25,1,3,5,At Risk (high value)
3522,521,3,879.26,1,3,5,At Risk (high value)
10409,520,1,28.97,1,1,1,Hibernating
1027,520,1,34.16,1,1,1,Hibernating
6416,520,1,68.58,1,1,1,Hibernating
6022,520,1,78.42,1,1,1,Hibernating
2967,520,2,100.78,1,2,2,Hibernating
9275,520,1,105.28,1,1,2,Hibernating
9542,520,1,131.57,1,1,2,Hibernating
2917,520,1,162.88,1,1,2,Hibernating
4311,520,1,207.67,1,1,3,Hibernating
9298,520,1,289.91,1,1,3,Hibernating
487,520,3,306.64,1,3,3,At Risk (high value)
11509,520,1,310.46,1,1,3,Hibernating
3160,520,1,331.86,1,1,3,Hibernating
8533,520,2,593.26,1,2,4,Hibernating
3744,520,3,1474.03,1,3,5,At Risk (high value)
8844,519,1,52.42,1,1,1,Hibernating
486,519,1,114.12,1,1,2,Hibernating
2166,519,1,129.89,1,1,2,Hibernating
7734,519,1,240.53,1,1,3,Hibernating
10545,519,1,398.6,1,1,4,Hibernating
10920,519,2,520.26,1,2,4,Hibernating
11755,519,2,878.46,1,2,5,Hibernating
6536,518,1,47.38,1,1,1,Hibernating
1597,518,1,67.34,1,1,1,Hibernating
8187,518,2,118.96,1,2,2,Hibernating
8377,518,2,272.31,1,2,3,Hibernating
6707,518,1,280.62,1,1,3,Hibernating
6314,518,2,305.24,1,2,3,Hibernating
9198,518,3,493.71,1,3,4,At Risk (high value)
10838,518,1,712.0,1,1,5,Hibernating
5793,518,1,803.36,1,1,5,Hibernating
4439,518,1,829.03,1,1,5,Hibernating
5296,517,1,24.9,1,1,1,Hibernating
982,517,1,31.07,1,1,1,Hibernating
4809,517,1,88.74,1,1,2,Hibernating
9224,517,2,98.75,1,2,2,Hibernating
9470,517,1,102.18,1,1,2,Hibernating
1911,517,1,133.53,1,1,2,Hibernating
10678,517,2,192.24,1,2,3,Hibernating
3787,517,1,195.62,1,1,3,Hibernating
2694,517,1,207.83,1,1,3,Hibernating
5034,517,2,686.14,1,2,5,Hibernating
10555,517,2,754.85,1,2,5,Hibernating
5065,517,2,1187.28,1,2,5,Hibernating
8186,516,1,25.6,1,1,1,Hibernating
11146,516,2,54.32,1,2,1,Hibernating
4051,516,1,64.94,1,1,1,Hibernating
10905,516,1,106.62,1,1,2,Hibernating
2242,516,1,149.48,1,1,2,Hibernating
9200,516,1,177.07,1,1,2,Hibernating
1976,516,3,236.56,1,3,3,At Risk (high value)
1962,516,1,429.06,1,1,4,Hibernating
6081,516,2,459.97,1,2,4,Hibernating
1777,516,3,679.93,1,3,5,At Risk (high value)
6645,516,2,1116.73,1,2,5,Hibernating
10358,515,1,215.59,1,1,3,Hibernating
1498,515,1,248.92,1,1,3,Hibernating
10589,515,2,414.27,1,2,4,Hibernating
4840,515,1,537.28,1,1,4,Hibernating
5674,515,1,710.72,1,1,5,Hibernating
1928,515,3,1056.51,1,3,5,At Risk (high value)
5310,515,2,1348.33,1,2,5,Hibernating
9327,514,1,32.71,1,1,1,Hibernating
11824,514,1,112.38,1,1,2,Hibernating
8079,514,2,142.08,1,2,2,Hibernating
9961,514,1,163.42,1,1,2,Hibernating
1827,514,1,180.14,1,1,2,Hibernating
2731,514,1,204.42,1,1,3,Hibernating
6832,514,1,216.89,1,1,3,Hibernating
5687,514,1,248.55,1,1,3,Hibernating
10756,514,1,257.58,1,1,3,Hibernating
2776,514,1,298.64,1,1,3,Hibernating
3780,514,1,300.16,1,1,3,Hibernating
9518,514,1,326.02,1,1,3,Hibernating
11959,514,5,338.57,1,4,3,At Risk (high value)
918,514,1,409.83,1,1,4,Hibernating
5698,514,3,648.01,1,3,5,At Risk (high value)
10337,514,2,732.2,1,2,5,Hibernating
5925,514,3,768.84,1,3,5,At Risk (high value)
9106,514,3,831.88,1,3,5,At Risk (high value)
8789,514,2,1291.83,1,2,5,Hibernating
3894,513,1,120.18,1,1,2,Hibernating
3944,513,1,233.06,1,1,3,Hibernating
6657,513,1,236.62,1,1,3,Hibernating
7759,513,1,247.64,1,1,3,Hibernating
2772,513,1,602.34,1,1,4,Hibernating
10284,513,3,646.39,1,3,5,At Risk (high value)
11714,513,1,659.43,1,1,5,Hibernating
10811,512,1,19.34,1,1,1,Hibernating
1295,512,1,33.32,1,1,1,Hibernating
11430,512,1,35.56,1,1,1,Hibernating
8931,512,2,126.67,1,2,2,Hibernating
10723,512,1,157.49,1,1,2,Hibernating
206,512,2,199.66,1,2,3,Hibernating
8230,512,2,201.07,1,2,3,Hibernating
11052,512,1,205.24,1,1,3,Hibernating
3167,512,1,280.06,1,1,3,Hibernating
2664,512,1,349.31,1,1,4,Hibernating
11027,512,4,874.83,1,4,5,At Risk (high value)
2392,511,1,75.24,1,1,1,Hibernating
2160,511,1,233.59,1,1,3,Hibernating
10771,511,1,257.44,1,1,3,Hibernating
8000,511,1,280.62,1,1,3,Hibernating
402,511,2,414.41,1,2,4,Hibernating
8694,511,2,471.39,1,2,4,Hibernating
11582,511,1,657.87,1,1,5,Hibernating
172,511,2,685.14,1,2,5,Hibernating
3862,511,5,1722.67,1,4,5,At Risk (high value)
11346,510,1,32.47,1,1,1,Hibernating
11273,510,2,144.67,1,2,2,Hibernating
11817,510,1,186.08,1,1,2,Hibernating
10697,510,1,252.56,1,1,3,Hibernating
8940,510,1,252.86,1,1,3,Hibernating
6497,510,2,568.09,1,2,4,Hibernating
1967,510,2,1229.62,1,2,5,Hibernating
5459,510,3,1417.31,1,3,5,At Risk (high value)
11726,509,1,99.33,1,1,2,Hibernating
1565,509,1,118.31,1,1,2,Hibernating
822,509,2,135.91,1,2,2,Hibernating
7020,509,1,146.1,1,1,2,Hibernating
10733,509,1,153.35,1,1,2,Hibernating
6423,509,2,306.38,1,2,3,Hibernating
4689,509,2,629.93,1,2,4,Hibernating
11785,509,2,633.61,1,2,4,Hibernating
5515,509,1,635.82,1,1,5,Hibernating
4081,509,2,995.03,1,2,5,Hibernating
1481,508,1,18.61,1,1,1,Hibernating
9657,508,1,41.15,1,1,1,Hibernating
3872,508,1,59.19,1,1,1,Hibernating
4374,508,1,91.78,1,1,2,Hibernating
5744,508,1,136.8,1,1,2,Hibernating
4894,508,1,455.01,1,1,4,Hibernating
3920,508,2,574.0,1,2,4,Hibernating
11011,507,1,13.29,1,1,1,Hibernating
1547,507,1,16.24,1,1,1,Hibernating
3617,507,1,28.23,1,1,1,Hibernating
11347,507,1,50.16,1,1,1,Hibernating
8866,507,1,99.17,1,1,2,Hibernating
1355,507,1,107.34,1,1,2,Hibernating
3840,507,1,160.74,1,1,2,Hibernating
5024,507,2,162.84,1,2,2,Hibernating
4086,507,1,168.36,1,1,2,Hibernating
6475,507,1,234.77,1,1,3,Hibernating
9156,507,1,280.62,1,1,3,Hibernating
7999,507,2,367.51,1,2,4,Hibernating
5257,507,2,452.26,1,2,4,Hibernating
9286,507,1,1245.8,1,1,5,Hibernating
8431,506,1,15.49,1,1,1,Hibernating
11104,506,1,18.61,1,1,1,Hibernating
428,506,1,59.36,1,1,1,Hibernating
1083,506,1,108.51,1,1,2,Hibernating
3543,506,1,128.72,1,1,2,Hibernating
8157,506,1,139.55,1,1,2,Hibernating
10280,506,2,141.34,1,2,2,Hibernating
10084,506,3,187.5,1,3,3,At Risk (high value)
552,506,2,197.0,1,2,3,Hibernating
6029,506,1,210.27,1,1,3,Hibernating
2224,506,1,279.67,1,1,3,Hibernating
9821,506,2,424.85,1,2,4,Hibernating
4441,506,1,427.52,1,1,4,Hibernating
9194,506,2,465.06,1,2,4,Hibernating
992,506,1,472.68,1,1,4,Hibernating
1646,506,1,530.41,1,1,4,Hibernating
4065,506,2,538.4,1,2,4,Hibernating
9914,505,1,33.27,1,1,1,Hibernating
10825,505,1,44.17,1,1,1,Hibernating
3675,505,1,57.91,1,1,1,Hibernating
7080,505,1,66.23,1,1,1,Hibernating
6965,505,1,150.86,1,1,2,Hibernating
3877,505,1,305.04,1,1,3,Hibernating
8250,505,2,334.02,1,2,3,Hibernating
10079,505,2,351.91,1,2,4,Hibernating
5839,505,2,602.27,1,2,4,Hibernating
8810,505,3,604.21,1,3,4,At Risk (high value)
1890,505,3,985.82,1,3,5,At Risk (high value)
1141,504,1,15.58,1,1,1,Hibernating
491,504,1,17.6,1,1,1,Hibernating
3903,504,3,261.24,1,3,3,At Risk (high value)
4876,504,1,267.15,1,1,3,Hibernating
5356,504,2,312.84,1,2,3,Hibernating
9238,504,1,362.8,1,1,4,Hibernating
6767,504,2,515.76,1,2,4,Hibernating
8547,504,3,533.17,1,3,4,At Risk (high value)
1914,504,1,547.6,1,1,4,Hibernating
8923,504,2,1395.21,1,2,5,Hibernating
6005,503,1,17.05,1,1,1,Hibernating
2002,503,1,23.84,1,1,1,Hibernating
2835,503,1,72.92,1,1,1,Hibernating
10447,503,1,97.7,1,1,2,Hibernating
3371,503,1,112.24,1,1,2,Hibernating
4227,503,1,141.73,1,1,2,Hibernating
9753,503,2,200.78,1,2,3,Hibernating
5045,503,2,218.51,1,2,3,Hibernating
11232,502,1,15.46,1,1,1,Hibernating
5999,502,1,52.64,1,1,1,Hibernating
3496,502,1,89.13,1,1,2,Hibernating
3779,502,1,96.19,1,1,2,Hibernating
4126,502,1,112.24,1,1,2,Hibernating
10857,502,1,132.55,1,1,2,Hibernating
3936,502,1,223.28,1,1,3,Hibernating
6589,502,2,232.35,1,2,3,Hibernating
1337,502,1,274.35,1,1,3,Hibernating
5972,502,1,310.37,1,1,3,Hibernating
7209,502,2,387.52,1,2,4,Hibernating
4056,502,2,481.5,1,2,4,Hibernating
4188,502,5,669.89,1,4,5,At Risk (high value)
11621,502,4,1251.19,1,4,5,At Risk (high value)
5181,501,1,40.77,1,1,1,Hibernating
10647,501,1,138.06,1,1,2,Hibernating
5218,501,1,159.39,1,1,2,Hibernating
4324,501,1,162.78,1,1,2,Hibernating
5276,501,1,183.16,1,1,2,Hibernating
7187,501,1,261.21,1,1,3,Hibernating
11192,501,2,304.84,1,2,3,Hibernating
1328,501,1,452.51,1,1,4,Hibernating
3860,501,2,577.1,1,2,4,Hibernating
11255,501,2,694.76,1,2,5,Hibernating
6580,501,4,813.97,1,4,5,At Risk (high value)
6401,500,1,16.46,1,1,1,Hibernating
9415,500,1,17.05,1,1,1,Hibernating
9605,500,1,22.14,1,1,1,Hibernating
11362,500,1,28.72,1,1,1,Hibernating
6371,500,1,70.28,1,1,1,Hibernating
8359,500,1,114.12,1,1,2,Hibernating
9165,500,1,143.08,1,1,2,Hibernating
9723,500,3,217.76,1,3,3,At Risk (high value)
2615,500,1,254.14,1,1,3,Hibernating
957,500,3,261.25,1,3,3,At Risk (high value)
2018,500,1,319.34,1,1,3,Hibernating
1394,500,4,345.19,1,4,4,At Risk (high value)
4498,500,1,540.22,1,1,4,Hibernating
3710,500,5,797.46,1,4,5,At Risk (high value)
2805,499,1,87.94,1,1,2,Hibernating
8009,499,1,131.49,1,1,2,Hibernating
5386,499,2,515.5,1,2,4,Hibernating
4270,499,2,578.74,1,2,4,Hibernating
7094,499,3,585.24,1,3,4,At Risk (high value)
10011,499,2,650.45,1,2,5,Hibernating
10310,498,1,86.64,1,1,2,Hibernating
4562,498,1,161.7,1,1,2,Hibernating
1818,498,3,306.97,1,3,3,At Risk (high value)
3441,498,1,464.99,1,1,4,Hibernating
5664,498,1,474.28,1,1,4,Hibernating
3652,498,3,501.04,1,3,4,At Risk (high value)
2778,498,1,1040.02,1,1,5,Hibernating
10594,497,1,25.19,1,1,1,Hibernating
5462,497,1,34.58,1,1,1,Hibernating
4792,497,1,93.14,1,1,2,Hibernating
5898,497,1,135.12,1,1,2,Hibernating
10613,497,3,170.45,1,3,2,At Risk (high value)
6120,497,3,273.82,1,3,3,At Risk (high value)
8540,497,1,305.7,1,1,3,Hibernating
3468,497,2,327.67,1,2,3,Hibernating
2140,497,1,428.44,1,1,4,Hibernating
5509,497,2,537.52,1,2,4,Hibernating
8120,497,1,1178.39,1,1,5,Hibernating
8955,496,1,13.48,1,1,1,Hibernating
5624,496,1,17.17,1,1,1,Hibernating
7302,496,1,38.16,1,1,1,Hibernating
5730,496,1,81.16,1,1,1,Hibernating
4095,496,2,84.61,1,2,2,Hibernating
8916,496,2,138.32,1,2,2,Hibernating
780,496,2,353.99,1,2,4,Hibernating
11319,496,1,430.03,1,1,4,Hibernating
8747,496,1,574.24,1,1,4,Hibernating
6806,496,1,718.98,1,1,5,Hibernating
7791,496,3,777.22,1,3,5,At Risk (high value)
4620,496,3,959.56,1,3,5,At Risk (high value)
5231,495,1,22.94,1,1,1,Hibernating
10651,495,1,40.14,1,1,1,Hibernating
9460,495,1,71.55,1,1,1,Hibernating
11230,495,1,72.1,1,1,1,Hibernating
4194,495,1,79.15,1,1,1,Hibernating
5859,495,1,87.59,1,1,2,Hibernating
1249,495,1,108.32,1,1,2,Hibernating
2678,495,2,162.34,1,2,2,Hibernating
3432,495,1,199.86,1,1,3,Hibernating
626,495,1,306.82,1,1,3,Hibernating
3723,495,1,431.93,1,1,4,Hibernating
782,495,1,601.6,1,1,4,Hibernating
2237,495,1,623.93,1,1,4,Hibernating
1086,494,1,27.59,1,1,1,Hibernating
2895,494,1,97.52,1,1,2,Hibernating
2148,494,2,120.32,1,2,2,Hibernating
3385,494,1,145.03,1,1,2,Hibernating
11184,494,1,146.45,1,1,2,Hibernating
6945,494,2,178.11,1,2,2,Hibernating
3884,494,1,207.16,1,1,3,Hibernating
6555,494,1,280.62,1,1,3,Hibernating
9456,494,2,281.86,1,2,3,Hibernating
3706,494,1,292.16,1,1,3,Hibernating
1832,494,1,317.03,1,1,3,Hibernating
3077,494,2,318.92,1,2,3,Hibernating
7757,494,2,337.59,1,2,3,Hibernating
6018,494,1,563.1,1,1,4,Hibernating
11194,494,3,986.73,1,3,5,At Risk (high value)
5881,494,2,1457.74,1,2,5,Hibernating
3596,493,1,24.9,1,1,1,Hibernating
4248,493,1,32.47,1,1,1,Hibernating
9949,493,1,50.19,1,1,1,Hibernating
11542,493,1,72.9,1,1,1,Hibernating
3320,493,2,86.92,1,2,2,Hibernating
4671,493,2,111.34,1,2,2,Hibernating
7618,493,1,123.07,1,1,2,Hibernating
2471,493,1,194.49,1,1,3,Hibernating
9075,493,2,302.1,1,2,3,Hibernating
8018,493,2,386.89,1,2,4,Hibernating
9878,493,1,510.63,1,1,4,Hibernating
4775,493,3,517.16,1,3,4,At Risk (high value)
7787,493,1,615.18,1,1,4,Hibernating
10252,493,2,736.81,1,2,5,Hibernating
4036,493,4,1125.49,1,4,5,At Risk (high value)
167,492,1,25.68,1,1,1,Hibernating
7934,492,1,43.96,1,1,1,Hibernating
11979,492,1,114.12,1,1,2,Hibernating
3660,492,2,115.85,1,2,2,Hibernating
3075,492,1,137.96,1,1,2,Hibernating
9912,492,2,164.91,1,2,2,Hibernating
325,492,1,252.56,1,1,3,Hibernating
1391,492,2,352.14,1,2,4,Hibernating
7754,492,2,407.01,1,2,4,Hibernating
4096,492,5,2165.68,1,4,5,At Risk (high value)
6479,491,1,19.6,1,1,1,Hibernating
3782,491,1,39.47,1,1,1,Hibernating
7568,491,1,120.92,1,1,2,Hibernating
5398,491,2,480.94,1,2,4,Hibernating
5857,490,1,42.64,1,1,1,Hibernating
9413,490,2,65.33,1,2,1,Hibernating
9283,490,1,68.82,1,1,1,Hibernating
2783,490,1,81.71,1,1,1,Hibernating
4965,490,1,85.86,1,1,2,Hibernating
3364,490,1,92.53,1,1,2,Hibernating
2230,490,2,106.1,1,2,2,Hibernating
3707,490,1,126.16,1,1,2,Hibernating
10239,490,2,150.98,1,2,2,Hibernating
8500,490,1,205.29,1,1,3,Hibernating
2281,490,3,235.59,1,3,3,At Risk (high value)
9065,490,2,272.98,1,2,3,Hibernating
1040,490,3,279.75,1,3,3,At Risk (high value)
6133,490,3,286.22,1,3,3,At Risk (high value)
9126,490,1,341.92,1,1,3,Hibernating
1956,490,1,387.93,1,1,4,Hibernating
564,490,1,442.39,1,1,4,Hibernating
263,490,2,871.76,1,2,5,Hibernating
4322,489,1,28.73,1,1,1,Hibernating
2674,489,1,60.93,1,1,1,Hibernating
2280,489,1,79.15,1,1,1,Hibernating
6581,489,1,103.69,1,1,2,Hibernating
613,489,2,104.42,1,2,2,Hibernating
3968,489,1,114.36,1,1,2,Hibernating
10573,489,4,140.61,1,4,2,At Risk (high value)
5632,489,1,190.08,1,1,3,Hibernating
11779,489,1,270.24,1,1,3,Hibernating
11636,489,2,565.43,1,2,4,Hibernating
6795,488,1,17.05,1,1,1,Hibernating
2863,488,1,37.94,1,1,1,Hibernating
1308,488,1,51.39,1,1,1,Hibernating
1135,488,2,70.56,1,2,1,Hibernating
11169,488,1,101.94,1,1,2,Hibernating
7730,488,1,142.22,1,1,2,Hibernating
10469,488,1,231.8,1,1,3,Hibernating
5242,488,1,262.98,1,1,3,Hibernating
9133,488,1,322.64,1,1,3,Hibernating
11267,488,1,673.44,1,1,5,Hibernating
4387,488,1,731.33,1,1,5,Hibernating
3990,487,1,13.48,1,1,1,Hibernating
1921,487,2,87.32,1,2,2,Hibernating
10536,487,1,120.97,1,1,2,Hibernating
10770,487,1,157.7,1,1,2,Hibernating
3656,487,1,199.07,1,1,3,Hibernating
4522,487,3,220.79,1,3,3,At Risk (high value)
856,487,2,228.17,1,2,3,Hibernating
5232,487,1,267.78,1,1,3,Hibernating
7993,487,4,290.95,1,4,3,At Risk (high value)
3108,487,3,334.2,1,3,3,At Risk (high value)
7154,487,2,346.21,1,2,4,Hibernating
8007,487,1,455.26,1,1,4,Hibernating
1835,487,1,465.54,1,1,4,Hibernating
11997,487,2,496.89,1,2,4,Hibernating
5595,487,1,552.21,1,1,4,Hibernating
6791,487,5,813.51,1,4,5,At Risk (high value)
6548,487,3,915.63,1,3,5,At Risk (high value)
147,486,1,12.33,1,1,1,Hibernating
7697,486,2,94.7,1,2,2,Hibernating
4464,486,1,145.96,1,1,2,Hibernating
1842,486,2,157.0,1,2,2,Hibernating
10460,486,1,174.12,1,1,2,Hibernating
2104,486,1,175.68,1,1,2,Hibernating
4974,486,1,278.36,1,1,3,Hibernating
5678,486,1,387.93,1,1,4,Hibernating
10130,486,1,407.55,1,1,4,Hibernating
5479,486,3,417.66,1,3,4,At Risk (high value)
1073,486,1,889.62,1,1,5,Hibernating
3685,486,2,1039.98,1,2,5,Hibernating
9566,485,1,48.85,1,1,1,Hibernating
1963,485,1,53.92,1,1,1,Hibernating
3463,485,1,104.38,1,1,2,Hibernating
590,485,1,140.18,1,1,2,Hibernating
833,485,2,143.4,1,2,2,Hibernating
9973,485,1,195.18,1,1,3,Hibernating
1589,485,1,213.59,1,1,3,Hibernating
10379,485,1,253.53,1,1,3,Hibernating
8078,485,1,267.06,1,1,3,Hibernating
10760,485,1,310.48,1,1,3,Hibernating
10969,485,2,341.61,1,2,3,Hibernating
8339,485,2,737.66,1,2,5,Hibernating
3256,485,1,928.65,1,1,5,Hibernating
3949,484,1,14.72,1,1,1,Hibernating
9246,484,1,70.09,1,1,1,Hibernating
11118,484,1,93.34,1,1,2,Hibernating
11069,484,1,144.2,1,1,2,Hibernating
4787,484,1,152.24,1,1,2,Hibernating
3752,484,1,156.25,1,1,2,Hibernating
5860,484,3,416.91,1,3,4,At Risk (high value)
96,484,4,477.15,1,4,4,At Risk (high value)
2311,483,1,12.33,1,1,1,Hibernating
6736,483,1,127.36,1,1,2,Hibernating
1556,483,1,155.06,1,1,2,Hibernating
6913,483,2,224.31,1,2,3,Hibernating
1746,483,1,268.77,1,1,3,Hibernating
2144,483,1,368.11,1,1,4,Hibernating
10734,483,3,390.48,1,3,4,At Risk (high value)
10462,483,2,577.8,1,2,4,Hibernating
9294,483,2,1110.31,1,2,5,Hibernating
795,482,1,47.19,1,1,1,Hibernating
326,482,2,103.78,1,2,2,Hibernating
8487,482,1,171.89,1,1,2,Hibernating
11030,482,1,300.8,1,1,3,Hibernating
4962,482,5,561.69,1,4,4,At Risk (high value)
8601,482,1,722.42,1,1,5,Hibernating
7744,481,1,101.26,1,1,2,Hibernating
8536,481,1,153.83,1,1,2,Hibernating
4517,481,2,198.33,1,2,3,Hibernating
9860,480,1,49.8,1,1,1,Hibernating
6188,480,1,50.9,1,1,1,Hibernating
1170,480,1,57.67,1,1,1,Hibernating
9899,480,1,68.43,1,1,1,Hibernating
903,480,1,89.24,1,1,2,Hibernating
7823,480,1,91.72,1,1,2,Hibernating
2966,480,2,337.1,1,2,3,Hibernating
2888,480,2,474.63,1,2,4,Hibernating
4276,480,4,952.8,1,4,5,At Risk (high value)
3363,480,1,981.27,1,1,5,Hibernating
3531,479,1,36.41,1,1,1,Hibernating
286,479,1,59.07,1,1,1,Hibernating
9846,479,2,297.8,1,2,3,Hibernating
1261,479,1,335.54,1,1,3,Hibernating
4066,479,1,454.79,1,1,4,Hibernating
7515,479,1,479.03,1,1,4,Hibernating
3352,479,2,529.33,1,2,4,Hibernating
11348,479,2,602.15,1,2,4,Hibernating
6085,478,1,9.8,1,1,1,Hibernating
3246,478,1,55.54,1,1,1,Hibernating
9645,478,1,220.53,1,1,3,Hibernating
3163,478,1,271.18,1,1,3,Hibernating
4135,478,2,315.07,1,2,3,Hibernating
408,478,1,630.22,1,1,4,Hibernating
9876,478,2,649.24,2,2,5,Hibernating
7703,478,2,986.54,2,2,5,Hibernating
10088,478,2,1644.22,2,2,5,Hibernating
6838,477,1,24.66,2,1,1,Hibernating
3690,477,1,26.3,2,1,1,Hibernating
2027,477,1,84.69,2,1,2,Hibernating
5367,477,2,98.5,2,2,2,Hibernating
2076,477,2,112.02,2,2,2,Hibernating
7242,477,1,117.6,2,1,2,Hibernating
2028,477,1,178.67,2,1,2,Hibernating
4489,477,2,246.59,2,2,3,Hibernating
1495,477,1,249.68,2,1,3,Hibernating
7125,477,1,264.6,2,1,3,Hibernating
2272,477,1,295.99,2,1,3,Hibernating
1154,477,1,424.43,2,1,4,Hibernating
4979,477,2,467.4,2,2,4,Hibernating
10288,477,2,695.82,2,2,5,Hibernating
1103,477,3,1168.05,2,3,5,At Risk (high value)
1241,476,1,22.09,2,1,1,Hibernating
4455,476,1,39.87,2,1,1,Hibernating
3745,476,1,120.31,2,1,2,Hibernating
4476,476,1,231.96,2,1,3,Hibernating
7778,476,1,328.56,2,1,3,Hibernating
4909,476,1,341.67,2,1,3,Hibernating
3397,476,3,492.08,2,3,4,At Risk (high value)
9691,476,2,524.01,2,2,4,Hibernating
7143,476,1,880.2,2,1,5,Hibernating
2530,476,2,1210.29,2,2,5,Hibernating
2804,475,1,56.19,2,1,1,Hibernating
165,475,1,97.06,2,1,2,Hibernating
10110,475,1,98.41,2,1,2,Hibernating
3742,475,1,135.41,2,1,2,Hibernating
1673,475,1,154.53,2,1,2,Hibernating
6486,475,3,454.79,2,3,4,At Risk (high value)
4261,475,1,576.4,2,1,4,Hibernating
3540,475,4,1039.06,2,4,5,At Risk (high value)
10923,474,1,61.33,2,1,1,Hibernating
1184,474,1,139.56,2,1,2,Hibernating
7450,474,3,181.7,2,3,2,At Risk (high value)
11506,474,2,221.98,2,2,3,Hibernating
2413,474,1,230.42,2,1,3,Hibernating
2786,474,1,237.13,2,1,3,Hibernating
1474,474,1,290.11,2,1,3,Hibernating
7265,474,1,337.18,2,1,3,Hibernating
6992,474,1,418.27,2,1,4,Hibernating
9028,474,1,429.24,2,1,4,Hibernating
9948,474,2,432.04,2,2,4,Hibernating
8478,474,2,520.42,2,2,4,Hibernating
9853,474,1,609.35,2,1,4,Hibernating
2223,474,2,715.43,2,2,5,Hibernating
8634,473,2,73.3,2,2,1,Hibernating
8141,473,1,79.06,2,1,1,Hibernating
9033,473,2,87.75,2,2,2,Hibernating
3134,473,1,100.65,2,1,2,Hibernating
7344,473,1,107.86,2,1,2,Hibernating
5050,473,1,164.52,2,1,2,Hibernating
5861,473,1,182.96,2,1,2,Hibernating
556,473,2,404.26,2,2,4,Hibernating
9163,473,3,634.77,2,3,4,At Risk (high value)
11157,472,2,48.03,2,2,1,Hibernating
5605,472,1,77.27,2,1,1,Hibernating
2657,472,1,89.98,2,1,2,Hibernating
3878,472,1,95.86,2,1,2,Hibernating
10261,472,1,109.35,2,1,2,Hibernating
2918,472,2,113.34,2,2,2,Hibernating
6492,472,3,194.66,2,3,3,At Risk (high value)
7131,472,2,298.61,2,2,3,Hibernating
4469,472,1,334.13,2,1,3,Hibernating
7531,472,2,489.92,2,2,4,Hibernating
6482,472,3,672.15,2,3,5,At Risk (high value)
8346,472,3,837.96,2,3,5,At Risk (high value)
10359,472,2,1155.92,2,2,5,Hibernating
5758,471,1,26.96,2,1,1,Hibernating
6234,471,1,86.06,2,1,2,Hibernating
10500,471,2,181.44,2,2,2,Hibernating
4249,471,1,199.42,2,1,3,Hibernating
2316,471,1,215.36,2,1,3,Hibernating
109,471,2,409.67,2,2,4,Hibernating
7635,471,2,443.15,2,2,4,Hibernating
3466,471,1,591.87,2,1,4,Hibernating
7567,471,2,776.36,2,2,5,Hibernating
2765,470,1,27.06,2,1,1,Hibernating
962,470,1,36.39,2,1,1,Hibernating
4443,470,1,56.46,2,1,1,Hibernating
6917,470,1,164.97,2,1,2,Hibernating
4277,470,2,216.31,2,2,3,Hibernating
9183,470,2,525.98,2,2,4,Hibernating
11416,470,2,639.2,2,2,5,Hibernating
1798,470,1,691.14,2,1,5,Hibernating
7598,469,1,40.62,2,1,1,Hibernating
1098,469,1,46.67,2,1,1,Hibernating
3988,469,1,70.28,2,1,1,Hibernating
4799,469,1,165.21,2,1,2,Hibernating
9307,469,3,188.61,2,3,3,At Risk (high value)
7087,469,1,199.19,2,1,3,Hibernating
11629,469,1,271.09,2,1,3,Hibernating
8265,469,1,292.18,2,1,3,Hibernating
8837,469,3,333.91,2,3,3,At Risk (high value)
10484,469,1,385.31,2,1,4,Hibernating
1188,469,1,399.98,2,1,4,Hibernating
429,468,1,81.24,2,1,1,Hibernating
4245,468,1,127.74,2,1,2,Hibernating
3586,468,2,128.62,2,2,2,Hibernating
8934,468,2,134.2,2,2,2,Hibernating
8917,468,1,172.83,2,1,2,Hibernating
10581,468,1,179.65,2,1,2,Hibernating
2342,468,1,185.75,2,1,2,Hibernating
8910,468,2,201.05,2,2,3,Hibernating
5851,468,3,620.26,2,3,4,At Risk (high value)
3922,468,2,700.72,2,2,5,Hibernating
6512,468,2,736.64,2,2,5,Hibernating
4383,467,3,205.28,2,3,3,At Risk (high value)
11996,467,1,416.25,2,1,4,Hibernating
5142,467,1,483.87,2,1,4,Hibernating
4988,467,4,502.73,2,4,4,At Risk (high value)
1061,467,2,719.68,2,2,5,Hibernating
7608,467,1,775.54,2,1,5,Hibernating
10258,467,4,901.28,2,4,5,At Risk (high value)
6671,467,2,1103.73,2,2,5,Hibernating
5864,466,1,39.3,2,1,1,Hibernating
8820,466,1,66.05,2,1,1,Hibernating
1802,466,1,73.99,2,1,1,Hibernating
324,466,2,133.07,2,2,2,Hibernating
5482,466,2,137.94,2,2,2,Hibernating
3853,466,2,258.63,2,2,3,Hibernating
6226,466,2,329.14,2,2,3,Hibernating
7621,466,1,365.36,2,1,4,Hibernating
3083,466,3,418.7,2,3,4,At Risk (high value)
7210,466,1,438.27,2,1,4,Hibernating
7892,466,1,593.39,2,1,4,Hibernating
6620,466,3,1869.34,2,3,5,At Risk (high value)
4061,465,1,63.54,2,1,1,Hibernating
532,465,1,70.28,2,1,1,Hibernating
9023,465,2,98.26,2,2,2,Hibernating
3762,465,1,102.69,2,1,2,Hibernating
5586,465,1,118.94,2,1,2,Hibernating
3764,465,1,167.25,2,1,2,Hibernating
132,465,4,211.86,2,4,3,At Risk (high value)
7285,465,1,236.87,2,1,3,Hibernating
3633,465,2,336.51,2,2,3,Hibernating
7296,465,2,384.07,2,2,4,Hibernating
363,465,1,428.79,2,1,4,Hibernating
6644,465,1,450.2,2,1,4,Hibernating
3842,465,2,556.86,2,2,4,Hibernating
4871,465,2,620.17,2,2,4,Hibernating
3406,465,2,642.41,2,2,5,Hibernating
9428,464,1,13.3,2,1,1,Hibernating
10696,464,1,13.46,2,1,1,Hibernating
9002,464,1,77.94,2,1,1,Hibernating
7321,464,1,87.72,2,1,2,Hibernating
1106,464,1,121.23,2,1,2,Hibernating
2220,464,2,159.12,2,2,2,Hibernating
11262,464,1,219.71,2,1,3,Hibernating
5150,464,1,247.6,2,1,3,Hibernating
11568,464,2,319.45,2,2,3,Hibernating
9,464,1,342.18,2,1,3,Hibernating
4273,464,2,533.31,2,2,4,Hibernating
2432,464,3,608.38,2,3,4,At Risk (high value)
3931,463,1,19.88,2,1,1,Hibernating
3861,463,1,155.23,2,1,2,Hibernating
3585,463,1,181.04,2,1,2,Hibernating
6656,463,1,261.22,2,1,3,Hibernating
6812,463,2,298.98,2,2,3,Hibernating
662,463,2,347.28,2,2,4,Hibernating
156,463,1,441.1,2,1,4,Hibernating
2489,463,2,754.95,2,2,5,Hibernating
9467,463,3,1428.32,2,3,5,At Risk (high value)
1487,462,1,61.36,2,1,1,Hibernating
8014,462,1,66.23,2,1,1,Hibernating
6686,462,1,67.52,2,1,1,Hibernating
675,462,1,100.21,2,1,2,Hibernating
9345,462,1,171.2,2,1,2,Hibernating
6777,462,2,181.11,2,2,2,Hibernating
6843,462,2,252.27,2,2,3,Hibernating
9098,462,1,565.17,2,1,4,Hibernating
11942,462,3,695.75,2,3,5,At Risk (high value)
4694,462,1,1178.83,2,1,5,Hibernating
7001,461,1,133.08,2,1,2,Hibernating
4288,461,1,134.22,2,1,2,Hibernating
5714,461,1,143.08,2,1,2,Hibernating
9892,461,1,274.03,2,1,3,Hibernating
4163,461,4,350.13,2,4,4,At Risk (high value)
3302,461,1,536.8,2,1,4,Hibernating
8524,461,2,1043.5,2,2,5,Hibernating
7443,461,3,1208.79,2,3,5,At Risk (high value)
1210,460,1,10.74,2,1,1,Hibernating
10016,460,1,21.34,2,1,1,Hibernating
6267,460,1,32.87,2,1,1,Hibernating
6208,460,1,50.73,2,1,1,Hibernating
8473,460,1,85.49,2,1,2,Hibernating
3492,460,2,108.52,2,2,2,Hibernating
2499,460,2,108.99,2,2,2,Hibernating
8474,460,1,114.36,2,1,2,Hibernating
7629,460,1,115.82,2,1,2,Hibernating
9825,460,1,120.21,2,1,2,Hibernating
3092,460,2,139.4,2,2,2,Hibernating
9501,460,2,151.94,2,2,2,Hibernating
6191,460,2,330.71,2,2,3,Hibernating
7475,460,2,768.48,2,2,5,Hibernating
11529,460,6,2729.16,2,5,5,At Risk (high value)
1260,459,1,42.88,2,1,1,Hibernating
4040,459,1,109.49,2,1,2,Hibernating
8633,459,1,121.54,2,1,2,Hibernating
5239,459,1,142.14,2,1,2,Hibernating
5163,459,1,286.6,2,1,3,Hibernating
6464,459,1,322.93,2,1,3,Hibernating
11988,459,1,343.89,2,1,4,Hibernating
4131,459,1,429.5,2,1,4,Hibernating
5143,459,1,526.77,2,1,4,Hibernating
9332,459,3,528.14,2,3,4,At Risk (high value)
11098,459,2,1177.8,2,2,5,Hibernating
7667,459,3,1211.28,2,3,5,At Risk (high value)
3300,458,1,39.12,2,1,1,Hibernating
622,458,1,62.08,2,1,1,Hibernating
6570,458,1,118.12,2,1,2,Hibernating
7612,458,1,127.39,2,1,2,Hibernating
4724,458,1,162.27,2,1,2,Hibernating
11502,458,1,170.71,2,1,2,Hibernating
807,458,2,243.91,2,2,3,Hibernating
6571,458,1,245.96,2,1,3,Hibernating
11397,458,1,261.65,2,1,3,Hibernating
4773,458,1,384.69,2,1,4,Hibernating
5059,458,3,393.62,2,3,4,At Risk (high value)
224,458,1,417.17,2,1,4,Hibernating
9435,458,1,426.07,2,1,4,Hibernating
705,458,1,476.88,2,1,4,Hibernating
7574,458,1,825.3,2,1,5,Hibernating
11478,457,1,20.2,2,1,1,Hibernating
577,457,1,68.18,2,1,1,Hibernating
11562,457,2,107.27,2,2,2,Hibernating
9228,457,1,131.49,2,1,2,Hibernating
7722,457,2,148.46,2,2,2,Hibernating
744,457,1,193.43,2,1,3,Hibernating
4077,457,1,202.56,2,1,3,Hibernating
6924,457,2,232.96,2,2,3,Hibernating
3524,457,2,253.24,2,2,3,Hibernating
9164,457,3,254.22,2,3,3,At Risk (high value)
6106,457,2,314.46,2,2,3,Hibernating
5161,457,1,414.18,2,1,4,Hibernating
4993,457,2,444.77,2,2,4,Hibernating
1293,457,1,476.79,2,1,4,Hibernating
3415,457,4,568.76,2,4,4,At Risk (high value)
999,457,3,1253.62,2,3,5,At Risk (high value)
5301,456,1,38.81,2,1,1,Hibernating
2387,456,1,65.22,2,1,1,Hibernating
1527,456,1,74.94,2,1,1,Hibernating
9667,456,1,110.15,2,1,2,Hibernating
1904,456,1,260.66,2,1,3,Hibernating
1407,456,1,286.26,2,1,3,Hibernating
11849,456,1,296.37,2,1,3,Hibernating
6816,456,1,450.39,2,1,4,Hibernating
9058,456,2,616.64,2,2,4,Hibernating
5089,456,1,730.98,2,1,5,Hibernating
9887,456,1,761.12,2,1,5,Hibernating
3047,456,4,811.51,2,4,5,At Risk (high value)
10323,456,2,942.8,2,2,5,Hibernating
9062,456,2,1387.01,2,2,5,Hibernating
81,455,1,30.83,2,1,1,Hibernating
1439,455,1,44.52,2,1,1,Hibernating
4660,455,1,91.48,2,1,2,Hibernating
3987,455,1,127.39,2,1,2,Hibernating
2491,455,1,128.72,2,1,2,Hibernating
8328,455,1,149.32,2,1,2,Hibernating
11992,455,2,152.01,2,2,2,Hibernating
5358,455,1,153.36,2,1,2,Hibernating
10271,455,2,165.07,2,2,2,Hibernating
4554,455,1,279.12,2,1,3,Hibernating
241,455,1,298.06,2,1,3,Hibernating
3275,455,1,300.8,2,1,3,Hibernating
4538,455,3,370.52,2,3,4,At Risk (high value)
1672,455,2,392.26,2,2,4,Hibernating
8083,454,1,30.92,2,1,1,Hibernating
1811,454,1,31.07,2,1,1,Hibernating
9079,454,1,31.82,2,1,1,Hibernating
5549,454,1,44.1,2,1,1,Hibernating
4067,454,1,84.99,2,1,2,Hibernating
803,454,1,203.94,2,1,3,Hibernating
8568,454,1,395.45,2,1,4,Hibernating
7729,454,1,535.81,2,1,4,Hibernating
8085,454,3,596.45,2,3,4,At Risk (high value)
9535,454,2,833.64,2,2,5,Hibernating
11494,454,1,1181.18,2,1,5,Hibernating
8828,454,2,1270.49,2,2,5,Hibernating
7432,454,2,1276.35,2,2,5,Hibernating
11856,454,3,1397.0,2,3,5,At Risk (high value)
7123,453,1,12.33,2,1,1,Hibernating
10376,453,1,16.73,2,1,1,Hibernating
5694,453,1,57.45,2,1,1,Hibernating
2454,453,1,87.34,2,1,2,Hibernating
9277,453,2,90.07,2,2,2,Hibernating
10585,453,1,117.24,2,1,2,Hibernating
312,453,2,128.72,2,2,2,Hibernating
6215,453,1,304.03,2,1,3,Hibernating
9531,453,3,385.14,2,3,4,At Risk (high value)
1320,453,1,644.28,2,1,5,Hibernating
5314,453,2,689.78,2,2,5,Hibernating
9673,453,1,740.76,2,1,5,Hibernating
7198,453,2,741.15,2,2,5,Hibernating
10200,453,3,829.28,2,3,5,At Risk (high value)
4830,452,1,18.04,2,1,1,Hibernating
2897,452,1,18.61,2,1,1,Hibernating
9693,452,1,23.68,2,1,1,Hibernating
4734,452,1,30.84,2,1,1,Hibernating
3686,452,1,40.86,2,1,1,Hibernating
3319,452,1,40.93,2,1,1,Hibernating
2158,452,2,62.15,2,2,1,Hibernating
4447,452,1,71.24,2,1,1,Hibernating
1523,452,1,78.9,2,1,1,Hibernating
8757,452,2,119.45,2,2,2,Hibernating
439,452,1,160.62,2,1,2,Hibernating
8188,452,2,168.7,2,2,2,Hibernating
6393,452,1,228.24,2,1,3,Hibernating
7998,452,3,358.2,2,3,4,At Risk (high value)
1975,452,1,361.35,2,1,4,Hibernating
11411,452,3,437.02,2,3,4,At Risk (high value)
1991,452,1,459.36,2,1,4,Hibernating
8548,452,2,569.67,2,2,4,Hibernating
5726,452,3,641.04,2,3,5,At Risk (high value)
7748,452,5,847.11,2,4,5,At Risk (high value)
1900,451,1,51.33,2,1,1,Hibernating
9474,451,1,68.18,2,1,1,Hibernating
2436,451,1,98.68,2,1,2,Hibernating
2546,451,1,121.76,2,1,2,Hibernating
6490,451,1,128.0,2,1,2,Hibernating
1111,451,1,132.51,2,1,2,Hibernating
11920,451,2,180.61,2,2,2,Hibernating
5568,451,3,214.42,2,3,3,At Risk (high value)
713,451,1,233.78,2,1,3,Hibernating
7905,451,1,276.97,2,1,3,Hibernating
1292,451,2,358.56,2,2,4,Hibernating
1783,451,1,429.5,2,1,4,Hibernating
7244,451,4,518.24,2,4,4,At Risk (high value)
10136,451,3,578.3,2,3,4,At Risk (high value)
10626,451,3,596.46,2,3,4,At Risk (high value)
7012,450,1,31.07,2,1,1,Hibernating
11268,450,2,62.68,2,2,1,Hibernating
5655,450,1,202.35,2,1,3,Hibernating
1162,450,1,223.46,2,1,3,Hibernating
5976,450,2,228.8,2,2,3,Hibernating
6496,450,3,325.65,2,3,3,At Risk (high value)
10383,450,1,458.44,2,1,4,Hibernating
11301,450,2,631.06,2,2,4,Hibernating
10340,450,2,1124.25,2,2,5,Hibernating
473,450,6,1651.5,2,5,5,At Risk (high value)
501,450,2,1769.28,2,2,5,Hibernating
3258,449,1,22.67,2,1,1,Hibernating
4357,449,1,54.31,2,1,1,Hibernating
10456,449,1,56.12,2,1,1,Hibernating
228,449,2,214.99,2,2,3,Hibernating
11866,449,3,286.93,2,3,3,At Risk (high value)
3465,449,3,321.09,2,3,3,At Risk (high value)
5553,449,6,583.2,2,5,4,At Risk (high value)
1285,449,2,1127.16,2,2,5,Hibernating
9908,449,2,1444.49,2,2,5,Hibernating
8211,448,1,21.47,2,1,1,Hibernating
4966,448,1,26.04,2,1,1,Hibernating
5708,448,1,45.75,2,1,1,Hibernating
10380,448,1,48.85,2,1,1,Hibernating
1937,448,1,91.05,2,1,2,Hibernating
9030,448,2,99.96,2,2,2,Hibernating
4567,448,2,155.58,2,2,2,Hibernating
9926,448,1,231.7,2,1,3,Hibernating
638,448,1,337.49,2,1,3,Hibernating
8380,448,2,590.4,2,2,4,Hibernating
1358,448,4,821.46,2,4,5,At Risk (high value)
4431,448,3,876.63,2,3,5,At Risk (high value)
7068,447,2,48.4,2,2,1,Hibernating
11877,447,1,51.15,2,1,1,Hibernating
7952,447,3,121.11,2,3,2,At Risk (high value)
6653,447,1,122.1,2,1,2,Hibernating
986,447,1,133.26,2,1,2,Hibernating
2209,447,3,170.98,2,3,2,At Risk (high value)
11719,447,2,365.38,2,2,4,Hibernating
3082,447,1,700.47,2,1,5,Hibernating
9709,447,2,725.8,2,2,5,Hibernating
9446,446,1,10.46,2,1,1,Hibernating
7266,446,1,26.61,2,1,1,Hibernating
9109,446,1,55.67,2,1,1,Hibernating
4449,446,1,100.43,2,1,2,Hibernating
9293,446,1,133.53,2,1,2,Hibernating
7142,446,1,205.29,2,1,3,Hibernating
3792,446,1,238.19,2,1,3,Hibernating
776,446,1,322.64,2,1,3,Hibernating
1588,446,2,342.63,2,2,4,Hibernating
4749,446,4,505.58,2,4,4,At Risk (high value)
2461,446,3,751.88,2,3,5,At Risk (high value)
7613,445,1,51.65,2,1,1,Hibernating
1506,445,3,173.09,2,3,2,At Risk (high value)
3418,445,2,277.61,2,2,3,Hibernating
10157,445,2,294.53,2,2,3,Hibernating
6893,445,1,349.49,2,1,4,Hibernating
2354,445,1,356.04,2,1,4,Hibernating
4691,445,3,412.44,2,3,4,At Risk (high value)
1923,445,3,436.61,2,3,4,At Risk (high value)
535,445,2,624.56,2,2,4,Hibernating
11873,444,1,26.04,2,1,1,Hibernating
10301,444,1,32.81,2,1,1,Hibernating
2377,444,1,237.62,2,1,3,Hibernating
6919,444,1,281.7,2,1,3,Hibernating
259,444,1,426.44,2,1,4,Hibernating
4662,444,3,542.6,2,3,4,At Risk (high value)
5997,444,3,839.98,2,3,5,At Risk (high value)
8965,444,3,969.82,2,3,5,At Risk (high value)
10268,444,3,1372.02,2,3,5,At Risk (high value)
130,443,1,29.44,2,1,1,Hibernating
4949,443,1,79.1,2,1,1,Hibernating
5074,443,1,82.82,2,1,2,Hibernating
6602,443,1,111.89,2,1,2,Hibernating
5201,443,2,119.15,2,2,2,Hibernating
8455,443,2,140.47,2,2,2,Hibernating
10929,443,1,162.27,2,1,2,Hibernating
4348,443,1,163.83,2,1,2,Hibernating
2900,443,1,167.98,2,1,2,Hibernating
2595,443,1,186.24,2,1,3,Hibernating
4014,443,2,461.64,2,2,4,Hibernating
10959,443,3,619.19,2,3,4,At Risk (high value)
4060,443,1,1148.95,2,1,5,Hibernating
1041,442,1,41.68,2,1,1,Hibernating
4576,442,1,44.18,2,1,1,Hibernating
6803,442,1,56.83,2,1,1,Hibernating
8956,442,1,81.8,2,1,1,Hibernating
1384,442,1,207.96,2,1,3,Hibernating
8824,442,1,210.67,2,1,3,Hibernating
5373,442,3,228.33,2,3,3,At Risk (high value)
4536,442,1,414.04,2,1,4,Hibernating
5165,442,1,445.12,2,1,4,Hibernating
2171,442,2,457.33,2,2,4,Hibernating
4480,442,6,1603.34,2,5,5,At Risk (high value)
10854,441,1,30.07,2,1,1,Hibernating
7360,441,1,80.21,2,1,1,Hibernating
628,441,1,193.79,2,1,3,Hibernating
11919,441,4,276.28,2,4,3,At Risk (high value)
9757,441,2,349.81,2,2,4,Hibernating
9906,441,1,354.93,2,1,4,Hibernating
11055,441,3,986.51,2,3,5,At Risk (high value)
2295,440,1,13.48,2,1,1,Hibernating
373,440,1,19.6,2,1,1,Hibernating
4039,440,1,37.94,2,1,1,Hibernating
2923,440,1,45.57,2,1,1,Hibernating
3195,440,1,93.21,2,1,2,Hibernating
9102,440,1,152.91,2,1,2,Hibernating
5490,440,1,161.04,2,1,2,Hibernating
7009,440,1,202.56,2,1,3,Hibernating
8057,440,1,216.3,2,1,3,Hibernating
947,440,2,216.59,2,2,3,Hibernating
5476,440,1,231.62,2,1,3,Hibernating
6865,440,1,232.53,2,1,3,Hibernating
2697,440,1,239.55,2,1,3,Hibernating
7448,440,2,355.93,2,2,4,Hibernating
9417,440,2,428.33,2,2,4,Hibernating
7907,440,1,434.87,2,1,4,Hibernating
5988,440,2,615.37,2,2,4,Hibernating
10860,440,2,777.23,2,2,5,Hibernating
3634,440,2,799.77,2,2,5,Hibernating
6802,440,2,1146.09,2,2,5,Hibernating
7858,439,1,20.06,2,1,1,Hibernating
3427,439,1,40.2,2,1,1,Hibernating
522,439,1,93.58,2,1,2,Hibernating
7674,439,1,104.22,2,1,2,Hibernating
4378,439,2,159.05,2,2,2,Hibernating
2098,439,2,178.29,2,2,2,Hibernating
5212,439,1,223.01,2,1,3,Hibernating
11093,439,1,257.06,2,1,3,Hibernating
3323,439,1,310.12,2,1,3,Hibernating
5785,439,1,817.52,2,1,5,Hibernating
4728,439,3,935.72,2,3,5,At Risk (high value)
8176,439,4,1199.35,2,4,5,At Risk (high value)
8164,438,1,16.13,2,1,1,Hibernating
5429,438,1,48.45,2,1,1,Hibernating
1635,438,1,61.59,2,1,1,Hibernating
3166,438,1,93.58,2,1,2,Hibernating
7724,438,1,111.05,2,1,2,Hibernating
11557,438,1,136.61,2,1,2,Hibernating
9774,438,2,158.11,2,2,2,Hibernating
11228,438,2,223.62,2,2,3,Hibernating
10606,438,1,245.88,2,1,3,Hibernating
7926,438,1,263.26,2,1,3,Hibernating
11825,438,1,414.03,2,1,4,Hibernating
10632,438,2,423.29,2,2,4,Hibernating
3549,438,1,460.87,2,1,4,Hibernating
9690,438,2,534.07,2,2,4,Hibernating
98,438,1,693.9,2,1,5,Hibernating
7661,438,2,801.8,2,2,5,Hibernating
2265,437,1,11.84,2,1,1,Hibernating
6799,437,1,14.02,2,1,1,Hibernating
1657,437,1,23.84,2,1,1,Hibernating
4127,437,1,82.76,2,1,2,Hibernating
4139,437,1,86.04,2,1,2,Hibernating
3505,437,1,92.63,2,1,2,Hibernating
7126,437,1,150.48,2,1,2,Hibernating
4846,437,2,199.1,2,2,3,Hibernating
8315,437,2,200.77,2,2,3,Hibernating
4001,437,2,398.51,2,2,4,Hibernating
3915,437,3,400.53,2,3,4,At Risk (high value)
7497,437,1,695.23,2,1,5,Hibernating
2677,436,1,16.47,2,1,1,Hibernating
5154,436,1,66.23,2,1,1,Hibernating
184,436,1,83.77,2,1,2,Hibernating
4205,436,1,118.14,2,1,2,Hibernating
5086,436,2,131.03,2,2,2,Hibernating
6743,436,1,140.56,2,1,2,Hibernating
5156,436,1,152.68,2,1,2,Hibernating
2170,436,1,215.98,2,1,3,Hibernating
8162,436,1,225.1,2,1,3,Hibernating
11956,436,1,424.26,2,1,4,Hibernating
6701,436,4,553.71,2,4,4,At Risk (high value)
5087,436,1,590.9,2,1,4,Hibernating
9508,436,3,599.25,2,3,4,At Risk (high value)
10381,436,2,741.89,2,2,5,Hibernating
677,435,1,35.68,2,1,1,Hibernating
8546,435,1,36.99,2,1,1,Hibernating
6927,435,1,43.96,2,1,1,Hibernating
4047,435,1,59.36,2,1,1,Hibernating
1190,435,1,79.06,2,1,1,Hibernating
5023,435,1,86.61,2,1,2,Hibernating
7130,435,1,183.63,2,1,2,Hibernating
8439,435,1,188.03,2,1,3,Hibernating
11783,435,1,300.8,2,1,3,Hibernating
9586,435,1,393.17,2,1,4,Hibernating
1414,435,2,598.09,2,2,4,Hibernating
3946,435,4,928.74,2,4,5,At Risk (high value)
7109,434,1,27.34,2,1,1,Hibernating
11407,434,1,183.69,2,1,2,Hibernating
2953,434,5,222.34,2,4,3,At Risk (high value)
476,434,3,456.58,2,3,4,At Risk (high value)
7660,434,4,499.61,2,4,4,At Risk (high value)
11116,434,3,519.53,2,3,4,At Risk (high value)
335,434,3,630.28,2,3,4,At Risk (high value)
646,433,1,20.06,2,1,1,Hibernating
9393,433,1,90.19,2,1,2,Hibernating
484,433,1,92.07,2,1,2,Hibernating
10089,433,1,128.0,2,1,2,Hibernating
2365,433,1,165.9,2,1,2,Hibernating
8201,433,1,195.09,2,1,3,Hibernating
3940,433,1,328.96,2,1,3,Hibernating
1532,433,2,418.87,2,2,4,Hibernating
11691,433,4,756.71,2,4,5,At Risk (high value)
3574,433,3,923.12,2,3,5,At Risk (high value)
8504,433,1,1311.27,2,1,5,Hibernating
10974,432,1,89.57,2,1,2,Hibernating
7580,432,2,114.74,2,2,2,Hibernating
10908,432,3,225.07,2,3,3,At Risk (high value)
4853,432,1,311.22,2,1,3,Hibernating
9946,432,1,1004.99,2,1,5,Hibernating
4806,432,1,1159.1,2,1,5,Hibernating
2633,431,1,30.68,2,1,1,Hibernating
5197,431,1,39.51,2,1,1,Hibernating
2586,431,1,111.64,2,1,2,Hibernating
9372,431,1,147.98,2,1,2,Hibernating
5610,431,1,189.0,2,1,3,Hibernating
8556,431,1,192.98,2,1,3,Hibernating
6664,431,1,237.6,2,1,3,Hibernating
2582,431,1,243.66,2,1,3,Hibernating
4482,431,2,307.61,2,2,3,Hibernating
3664,431,2,312.06,2,2,3,Hibernating
2907,431,1,324.0,2,1,3,Hibernating
10829,431,4,342.26,2,4,3,At Risk (high value)
3871,431,2,398.92,2,2,4,Hibernating
7487,431,2,663.8,2,2,5,Hibernating
4502,430,1,18.97,2,1,1,Hibernating
911,430,1,22.74,2,1,1,Hibernating
1159,430,1,25.19,2,1,1,Hibernating
6717,430,1,67.76,2,1,1,Hibernating
2245,430,1,100.58,2,1,2,Hibernating
1146,430,1,115.18,2,1,2,Hibernating
5323,430,2,138.36,2,2,2,Hibernating
138,430,1,222.92,2,1,3,Hibernating
7869,430,1,239.44,2,1,3,Hibernating
11223,430,1,265.61,2,1,3,Hibernating
4328,430,1,296.94,2,1,3,Hibernating
8662,430,2,342.6,2,2,4,Hibernating
1648,429,1,31.82,2,1,1,Hibernating
8872,429,1,40.12,2,1,1,Hibernating
3152,429,1,55.58,2,1,1,Hibernating
433,429,1,119.34,2,1,2,Hibernating
3143,429,1,153.45,2,1,2,Hibernating
3982,429,1,159.25,2,1,2,Hibernating
3971,429,1,185.68,2,1,2,Hibernating
3113,429,2,190.51,2,2,3,Hibernating
3624,429,3,263.63,2,3,3,At Risk (high value)
7488,429,1,263.85,2,1,3,Hibernating
2938,429,1,265.26,2,1,3,Hibernating
5962,429,2,293.35,2,2,3,Hibernating
10961,429,1,321.6,2,1,3,Hibernating
1191,429,1,386.16,2,1,4,Hibernating
300,429,1,466.97,2,1,4,Hibernating
8708,429,2,676.58,2,2,5,Hibernating
11066,429,3,757.17,2,3,5,At Risk (high value)
10971,428,1,37.68,2,1,1,Hibernating
9089,428,1,55.54,2,1,1,Hibernating
9255,428,1,109.75,2,1,2,Hibernating
9510,428,3,209.98,2,3,3,At Risk (high value)
4333,428,1,257.91,2,1,3,Hibernating
2202,428,1,290.35,2,1,3,Hibernating
5117,428,1,326.87,2,1,3,Hibernating
7081,428,3,360.69,2,3,4,At Risk (high value)
8021,428,1,414.88,2,1,4,Hibernating
732,428,1,473.74,2,1,4,Hibernating
11839,428,2,589.53,2,2,4,Hibernating
4064,427,1,25.18,2,1,1,Hibernating
1361,427,1,65.65,2,1,1,Hibernating
1803,427,1,67.45,2,1,1,Hibernating
11570,427,3,80.3,2,3,1,At Risk (high value)
10612,427,1,186.22,2,1,2,Hibernating
9341,427,2,199.84,2,2,3,Hibernating
4900,427,1,207.96,2,1,3,Hibernating
7733,427,3,1087.2,2,3,5,At Risk (high value)
2121,427,2,1425.69,2,2,5,Hibernating
8185,426,1,48.35,2,1,1,Hibernating
8233,426,1,86.46,2,1,2,Hibernating
9374,426,2,210.84,2,2,3,Hibernating
2294,426,2,254.44,2,2,3,Hibernating
832,426,1,273.83,2,1,3,Hibernating
901,426,1,298.12,2,1,3,Hibernating
1018,426,1,395.03,2,1,4,Hibernating
3407,426,2,692.69,2,2,5,Hibernating
8319,425,1,22.95,2,1,1,Hibernating
6680,425,1,39.48,2,1,1,Hibernating
2261,425,1,47.24,2,1,1,Hibernating
6652,425,1,85.72,2,1,2,Hibernating
11029,425,1,88.04,2,1,2,Hibernating
1913,425,1,91.38,2,1,2,Hibernating
3773,425,1,114.71,2,1,2,Hibernating
6517,425,1,115.81,2,1,2,Hibernating
4765,425,1,142.22,2,1,2,Hibernating
8410,425,1,143.64,2,1,2,Hibernating
695,425,1,207.76,2,1,3,Hibernating
10221,425,1,352.84,2,1,4,Hibernating
4606,425,1,387.93,2,1,4,Hibernating
1766,425,2,676.97,2,2,5,Hibernating
7466,425,1,1396.41,2,1,5,Hibernating
1206,424,1,14.93,2,1,1,Hibernating
9864,424,1,35.84,2,1,1,Hibernating
11196,424,1,66.64,2,1,1,Hibernating
8996,424,1,86.06,2,1,2,Hibernating
828,424,2,105.15,2,2,2,Hibernating
1720,424,1,123.07,2,1,2,Hibernating
365,424,1,127.07,2,1,2,Hibernating
11962,424,1,132.12,2,1,2,Hibernating
10411,424,1,148.22,2,1,2,Hibernating
4301,424,1,155.78,2,1,2,Hibernating
6026,424,2,165.68,2,2,2,Hibernating
10605,424,1,182.6,2,1,2,Hibernating
11097,424,2,202.76,2,2,3,Hibernating
3605,424,1,220.68,2,1,3,Hibernating
1482,424,1,284.44,2,1,3,Hibernating
2239,424,1,291.84,2,1,3,Hibernating
2150,424,2,363.56,2,2,4,Hibernating
1454,424,1,675.44,2,1,5,Hibernating
295,424,5,764.31,2,4,5,At Risk (high value)
5927,424,4,1181.88,2,4,5,At Risk (high value)
6304,424,2,1287.66,2,2,5,Hibernating
6098,424,4,2103.71,2,4,5,At Risk (high value)
494,423,1,32.86,2,1,1,Hibernating
9959,423,1,56.74,2,1,1,Hibernating
8681,423,1,112.72,2,1,2,Hibernating
10902,423,1,122.09,2,1,2,Hibernating
9174,423,1,138.9,2,1,2,Hibernating
1443,423,1,158.05,2,1,2,Hibernating
11973,423,1,210.13,2,1,3,Hibernating
4964,423,1,217.7,2,1,3,Hibernating
4978,423,1,253.03,2,1,3,Hibernating
884,423,2,257.43,2,2,3,Hibernating
10730,423,2,275.97,2,2,3,Hibernating
2959,423,1,278.95,2,1,3,Hibernating
3607,423,1,309.88,2,1,3,Hibernating
4405,423,1,314.52,2,1,3,Hibernating
9975,423,2,402.89,2,2,4,Hibernating
6090,423,1,460.65,2,1,4,Hibernating
4190,423,1,559.08,2,1,4,Hibernating
11855,423,1,1059.84,2,1,5,Hibernating
5431,422,1,20.22,2,1,1,Hibernating
581,422,1,23.34,2,1,1,Hibernating
1479,422,1,35.3,2,1,1,Hibernating
6574,422,2,55.96,2,2,1,Hibernating
8853,422,1,72.73,2,1,1,Hibernating
7514,422,2,84.31,2,2,2,Hibernating
2930,422,1,111.19,2,1,2,Hibernating
18,422,1,115.36,2,1,2,Hibernating
7679,422,1,126.09,2,1,2,Hibernating
4147,422,2,132.91,2,2,2,Hibernating
1706,422,1,156.12,2,1,2,Hibernating
1172,422,1,189.28,2,1,3,Hibernating
2366,422,1,317.91,2,1,3,Hibernating
6301,422,2,333.29,2,2,3,Hibernating
346,422,2,361.48,2,2,4,Hibernating
6998,422,1,545.38,2,1,4,Hibernating
10496,422,3,572.59,2,3,4,At Risk (high value)
6996,422,3,742.06,2,3,5,At Risk (high value)
9618,421,1,11.97,2,1,1,Hibernating
6593,421,1,34.85,2,1,1,Hibernating
195,421,1,84.04,2,1,2,Hibernating
3909,421,1,93.14,2,1,2,Hibernating
7609,421,1,100.79,2,1,2,Hibernating
4309,421,1,112.14,2,1,2,Hibernating
1609,421,1,142.88,2,1,2,Hibernating
8718,421,1,158.1,2,1,2,Hibernating
4788,421,1,177.21,2,1,2,Hibernating
203,421,1,202.28,2,1,3,Hibernating
464,421,1,221.63,2,1,3,Hibernating
354,421,3,330.11,2,3,3,At Risk (high value)
8341,421,1,412.13,2,1,4,Hibernating
8195,421,1,546.3,2,1,4,Hibernating
1045,421,2,779.48,2,2,5,Hibernating
7676,421,1,858.36,2,1,5,Hibernating
1017,420,1,13.18,2,1,1,Hibernating
2643,420,1,28.23,2,1,1,Hibernating
7950,420,1,44.82,2,1,1,Hibernating
10099,420,1,61.76,2,1,1,Hibernating
11217,420,1,102.81,2,1,2,Hibernating
2622,420,2,111.5,2,2,2,Hibernating
9830,420,1,126.98,2,1,2,Hibernating
9507,420,1,132.52,2,1,2,Hibernating
9241,420,1,179.37,2,1,2,Hibernating
4639,420,1,207.7,2,1,3,Hibernating
7662,420,1,288.29,2,1,3,Hibernating
4351,420,1,412.61,2,1,4,Hibernating
7135,420,1,422.65,2,1,4,Hibernating
8131,420,1,540.07,2,1,4,Hibernating
6200,420,1,651.7,2,1,5,Hibernating
1066,420,1,802.54,2,1,5,Hibernating
2421,419,1,40.2,2,1,1,Hibernating
5361,419,1,49.25,2,1,1,Hibernating
4487,419,1,54.36,2,1,1,Hibernating
4926,419,1,56.74,2,1,1,Hibernating
3282,419,1,68.66,2,1,1,Hibernating
4508,419,1,176.45,2,1,2,Hibernating
10769,419,2,329.15,2,2,3,Hibernating
8535,419,1,386.56,2,1,4,Hibernating
1738,419,2,430.94,2,2,4,Hibernating
996,419,3,653.41,2,3,5,At Risk (high value)
9125,419,1,689.31,2,1,5,Hibernating
8838,418,1,17.09,2,1,1,Hibernating
8827,418,2,29.25,2,2,1,Hibernating
8050,418,1,33.24,2,1,1,Hibernating
10225,418,1,35.15,2,1,1,Hibernating
10336,418,1,45.72,2,1,1,Hibernating
4235,418,2,76.6,2,2,1,Hibernating
2287,418,1,112.24,2,1,2,Hibernating
8793,418,1,178.87,2,1,2,Hibernating
1417,418,1,192.32,2,1,3,Hibernating
4033,418,2,193.66,2,2,3,Hibernating
3321,418,2,194.28,2,2,3,Hibernating
4241,418,1,394.96,2,1,4,Hibernating
3430,418,1,414.38,2,1,4,Hibernating
6013,418,2,533.1,2,2,4,Hibernating
4043,418,2,540.63,2,2,4,Hibernating
12000,418,2,786.42,2,2,5,Hibernating
7101,417,1,15.46,2,1,1,Hibernating
887,417,1,18.97,2,1,1,Hibernating
5958,417,1,25.36,2,1,1,Hibernating
8349,417,2,60.37,2,2,1,Hibernating
3527,417,1,90.5,2,1,2,Hibernating
4757,417,1,133.8,2,1,2,Hibernating
11421,417,1,142.14,2,1,2,Hibernating
6718,417,1,147.29,2,1,2,Hibernating
8944,417,1,156.28,2,1,2,Hibernating
10463,417,2,174.82,2,2,2,Hibernating
5463,417,2,194.71,2,2,3,Hibernating
8172,417,3,251.14,2,3,3,At Risk (high value)
5827,417,1,465.69,2,1,4,Hibernating
11815,417,1,471.74,2,1,4,Hibernating
5352,416,1,14.82,2,1,1,Hibernating
10013,416,1,15.42,2,1,1,Hibernating
8986,416,1,36.41,2,1,1,Hibernating
6523,416,1,43.21,2,1,1,Hibernating
9721,416,2,48.14,2,2,1,Hibernating
3380,416,1,64.62,2,1,1,Hibernating
110,416,1,82.6,2,1,2,Hibernating
10883,416,1,150.24,2,1,2,Hibernating
9016,416,1,198.71,2,1,3,Hibernating
7084,416,1,379.85,2,1,4,Hibernating
6511,416,2,507.67,2,2,4,Hibernating
8423,416,1,511.44,2,1,4,Hibernating
11486,416,2,525.02,2,2,4,Hibernating
7649,416,1,560.95,2,1,4,Hibernating
5187,415,1,20.65,2,1,1,Hibernating
5873,415,1,40.12,2,1,1,Hibernating
8116,415,1,51.9,2,1,1,Hibernating
6122,415,1,69.32,2,1,1,Hibernating
9029,415,1,91.14,2,1,2,Hibernating
6773,415,1,93.04,2,1,2,Hibernating
7672,415,1,93.14,2,1,2,Hibernating
445,415,1,138.18,2,1,2,Hibernating
2723,415,1,142.22,2,1,2,Hibernating
9051,415,3,184.74,2,3,2,At Risk (high value)
10197,415,1,206.41,2,1,3,Hibernating
9943,415,2,207.8,2,2,3,Hibernating
4977,415,2,321.45,2,2,3,Hibernating
6089,415,2,337.12,2,2,3,Hibernating
9137,415,2,436.91,2,2,4,Hibernating
1115,415,1,555.37,2,1,4,Hibernating
4012,414,1,12.33,2,1,1,Hibernating
11939,414,1,13.1,2,1,1,Hibernating
1055,414,1,13.16,2,1,1,Hibernating
3062,414,1,30.83,2,1,1,Hibernating
5691,414,1,35.84,2,1,1,Hibernating
1415,414,1,48.98,2,1,1,Hibernating
6463,414,1,56.46,2,1,1,Hibernating
4253,414,1,90.21,2,1,2,Hibernating
6524,414,2,96.81,2,2,2,Hibernating
797,414,2,124.99,2,2,2,Hibernating
3220,414,2,169.43,2,2,2,Hibernating
262,414,2,229.27,2,2,3,Hibernating
9405,414,1,243.31,2,1,3,Hibernating
11222,414,1,258.54,2,1,3,Hibernating
11940,414,1,441.56,2,1,4,Hibernating
7229,414,1,486.15,2,1,4,Hibernating
4985,414,2,555.05,2,2,4,Hibernating
9651,413,1,33.44,2,1,1,Hibernating
8980,413,1,65.54,2,1,1,Hibernating
3556,413,1,87.28,2,1,2,Hibernating
9656,413,1,103.1,2,1,2,Hibernating
1375,413,1,144.2,2,1,2,Hibernating
5396,413,1,161.01,2,1,2,Hibernating
10947,413,1,200.08,2,1,3,Hibernating
6421,413,1,224.75,2,1,3,Hibernating
444,413,2,439.91,2,2,4,Hibernating
10347,413,2,658.91,2,2,5,Hibernating
9100,413,2,811.55,2,2,5,Hibernating
5344,413,4,856.6,2,4,5,At Risk (high value)
8573,412,1,27.59,2,1,1,Hibernating
3156,412,1,38.68,2,1,1,Hibernating
6465,412,1,67.45,2,1,1,Hibernating
6128,412,1,108.18,2,1,2,Hibernating
5226,412,1,116.84,2,1,2,Hibernating
11034,412,2,149.93,2,2,2,Hibernating
207,412,2,153.88,2,2,2,Hibernating
6206,412,1,184.78,2,1,2,Hibernating
8566,412,3,224.28,2,3,3,At Risk (high value)
5948,412,4,236.39,2,4,3,At Risk (high value)
4063,412,2,295.54,2,2,3,Hibernating
3526,412,1,395.03,2,1,4,Hibernating
5735,412,1,427.65,2,1,4,Hibernating
4713,412,1,445.92,2,1,4,Hibernating
3636,412,5,447.43,2,4,4,At Risk (high value)
1256,412,3,592.37,2,3,4,At Risk (high value)
3991,412,2,620.8,2,2,4,Hibernating
952,412,1,650.41,2,1,5,Hibernating
1038,412,1,681.27,2,1,5,Hibernating
470,412,3,718.16,2,3,5,At Risk (high value)
11476,412,1,1075.17,2,1,5,Hibernating
8628,412,6,1418.55,2,5,5,At Risk (high value)
8932,411,1,17.29,2,1,1,Hibernating
4236,411,1,41.08,2,1,1,Hibernating
1477,411,1,42.58,2,1,1,Hibernating
3408,411,1,57.72,2,1,1,Hibernating
6315,411,2,149.73,2,2,2,Hibernating
2395,411,4,222.92,2,4,3,At Risk (high value)
10739,411,1,231.96,2,1,3,Hibernating
5685,411,1,253.66,2,1,3,Hibernating
5507,411,1,254.05,2,1,3,Hibernating
5943,411,2,271.39,2,2,3,Hibernating
11401,411,1,271.57,2,1,3,Hibernating
11183,411,1,303.74,2,1,3,Hibernating
361,411,1,347.94,2,1,4,Hibernating
5536,411,1,432.88,2,1,4,Hibernating
4433,411,1,523.59,2,1,4,Hibernating
10356,411,1,564.63,2,1,4,Hibernating
2091,411,1,601.6,2,1,4,Hibernating
2349,411,4,630.8,2,4,4,At Risk (high value)
1742,411,2,793.39,2,2,5,Hibernating
7626,411,2,962.38,2,2,5,Hibernating
4913,411,2,975.11,2,2,5,Hibernating
6519,411,4,1153.0,2,4,5,At Risk (high value)
4323,410,1,44.62,2,1,1,Hibernating
4851,410,1,89.2,2,1,2,Hibernating
9066,410,2,96.85,2,2,2,Hibernating
11442,410,3,99.45,2,3,2,At Risk (high value)
10352,410,2,190.93,2,2,3,Hibernating
3405,410,1,212.97,2,1,3,Hibernating
7407,410,1,281.7,2,1,3,Hibernating
819,410,1,284.44,2,1,3,Hibernating
2777,410,3,319.99,2,3,3,At Risk (high value)
8054,410,2,414.89,2,2,4,Hibernating
5892,410,2,829.26,2,2,5,Hibernating
1411,409,1,25.36,2,1,1,Hibernating
8075,409,1,35.68,2,1,1,Hibernating
6740,409,2,41.49,2,2,1,Hibernating
4912,409,1,104.41,2,1,2,Hibernating
11144,409,1,111.0,2,1,2,Hibernating
11616,409,1,163.68,2,1,2,Hibernating
890,409,1,175.19,2,1,2,Hibernating
7441,409,1,204.12,2,1,3,Hibernating
9826,409,2,217.32,2,2,3,Hibernating
9217,409,2,328.0,2,2,3,Hibernating
3251,409,2,538.39,2,2,4,Hibernating
5180,409,2,645.71,2,2,5,Hibernating
10796,409,1,794.39,2,1,5,Hibernating
6846,408,1,31.12,2,1,1,Hibernating
3620,408,1,38.67,2,1,1,Hibernating
7911,408,1,39.56,2,1,1,Hibernating
958,408,1,40.28,2,1,1,Hibernating
2529,408,1,69.3,2,1,1,Hibernating
7522,408,1,93.78,2,1,2,Hibernating
8457,408,2,150.02,2,2,2,Hibernating
6853,408,1,220.65,2,1,3,Hibernating
11204,408,1,278.14,2,1,3,Hibernating
945,408,2,282.43,2,2,3,Hibernating
10517,408,1,300.8,2,1,3,Hibernating
3055,408,1,373.18,2,1,4,Hibernating
3438,408,1,567.14,2,1,4,Hibernating
2718,408,1,587.95,2,1,4,Hibernating
3248,408,1,615.3,2,1,4,Hibernating
10809,408,1,622.13,2,1,4,Hibernating
3339,408,1,656.56,2,1,5,Hibernating
6979,408,3,838.81,2,3,5,At Risk (high value)
8868,408,2,872.27,2,2,5,Hibernating
8683,408,2,976.86,2,2,5,Hibernating
11892,408,2,1173.74,2,2,5,Hibernating
10249,407,1,42.58,2,1,1,Hibernating
10641,407,1,53.42,2,1,1,Hibernating
9256,407,1,73.34,2,1,1,Hibernating
9849,407,1,114.9,2,1,2,Hibernating
3818,407,1,284.44,2,1,3,Hibernating
8529,407,1,420.86,2,1,4,Hibernating
1194,407,2,431.57,2,2,4,Hibernating
7500,407,6,533.88,2,5,4,At Risk (high value)
7961,407,3,1033.82,2,3,5,At Risk (high value)
3346,406,1,12.33,2,1,1,Hibernating
878,406,1,31.82,2,1,1,Hibernating
1127,406,1,44.46,2,1,1,Hibernating
5957,406,1,55.11,2,1,1,Hibernating
5399,406,1,55.87,2,1,1,Hibernating
2760,406,1,77.94,2,1,1,Hibernating
10342,406,1,91.78,2,1,2,Hibernating
9754,406,1,165.52,2,1,2,Hibernating
6933,406,2,175.21,2,2,2,Hibernating
9979,406,1,206.04,2,1,3,Hibernating
1781,406,1,251.58,2,1,3,Hibernating
5727,406,4,262.09,2,4,3,At Risk (high value)
11932,406,1,342.69,2,1,4,Hibernating
2865,406,3,442.06,2,3,4,At Risk (high value)
1587,406,2,564.27,2,2,4,Hibernating
6804,406,1,742.9,2,1,5,Hibernating
5987,406,4,1076.7,2,4,5,At Risk (high value)
10685,406,5,1249.06,2,4,5,At Risk (high value)
4285,405,2,35.98,2,2,1,Hibernating
4168,405,1,41.01,2,1,1,Hibernating
5094,405,1,52.86,2,1,1,Hibernating
4198,405,1,72.1,2,1,1,Hibernating
6035,405,1,98.9,2,1,2,Hibernating
4953,405,1,107.08,2,1,2,Hibernating
10676,405,1,140.4,2,1,2,Hibernating
6293,405,1,170.97,2,1,2,Hibernating
7541,405,2,244.56,2,2,3,Hibernating
2463,405,2,287.37,2,2,3,Hibernating
8127,405,1,316.74,2,1,3,Hibernating
1793,405,1,317.91,2,1,3,Hibernating
7831,405,1,327.37,2,1,3,Hibernating
8189,405,3,414.26,2,3,4,At Risk (high value)
7200,405,3,414.52,2,3,4,At Risk (high value)
5547,405,2,418.42,2,2,4,Hibernating
690,405,1,651.37,2,1,5,Hibernating
237,405,2,904.13,2,2,5,Hibernating
1021,404,1,8.86,2,1,1,Hibernating
5177,404,1,25.19,2,1,1,Hibernating
5809,404,1,70.09,2,1,1,Hibernating
11283,404,2,85.43,2,2,2,Hibernating
1368,404,1,87.72,2,1,2,Hibernating
4407,404,1,140.71,2,1,2,Hibernating
8301,404,1,200.8,2,1,3,Hibernating
11874,404,1,250.63,2,1,3,Hibernating
8666,404,1,300.44,2,1,3,Hibernating
2747,404,1,358.89,2,1,4,Hibernating
11931,404,1,418.7,2,1,4,Hibernating
11574,404,1,678.97,2,1,5,Hibernating
7223,403,1,18.94,2,1,1,Hibernating
2335,403,1,18.97,2,1,1,Hibernating
11966,403,1,35.52,2,1,1,Hibernating
3760,403,1,37.94,2,1,1,Hibernating
7138,403,1,39.76,2,1,1,Hibernating
11177,403,1,52.86,2,1,1,Hibernating
4478,403,1,61.23,2,1,1,Hibernating
10332,403,2,138.09,2,2,2,Hibernating
7974,403,1,166.74,2,1,2,Hibernating
880,403,2,177.93,2,2,2,Hibernating
10724,403,1,296.04,2,1,3,Hibernating
8348,403,1,346.4,2,1,4,Hibernating
1091,403,2,479.99,2,2,4,Hibernating
8814,403,2,525.32,2,2,4,Hibernating
5639,403,3,640.87,2,3,5,At Risk (high value)
10801,403,2,855.96,2,2,5,Hibernating
1185,402,1,7.59,2,1,1,Hibernating
7914,402,1,25.68,2,1,1,Hibernating
2789,402,1,26.6,2,1,1,Hibernating
7204,402,2,44.26,2,2,1,Hibernating
3890,402,1,68.18,2,1,1,Hibernating
11881,402,1,116.05,2,1,2,Hibernating
8311,402,1,133.08,2,1,2,Hibernating
1278,402,1,146.84,2,1,2,Hibernating
698,402,1,193.89,2,1,3,Hibernating
8860,402,1,199.3,2,1,3,Hibernating
6896,402,3,334.58,2,3,3,At Risk (high value)
5223,402,1,487.15,2,1,4,Hibernating
226,402,4,997.4,2,4,5,At Risk (high value)
415,401,1,41.97,2,1,1,Hibernating
11897,401,1,44.9,2,1,1,Hibernating
1748,401,1,60.87,2,1,1,Hibernating
10792,401,3,125.38,2,3,2,At Risk (high value)
11516,401,1,309.53,2,1,3,Hibernating
2501,401,1,335.94,2,1,3,Hibernating
4091,401,2,382.09,2,2,4,Hibernating
3154,401,2,550.81,2,2,4,Hibernating
45,401,2,678.66,2,2,5,Hibernating
5756,401,2,1301.36,2,2,5,Hibernating
9564,400,1,27.98,2,1,1,Hibernating
9588,400,1,50.38,2,1,1,Hibernating
8842,400,1,56.24,2,1,1,Hibernating
1973,400,1,82.64,2,1,2,Hibernating
579,400,2,86.64,2,2,2,Hibernating
7243,400,2,99.4,2,2,2,Hibernating
427,400,2,124.9,2,2,2,Hibernating
7928,400,1,240.81,2,1,3,Hibernating
4158,400,1,252.86,2,1,3,Hibernating
11210,400,2,380.86,2,2,4,Hibernating
9968,400,1,536.04,2,1,4,Hibernating
3857,400,1,561.68,2,1,4,Hibernating
448,400,5,563.77,2,4,4,At Risk (high value)
10291,400,6,1477.03,2,5,5,At Risk (high value)
2617,399,1,13.16,2,1,1,Hibernating
2795,399,1,21.36,2,1,1,Hibernating
7457,399,1,32.87,2,1,1,Hibernating
932,399,1,35.52,2,1,1,Hibernating
2440,399,1,36.1,2,1,1,Hibernating
2195,399,1,37.29,2,1,1,Hibernating
7076,399,1,39.51,2,1,1,Hibernating
1205,399,1,47.33,2,1,1,Hibernating
10693,399,1,50.82,2,1,1,Hibernating
6336,399,1,70.68,2,1,1,Hibernating
8221,399,1,92.65,2,1,2,Hibernating
11580,399,1,103.98,2,1,2,Hibernating
5794,399,1,105.92,2,1,2,Hibernating
4053,399,1,127.07,2,1,2,Hibernating
5124,399,4,166.61,2,4,2,At Risk (high value)
9957,399,2,169.38,2,2,2,Hibernating
479,399,3,316.53,2,3,3,At Risk (high value)
7677,399,1,374.09,2,1,4,Hibernating
7965,399,1,389.67,2,1,4,Hibernating
9839,399,3,448.58,2,3,4,At Risk (high value)
3491,399,3,607.35,2,3,4,At Risk (high value)
9188,398,1,39.51,2,1,1,Hibernating
4151,398,1,61.42,2,1,1,Hibernating
2464,398,1,71.24,2,1,1,Hibernating
66,398,1,104.03,2,1,2,Hibernating
2060,398,1,107.34,2,1,2,Hibernating
9672,398,1,230.74,2,1,3,Hibernating
10361,398,1,234.21,2,1,3,Hibernating
4655,398,2,292.7,2,2,3,Hibernating
11960,398,1,347.81,2,1,4,Hibernating
5815,398,2,389.88,2,2,4,Hibernating
1898,398,1,423.9,2,1,4,Hibernating
4858,398,3,455.19,2,3,4,At Risk (high value)
7817,398,1,463.65,2,1,4,Hibernating
3584,398,3,470.54,2,3,4,At Risk (high value)
5391,397,1,16.47,2,1,1,Hibernating
3750,397,1,20.2,2,1,1,Hibernating
11924,397,1,21.04,2,1,1,Hibernating
8787,397,1,48.24,2,1,1,Hibernating
6535,397,1,66.23,2,1,1,Hibernating
2705,397,1,89.2,2,1,2,Hibernating
3998,397,1,92.32,2,1,2,Hibernating
7100,397,1,111.77,2,1,2,Hibernating
9123,397,1,115.98,2,1,2,Hibernating
9147,397,1,126.04,2,1,2,Hibernating
7341,397,1,152.04,2,1,2,Hibernating
3140,397,1,181.22,2,1,2,Hibernating
9408,397,1,183.69,2,1,2,Hibernating
1863,397,1,224.82,2,1,3,Hibernating
7517,397,1,259.5,2,1,3,Hibernating
7966,397,1,262.03,2,1,3,Hibernating
3144,397,2,333.81,2,2,3,Hibernating
9675,397,4,357.18,2,4,4,At Risk (high value)
5206,397,4,712.46,2,4,5,At Risk (high value)
1617,397,1,766.71,2,1,5,Hibernating
4908,397,3,1056.05,2,3,5,At Risk (high value)
1044,397,2,1402.37,2,2,5,Hibernating
11951,396,1,23.71,2,1,1,Hibernating
1451,396,1,32.22,2,1,1,Hibernating
2257,396,1,43.96,2,1,1,Hibernating
3030,396,1,57.91,2,1,1,Hibernating
7444,396,1,57.91,2,1,1,Hibernating
2647,396,1,92.96,2,1,2,Hibernating
9215,396,1,98.82,2,1,2,Hibernating
823,396,1,132.21,2,1,2,Hibernating
10212,396,1,159.0,2,1,2,Hibernating
11703,396,1,166.62,2,1,2,Hibernating
6247,396,1,167.66,2,1,2,Hibernating
10668,396,2,175.74,2,2,2,Hibernating
939,396,1,197.59,2,1,3,Hibernating
11518,396,2,308.28,2,2,3,Hibernating
3600,396,2,315.72,2,2,3,Hibernating
2210,396,1,325.05,2,1,3,Hibernating
3798,396,2,393.9,2,2,4,Hibernating
5336,396,1,452.55,2,1,4,Hibernating
3274,396,1,453.68,2,1,4,Hibernating
751,396,1,769.62,2,1,5,Hibernating
2757,395,1,15.58,2,1,1,Hibernating
6249,395,1,26.07,2,1,1,Hibernating
11777,395,1,32.87,2,1,1,Hibernating
3555,395,1,60.14,2,1,1,Hibernating
10876,395,1,109.2,2,1,2,Hibernating
6118,395,1,114.36,2,1,2,Hibernating
8064,395,1,127.07,2,1,2,Hibernating
419,395,1,128.33,2,1,2,Hibernating
6383,395,3,163.46,2,3,2,At Risk (high value)
3219,395,1,164.0,2,1,2,Hibernating
948,395,1,248.3,2,1,3,Hibernating
3196,395,2,291.28,2,2,3,Hibernating
5844,395,4,572.19,2,4,4,At Risk (high value)
6376,395,2,622.38,2,2,4,Hibernating
493,395,2,659.66,2,2,5,Hibernating
8264,395,2,990.67,2,2,5,Hibernating
6543,394,1,28.7,2,1,1,Hibernating
2616,394,1,28.82,2,1,1,Hibernating
6712,394,1,39.47,2,1,1,Hibernating
7696,394,1,54.51,2,1,1,Hibernating
5695,394,1,65.72,2,1,1,Hibernating
1512,394,1,72.42,2,1,1,Hibernating
9056,394,1,78.23,2,1,1,Hibernating
6104,394,2,120.31,2,2,2,Hibernating
6753,394,1,137.38,2,1,2,Hibernating
6400,394,1,139.7,2,1,2,Hibernating
8065,394,1,148.42,2,1,2,Hibernating
3615,394,1,214.38,2,1,3,Hibernating
8632,394,1,264.28,2,1,3,Hibernating
9108,394,1,415.62,2,1,4,Hibernating
9633,394,1,657.73,2,1,5,Hibernating
7731,394,2,876.66,2,2,5,Hibernating
4307,393,1,13.7,2,1,1,Hibernating
4555,393,1,14.99,2,1,1,Hibernating
5960,393,1,15.34,2,1,1,Hibernating
2016,393,1,40.12,2,1,1,Hibernating
5961,393,1,42.02,2,1,1,Hibernating
5525,393,1,53.54,2,1,1,Hibernating
6358,393,1,63.09,2,1,1,Hibernating
10452,393,1,66.48,2,1,1,Hibernating
4477,393,1,72.67,2,1,1,Hibernating
5062,393,1,78.73,2,1,1,Hibernating
656,393,1,88.26,2,1,2,Hibernating
3719,393,2,121.1,2,2,2,Hibernating
9569,393,1,175.43,2,1,2,Hibernating
5118,393,2,205.27,2,2,3,Hibernating
7695,393,1,263.96,2,1,3,Hibernating
3829,393,1,287.69,2,1,3,Hibernating
8347,393,1,289.18,2,1,3,Hibernating
1680,393,1,350.75,2,1,4,Hibernating
8171,393,1,374.46,2,1,4,Hibernating
3444,393,1,446.13,2,1,4,Hibernating
1993,393,1,573.42,2,1,4,Hibernating
1744,393,3,663.07,2,3,5,At Risk (high value)
3880,392,1,16.46,2,1,1,Hibernating
6406,392,1,16.75,2,1,1,Hibernating
10257,392,1,68.72,2,1,1,Hibernating
1822,392,1,143.25,2,1,2,Hibernating
7805,392,1,199.01,2,1,3,Hibernating
4192,392,1,329.94,2,1,3,Hibernating
1533,392,2,589.18,2,2,4,Hibernating
6107,392,3,1198.89,2,3,5,At Risk (high value)
2097,391,1,23.11,2,1,1,Hibernating
5940,391,1,36.41,2,1,1,Hibernating
10386,391,1,53.28,2,1,1,Hibernating
10028,391,1,56.83,2,1,1,Hibernating
10308,391,1,76.62,2,1,1,Hibernating
9931,391,1,81.63,2,1,1,Hibernating
9682,391,1,103.3,2,1,2,Hibernating
5173,391,2,105.75,2,2,2,Hibernating
11102,391,1,119.2,2,1,2,Hibernating
10354,391,1,207.09,2,1,3,Hibernating
6977,391,1,219.29,2,1,3,Hibernating
8715,391,1,228.46,2,1,3,Hibernating
4027,391,3,322.38,2,3,3,At Risk (high value)
987,391,1,370.63,2,1,4,Hibernating
9804,391,1,452.97,2,1,4,Hibernating
7246,391,2,502.9,2,2,4,Hibernating
7342,391,1,514.91,2,1,4,Hibernating
6956,391,1,542.37,2,1,4,Hibernating
11125,391,2,549.96,2,2,4,Hibernating
8167,391,1,675.3,2,1,5,Hibernating
8223,391,2,746.19,2,2,5,Hibernating
801,391,5,836.52,2,4,5,At Risk (high value)
1350,391,1,1027.32,2,1,5,Hibernating
3041,390,1,11.79,2,1,1,Hibernating
2426,390,1,44.24,2,1,1,Hibernating
2410,390,1,64.08,2,1,1,Hibernating
10080,390,1,71.48,2,1,1,Hibernating
4145,390,1,81.71,2,1,1,Hibernating
11764,390,1,85.86,2,1,2,Hibernating
9713,390,1,104.97,2,1,2,Hibernating
3814,390,2,116.42,2,2,2,Hibernating
10758,390,1,136.28,2,1,2,Hibernating
8962,390,1,146.92,2,1,2,Hibernating
8414,390,2,152.56,2,2,2,Hibernating
58,390,1,176.16,2,1,2,Hibernating
5799,390,1,317.44,2,1,3,Hibernating
10437,390,1,318.8,2,1,3,Hibernating
2078,390,1,383.13,2,1,4,Hibernating
8511,390,2,445.5,2,2,4,Hibernating
1002,390,3,838.16,2,3,5,At Risk (high value)
11469,389,1,29.95,2,1,1,Hibernating
11001,389,1,37.22,2,1,1,Hibernating
3448,389,1,39.51,2,1,1,Hibernating
794,389,1,51.03,2,1,1,Hibernating
8299,389,1,53.74,2,1,1,Hibernating
9765,389,2,72.75,2,2,1,Hibernating
5472,389,1,91.08,2,1,2,Hibernating
11695,389,2,185.88,2,2,2,Hibernating
7189,389,1,203.12,2,1,3,Hibernating
9841,389,1,203.36,2,1,3,Hibernating
9387,389,2,272.28,2,2,3,Hibernating
4175,389,1,362.86,2,1,4,Hibernating
10050,389,1,470.7,2,1,4,Hibernating
7880,389,3,525.06,2,3,4,At Risk (high value)
623,389,1,790.06,2,1,5,Hibernating
11026,388,1,15.54,2,1,1,Hibernating
8593,388,1,52.71,2,1,1,Hibernating
7421,388,1,99.46,2,1,2,Hibernating
5865,388,1,128.7,2,1,2,Hibernating
10816,388,1,139.97,2,1,2,Hibernating
4619,388,1,152.61,2,1,2,Hibernating
7984,388,1,153.59,2,1,2,Hibernating
8744,388,1,187.16,2,1,3,Hibernating
8720,388,1,224.04,2,1,3,Hibernating
2889,388,1,253.53,2,1,3,Hibernating
5601,388,2,276.58,2,2,3,Hibernating
10015,388,3,874.9,2,3,5,At Risk (high value)
5294,387,1,10.48,2,1,1,Hibernating
10270,387,1,13.02,2,1,1,Hibernating
3926,387,1,14.89,2,1,1,Hibernating
4992,387,1,24.9,2,1,1,Hibernating
8731,387,1,51.29,2,1,1,Hibernating
315,387,1,79.92,2,1,1,Hibernating
7373,387,1,92.59,2,1,2,Hibernating
4932,387,1,101.34,2,1,2,Hibernating
3399,387,1,111.16,2,1,2,Hibernating
521,387,1,126.33,2,1,2,Hibernating
997,387,1,221.09,2,1,3,Hibernating
2547,387,1,238.94,2,1,3,Hibernating
2197,387,1,306.44,2,1,3,Hibernating
10014,387,1,496.74,2,1,4,Hibernating
3141,387,1,544.54,2,1,4,Hibernating
11834,387,2,589.61,2,2,4,Hibernating
1131,387,1,624.01,2,1,4,Hibernating
9815,387,3,711.32,2,3,5,At Risk (high value)
7551,387,1,893.75,2,1,5,Hibernating
5130,387,4,1192.43,2,4,5,At Risk (high value)
5219,386,1,13.91,2,1,1,Hibernating
7086,386,1,46.67,2,1,1,Hibernating
10592,386,1,68.82,2,1,1,Hibernating
2925,386,2,84.15,2,2,2,Hibernating
2819,386,1,88.58,2,1,2,Hibernating
5894,386,1,125.45,2,1,2,Hibernating
4178,386,1,147.27,2,1,2,Hibernating
2608,386,1,155.35,2,1,2,Hibernating
3528,386,1,158.58,2,1,2,Hibernating
4544,386,2,193.67,2,2,3,Hibernating
5740,386,1,274.44,2,1,3,Hibernating
214,386,1,358.03,2,1,4,Hibernating
1886,386,2,605.44,2,2,4,Hibernating
7653,386,3,938.01,2,3,5,At Risk (high value)
10198,385,1,55.89,2,1,1,Hibernating
2021,385,2,65.02,2,2,1,Hibernating
6262,385,1,70.55,2,1,1,Hibernating
8721,385,1,137.63,2,1,2,Hibernating
2271,385,1,151.99,2,1,2,Hibernating
6765,385,1,172.4,2,1,2,Hibernating
5580,385,2,188.16,2,2,3,Hibernating
56,385,1,290.22,2,1,3,Hibernating
4046,385,1,296.14,2,1,3,Hibernating
10814,385,1,338.94,2,1,3,Hibernating
370,385,1,358.56,2,1,4,Hibernating
9093,385,1,427.09,2,1,4,Hibernating
169,385,1,459.21,2,1,4,Hibernating
11805,385,3,583.12,2,3,4,At Risk (high value)
113,385,2,944.1,2,2,5,Hibernating
3974,384,1,13.33,2,1,1,Hibernating
547,384,1,23.84,2,1,1,Hibernating
7986,384,1,48.09,2,1,1,Hibernating
4523,384,1,60.16,2,1,1,Hibernating
9136,384,1,91.48,2,1,2,Hibernating
7523,384,2,102.25,2,2,2,Hibernating
5929,384,1,160.13,2,1,2,Hibernating
2589,384,2,174.89,2,2,2,Hibernating
11013,384,1,181.5,2,1,2,Hibernating
7511,384,1,277.7,2,1,3,Hibernating
783,384,1,371.96,2,1,4,Hibernating
9491,384,2,452.03,2,2,4,Hibernating
3130,384,1,523.11,2,1,4,Hibernating
2740,384,1,556.05,2,1,4,Hibernating
10728,384,4,614.7,2,4,4,At Risk (high value)
7983,384,7,2066.68,2,5,5,At Risk (high value)
5171,383,1,10.74,2,1,1,Hibernating
1478,383,1,32.87,2,1,1,Hibernating
4017,383,1,34.42,2,1,1,Hibernating
5996,383,1,71.36,2,1,1,Hibernating
1855,383,2,77.57,2,2,1,Hibernating
8507,383,2,157.25,2,2,2,Hibernating
6788,383,1,189.3,2,1,3,Hibernating
11748,383,1,249.26,2,1,3,Hibernating
4722,383,1,290.98,2,1,3,Hibernating
8579,383,2,320.67,2,2,3,Hibernating
1147,383,2,370.35,2,2,4,Hibernating
4719,383,1,411.4,2,1,4,Hibernating
4260,383,4,516.01,2,4,4,At Risk (high value)
1831,383,2,623.96,2,2,4,Hibernating
3105,382,1,20.2,2,1,1,Hibernating
9422,382,1,27.06,2,1,1,Hibernating
10907,382,1,38.43,2,1,1,Hibernating
10655,382,1,50.71,2,1,1,Hibernating
2338,382,1,77.05,2,1,1,Hibernating
4291,382,3,128.42,2,3,2,At Risk (high value)
11671,382,2,128.49,2,2,2,Hibernating
4399,382,1,141.22,2,1,2,Hibernating
4388,382,2,171.37,2,2,2,Hibernating
5183,382,1,186.08,2,1,2,Hibernating
9059,382,2,195.55,2,2,3,Hibernating
2356,382,2,204.06,2,2,3,Hibernating
3335,382,1,210.96,2,1,3,Hibernating
5484,382,1,287.11,2,1,3,Hibernating
9469,382,3,346.55,2,3,4,At Risk (high value)
11976,382,1,363.61,2,1,4,Hibernating
2689,382,3,559.81,2,3,4,At Risk (high value)
4983,382,1,688.58,2,1,5,Hibernating
11977,382,2,1026.98,2,2,5,Hibernating
2725,382,4,1207.22,2,4,5,At Risk (high value)
1927,381,1,10.48,2,1,1,Hibernating
7903,381,1,12.43,2,1,1,Hibernating
11317,381,1,16.0,2,1,1,Hibernating
10039,381,1,17.13,2,1,1,Hibernating
7197,381,1,42.68,2,1,1,Hibernating
7638,381,1,91.05,2,1,2,Hibernating
877,381,1,149.21,2,1,2,Hibernating
5237,381,1,197.98,2,1,3,Hibernating
8587,381,1,257.24,2,1,3,Hibernating
7997,381,2,312.6,2,2,3,Hibernating
10577,381,1,328.25,2,1,3,Hibernating
3599,381,2,364.28,2,2,4,Hibernating
10513,381,2,434.53,2,2,4,Hibernating
1920,381,2,729.64,2,2,5,Hibernating
6438,381,1,1267.61,2,1,5,Hibernating
588,381,2,1823.2,2,2,5,Hibernating
8316,380,1,40.08,2,1,1,Hibernating
1297,380,1,60.02,2,1,1,Hibernating
11189,380,1,60.76,2,1,1,Hibernating
5581,380,1,119.22,2,1,2,Hibernating
9796,380,1,127.74,2,1,2,Hibernating
11495,380,2,154.47,2,2,2,Hibernating
2185,380,1,158.58,2,1,2,Hibernating
5385,380,2,202.51,2,2,3,Hibernating
15,380,1,228.92,2,1,3,Hibernating
8918,380,1,251.77,2,1,3,Hibernating
6448,380,2,324.47,2,2,3,Hibernating
9011,380,1,384.07,2,1,4,Hibernating
4543,380,2,509.67,2,2,4,Hibernating
10859,379,1,32.87,2,1,1,Hibernating
7840,379,1,39.75,2,1,1,Hibernating
170,379,1,44.62,2,1,1,Hibernating
3704,379,1,56.36,2,1,1,Hibernating
4902,379,1,62.66,2,1,1,Hibernating
11329,379,1,84.74,2,1,2,Hibernating
9464,379,1,104.89,2,1,2,Hibernating
1063,379,1,118.46,2,1,2,Hibernating
10599,379,1,339.35,2,1,3,Hibernating
5051,379,1,349.28,2,1,4,Hibernating
7651,379,1,400.47,2,1,4,Hibernating
7643,379,1,427.5,2,1,4,Hibernating
9303,379,3,469.44,2,3,4,At Risk (high value)
691,379,2,508.51,2,2,4,Hibernating
9450,379,5,681.74,2,4,5,At Risk (high value)
7985,378,1,38.68,2,1,1,Hibernating
7886,378,1,60.6,2,1,1,Hibernating
7065,378,1,73.02,2,1,1,Hibernating
8304,378,1,122.23,2,1,2,Hibernating
3157,378,1,131.13,2,1,2,Hibernating
3033,378,1,198.12,2,1,3,Hibernating
9744,378,1,240.24,2,1,3,Hibernating
3252,378,1,272.41,2,1,3,Hibernating
4967,378,1,310.5,2,1,3,Hibernating
5749,378,1,450.2,2,1,4,Hibernating
2824,378,1,563.4,2,1,4,Hibernating
11957,378,2,604.17,2,2,4,Hibernating
2082,378,4,912.67,2,4,5,At Risk (high value)
9014,378,3,969.58,2,3,5,At Risk (high value)
6040,378,3,1190.69,2,3,5,At Risk (high value)
731,378,3,1796.3,2,3,5,At Risk (high value)
2780,377,1,50.54,2,1,1,Hibernating
6761,377,1,57.43,2,1,1,Hibernating
6888,377,2,122.86,2,2,2,Hibernating
3356,377,1,166.16,2,1,2,Hibernating
1492,377,1,251.23,2,1,3,Hibernating
10407,377,2,281.81,2,2,3,Hibernating
7275,377,1,307.53,2,1,3,Hibernating
5707,377,2,364.87,2,2,4,Hibernating
7736,377,1,374.03,2,1,4,Hibernating
4831,377,4,454.74,2,4,4,At Risk (high value)
2340,377,1,931.02,2,1,5,Hibernating
2124,376,1,18.35,2,1,1,Hibernating
8066,376,1,50.67,2,1,1,Hibernating
7434,376,1,61.88,2,1,1,Hibernating
7369,376,1,84.76,2,1,2,Hibernating
3635,376,2,91.12,2,2,2,Hibernating
133,376,1,126.43,2,1,2,Hibernating
7611,376,1,236.24,2,1,3,Hibernating
6419,376,1,248.17,2,1,3,Hibernating
3695,376,1,270.03,2,1,3,Hibernating
6638,376,1,285.96,2,1,3,Hibernating
11583,376,1,327.16,2,1,3,Hibernating
4278,376,2,342.12,2,2,3,Hibernating
4398,376,3,389.81,2,3,4,At Risk (high value)
1329,376,2,401.8,2,2,4,Hibernating
4078,376,2,433.25,2,2,4,Hibernating
10505,376,2,442.93,2,2,4,Hibernating
11859,376,1,544.77,2,1,4,Hibernating
1905,376,1,591.1,2,1,4,Hibernating
4663,376,1,611.17,2,1,4,Hibernating
1626,376,1,635.82,2,1,5,Hibernating
7103,376,2,855.29,2,2,5,Hibernating
8883,376,4,1303.53,2,4,5,At Risk (high value)
10830,375,1,57.66,2,1,1,Hibernating
7739,375,2,184.37,2,2,2,Hibernating
3688,375,2,188.26,2,2,3,Hibernating
4585,375,3,191.35,2,3,3,At Risk (high value)
9349,375,1,275.85,2,1,3,Hibernating
7170,375,2,344.02,2,2,4,Hibernating
6286,375,1,374.21,2,1,4,Hibernating
2858,375,1,546.25,2,1,4,Hibernating
7566,374,1,34.26,2,1,1,Hibernating
2094,374,1,42.58,2,1,1,Hibernating
7057,374,1,54.12,2,1,1,Hibernating
4752,374,1,112.24,2,1,2,Hibernating
8062,374,1,118.59,2,1,2,Hibernating
1485,374,1,119.9,2,1,2,Hibernating
9514,374,1,136.98,2,1,2,Hibernating
2414,374,3,157.31,2,3,2,At Risk (high value)
1051,374,1,211.55,2,1,3,Hibernating
11465,374,2,303.63,2,2,3,Hibernating
2626,374,1,321.48,2,1,3,Hibernating
7949,374,2,381.94,2,2,4,Hibernating
7167,374,1,394.63,2,1,4,Hibernating
1228,374,3,418.46,2,3,4,At Risk (high value)
4657,374,4,1317.69,2,4,5,At Risk (high value)
9144,373,1,18.04,2,1,1,Hibernating
6515,373,2,73.86,2,2,1,Hibernating
9985,373,1,83.98,2,1,2,Hibernating
3977,373,1,247.58,2,1,3,Hibernating
11338,373,1,321.48,2,1,3,Hibernating
3100,373,2,339.28,2,2,3,Hibernating
64,373,1,444.66,2,1,4,Hibernating
6805,373,3,502.94,2,3,4,At Risk (high value)
11376,373,1,533.03,2,1,4,Hibernating
10265,373,2,576.38,2,2,4,Hibernating
4107,373,1,945.64,2,1,5,Hibernating
10243,373,3,994.68,2,3,5,At Risk (high value)
3303,372,1,39.47,2,1,1,Hibernating
6306,372,1,63.32,2,1,1,Hibernating
2312,372,1,116.34,2,1,2,Hibernating
4471,372,1,138.07,2,1,2,Hibernating
11398,372,1,147.95,2,1,2,Hibernating
11480,372,1,165.2,2,1,2,Hibernating
8280,372,2,253.7,2,2,3,Hibernating
6739,372,4,313.03,2,4,3,At Risk (high value)
3329,372,1,399.46,2,1,4,Hibernating
11137,372,1,456.18,2,1,4,Hibernating
2344,372,1,482.74,2,1,4,Hibernating
5524,372,1,582.31,2,1,4,Hibernating
2661,372,3,696.91,2,3,5,At Risk (high value)
6212,372,4,755.1,2,4,5,At Risk (high value)
3146,372,4,1150.44,2,4,5,At Risk (high value)
10375,372,3,1451.22,2,3,5,At Risk (high value)
8024,372,7,1521.07,2,5,5,At Risk (high value)
2179,372,3,1600.26,2,3,5,At Risk (high value)
9285,371,1,20.2,2,1,1,Hibernating
420,371,1,22.41,2,1,1,Hibernating
5796,371,1,47.92,2,1,1,Hibernating
10556,371,2,82.29,2,2,2,Hibernating
2708,371,1,146.49,2,1,2,Hibernating
5357,371,1,228.46,2,1,3,Hibernating
10661,371,1,228.92,2,1,3,Hibernating
7683,371,1,262.49,2,1,3,Hibernating
8503,371,1,416.91,2,1,4,Hibernating
2262,371,2,487.95,2,2,4,Hibernating
11781,371,3,618.68,2,3,4,At Risk (high value)
8924,371,2,1901.91,2,2,5,Hibernating
9317,370,1,14.62,2,1,1,Hibernating
6452,370,1,61.76,2,1,1,Hibernating
2635,370,1,79.5,2,1,1,Hibernating
9712,370,1,119.34,2,1,2,Hibernating
8016,370,1,194.39,2,1,3,Hibernating
11600,370,1,204.41,2,1,3,Hibernating
6487,370,4,306.98,2,4,3,At Risk (high value)
11827,370,2,329.37,2,2,3,Hibernating
6244,369,1,29.95,2,1,1,Hibernating
2682,369,1,32.87,2,1,1,Hibernating
3470,369,1,44.6,2,1,1,Hibernating
4256,369,1,47.02,2,1,1,Hibernating
4843,369,1,51.96,2,1,1,Hibernating
6177,369,1,54.16,2,1,1,Hibernating
11160,369,1,57.91,2,1,1,Hibernating
7516,369,1,58.68,2,1,1,Hibernating
3856,369,1,118.59,2,1,2,Hibernating
339,369,1,131.31,2,1,2,Hibernating
7704,369,2,147.88,2,2,2,Hibernating
11091,369,1,203.44,2,1,3,Hibernating
148,369,1,225.1,2,1,3,Hibernating
3367,369,1,283.3,2,1,3,Hibernating
4329,369,3,295.9,2,3,3,At Risk (high value)
4549,369,1,409.79,2,1,4,Hibernating
8313,369,2,508.2,2,2,4,Hibernating
2964,369,1,608.57,2,1,4,Hibernating
11409,369,4,724.02,2,4,5,At Risk (high value)
3127,369,3,762.43,2,3,5,At Risk (high value)
5743,368,1,9.42,2,1,1,Hibernating
883,368,1,29.78,2,1,1,Hibernating
7053,368,1,57.45,2,1,1,Hibernating
3843,368,1,72.1,2,1,1,Hibernating
1153,368,1,108.18,2,1,2,Hibernating
9607,368,1,114.23,2,1,2,Hibernating
750,368,1,118.48,2,1,2,Hibernating
5483,368,1,134.39,2,1,2,Hibernating
6821,368,3,136.5,2,3,2,At Risk (high value)
8875,368,1,214.87,2,1,3,Hibernating
3794,368,1,306.81,2,1,3,Hibernating
4942,368,2,376.03,2,2,4,Hibernating
5072,368,2,384.49,2,2,4,Hibernating
2162,368,3,437.05,2,3,4,At Risk (high value)
9708,368,2,524.66,2,2,4,Hibernating
2319,368,1,550.5,2,1,4,Hibernating
11536,368,2,953.73,2,2,5,Hibernating
4280,368,2,1365.89,2,2,5,Hibernating
4931,367,1,13.3,2,1,1,Hibernating
1093,367,1,13.64,2,1,1,Hibernating
8855,367,1,31.16,2,1,1,Hibernating
9496,367,1,50.19,2,1,1,Hibernating
11304,367,1,57.4,2,1,1,Hibernating
2439,367,1,58.29,2,1,1,Hibernating
3269,367,1,59.07,2,1,1,Hibernating
9836,367,1,76.08,2,1,1,Hibernating
11333,367,1,104.81,2,1,2,Hibernating
4427,367,1,111.08,2,1,2,Hibernating
1037,367,1,135.04,2,1,2,Hibernating
3310,367,2,143.22,2,2,2,Hibernating
3317,367,1,177.93,2,1,2,Hibernating
4582,367,2,227.73,2,2,3,Hibernating
11723,367,1,259.91,2,1,3,Hibernating
2399,367,1,283.22,2,1,3,Hibernating
3733,367,1,309.24,2,1,3,Hibernating
4390,367,1,344.22,2,1,4,Hibernating
8117,367,1,385.66,2,1,4,Hibernating
11541,367,2,442.83,2,2,4,Hibernating
6724,367,2,445.25,2,2,4,Hibernating
2479,367,3,638.53,2,3,5,At Risk (high value)
1150,367,4,675.59,2,4,5,At Risk (high value)
9362,367,2,956.42,2,2,5,Hibernating
3181,367,4,1282.69,2,4,5,At Risk (high value)
4761,367,5,1484.42,2,4,5,At Risk (high value)
4486,366,1,18.04,2,1,1,Hibernating
892,366,1,76.22,2,1,1,Hibernating
9334,366,1,83.55,2,1,2,Hibernating
3421,366,2,119.36,2,2,2,Hibernating
10162,366,1,136.61,2,1,2,Hibernating
4604,366,2,149.56,2,2,2,Hibernating
5432,366,1,219.29,2,1,3,Hibernating
7338,366,1,286.94,2,1,3,Hibernating
9482,366,1,433.54,2,1,4,Hibernating
3642,366,1,476.93,2,1,4,Hibernating
9162,365,1,40.4,2,1,1,Hibernating
10416,365,1,70.6,2,1,1,Hibernating
8037,365,1,149.86,2,1,2,Hibernating
9500,365,1,171.23,2,1,2,Hibernating
2641,365,2,189.63,2,2,3,Hibernating
1576,365,1,240.32,2,1,3,Hibernating
5848,365,3,284.75,2,3,3,At Risk (high value)
2315,365,1,298.84,2,1,3,Hibernating
8521,365,1,313.87,2,1,3,Hibernating
5259,365,1,617.1,2,1,4,Hibernating
3918,365,2,687.46,2,2,5,Hibernating
11274,365,3,819.55,2,3,5,At Risk (high value)
3994,365,3,1529.52,2,3,5,At Risk (high value)
6433,364,2,70.34,2,2,1,Hibernating
2427,364,1,85.16,2,1,2,Hibernating
3817,364,2,88.08,2,2,2,Hibernating
5222,364,2,136.14,2,2,2,Hibernating
6726,364,1,158.58,2,1,2,Hibernating
390,364,2,349.07,2,2,4,Hibernating
10852,364,1,412.43,2,1,4,Hibernating
5776,364,6,630.96,2,5,4,At Risk (high value)
8968,364,2,976.12,2,2,5,Hibernating
7306,364,5,1053.42,2,4,5,At Risk (high value)
69,363,1,50.36,2,1,1,Hibernating
4165,363,1,76.22,2,1,1,Hibernating
6390,363,1,201.46,2,1,3,Hibernating
11219,363,1,210.45,2,1,3,Hibernating
6478,363,2,234.92,2,2,3,Hibernating
86,363,1,367.87,2,1,4,Hibernating
3568,363,2,383.45,2,2,4,Hibernating
208,363,1,444.21,2,1,4,Hibernating
2637,363,1,495.23,2,1,4,Hibernating
2894,363,2,963.93,2,2,5,Hibernating
7573,363,5,1189.95,2,4,5,At Risk (high value)
9314,363,3,1597.13,2,3,5,At Risk (high value)
1209,362,1,11.07,2,1,1,Hibernating
11689,362,1,44.46,2,1,1,Hibernating
10669,362,1,50.98,2,1,1,Hibernating
4450,362,1,91.13,2,1,2,Hibernating
9034,362,3,110.32,2,3,2,At Risk (high value)
1289,362,1,178.72,2,1,2,Hibernating
6117,362,3,201.77,2,3,3,At Risk (high value)
8829,362,2,209.75,2,2,3,Hibernating
4368,362,1,266.41,2,1,3,Hibernating
9304,362,1,296.47,2,1,3,Hibernating
710,362,1,496.85,2,1,4,Hibernating
3434,362,2,1623.0,2,2,5,Hibernating
2157,361,1,41.73,2,1,1,Hibernating
9574,361,1,56.19,2,1,1,Hibernating
9297,361,1,100.68,2,1,2,Hibernating
5174,361,2,173.44,2,2,2,Hibernating
11040,361,2,281.79,2,2,3,Hibernating
1389,361,3,284.45,2,3,3,At Risk (high value)
5558,361,1,303.29,2,1,3,Hibernating
2975,361,2,317.19,2,2,3,Hibernating
3223,361,2,325.02,2,2,3,Hibernating
8964,361,1,376.02,2,1,4,Hibernating
8081,361,1,438.03,2,1,4,Hibernating
930,361,2,467.1,2,2,4,Hibernating
5021,361,2,879.28,2,2,5,Hibernating
3951,361,2,975.45,2,2,5,Hibernating
7193,361,5,1064.09,2,4,5,At Risk (high value)
5227,361,5,1374.94,2,4,5,At Risk (high value)
4343,361,4,2091.27,2,4,5,At Risk (high value)
3895,360,1,30.21,2,1,1,Hibernating
2452,360,1,114.68,2,1,2,Hibernating
9346,360,1,138.84,2,1,2,Hibernating
7995,360,1,222.0,2,1,3,Hibernating
1592,360,3,632.11,2,3,4,At Risk (high value)
4528,359,1,11.09,2,1,1,Hibernating
5269,359,1,17.21,2,1,1,Hibernating
514,359,1,22.09,2,1,1,Hibernating
1266,359,1,64.48,2,1,1,Hibernating
11127,359,1,110.67,2,1,2,Hibernating
409,359,1,122.46,2,1,2,Hibernating
10691,359,1,145.33,2,1,2,Hibernating
4104,359,1,150.01,2,1,2,Hibernating
331,359,2,269.26,2,2,3,Hibernating
4684,359,2,445.42,2,2,4,Hibernating
7022,359,4,830.05,2,4,5,At Risk (high value)
11292,359,3,1442.54,2,3,5,At Risk (high value)
3341,358,1,109.35,2,1,2,Hibernating
9040,358,1,154.88,2,1,2,Hibernating
1052,358,3,225.23,2,3,3,At Risk (high value)
10646,358,2,266.68,2,2,3,Hibernating
7044,358,1,275.17,2,1,3,Hibernating
6045,358,1,540.08,2,1,4,Hibernating
1030,358,2,810.52,2,2,5,Hibernating
3004,358,4,944.08,2,4,5,At Risk (high value)
3665,357,1,23.06,2,1,1,Hibernating
3534,357,2,82.72,2,2,2,Hibernating
4083,357,1,131.88,2,1,2,Hibernating
7062,357,1,157.87,2,1,2,Hibernating
239,357,1,411.4,2,1,4,Hibernating
7967,357,1,423.65,2,1,4,Hibernating
10715,357,3,642.98,2,3,5,At Risk (high value)
1056,357,2,835.38,2,2,5,Hibernating
8241,356,1,91.79,2,1,2,Hibernating
7379,356,1,115.95,2,1,2,Hibernating
4394,356,2,137.66,2,2,2,Hibernating
10560,356,2,171.69,2,2,2,Hibernating
8326,356,2,186.14,2,2,2,Hibernating
4142,356,1,310.49,2,1,3,Hibernating
9891,356,3,511.14,2,3,4,At Risk (high value)
5036,356,2,568.11,2,2,4,Hibernating
11239,356,2,724.79,2,2,5,Hibernating
9319,356,4,896.04,2,4,5,At Risk (high value)
11863,355,1,43.46,2,1,1,Hibernating
8639,355,1,56.12,2,1,1,Hibernating
1277,355,2,58.1,2,2,1,Hibernating
3928,355,2,73.12,2,2,1,Hibernating
3271,355,1,186.71,2,1,3,Hibernating
11205,355,1,269.73,2,1,3,Hibernating
2203,355,1,411.88,2,1,4,Hibernating
10775,355,2,1233.26,2,2,5,Hibernating
10741,354,1,68.85,2,1,1,Hibernating
6950,354,1,105.87,2,1,2,Hibernating
8586,354,1,180.38,2,1,2,Hibernating
9351,354,1,342.06,2,1,3,Hibernating
4247,354,5,629.51,2,4,4,At Risk (high value)
4346,354,4,649.53,2,4,5,At Risk (high value)
1395,354,3,680.57,2,3,5,At Risk (high value)
316,354,4,1224.16,2,4,5,At Risk (high value)
5423,354,4,1402.87,2,4,5,At Risk (high value)
720,353,1,24.9,2,1,1,Hibernating
10400,353,1,33.24,2,1,1,Hibernating
869,353,1,47.8,2,1,1,Hibernating
8517,353,1,91.05,2,1,2,Hibernating
2181,353,1,193.48,2,1,3,Hibernating
4055,353,2,297.85,2,2,3,Hibernating
6833,353,3,423.9,2,3,4,At Risk (high value)
5286,353,2,430.72,2,2,4,Hibernating
943,353,1,538.72,2,1,4,Hibernating
1538,353,2,899.41,2,2,5,Hibernating
9829,353,2,1305.39,2,2,5,Hibernating
9511,352,1,18.94,2,1,1,Hibernating
6064,352,1,29.68,2,1,1,Hibernating
9699,352,1,74.3,2,1,1,Hibernating
9409,352,1,143.08,2,1,2,Hibernating
8397,352,2,192.81,2,2,3,Hibernating
7610,352,1,270.94,2,1,3,Hibernating
11609,352,3,280.39,2,3,3,At Risk (high value)
10928,352,1,381.66,2,1,4,Hibernating
9026,352,2,548.51,2,2,4,Hibernating
7569,352,2,954.76,2,2,5,Hibernating
3618,352,5,1001.88,2,4,5,At Risk (high value)
2583,352,3,1080.91,2,3,5,At Risk (high value)
9035,351,1,21.98,2,1,1,Hibernating
5920,351,1,23.44,2,1,1,Hibernating
746,351,1,31.77,2,1,1,Hibernating
1444,351,1,114.0,2,1,2,Hibernating
7400,351,1,120.65,2,1,2,Hibernating
3350,351,2,234.93,2,2,3,Hibernating
1245,351,2,299.72,2,2,3,Hibernating
3208,351,1,331.1,2,1,3,Hibernating
261,351,5,635.76,2,4,4,At Risk (high value)
920,350,1,13.91,2,1,1,Hibernating
624,350,1,15.54,2,1,1,Hibernating
9055,350,1,16.91,2,1,1,Hibernating
11921,350,1,96.18,2,1,2,Hibernating
6938,350,1,142.3,2,1,2,Hibernating
4275,350,1,150.85,2,1,2,Hibernating
2361,350,2,224.18,2,2,3,Hibernating
11418,350,2,231.02,2,2,3,Hibernating
10768,350,2,234.65,2,2,3,Hibernating
10167,350,1,393.25,2,1,4,Hibernating
3488,350,2,647.0,2,2,5,Hibernating
965,350,3,1098.92,2,3,5,At Risk (high value)
4313,350,3,1531.0,2,3,5,At Risk (high value)
11278,350,3,1995.98,2,3,5,At Risk (high value)
575,349,1,25.27,2,1,1,Hibernating
674,349,1,48.85,2,1,1,Hibernating
10206,349,2,52.21,2,2,1,Hibernating
1733,349,1,54.44,2,1,1,Hibernating
6021,349,1,107.61,2,1,2,Hibernating
2528,349,1,220.73,2,1,3,Hibernating
5402,349,3,230.65,2,3,3,At Risk (high value)
857,349,2,277.25,2,2,3,Hibernating
11460,349,3,301.58,2,3,3,At Risk (high value)
7411,349,3,348.62,2,3,4,At Risk (high value)
200,349,2,362.63,2,2,4,Hibernating
2505,349,2,725.79,2,2,5,Hibernating
5798,349,2,763.23,2,2,5,Hibernating
7614,349,3,1050.41,2,3,5,At Risk (high value)
11575,349,2,1626.6,2,2,5,Hibernating
7825,348,1,13.02,2,1,1,Hibernating
265,348,1,23.34,2,1,1,Hibernating
4038,348,1,26.32,2,1,1,Hibernating
7181,348,1,34.33,2,1,1,Hibernating
2541,348,2,79.16,2,2,1,Hibernating
4801,348,1,499.32,2,1,4,Hibernating
11024,348,4,548.95,2,4,4,At Risk (high value)
5750,348,1,1217.32,2,1,5,Hibernating
2939,348,3,1273.68,2,3,5,At Risk (high value)
11482,348,2,1548.2,2,2,5,Hibernating
8961,347,1,87.92,2,1,2,Hibernating
5019,347,1,89.85,2,1,2,Hibernating
7899,347,1,93.14,2,1,2,Hibernating
9328,347,1,110.72,2,1,2,Hibernating
6877,347,1,184.49,2,1,2,Hibernating
9254,347,3,411.13,2,3,4,At Risk (high value)
3101,347,1,569.8,2,1,4,Hibernating
8224,347,1,1383.7,2,1,5,Hibernating
6232,346,2,33.09,2,2,1,Hibernating
7398,346,1,96.52,2,1,2,Hibernating
11211,346,1,136.61,2,1,2,Hibernating
9046,346,2,168.73,2,2,2,Hibernating
3158,346,1,205.67,2,1,3,Hibernating
2880,346,2,263.49,2,2,3,Hibernating
673,346,1,300.36,2,1,3,Hibernating
1881,346,3,649.12,2,3,5,At Risk (high value)
11496,346,1,794.14,2,1,5,Hibernating
9741,346,3,1215.08,2,3,5,At Risk (high value)
3425,345,1,26.07,2,1,1,Hibernating
5537,345,1,29.95,2,1,1,Hibernating
1569,345,1,42.21,2,1,1,Hibernating
11412,345,1,77.75,2,1,1,Hibernating
7495,345,1,91.14,2,1,2,Hibernating
6688,345,1,94.24,2,1,2,Hibernating
3644,345,1,100.53,2,1,2,Hibernating
3060,345,2,165.82,2,2,2,Hibernating
288,345,1,238.1,2,1,3,Hibernating
183,345,3,347.23,2,3,4,At Risk (high value)
10453,345,2,443.57,2,2,4,Hibernating
9925,344,1,40.3,2,1,1,Hibernating
8981,344,1,81.24,2,1,1,Hibernating
11657,344,1,104.64,2,1,2,Hibernating
417,344,1,153.06,2,1,2,Hibernating
5076,344,1,180.38,2,1,2,Hibernating
6874,344,2,199.25,2,2,3,Hibernating
2796,344,1,244.51,2,1,3,Hibernating
7851,344,2,504.39,2,2,4,Hibernating
5577,344,3,537.56,2,3,4,At Risk (high value)
3002,344,2,617.46,2,2,4,Hibernating
11431,344,6,978.85,2,5,5,At Risk (high value)
6260,344,2,1026.71,2,2,5,Hibernating
5458,344,3,1257.0,2,3,5,At Risk (high value)
2655,343,2,135.74,2,2,2,Hibernating
8317,343,1,155.48,2,1,2,Hibernating
7085,343,2,212.23,2,2,3,Hibernating
8123,343,3,318.81,2,3,3,At Risk (high value)
8839,343,1,465.82,2,1,4,Hibernating
2482,343,2,497.51,2,2,4,Hibernating
6920,343,3,749.8,2,3,5,At Risk (high value)
10767,343,2,796.24,2,2,5,Hibernating
7394,342,1,21.47,2,1,1,Hibernating
9431,342,1,39.06,2,1,1,Hibernating
6087,342,2,58.75,2,2,1,Hibernating
620,342,1,134.9,2,1,2,Hibernating
11766,342,1,159.33,2,1,2,Hibernating
275,342,1,172.86,2,1,2,Hibernating
10546,342,3,263.93,2,3,3,At Risk (high value)
7956,342,1,483.96,2,1,4,Hibernating
5622,342,2,558.58,2,2,4,Hibernating
5932,342,3,570.95,2,3,4,At Risk (high value)
161,341,1,81.07,2,1,1,Hibernating
4782,341,1,110.72,2,1,2,Hibernating
6631,341,2,140.11,2,2,2,Hibernating
3149,341,2,178.24,2,2,2,Hibernating
11974,341,2,200.21,2,2,3,Hibernating
3808,341,1,226.1,2,1,3,Hibernating
5891,341,1,238.5,2,1,3,Hibernating
2753,341,3,355.69,2,3,4,At Risk (high value)
4890,341,1,445.41,2,1,4,Hibernating
8169,341,3,614.99,2,3,4,At Risk (high value)
5520,341,2,700.04,2,2,5,Hibernating
4565,340,1,19.6,2,1,1,Hibernating
6749,340,1,34.29,2,1,1,Hibernating
3345,340,1,82.23,2,1,1,Hibernating
4111,340,2,82.45,2,2,2,Hibernating
5320,340,1,90.27,2,1,2,Hibernating
7230,340,1,100.65,2,1,2,Hibernating
3153,340,2,228.2,2,2,3,Hibernating
3417,340,3,261.87,2,3,3,At Risk (high value)
4072,340,4,302.77,2,4,3,At Risk (high value)
11220,340,2,598.72,2,2,4,Hibernating
2255,340,1,658.23,2,1,5,Hibernating
9758,340,3,1611.39,2,3,5,At Risk (high value)
8726,339,1,45.57,2,1,1,Hibernating
2494,339,1,75.06,2,1,1,Hibernating
9236,339,1,112.24,2,1,2,Hibernating
9919,339,1,241.36,2,1,3,Hibernating
2560,339,1,262.96,2,1,3,Hibernating
1433,339,2,278.78,2,2,3,Hibernating
7380,339,2,297.71,2,2,3,Hibernating
7728,339,1,334.29,2,1,3,Hibernating
5502,339,2,417.8,2,2,4,Hibernating
9599,339,1,443.14,2,1,4,Hibernating
1156,339,4,470.1,2,4,4,At Risk (high value)
3018,339,2,702.73,2,2,5,Hibernating
11035,339,5,1727.0,2,4,5,At Risk (high value)
8717,338,1,70.6,2,1,1,Hibernating
10470,338,1,126.18,2,1,2,Hibernating
10579,338,1,137.96,2,1,2,Hibernating
9225,338,2,159.08,2,2,2,Hibernating
2881,338,1,247.77,2,1,3,Hibernating
8706,338,1,320.95,2,1,3,Hibernating
917,338,2,341.46,2,2,3,Hibernating
3273,338,2,348.92,2,2,4,Hibernating
7870,338,1,356.3,2,1,4,Hibernating
10180,338,2,603.65,2,2,4,Hibernating
1544,338,1,641.11,2,1,5,Hibernating
7191,338,1,958.05,2,1,5,Hibernating
6077,338,5,1276.22,2,4,5,At Risk (high value)
5256,338,6,3271.91,2,5,5,At Risk (high value)
5194,337,3,52.58,2,3,1,At Risk (high value)
7647,337,1,92.49,2,1,2,Hibernating
4492,337,1,96.12,2,1,2,Hibernating
1696,337,1,100.48,2,1,2,Hibernating
10882,337,1,127.95,2,1,2,Hibernating
10186,337,2,349.16,2,2,4,Hibernating
1629,337,1,368.63,2,1,4,Hibernating
8235,337,2,397.94,2,2,4,Hibernating
10777,337,3,478.0,2,3,4,At Risk (high value)
9331,337,1,857.65,2,1,5,Hibernating
3825,337,2,891.74,2,2,5,Hibernating
11275,336,1,120.41,2,1,2,Hibernating
10506,336,1,171.5,2,1,2,Hibernating
1466,336,2,211.84,2,2,3,Hibernating
11826,336,1,310.67,2,1,3,Hibernating
6697,336,6,393.36,2,5,4,At Risk (high value)
3550,336,2,1123.12,2,2,5,Hibernating
7478,336,7,1640.42,2,5,5,At Risk (high value)
7422,335,1,23.71,2,1,1,Hibernating
10155,335,1,87.72,2,1,2,Hibernating
7128,335,2,91.36,2,2,2,Hibernating
10389,335,1,100.22,2,1,2,Hibernating
1830,335,1,127.39,2,1,2,Hibernating
3677,335,2,140.92,2,2,2,Hibernating
4366,335,2,164.8,2,2,2,Hibernating
2017,335,2,186.7,2,2,3,Hibernating
1808,335,1,202.52,2,1,3,Hibernating
7958,335,1,308.71,2,1,3,Hibernating
10764,335,1,335.82,2,1,3,Hibernating
3978,335,3,493.86,2,3,4,At Risk (high value)
5235,335,3,611.49,2,3,4,At Risk (high value)
10464,335,2,713.41,2,2,5,Hibernating
8196,334,1,16.46,2,1,1,Hibernating
10604,334,2,23.1,2,2,1,Hibernating
7768,334,1,82.02,2,1,1,Hibernating
5526,334,1,226.47,2,1,3,Hibernating
8613,334,1,273.32,2,1,3,Hibernating
10784,334,5,324.65,2,4,3,At Risk (high value)
8268,334,2,635.11,2,2,4,Hibernating
6844,334,5,2617.71,2,4,5,At Risk (high value)
2921,333,1,12.32,2,1,1,Hibernating
5974,333,1,16.0,2,1,1,Hibernating
2693,333,1,91.95,2,1,2,Hibernating
762,333,1,140.18,2,1,2,Hibernating
9158,333,1,233.36,2,1,3,Hibernating
2910,333,2,317.6,2,2,3,Hibernating
643,333,3,375.74,2,3,4,At Risk (high value)
10518,333,2,804.71,2,2,5,Hibernating
9522,333,2,947.12,2,2,5,Hibernating
619,332,1,30.07,2,1,1,Hibernating
6533,332,1,57.91,2,1,1,Hibernating
3815,332,1,89.8,2,1,2,Hibernating
3301,332,3,752.17,2,3,5,At Risk (high value)
8901,332,3,1533.94,2,3,5,At Risk (high value)
10834,332,3,2042.32,2,3,5,At Risk (high value)
7011,331,1,155.23,2,1,2,Hibernating
7513,331,2,362.61,2,2,4,Hibernating
1316,331,1,386.16,2,1,4,Hibernating
2629,331,2,481.11,2,2,4,Hibernating
1392,331,2,539.41,2,2,4,Hibernating
3852,330,1,59.53,2,1,1,Hibernating
9337,330,1,82.49,2,1,2,Hibernating
6937,330,1,94.73,2,1,2,Hibernating
7396,330,2,110.76,2,2,2,Hibernating
8945,330,3,236.22,2,3,3,At Risk (high value)
149,330,1,269.65,2,1,3,Hibernating
1167,330,1,417.12,2,1,4,Hibernating
4860,330,1,444.21,2,1,4,Hibernating
2246,330,3,455.21,2,3,4,At Risk (high value)
10688,330,3,466.3,2,3,4,At Risk (high value)
1731,330,2,506.46,2,2,4,Hibernating
934,330,1,564.02,2,1,4,Hibernating
4514,330,2,856.19,2,2,5,Hibernating
2594,329,1,17.29,2,1,1,Hibernating
2905,329,1,29.4,2,1,1,Hibernating
10328,329,1,45.48,2,1,1,Hibernating
10686,329,2,58.05,2,2,1,Hibernating
5164,329,1,71.17,2,1,1,Hibernating
2373,329,1,179.37,2,1,2,Hibernating
2800,329,1,202.56,2,1,3,Hibernating
7034,329,1,322.41,2,1,3,Hibernating
5855,329,1,421.34,2,1,4,Hibernating
1371,329,3,491.32,2,3,4,At Risk (high value)
2500,329,2,780.69,2,2,5,Hibernating
8437,328,1,48.85,2,1,1,Hibernating
11754,328,1,70.14,2,1,1,Hibernating
1020,328,1,110.72,2,1,2,Hibernating
308,328,1,172.51,2,1,2,Hibernating
3532,328,1,210.27,2,1,3,Hibernating
2026,328,5,477.77,2,4,4,At Risk (high value)
2411,328,2,605.48,2,2,4,Hibernating
10931,328,3,706.34,2,3,5,At Risk (high value)
11984,328,5,818.81,2,4,5,At Risk (high value)
2241,327,1,28.7,2,1,1,Hibernating
789,327,1,50.16,2,1,1,Hibernating
9031,327,1,88.34,2,1,2,Hibernating
1602,327,1,100.65,2,1,2,Hibernating
2191,327,1,113.38,2,1,2,Hibernating
8258,327,1,138.1,2,1,2,Hibernating
1239,327,2,144.43,2,2,2,Hibernating
7537,327,5,790.98,2,4,5,At Risk (high value)
5170,327,1,1156.93,2,1,5,Hibernating
8636,327,3,1176.2,2,3,5,At Risk (high value)
2638,326,1,20.1,2,1,1,Hibernating
9527,326,1,197.58,2,1,3,Hibernating
879,326,1,319.7,2,1,3,Hibernating
2977,326,3,414.26,2,3,4,At Risk (high value)
11615,326,1,504.81,2,1,4,Hibernating
3837,326,1,724.91,2,1,5,Hibernating
1628,326,4,908.69,2,4,5,At Risk (high value)
10802,326,3,923.46,2,3,5,At Risk (high value)
99,325,1,79.56,2,1,1,Hibernating
11735,325,1,101.51,2,1,2,Hibernating
9801,325,2,102.45,2,2,2,Hibernating
3867,325,1,120.7,2,1,2,Hibernating
10608,325,3,196.06,2,3,3,At Risk (high value)
9401,325,2,280.31,2,2,3,Hibernating
5966,325,1,280.72,2,1,3,Hibernating
6725,325,1,300.8,2,1,3,Hibernating
8130,325,2,432.55,2,2,4,Hibernating
11560,325,1,615.04,2,1,4,Hibernating
8470,325,2,704.35,2,2,5,Hibernating
11235,325,3,800.3,2,3,5,At Risk (high value)
9641,324,1,238.5,2,1,3,Hibernating
7095,324,1,300.02,2,1,3,Hibernating
3699,324,4,303.1,2,4,3,At Risk (high value)
269,324,3,382.84,2,3,4,At Risk (high value)
1094,324,3,477.19,2,3,4,At Risk (high value)
8160,324,3,1068.07,2,3,5,At Risk (high value)
2423,324,3,1993.06,2,3,5,At Risk (high value)
6521,324,2,2245.75,2,2,5,Hibernating
5283,323,1,10.46,2,1,1,Hibernating
3663,323,1,193.48,2,1,3,Hibernating
1215,323,1,201.24,2,1,3,Hibernating
9015,323,1,213.0,2,1,3,Hibernating
3848,323,2,449.13,2,2,4,Hibernating
2090,323,2,500.05,2,2,4,Hibernating
4255,323,3,507.11,2,3,4,At Risk (high value)
5981,323,2,712.32,2,2,5,Hibernating
10458,323,3,1285.94,2,3,5,At Risk (high value)
3472,323,1,1353.76,2,1,5,Hibernating
9155,322,1,11.07,2,1,1,Hibernating
1500,322,1,21.46,2,1,1,Hibernating
1311,322,1,31.82,2,1,1,Hibernating
781,322,1,82.1,2,1,1,Hibernating
11130,322,1,197.95,2,1,3,Hibernating
10350,322,2,447.41,2,2,4,Hibernating
6048,322,2,477.21,2,2,4,Hibernating
8225,322,3,1441.35,2,3,5,At Risk (high value)
3658,321,1,14.82,2,1,1,Hibernating
5085,321,1,39.78,2,1,1,Hibernating
10147,321,1,72.82,2,1,1,Hibernating
11258,321,2,133.85,2,2,2,Hibernating
7391,321,1,139.55,2,1,2,Hibernating
8654,321,1,294.4,2,1,3,Hibernating
7793,321,1,300.91,2,1,3,Hibernating
11065,321,3,538.21,2,3,4,At Risk (high value)
10652,321,1,743.19,2,1,5,Hibernating
843,321,1,1296.21,2,1,5,Hibernating
5552,321,2,1953.17,2,2,5,Hibernating
8709,320,1,36.77,2,1,1,Hibernating
9747,320,1,161.49,2,1,2,Hibernating
9932,320,2,426.45,2,2,4,Hibernating
760,320,2,429.38,2,2,4,Hibernating
1330,320,1,500.26,2,1,4,Hibernating
255,320,2,651.96,2,2,5,Hibernating
11674,320,3,664.17,2,3,5,At Risk (high value)
654,320,2,1392.91,2,2,5,Hibernating
8277,320,1,1463.31,2,1,5,Hibernating
5224,319,1,10.46,2,1,1,Hibernating
5638,319,1,52.72,2,1,1,Hibernating
2781,319,1,68.98,2,1,1,Hibernating
1805,319,2,78.09,2,2,1,Hibernating
6335,319,1,79.09,2,1,1,Hibernating
8735,319,3,167.45,2,3,2,At Risk (high value)
10720,319,2,315.75,2,2,3,Hibernating
7898,319,1,405.49,2,1,4,Hibernating
10942,319,2,646.76,2,2,5,Hibernating
3807,319,4,1081.24,2,4,5,At Risk (high value)
2728,318,1,90.58,2,1,2,Hibernating
1707,318,1,97.94,2,1,2,Hibernating
11009,318,1,114.12,2,1,2,Hibernating
3426,318,1,167.79,2,1,2,Hibernating
10953,318,1,173.62,2,1,2,Hibernating
541,318,1,187.65,2,1,3,Hibernating
5532,318,1,232.32,2,1,3,Hibernating
10482,318,1,256.68,2,1,3,Hibernating
845,318,1,320.64,2,1,3,Hibernating
10208,318,3,443.03,2,3,4,At Risk (high value)
5491,318,1,575.08,2,1,4,Hibernating
1145,318,2,577.95,2,2,4,Hibernating
568,318,1,589.39,2,1,4,Hibernating
3000,318,1,735.72,2,1,5,Hibernating
7535,317,1,31.38,2,1,1,Hibernating
5268,317,1,91.48,2,1,2,Hibernating
10998,317,2,149.86,2,2,2,Hibernating
11883,317,3,181.98,2,3,2,At Risk (high value)
11613,317,1,498.76,2,1,4,Hibernating
6317,317,3,927.25,2,3,5,At Risk (high value)
3881,317,3,1038.72,2,3,5,At Risk (high value)
8808,316,1,22.94,2,1,1,Hibernating
6289,316,1,76.08,2,1,1,Hibernating
10211,316,2,113.38,2,2,2,Hibernating
10027,316,1,118.64,2,1,2,Hibernating
7876,316,1,144.19,2,1,2,Hibernating
8864,316,2,207.47,2,2,3,Hibernating
271,316,1,243.66,2,1,3,Hibernating
5692,316,2,300.02,2,2,3,Hibernating
11322,316,2,486.41,2,2,4,Hibernating
1908,316,3,698.3,2,3,5,At Risk (high value)
289,316,2,1585.65,2,2,5,Hibernating
2218,315,1,33.21,2,1,1,Hibernating
7326,315,1,119.92,2,1,2,Hibernating
2833,315,2,152.66,2,2,2,Hibernating
1253,315,4,230.63,2,4,3,At Risk (high value)
4911,315,2,269.29,2,2,3,Hibernating
11642,315,2,566.25,2,2,4,Hibernating
4114,315,4,1406.51,2,4,5,At Risk (high value)
2733,314,1,65.34,2,1,1,Hibernating
4958,314,1,317.56,2,1,3,Hibernating
10166,314,1,351.22,2,1,4,Hibernating
6269,314,2,392.91,2,2,4,Hibernating
852,314,3,1598.1,2,3,5,At Risk (high value)
11298,313,1,40.12,2,1,1,Hibernating
7136,313,1,60.6,2,1,1,Hibernating
7406,313,1,91.05,2,1,2,Hibernating
2047,313,2,143.54,2,2,2,Hibernating
4473,313,2,154.56,2,2,2,Hibernating
10382,313,1,223.76,2,1,3,Hibernating
3590,313,1,302.14,2,1,3,Hibernating
5295,313,2,334.35,2,2,3,Hibernating
11915,313,1,453.27,2,1,4,Hibernating
657,313,1,523.37,2,1,4,Hibernating
3714,312,1,172.34,2,1,2,Hibernating
6030,312,2,193.26,2,2,3,Hibernating
1826,312,1,513.06,2,1,4,Hibernating
741,312,1,528.36,2,1,4,Hibernating
7953,312,2,715.16,2,2,5,Hibernating
10054,312,5,859.74,2,4,5,At Risk (high value)
4710,311,1,30.44,2,1,1,Hibernating
2075,311,1,30.83,2,1,1,Hibernating
2996,311,1,40.12,2,1,1,Hibernating
2942,311,2,106.8,2,2,2,Hibernating
712,311,1,227.87,2,1,3,Hibernating
6010,311,1,278.69,2,1,3,Hibernating
644,311,2,283.68,2,2,3,Hibernating
11170,311,1,327.02,2,1,3,Hibernating
7491,311,3,455.28,2,3,4,At Risk (high value)
8499,311,2,555.93,2,2,4,Hibernating
2628,310,1,34.26,2,1,1,Hibernating
4680,310,1,177.21,2,1,2,Hibernating
3212,310,3,202.11,2,3,3,At Risk (high value)
7586,310,1,395.03,2,1,4,Hibernating
10223,310,3,892.38,2,3,5,At Risk (high value)
7442,310,2,1422.18,2,2,5,Hibernating
2030,309,1,77.45,2,1,1,Hibernating
229,309,1,116.44,2,1,2,Hibernating
5008,309,1,117.98,2,1,2,Hibernating
959,309,2,199.09,2,2,3,Hibernating
5843,309,2,215.54,2,2,3,Hibernating
11981,309,3,261.57,2,3,3,At Risk (high value)
469,309,5,325.72,2,4,3,At Risk (high value)
9384,309,1,407.22,2,1,4,Hibernating
2785,309,4,1042.34,2,4,5,At Risk (high value)
5392,309,1,1138.47,2,1,5,Hibernating
5942,308,1,36.18,2,1,1,Hibernating
2995,308,1,36.67,2,1,1,Hibernating
8976,308,1,101.02,2,1,2,Hibernating
4491,308,2,141.13,2,2,2,Hibernating
10706,308,1,149.85,2,1,2,Hibernating
11595,308,1,188.66,2,1,3,Hibernating
9326,308,1,205.38,2,1,3,Hibernating
2259,308,1,261.88,2,1,3,Hibernating
2971,308,1,335.24,2,1,3,Hibernating
3785,308,3,729.14,2,3,5,At Risk (high value)
475,308,2,1031.51,2,2,5,Hibernating
6381,307,1,20.1,2,1,1,Hibernating
8796,307,1,27.96,2,1,1,Hibernating
1259,307,1,44.62,2,1,1,Hibernating
1258,307,1,46.67,2,1,1,Hibernating
11327,307,1,81.72,2,1,1,Hibernating
5139,307,3,343.5,2,3,4,At Risk (high value)
3897,307,5,560.14,2,4,4,At Risk (high value)
2685,307,2,637.38,2,2,5,Hibernating
1405,307,2,674.79,2,2,5,Hibernating
6825,307,2,716.62,2,2,5,Hibernating
5608,307,2,722.01,2,2,5,Hibernating
2290,306,1,90.46,2,1,2,Hibernating
8778,306,1,91.78,2,1,2,Hibernating
7206,306,2,138.88,2,2,2,Hibernating
10520,306,1,160.74,2,1,2,Hibernating
7445,306,2,171.65,2,2,2,Hibernating
8821,306,1,247.73,2,1,3,Hibernating
8895,306,3,340.29,2,3,3,At Risk (high value)
1896,306,2,429.68,2,2,4,Hibernating
9838,306,5,1160.56,2,4,5,At Risk (high value)
10844,305,1,22.14,2,1,1,Hibernating
2545,305,1,27.06,2,1,1,Hibernating
10795,305,1,27.98,2,1,1,Hibernating
11067,305,1,36.41,2,1,1,Hibernating
8684,305,1,117.31,2,1,2,Hibernating
10932,305,2,127.96,2,2,2,Hibernating
4524,305,1,165.15,2,1,2,Hibernating
7795,305,1,168.57,2,1,2,Hibernating
5327,305,1,194.6,2,1,3,Hibernating
11000,305,1,227.8,2,1,3,Hibernating
1606,305,1,480.67,2,1,4,Hibernating
9484,305,3,660.16,2,3,5,At Risk (high value)
5378,305,3,673.82,2,3,5,At Risk (high value)
8799,304,1,28.23,2,1,1,Hibernating
1430,304,1,37.24,2,1,1,Hibernating
1343,304,2,40.92,2,2,1,Hibernating
1318,304,2,274.34,2,2,3,Hibernating
9376,304,2,331.77,2,2,3,Hibernating
5088,304,2,380.19,2,2,4,Hibernating
282,304,1,482.22,2,1,4,Hibernating
4215,304,2,558.59,2,2,4,Hibernating
11907,304,1,622.85,2,1,4,Hibernating
2882,304,2,1280.44,2,2,5,Hibernating
9506,303,1,12.81,2,1,1,Hibernating
2999,303,1,35.29,2,1,1,Hibernating
9738,303,1,51.65,2,1,1,Hibernating
4202,303,2,136.34,2,2,2,Hibernating
30,303,1,267.06,2,1,3,Hibernating
4703,303,3,319.51,2,3,3,At Risk (high value)
8336,303,2,402.05,2,2,4,Hibernating
6075,303,2,407.59,2,2,4,Hibernating
4746,303,1,468.72,2,1,4,Hibernating
3602,303,3,534.34,2,3,4,At Risk (high value)
4927,303,2,1010.03,2,2,5,Hibernating
2565,302,1,14.62,2,1,1,Hibernating
4947,302,1,72.1,2,1,1,Hibernating
4969,302,1,79.15,2,1,1,Hibernating
11439,302,1,136.28,2,1,2,Hibernating
9701,302,2,157.1,2,2,2,Hibernating
7013,302,1,193.66,2,1,3,Hibernating
1075,302,1,201.8,2,1,3,Hibernating
5625,302,2,279.33,2,2,3,Hibernating
125,302,1,367.23,2,1,4,Hibernating
11433,302,2,387.38,2,2,4,Hibernating
5739,302,2,401.2,2,2,4,Hibernating
337,302,1,676.92,2,1,5,Hibernating
6681,302,6,1085.2,2,5,5,At Risk (high value)
2093,302,5,1334.99,2,4,5,At Risk (high value)
1704,301,1,21.98,3,1,1,Needs Attention
5838,301,1,48.35,3,1,1,Needs Attention
11284,301,1,107.17,3,1,2,Needs Attention
4316,301,1,133.54,3,1,2,Needs Attention
4968,301,2,234.6,3,2,3,Needs Attention
3548,301,2,287.29,3,2,3,Needs Attention
5366,301,1,324.07,3,1,3,Needs Attention
6288,301,1,377.71,3,1,4,Needs Attention
2282,301,1,386.74,3,1,4,Needs Attention
5393,301,2,438.97,3,2,4,Needs Attention
10522,301,1,597.9,3,1,4,Needs Attention
8256,301,2,604.96,3,2,4,Needs Attention
2029,301,6,1205.39,3,5,5,Loyal Customers
2994,300,1,16.47,3,1,1,Needs Attention
8103,300,1,28.8,3,1,1,Needs Attention
1507,300,1,41.01,3,1,1,Needs Attention
9981,300,1,62.14,3,1,1,Needs Attention
2649,300,1,100.21,3,1,2,Needs Attention
11256,300,1,112.24,3,1,2,Needs Attention
4411,300,2,180.94,3,2,2,Needs Attention
1579,300,1,187.54,3,1,3,Needs Attention
11589,300,1,214.75,3,1,3,Needs Attention
11004,300,3,255.46,3,3,3,Loyal Customers
3724,300,1,296.14,3,1,3,Needs Attention
8716,300,1,440.21,3,1,4,Needs Attention
4438,300,2,459.28,3,2,4,Needs Attention
101,300,2,635.77,3,2,4,Needs Attention
6259,300,3,727.11,3,3,5,Loyal Customers
4133,300,4,1077.13,3,4,5,Loyal Customers
5886,300,6,1199.21,3,5,5,Loyal Customers
5047,300,4,1470.84,3,4,5,Loyal Customers
7299,299,2,68.55,3,2,1,Needs Attention
6185,299,1,150.56,3,1,2,Needs Attention
9630,299,1,182.07,3,1,2,Needs Attention
2675,299,2,391.03,3,2,4,Needs Attention
9481,299,3,470.51,3,3,4,Loyal Customers
1995,299,3,646.99,3,3,5,Loyal Customers
11384,299,4,1386.45,3,4,5,Loyal Customers
10493,299,6,1575.73,3,5,5,Loyal Customers
3254,298,1,117.94,3,1,2,Needs Attention
6649,298,1,163.38,3,1,2,Needs Attention
10118,298,2,309.77,3,2,3,Needs Attention
418,298,3,406.39,3,3,4,Loyal Customers
9124,298,4,453.42,3,4,4,Loyal Customers
10043,298,2,499.61,3,2,4,Needs Attention
4739,298,2,504.49,3,2,4,Needs Attention
4610,298,2,726.83,3,2,5,Needs Attention
8353,298,1,868.42,3,1,5,Needs Attention
1769,298,5,973.82,3,4,5,Loyal Customers
11584,297,2,19.88,3,2,1,Needs Attention
1858,297,1,32.94,3,1,1,Needs Attention
3869,297,1,54.37,3,1,1,Needs Attention
1718,297,1,72.1,3,1,1,Needs Attention
1247,297,1,91.1,3,1,2,Needs Attention
2310,297,1,115.98,3,1,2,Needs Attention
4132,297,1,159.4,3,1,2,Needs Attention
7157,297,1,216.58,3,1,3,Needs Attention
7818,297,2,297.61,3,2,3,Needs Attention
5285,297,2,341.77,3,2,3,Needs Attention
79,297,2,397.87,3,2,4,Needs Attention
5293,297,2,412.91,3,2,4,Needs Attention
6484,297,1,452.35,3,1,4,Needs Attention
5656,297,2,494.68,3,2,4,Needs Attention
3667,297,3,939.68,3,3,5,Loyal Customers
1327,297,4,1235.65,3,4,5,Loyal Customers
9284,296,1,13.16,3,1,1,Needs Attention
10633,296,1,42.0,3,1,1,Needs Attention
6083,296,2,61.09,3,2,1,Needs Attention
3597,296,1,113.66,3,1,2,Needs Attention
10059,296,2,121.87,3,2,2,Needs Attention
6848,296,2,125.04,3,2,2,Needs Attention
8444,296,1,172.82,3,1,2,Needs Attention
10694,296,1,205.6,3,1,3,Needs Attention
7453,296,1,287.91,3,1,3,Needs Attention
37,296,2,336.11,3,2,3,Needs Attention
10423,296,1,426.66,3,1,4,Needs Attention
666,296,2,688.85,3,2,5,Needs Attention
2597,296,1,907.36,3,1,5,Needs Attention
11833,296,2,915.21,3,2,5,Needs Attention
1883,295,1,50.51,3,1,1,Needs Attention
4153,295,1,51.71,3,1,1,Needs Attention
1930,295,1,63.76,3,1,1,Needs Attention
7186,295,1,79.15,3,1,1,Needs Attention
7682,295,2,144.52,3,2,2,Needs Attention
9419,295,2,223.71,3,2,3,Needs Attention
1528,295,2,346.31,3,2,4,Needs Attention
8129,295,3,369.08,3,3,4,Loyal Customers
6859,295,5,643.04,3,4,5,Loyal Customers
11140,295,2,674.41,3,2,5,Needs Attention
10107,295,3,1112.85,3,3,5,Loyal Customers
3902,295,6,2406.81,3,5,5,Loyal Customers
5266,294,1,36.08,3,1,1,Needs Attention
3087,294,1,104.38,3,1,2,Needs Attention
6964,294,1,130.31,3,1,2,Needs Attention
6101,294,2,218.67,3,2,3,Needs Attention
11341,294,2,247.13,3,2,3,Needs Attention
8661,294,2,285.75,3,2,3,Needs Attention
2984,294,2,415.15,3,2,4,Needs Attention
6514,294,4,510.38,3,4,4,Loyal Customers
1139,294,1,682.3,3,1,5,Needs Attention
11295,294,1,774.44,3,1,5,Needs Attention
5675,294,1,957.51,3,1,5,Needs Attention
11893,294,4,1524.14,3,4,5,Loyal Customers
1791,293,1,15.58,3,1,1,Needs Attention
8466,293,1,55.18,3,1,1,Needs Attention
8928,293,1,131.09,3,1,2,Needs Attention
2495,293,2,132.87,3,2,2,Needs Attention
2878,293,3,222.01,3,3,3,Loyal Customers
11425,293,3,225.4,3,3,3,Loyal Customers
525,293,2,394.64,3,2,4,Needs Attention
9110,293,1,457.16,3,1,4,Needs Attention
11697,293,3,481.94,3,3,4,Loyal Customers
1984,293,3,526.01,3,3,4,Loyal Customers
10465,293,2,604.5,3,2,4,Needs Attention
7177,293,2,1483.1,3,2,5,Needs Attention
11209,293,3,1569.65,3,3,5,Loyal Customers
8952,292,1,36.51,3,1,1,Needs Attention
3735,292,1,49.8,3,1,1,Needs Attention
6275,292,2,57.81,3,2,1,Needs Attention
10682,292,1,155.06,3,1,2,Needs Attention
7072,292,1,306.54,3,1,3,Needs Attention
1679,292,4,320.42,3,4,3,Loyal Customers
10757,292,2,403.76,3,2,4,Needs Attention
6986,292,2,411.14,3,2,4,Needs Attention
9523,292,2,560.51,3,2,4,Needs Attention
1457,292,1,832.44,3,1,5,Needs Attention
3005,291,1,13.1,3,1,1,Needs Attention
10722,291,1,24.64,3,1,1,Needs Attention
8200,291,1,29.95,3,1,1,Needs Attention
4082,291,1,45.91,3,1,1,Needs Attention
779,291,2,132.3,3,2,2,Needs Attention
4980,291,1,136.36,3,1,2,Needs Attention
8113,291,3,216.42,3,3,3,Loyal Customers
7538,291,2,313.41,3,2,3,Needs Attention
7032,291,1,642.79,3,1,5,Needs Attention
7525,291,4,661.36,3,4,5,Loyal Customers
5200,291,6,1586.73,3,5,5,Loyal Customers
9772,291,3,1858.18,3,3,5,Loyal Customers
8015,290,1,22.09,3,1,1,Needs Attention
7916,290,1,66.9,3,1,1,Needs Attention
1912,290,2,99.74,3,2,2,Needs Attention
7159,290,1,101.26,3,1,2,Needs Attention
8149,290,1,113.42,3,1,2,Needs Attention
11664,290,2,167.28,3,2,2,Needs Attention
3401,290,2,185.01,3,2,2,Needs Attention
3088,290,1,193.44,3,1,3,Needs Attention
5953,290,3,227.97,3,3,3,Loyal Customers
6703,290,1,231.96,3,1,3,Needs Attention
4600,290,2,426.67,3,2,4,Needs Attention
10763,290,2,499.69,3,2,4,Needs Attention
8754,290,2,523.49,3,2,4,Needs Attention
2896,290,1,676.36,3,1,5,Needs Attention
8091,290,4,1092.99,3,4,5,Loyal Customers
11139,289,1,74.94,3,1,1,Needs Attention
5186,289,1,129.76,3,1,2,Needs Attention
2711,289,1,130.31,3,1,2,Needs Attention
3873,289,3,664.78,3,3,5,Loyal Customers
6057,289,2,692.22,3,2,5,Needs Attention
11369,289,3,719.37,3,3,5,Loyal Customers
8978,289,1,775.01,3,1,5,Needs Attention
6142,288,1,65.58,3,1,1,Needs Attention
4994,288,1,127.92,3,1,2,Needs Attention
4530,288,1,133.53,3,1,2,Needs Attention
1312,288,2,149.01,3,2,2,Needs Attention
7578,288,1,204.36,3,1,3,Needs Attention
397,288,1,318.67,3,1,3,Needs Attention
9779,288,3,340.94,3,3,3,Loyal Customers
6316,288,2,381.3,3,2,4,Needs Attention
3128,288,2,970.19,3,2,5,Needs Attention
4546,287,1,43.46,3,1,1,Needs Attention
3365,287,2,67.4,3,2,1,Needs Attention
3811,287,1,91.14,3,1,2,Needs Attention
6698,287,1,95.46,3,1,2,Needs Attention
11606,287,1,142.46,3,1,2,Needs Attention
5468,287,1,180.97,3,1,2,Needs Attention
8929,287,2,204.03,3,2,3,Needs Attention
4054,287,1,219.54,3,1,3,Needs Attention
6382,287,1,272.54,3,1,3,Needs Attention
2258,287,2,518.67,3,2,4,Needs Attention
3081,287,3,537.87,3,3,4,Loyal Customers
6256,287,4,919.13,3,4,5,Loyal Customers
1035,286,2,164.49,3,2,2,Needs Attention
11017,286,1,193.72,3,1,3,Needs Attention
11512,286,4,196.53,3,4,3,Loyal Customers
11749,286,2,305.78,3,2,3,Needs Attention
630,286,3,354.96,3,3,4,Loyal Customers
11297,286,1,445.51,3,1,4,Needs Attention
6221,286,2,451.59,3,2,4,Needs Attention
9798,286,4,458.69,3,4,4,Loyal Customers
1721,286,2,519.37,3,2,4,Needs Attention
3236,286,4,790.15,3,4,5,Loyal Customers
9647,286,3,830.14,3,3,5,Loyal Customers
1322,286,3,856.99,3,3,5,Loyal Customers
2460,286,3,1151.81,3,3,5,Loyal Customers
858,285,1,91.1,3,1,2,Needs Attention
6578,285,2,150.46,3,2,2,Needs Attention
11056,285,1,169.11,3,1,2,Needs Attention
82,285,2,224.43,3,2,3,Needs Attention
8798,285,2,247.52,3,2,3,Needs Attention
8695,285,3,286.66,3,3,3,Loyal Customers
4601,285,1,294.26,3,1,3,Needs Attention
5757,285,3,300.76,3,3,3,Loyal Customers
6498,285,2,334.26,3,2,3,Needs Attention
3324,285,3,435.91,3,3,4,Loyal Customers
9632,285,2,515.96,3,2,4,Needs Attention
6991,285,2,724.28,3,2,5,Needs Attention
1321,285,4,900.4,3,4,5,Loyal Customers
5967,285,3,1019.45,3,3,5,Loyal Customers
8388,285,3,1543.0,3,3,5,Loyal Customers
8331,284,1,13.1,3,1,1,Needs Attention
4013,284,1,17.29,3,1,1,Needs Attention
10660,284,1,80.53,3,1,1,Needs Attention
498,284,1,171.34,3,1,2,Needs Attention
6632,284,1,178.48,3,1,2,Needs Attention
129,284,3,285.36,3,3,3,Loyal Customers
6931,284,2,300.59,3,2,3,Needs Attention
10977,284,1,386.75,3,1,4,Needs Attention
4945,284,2,410.75,3,2,4,Needs Attention
587,284,3,418.78,3,3,4,Loyal Customers
3063,284,2,474.35,3,2,4,Needs Attention
11699,284,2,520.87,3,2,4,Needs Attention
1382,284,4,622.88,3,4,4,Loyal Customers
8823,284,3,625.41,3,3,4,Loyal Customers
5818,284,2,718.6,3,2,5,Needs Attention
3423,284,2,817.03,3,2,5,Needs Attention
6904,284,3,893.19,3,3,5,Loyal Customers
714,283,1,121.75,3,1,2,Needs Attention
8073,283,2,192.63,3,2,3,Needs Attention
11647,283,5,299.4,3,4,3,Loyal Customers
5308,283,2,363.56,3,2,4,Needs Attention
2225,283,2,389.58,3,2,4,Needs Attention
11195,283,2,458.28,3,2,4,Needs Attention
703,283,3,462.56,3,3,4,Loyal Customers
11820,283,1,645.26,3,1,5,Needs Attention
8175,283,2,748.56,3,2,5,Needs Attention
6596,283,2,900.96,3,2,5,Needs Attention
2738,283,4,1302.14,3,4,5,Loyal Customers
5340,283,3,1360.47,3,3,5,Loyal Customers
8745,283,4,1439.51,3,4,5,Loyal Customers
2913,282,1,36.99,3,1,1,Needs Attention
39,282,1,46.38,3,1,1,Needs Attention
3414,282,1,52.14,3,1,1,Needs Attention
9111,282,1,91.86,3,1,2,Needs Attention
4627,282,1,99.65,3,1,2,Needs Attention
6205,282,1,108.85,3,1,2,Needs Attention
3649,282,1,110.72,3,1,2,Needs Attention
7751,282,1,135.04,3,1,2,Needs Attention
1578,282,4,365.89,3,4,4,Loyal Customers
248,282,3,386.02,3,3,4,Loyal Customers
9601,282,2,907.26,3,2,5,Needs Attention
6430,281,1,110.56,3,1,2,Needs Attention
2189,281,1,176.67,3,1,2,Needs Attention
21,281,1,296.64,3,1,3,Needs Attention
679,281,2,332.7,3,2,3,Needs Attention
10716,281,3,398.98,3,3,4,Loyal Customers
11112,281,2,402.42,3,2,4,Needs Attention
1116,281,3,452.44,3,3,4,Loyal Customers
6983,281,1,455.37,3,1,4,Needs Attention
5748,281,6,602.94,3,5,4,Loyal Customers
11305,281,1,683.63,3,1,5,Needs Attention
4117,281,1,908.9,3,1,5,Needs Attention
4705,281,5,1050.97,3,4,5,Loyal Customers
5477,281,2,1204.06,3,2,5,Needs Attention
1085,281,6,1502.68,3,5,5,Loyal Customers
2665,280,1,18.04,3,1,1,Needs Attention
10445,280,1,48.4,3,1,1,Needs Attention
3222,280,1,62.97,3,1,1,Needs Attention
10970,280,1,102.31,3,1,2,Needs Attention
5263,280,1,158.58,3,1,2,Needs Attention
6894,280,2,322.35,3,2,3,Needs Attention
2034,280,2,392.92,3,2,4,Needs Attention
2070,280,3,1072.98,3,3,5,Loyal Customers
2416,279,1,14.96,3,1,1,Needs Attention
6219,279,1,144.9,3,1,2,Needs Attention
3647,279,2,167.16,3,2,2,Needs Attention
7669,279,2,282.84,3,2,3,Needs Attention
11493,279,3,339.21,3,3,3,Loyal Customers
1534,279,1,421.34,3,1,4,Needs Attention
8492,279,3,582.7,3,3,4,Loyal Customers
2613,279,4,937.96,3,4,5,Loyal Customers
891,279,1,946.2,3,1,5,Needs Attention
7970,279,4,1323.26,3,4,5,Loyal Customers
3961,279,5,1397.28,3,4,5,Loyal Customers
1966,278,2,141.17,3,2,2,Needs Attention
8325,278,2,155.35,3,2,2,Needs Attention
8862,278,1,181.43,3,1,2,Needs Attention
11123,278,1,220.62,3,1,3,Needs Attention
7345,278,4,412.06,3,4,4,Loyal Customers
6044,278,1,507.02,3,1,4,Needs Attention
9172,278,3,559.34,3,3,4,Loyal Customers
6566,278,2,739.21,3,2,5,Needs Attention
5688,278,3,883.94,3,3,5,Loyal Customers
6959,277,1,96.6,3,1,2,Needs Attention
5576,277,1,104.38,3,1,2,Needs Attention
6189,277,1,126.45,3,1,2,Needs Attention
9694,277,2,162.1,3,2,2,Needs Attention
7351,277,1,186.26,3,1,3,Needs Attention
3325,277,2,246.31,3,2,3,Needs Attention
3073,277,1,266.77,3,1,3,Needs Attention
6687,277,1,278.74,3,1,3,Needs Attention
1496,277,2,318.21,3,2,3,Needs Attention
6113,277,3,330.57,3,3,3,Loyal Customers
10508,277,4,373.83,3,4,4,Loyal Customers
11507,277,4,383.28,3,4,4,Loyal Customers
5438,277,5,495.11,3,4,4,Loyal Customers
3322,277,2,960.39,3,2,5,Needs Attention
7357,277,2,969.47,3,2,5,Needs Attention
5589,277,3,1704.26,3,3,5,Loyal Customers
6525,276,2,26.33,3,2,1,Needs Attention
9448,276,1,136.28,3,1,2,Needs Attention
5401,276,2,226.99,3,2,3,Needs Attention
9242,276,2,238.56,3,2,3,Needs Attention
9222,276,2,366.04,3,2,4,Needs Attention
6682,276,3,373.53,3,3,4,Loyal Customers
7559,276,5,398.48,3,4,4,Loyal Customers
5831,276,2,759.85,3,2,5,Needs Attention
8356,276,1,797.73,3,1,5,Needs Attention
7628,275,1,32.11,3,1,1,Needs Attention
1315,275,1,46.68,3,1,1,Needs Attention
10341,275,2,112.98,3,2,2,Needs Attention
1198,275,1,192.98,3,1,3,Needs Attention
4037,275,1,224.02,3,1,3,Needs Attention
738,275,4,302.91,3,4,3,Loyal Customers
1644,275,1,305.4,3,1,3,Needs Attention
11136,275,2,350.88,3,2,4,Needs Attention
2466,275,1,379.82,3,1,4,Needs Attention
5097,275,2,475.13,3,2,4,Needs Attention
4429,275,4,480.0,3,4,4,Loyal Customers
9671,275,1,539.81,3,1,4,Needs Attention
3520,274,1,27.98,3,1,1,Needs Attention
11312,274,1,72.82,3,1,1,Needs Attention
6974,274,1,104.2,3,1,2,Needs Attention
7774,274,1,239.88,3,1,3,Needs Attention
8190,274,2,305.89,3,2,3,Needs Attention
351,274,2,340.87,3,2,3,Needs Attention
6366,274,1,471.37,3,1,4,Needs Attention
8977,274,3,733.47,3,3,5,Loyal Customers
7190,274,1,786.04,3,1,5,Needs Attention
10475,273,1,24.9,3,1,1,Needs Attention
8099,273,1,86.91,3,1,2,Needs Attention
2011,273,2,94.58,3,2,2,Needs Attention
2443,273,1,114.23,3,1,2,Needs Attention
4007,273,1,127.62,3,1,2,Needs Attention
11556,273,1,140.35,3,1,2,Needs Attention
2548,273,2,149.3,3,2,2,Needs Attention
10873,273,2,191.93,3,2,3,Needs Attention
10648,273,2,270.08,3,2,3,Needs Attention
9340,273,1,343.82,3,1,4,Needs Attention
5890,273,2,352.34,3,2,4,Needs Attention
650,273,1,446.34,3,1,4,Needs Attention
1944,273,3,625.89,3,3,4,Loyal Customers
2151,273,2,829.02,3,2,5,Needs Attention
6038,272,1,30.68,3,1,1,Needs Attention
6508,272,1,38.44,3,1,1,Needs Attention
8782,272,1,59.9,3,1,1,Needs Attention
2038,272,1,99.93,3,1,2,Needs Attention
6008,272,1,127.39,3,1,2,Needs Attention
7153,272,1,238.35,3,1,3,Needs Attention
944,272,1,247.11,3,1,3,Needs Attention
4697,272,3,252.11,3,3,3,Loyal Customers
5807,272,1,266.9,3,1,3,Needs Attention
1605,272,1,284.44,3,1,3,Needs Attention
6253,272,2,399.21,3,2,4,Needs Attention
5591,272,2,501.02,3,2,4,Needs Attention
11289,272,2,749.78,3,2,5,Needs Attention
2904,271,1,18.61,3,1,1,Needs Attention
6507,271,1,24.64,3,1,1,Needs Attention
4087,271,1,36.45,3,1,1,Needs Attention
11612,271,2,49.36,3,2,1,Needs Attention
11572,271,2,233.95,3,2,3,Needs Attention
11201,271,3,244.69,3,3,3,Loyal Customers
10867,271,1,247.47,3,1,3,Needs Attention
5645,271,1,324.72,3,1,3,Needs Attention
6032,271,1,394.74,3,1,4,Needs Attention
7646,271,3,395.88,3,3,4,Loyal Customers
7015,271,4,425.34,3,4,4,Loyal Customers
3950,271,2,790.05,3,2,5,Needs Attention
5703,271,3,1143.26,3,3,5,Loyal Customers
1099,271,2,1414.11,3,2,5,Needs Attention
2823,270,1,22.09,3,1,1,Needs Attention
2025,270,1,39.53,3,1,1,Needs Attention
11998,270,1,124.41,3,1,2,Needs Attention
5572,270,3,128.65,3,3,2,Loyal Customers
5039,270,2,143.88,3,2,2,Needs Attention
9593,270,1,165.95,3,1,2,Needs Attention
9260,270,2,631.62,3,2,4,Needs Attention
9264,270,2,689.69,3,2,5,Needs Attention
8764,270,1,1100.77,3,1,5,Needs Attention
1749,270,2,1108.32,3,2,5,Needs Attention
5841,270,2,1272.02,3,2,5,Needs Attention
7900,269,1,18.18,3,1,1,Needs Attention
6184,269,1,22.86,3,1,1,Needs Attention
11501,269,1,91.05,3,1,2,Needs Attention
10670,269,2,264.54,3,2,3,Needs Attention
8295,269,1,297.3,3,1,3,Needs Attention
8813,269,2,297.59,3,2,3,Needs Attention
9900,269,3,308.12,3,3,3,Loyal Customers
360,269,2,563.26,3,2,4,Needs Attention
2936,269,1,790.06,3,1,5,Needs Attention
5672,269,2,889.51,3,2,5,Needs Attention
11436,269,5,933.94,3,4,5,Loyal Customers
4293,269,1,971.28,3,1,5,Needs Attention
4612,269,1,1260.97,3,1,5,Needs Attention
4102,268,1,39.78,3,1,1,Needs Attention
5055,268,1,150.18,3,1,2,Needs Attention
28,268,2,165.96,3,2,2,Needs Attention
11836,268,4,177.5,3,4,2,Loyal Customers
3774,268,1,191.94,3,1,3,Needs Attention
2558,268,4,251.59,3,4,3,Loyal Customers
2053,268,1,274.74,3,1,3,Needs Attention
8682,268,1,429.2,3,1,4,Needs Attention
11524,268,5,841.59,3,4,5,Loyal Customers
10892,268,1,876.0,3,1,5,Needs Attention
3508,267,1,39.78,3,1,1,Needs Attention
2478,267,1,44.89,3,1,1,Needs Attention
8741,267,1,55.85,3,1,1,Needs Attention
8707,267,1,70.09,3,1,1,Needs Attention
6728,267,1,73.02,3,1,1,Needs Attention
10888,267,4,246.53,3,4,3,Loyal Customers
1386,267,4,377.68,3,4,4,Loyal Customers
10485,267,3,423.91,3,3,4,Loyal Customers
4996,267,3,472.64,3,3,4,Loyal Customers
8333,267,1,536.39,3,1,4,Needs Attention
2591,267,1,545.21,3,1,4,Needs Attention
3482,267,2,547.64,3,2,4,Needs Attention
4479,267,3,594.13,3,3,4,Loyal Customers
10893,267,3,727.59,3,3,5,Loyal Customers
11980,267,3,918.73,3,3,5,Loyal Customers
8462,267,4,1254.24,3,4,5,Loyal Customers
3453,266,2,32.49,3,2,1,Needs Attention
8768,266,1,55.65,3,1,1,Needs Attention
3898,266,2,99.58,3,2,2,Needs Attention
9426,266,1,101.22,3,1,2,Needs Attention
5939,266,2,105.53,3,2,2,Needs Attention
8602,266,2,212.12,3,2,3,Needs Attention
5633,266,1,242.86,3,1,3,Needs Attention
6971,266,3,254.33,3,3,3,Loyal Customers
3715,266,2,293.02,3,2,3,Needs Attention
2498,266,2,339.1,3,2,3,Needs Attention
8739,266,1,339.3,3,1,3,Needs Attention
11880,266,2,367.32,3,2,4,Needs Attention
4815,266,3,411.65,3,3,4,Loyal Customers
1840,266,2,490.58,3,2,4,Needs Attention
11660,266,2,758.17,3,2,5,Needs Attention
1513,266,1,931.77,3,1,5,Needs Attention
301,266,1,1698.77,3,1,5,Needs Attention
5354,266,5,2367.16,3,4,5,Loyal Customers
11900,265,1,77.25,3,1,1,Needs Attention
924,265,2,106.01,3,2,2,Needs Attention
10503,265,1,133.69,3,1,2,Needs Attention
1082,265,1,155.17,3,1,2,Needs Attention
5764,265,1,250.52,3,1,3,Needs Attention
11344,265,3,270.51,3,3,3,Loyal Customers
10938,265,1,408.17,3,1,4,Needs Attention
8692,265,2,452.79,3,2,4,Needs Attention
270,265,1,748.56,3,1,5,Needs Attention
11947,265,4,855.81,3,4,5,Loyal Customers
5538,265,3,1399.77,3,3,5,Loyal Customers
5683,265,4,1556.7,3,4,5,Loyal Customers
6716,264,2,197.39,3,2,3,Needs Attention
9320,264,1,256.97,3,1,3,Needs Attention
9706,264,2,498.22,3,2,4,Needs Attention
8381,264,2,540.18,3,2,4,Needs Attention
3841,264,2,703.53,3,2,5,Needs Attention
687,264,5,743.22,3,4,5,Loyal Customers
6770,264,3,794.25,3,3,5,Loyal Customers
368,264,2,796.73,3,2,5,Needs Attention
5236,264,3,938.1,3,3,5,Loyal Customers
8312,264,4,1266.91,3,4,5,Loyal Customers
10519,264,6,2614.54,3,5,5,Loyal Customers
4409,263,2,80.88,3,2,1,Needs Attention
2954,263,1,219.76,3,1,3,Needs Attention
7652,263,2,301.31,3,2,3,Needs Attention
8334,263,3,348.12,3,3,4,Loyal Customers
3560,263,3,416.12,3,3,4,Loyal Customers
10628,263,5,1108.28,3,4,5,Loyal Customers
9203,262,1,13.16,3,1,1,Needs Attention
3355,262,1,25.18,3,1,1,Needs Attention
5176,262,1,29.95,3,1,1,Needs Attention
1745,262,1,93.34,3,1,2,Needs Attention
10960,262,1,140.31,3,1,2,Needs Attention
8501,262,2,149.77,3,2,2,Needs Attention
6735,262,1,231.09,3,1,3,Needs Attention
6231,262,2,236.65,3,2,3,Needs Attention
10553,262,1,263.04,3,1,3,Needs Attention
9627,262,1,340.53,3,1,3,Needs Attention
11848,262,1,436.83,3,1,4,Needs Attention
10948,262,2,509.7,3,2,4,Needs Attention
9017,262,3,574.79,3,3,4,Loyal Customers
3473,262,2,593.2,3,2,4,Needs Attention
5994,262,4,734.98,3,4,5,Loyal Customers
3948,262,1,822.53,3,1,5,Needs Attention
4938,262,2,827.38,3,2,5,Needs Attention
3518,262,1,900.44,3,1,5,Needs Attention
1760,262,2,910.54,3,2,5,Needs Attention
6468,262,4,1002.66,3,4,5,Loyal Customers
3759,262,3,1012.1,3,3,5,Loyal Customers
1860,262,4,1332.56,3,4,5,Loyal Customers
7287,262,3,1860.81,3,3,5,Loyal Customers
4989,261,1,67.18,3,1,1,Needs Attention
11387,261,1,73.45,3,1,1,Needs Attention
935,261,1,143.08,3,1,2,Needs Attention
4780,261,3,152.2,3,3,2,Loyal Customers
2226,261,2,155.69,3,2,2,Needs Attention
6981,261,3,273.89,3,3,3,Loyal Customers
8263,261,2,302.28,3,2,3,Needs Attention
10535,261,2,372.3,3,2,4,Needs Attention
234,261,2,547.74,3,2,4,Needs Attention
5738,261,2,550.15,3,2,4,Needs Attention
561,261,2,572.96,3,2,4,Needs Attention
8032,261,2,665.04,3,2,5,Needs Attention
6679,261,2,752.84,3,2,5,Needs Attention
6594,260,1,31.82,3,1,1,Needs Attention
10318,260,1,56.41,3,1,1,Needs Attention
8461,260,1,68.66,3,1,1,Needs Attention
9410,260,1,89.4,3,1,2,Needs Attention
6744,260,1,89.58,3,1,2,Needs Attention
74,260,1,127.39,3,1,2,Needs Attention
5162,260,3,135.27,3,3,2,Loyal Customers
3257,260,1,138.78,3,1,2,Needs Attention
11554,260,1,146.9,3,1,2,Needs Attention
5849,260,1,167.24,3,1,2,Needs Attention
3312,260,2,233.89,3,2,3,Needs Attention
3732,260,2,256.61,3,2,3,Needs Attention
7402,260,2,326.12,3,2,3,Needs Attention
6704,260,1,357.4,3,1,4,Needs Attention
9444,260,1,366.72,3,1,4,Needs Attention
1418,260,1,404.18,3,1,4,Needs Attention
3683,260,4,503.27,3,4,4,Loyal Customers
5166,260,3,561.26,3,3,4,Loyal Customers
8270,260,7,900.18,3,5,5,Loyal Customers
6587,260,2,923.17,3,2,5,Needs Attention
9636,260,3,1208.06,3,3,5,Loyal Customers
6623,259,1,29.92,3,1,1,Needs Attention
9333,259,1,67.52,3,1,1,Needs Attention
5096,259,1,79.15,3,1,1,Needs Attention
7217,259,1,132.46,3,1,2,Needs Attention
6396,259,1,182.1,3,1,2,Needs Attention
8460,259,2,205.62,3,2,3,Needs Attention
317,259,2,484.47,3,2,4,Needs Attention
1683,259,1,553.13,3,1,4,Needs Attention
8818,259,2,965.04,3,2,5,Needs Attention
10629,259,2,1025.18,3,2,5,Needs Attention
4295,259,2,1294.9,3,2,5,Needs Attention
10444,259,4,3099.21,3,4,5,Loyal Customers
2445,258,1,26.07,3,1,1,Needs Attention
10135,258,1,34.1,3,1,1,Needs Attention
7890,258,1,39.78,3,1,1,Needs Attention
10398,258,2,199.02,3,2,3,Needs Attention
6361,258,1,232.15,3,1,3,Needs Attention
1819,258,2,339.24,3,2,3,Needs Attention
10819,258,1,377.41,3,1,4,Needs Attention
2510,258,2,689.26,3,2,5,Needs Attention
8607,258,2,758.85,3,2,5,Needs Attention
11752,258,5,852.04,3,4,5,Loyal Customers
9917,258,4,1114.12,3,4,5,Loyal Customers
3501,257,1,15.54,3,1,1,Needs Attention
9021,257,1,44.88,3,1,1,Needs Attention
305,257,2,77.52,3,2,1,Needs Attention
4049,257,1,106.16,3,1,2,Needs Attention
11438,257,2,148.63,3,2,2,Needs Attention
5896,257,1,149.88,3,1,2,Needs Attention
8565,257,1,185.28,3,1,2,Needs Attention
4259,257,3,240.72,3,3,3,Loyal Customers
10509,257,1,334.95,3,1,3,Needs Attention
8043,257,1,378.8,3,1,4,Needs Attention
6341,257,2,438.57,3,2,4,Needs Attention
2283,257,1,479.31,3,1,4,Needs Attention
8191,257,2,490.46,3,2,4,Needs Attention
2612,257,1,591.83,3,1,4,Needs Attention
11603,257,3,592.05,3,3,4,Loyal Customers
4238,257,1,695.87,3,1,5,Needs Attention
5466,257,3,1120.43,3,3,5,Loyal Customers
11800,256,1,105.08,3,1,2,Needs Attention
5175,256,1,159.0,3,1,2,Needs Attention
8060,256,1,182.2,3,1,2,Needs Attention
3924,256,2,201.48,3,2,3,Needs Attention
2588,256,1,308.42,3,1,3,Needs Attention
3086,256,3,311.14,3,3,3,Loyal Customers
6669,256,3,348.76,3,3,4,Loyal Customers
3476,256,1,793.67,3,1,5,Needs Attention
6618,256,2,945.33,3,2,5,Needs Attention
9276,255,1,35.29,3,1,1,Needs Attention
1310,255,1,36.96,3,1,1,Needs Attention
5448,255,3,157.73,3,3,2,Loyal Customers
10941,255,1,182.23,3,1,2,Needs Attention
5101,255,1,339.3,3,1,3,Needs Attention
6466,255,3,713.86,3,3,5,Loyal Customers
7134,255,6,770.79,3,5,5,Loyal Customers
9619,255,7,831.71,3,5,5,Loyal Customers
27,255,3,857.47,3,3,5,Loyal Customers
8438,254,1,35.29,3,1,1,Needs Attention
7648,254,2,75.93,3,2,1,Needs Attention
9570,254,1,117.7,3,1,2,Needs Attention
7238,254,1,142.22,3,1,2,Needs Attention
6460,254,2,146.95,3,2,2,Needs Attention
10102,254,1,154.22,3,1,2,Needs Attention
2848,254,1,206.73,3,1,3,Needs Attention
11538,254,3,559.85,3,3,4,Loyal Customers
753,254,1,657.25,3,1,5,Needs Attention
11180,254,3,791.12,3,3,5,Loyal Customers
3172,253,1,102.81,3,1,2,Needs Attention
7262,253,1,129.93,3,1,2,Needs Attention
5083,253,2,347.54,3,2,4,Needs Attention
7826,253,3,492.67,3,3,4,Loyal Customers
7428,253,4,563.65,3,4,4,Loyal Customers
4306,253,2,599.09,3,2,4,Needs Attention
6060,253,3,1631.72,3,3,5,Loyal Customers
303,252,1,66.48,3,1,1,Needs Attention
11485,252,2,76.79,3,2,1,Needs Attention
447,252,1,118.31,3,1,2,Needs Attention
1342,252,1,135.21,3,1,2,Needs Attention
9877,252,1,136.33,3,1,2,Needs Attention
3306,252,1,157.78,3,1,2,Needs Attention
10408,252,3,231.98,3,3,3,Loyal Customers
7936,252,2,237.2,3,2,3,Needs Attention
2751,252,2,246.32,3,2,3,Needs Attention
9239,252,2,353.95,3,2,4,Needs Attention
2525,252,1,370.83,3,1,4,Needs Attention
6485,252,3,436.6,3,3,4,Loyal Customers
4110,252,3,443.06,3,3,4,Loyal Customers
2095,252,3,613.6,3,3,4,Loyal Customers
2919,251,1,23.84,3,1,1,Needs Attention
8445,251,1,43.56,3,1,1,Needs Attention
10369,251,1,75.98,3,1,1,Needs Attention
7054,251,3,124.36,3,3,2,Loyal Customers
10875,251,1,144.23,3,1,2,Needs Attention
7550,251,3,151.51,3,3,2,Loyal Customers
1001,251,2,198.19,3,2,3,Needs Attention
8335,251,2,288.15,3,2,3,Needs Attention
9502,251,1,289.76,3,1,3,Needs Attention
5345,251,1,323.45,3,1,3,Needs Attention
6970,251,3,352.8,3,3,4,Loyal Customers
11432,251,3,454.9,3,3,4,Loyal Customers
8791,250,1,43.46,3,1,1,Needs Attention
7263,250,1,47.68,3,1,1,Needs Attention
718,250,1,104.62,3,1,2,Needs Attention
8600,250,3,136.49,3,3,2,Loyal Customers
7027,250,1,138.1,3,1,2,Needs Attention
11685,250,3,207.91,3,3,3,Loyal Customers
8323,250,3,240.09,3,3,3,Loyal Customers
8255,250,1,340.8,3,1,3,Needs Attention
6168,250,1,402.6,3,1,4,Needs Attention
5016,250,3,438.89,3,3,4,Loyal Customers
1104,250,3,481.02,3,3,4,Loyal Customers
11821,250,5,562.38,3,4,4,Loyal Customers
5887,250,2,707.94,3,2,5,Needs Attention
4838,249,1,35.8,3,1,1,Needs Attention
3133,249,1,77.45,3,1,1,Needs Attention
10813,249,3,107.15,3,3,2,Loyal Customers
6151,249,4,147.77,3,4,2,Loyal Customers
7977,249,3,204.23,3,3,3,Loyal Customers
7239,249,1,209.35,3,1,3,Needs Attention
8727,249,3,436.03,3,3,4,Loyal Customers
7891,249,1,448.26,3,1,4,Needs Attention
2114,249,1,495.46,3,1,4,Needs Attention
8648,249,2,590.72,3,2,4,Needs Attention
278,248,1,18.05,3,1,1,Needs Attention
9608,248,2,33.85,3,2,1,Needs Attention
7278,248,1,167.34,3,1,2,Needs Attention
430,248,3,230.26,3,3,3,Loyal Customers
6939,248,1,308.71,3,1,3,Needs Attention
5566,248,2,456.9,3,2,4,Needs Attention
432,248,3,1219.17,3,3,5,Loyal Customers
3594,248,2,1351.03,3,2,5,Needs Attention
9978,247,1,88.57,3,1,2,Needs Attention
2614,247,1,110.88,3,1,2,Needs Attention
10654,247,2,111.94,3,2,2,Needs Attention
3641,247,1,142.22,3,1,2,Needs Attention
740,247,1,181.43,3,1,2,Needs Attention
10985,247,1,224.82,3,1,3,Needs Attention
2267,247,1,228.24,3,1,3,Needs Attention
1346,247,1,325.01,3,1,3,Needs Attention
8376,247,2,361.71,3,2,4,Needs Attention
291,247,3,370.54,3,3,4,Loyal Customers
382,247,2,491.93,3,2,4,Needs Attention
9820,247,2,631.26,3,2,4,Needs Attention
1244,247,3,838.1,3,3,5,Loyal Customers
2003,247,1,898.82,3,1,5,Needs Attention
6002,246,1,31.08,3,1,1,Needs Attention
4005,246,1,38.09,3,1,1,Needs Attention
10735,246,2,59.65,3,2,1,Needs Attention
4009,246,1,71.93,3,1,1,Needs Attention
6878,246,1,209.03,3,1,3,Needs Attention
6254,246,1,217.49,3,1,3,Needs Attention
1264,246,4,277.55,3,4,3,Loyal Customers
3277,246,3,304.22,3,3,3,Loyal Customers
10778,246,10,591.34,3,5,4,Loyal Customers
7355,246,2,1526.8,3,2,5,Needs Attention
6195,245,1,17.92,3,1,1,Needs Attention
8809,245,1,36.45,3,1,1,Needs Attention
9492,245,3,166.49,3,3,2,Loyal Customers
8111,245,2,199.75,3,2,3,Needs Attention
9555,245,2,332.55,3,2,3,Needs Attention
4870,245,1,434.65,3,1,4,Needs Attention
5986,245,1,484.33,3,1,4,Needs Attention
11549,245,1,541.38,3,1,4,Needs Attention
2684,245,2,606.64,3,2,4,Needs Attention
1501,245,4,783.27,3,4,5,Loyal Customers
5220,245,3,935.27,3,3,5,Loyal Customers
318,245,3,935.39,3,3,5,Loyal Customers
2534,244,2,215.49,3,2,3,Needs Attention
4423,244,2,277.43,3,2,3,Needs Attention
296,244,2,378.92,3,2,4,Needs Attention
4458,244,1,391.82,3,1,4,Needs Attention
604,244,2,444.83,3,2,4,Needs Attention
11340,244,2,594.95,3,2,4,Needs Attention
5364,244,5,780.55,3,4,5,Loyal Customers
7606,244,5,1139.11,3,4,5,Loyal Customers
196,244,3,1411.07,3,3,5,Loyal Customers
6869,243,1,13.48,3,1,1,Needs Attention
1511,243,1,91.68,3,1,2,Needs Attention
10128,243,1,384.4,3,1,4,Needs Attention
10144,243,3,555.76,3,3,4,Loyal Customers
10307,243,2,913.07,3,2,5,Needs Attention
8163,243,1,965.9,3,1,5,Needs Attention
2908,243,3,1131.46,3,3,5,Loyal Customers
6071,243,7,2874.61,3,5,5,Loyal Customers
8400,242,1,54.09,3,1,1,Needs Attention
8990,242,1,154.95,3,1,2,Needs Attention
4386,242,1,171.15,3,1,2,Needs Attention
1514,242,2,230.12,3,2,3,Needs Attention
1809,242,1,267.06,3,1,3,Needs Attention
7328,242,2,307.64,3,2,3,Needs Attention
5249,242,2,335.76,3,2,3,Needs Attention
378,242,1,342.36,3,1,3,Needs Attention
4282,242,2,344.64,3,2,4,Needs Attention
6436,242,1,644.25,3,1,5,Needs Attention
11941,242,4,748.16,3,4,5,Loyal Customers
11872,241,1,25.68,3,1,1,Needs Attention
6889,241,1,185.49,3,1,2,Needs Attention
10057,241,2,194.46,3,2,3,Needs Attention
9962,241,1,205.09,3,1,3,Needs Attention
9471,241,2,310.09,3,2,3,Needs Attention
9871,241,4,318.57,3,4,3,Loyal Customers
3945,241,2,331.82,3,2,3,Needs Attention
7658,241,3,357.19,3,3,4,Loyal Customers
5128,241,1,360.66,3,1,4,Needs Attention
8951,241,1,367.67,3,1,4,Needs Attention
3198,241,1,411.54,3,1,4,Needs Attention
7305,241,3,508.84,3,3,4,Loyal Customers
3366,241,1,667.24,3,1,5,Needs Attention
9190,241,4,973.96,3,4,5,Loyal Customers
8722,241,6,1599.99,3,5,5,Loyal Customers
11661,240,1,21.36,3,1,1,Needs Attention
5949,240,1,37.22,3,1,1,Needs Attention
7885,240,1,42.68,3,1,1,Needs Attention
457,240,1,63.83,3,1,1,Needs Attention
7183,240,1,104.2,3,1,2,Needs Attention
2089,240,1,231.7,3,1,3,Needs Attention
9080,240,1,258.18,3,1,3,Needs Attention
7359,240,1,277.5,3,1,3,Needs Attention
2231,240,1,368.81,3,1,4,Needs Attention
9412,240,1,475.72,3,1,4,Needs Attention
6054,240,3,1451.69,3,3,5,Loyal Customers
9589,240,4,1644.01,3,4,5,Loyal Customers
1639,240,3,1670.91,3,3,5,Loyal Customers
942,239,1,27.59,3,1,1,Needs Attention
7156,239,1,32.48,3,1,1,Needs Attention
11142,239,1,50.51,3,1,1,Needs Attention
5773,239,1,105.34,3,1,2,Needs Attention
11926,239,1,138.75,3,1,2,Needs Attention
11197,239,3,230.19,3,3,3,Loyal Customers
7,239,2,368.67,3,2,4,Needs Attention
1406,239,3,394.27,3,3,4,Loyal Customers
4283,239,2,399.12,3,2,4,Needs Attention
7236,239,2,443.88,3,2,4,Needs Attention
6094,239,1,454.66,3,1,4,Needs Attention
8677,239,2,491.36,3,2,4,Needs Attention
10215,239,6,563.07,3,5,4,Loyal Customers
2112,239,1,613.62,3,1,4,Needs Attention
870,239,3,1006.46,3,3,5,Loyal Customers
1255,238,2,53.16,3,2,1,Needs Attention
8390,238,1,70.85,3,1,1,Needs Attention
1070,238,3,98.09,3,3,2,Loyal Customers
9556,238,2,101.8,3,2,2,Needs Attention
3648,238,1,110.74,3,1,2,Needs Attention
194,238,1,132.51,3,1,2,Needs Attention
10210,238,3,184.27,3,3,2,Loyal Customers
9551,238,2,198.48,3,2,3,Needs Attention
10287,238,1,202.59,3,1,3,Needs Attention
11331,238,1,222.8,3,1,3,Needs Attention
9018,238,3,247.9,3,3,3,Loyal Customers
236,238,1,315.61,3,1,3,Needs Attention
8342,238,2,329.11,3,2,3,Needs Attention
6895,238,4,355.72,3,4,4,Loyal Customers
3525,238,2,360.17,3,2,4,Needs Attention
5425,238,1,400.59,3,1,4,Needs Attention
7038,238,2,403.08,3,2,4,Needs Attention
8954,238,2,593.47,3,2,4,Needs Attention
5040,238,6,711.43,3,5,5,Loyal Customers
7024,238,2,842.31,3,2,5,Needs Attention
3490,238,3,849.04,3,3,5,Loyal Customers
1334,238,3,981.62,3,3,5,Loyal Customers
1097,238,8,1946.84,3,5,5,Loyal Customers
4515,238,5,2983.56,3,4,5,Loyal Customers
2178,237,1,34.26,3,1,1,Needs Attention
2393,237,1,45.48,3,1,1,Needs Attention
3372,237,1,103.98,3,1,2,Needs Attention
8702,237,2,159.99,3,2,2,Needs Attention
4609,237,2,168.66,3,2,2,Needs Attention
5417,237,2,317.84,3,2,3,Needs Attention
7423,237,2,361.46,3,2,4,Needs Attention
7033,237,2,406.64,3,2,4,Needs Attention
446,237,1,615.24,3,1,4,Needs Attention
9299,237,2,900.21,3,2,5,Needs Attention
10193,236,1,16.73,3,1,1,Needs Attention
11864,236,1,26.96,3,1,1,Needs Attention
2666,236,1,30.07,3,1,1,Needs Attention
11122,236,1,36.45,3,1,1,Needs Attention
11871,236,1,44.62,3,1,1,Needs Attention
5205,236,2,101.41,3,2,2,Needs Attention
7600,236,1,110.72,3,1,2,Needs Attention
977,236,1,117.72,3,1,2,Needs Attention
10900,236,1,164.97,3,1,2,Needs Attention
3500,236,2,200.68,3,2,3,Needs Attention
5805,236,1,217.62,3,1,3,Needs Attention
8598,236,2,247.34,3,2,3,Needs Attention
1550,236,2,295.82,3,2,3,Needs Attention
4420,236,1,350.45,3,1,4,Needs Attention
9889,236,2,367.32,3,2,4,Needs Attention
6720,236,1,424.24,3,1,4,Needs Attention
2812,236,3,489.45,3,3,4,Loyal Customers
3721,236,4,524.88,3,4,4,Loyal Customers
5592,236,4,630.1,3,4,4,Loyal Customers
3749,235,1,17.08,3,1,1,Needs Attention
11614,235,1,99.21,3,1,2,Needs Attention
5044,235,1,191.79,3,1,3,Needs Attention
6852,235,2,193.13,3,2,3,Needs Attention
6391,235,1,238.5,3,1,3,Needs Attention
10541,235,2,280.7,3,2,3,Needs Attention
4607,235,2,351.43,3,2,4,Needs Attention
3670,235,1,362.34,3,1,4,Needs Attention
11724,235,2,464.9,3,2,4,Needs Attention
9404,235,2,580.01,3,2,4,Needs Attention
2859,235,4,945.52,3,4,5,Loyal Customers
123,235,3,1369.97,3,3,5,Loyal Customers
7211,235,4,2017.69,3,4,5,Loyal Customers
3362,234,1,14.82,3,1,1,Needs Attention
10958,234,1,42.72,3,1,1,Needs Attention
757,234,1,52.86,3,1,1,Needs Attention
3169,234,1,66.62,3,1,1,Needs Attention
3245,234,1,72.82,3,1,1,Needs Attention
7151,234,1,143.78,3,1,2,Needs Attention
10793,234,2,162.97,3,2,2,Needs Attention
7388,234,2,170.31,3,2,2,Needs Attention
5787,234,1,204.54,3,1,3,Needs Attention
5136,234,1,276.13,3,1,3,Needs Attention
7264,234,1,368.96,3,1,4,Needs Attention
7160,234,2,420.11,3,2,4,Needs Attention
10566,234,4,619.62,3,4,4,Loyal Customers
1058,234,3,969.44,3,3,5,Loyal Customers
1828,234,3,1103.39,3,3,5,Loyal Customers
10450,233,1,114.95,3,1,2,Needs Attention
6495,233,1,130.0,3,1,2,Needs Attention
443,233,1,199.48,3,1,3,Needs Attention
1801,233,2,214.59,3,2,3,Needs Attention
6540,233,1,230.63,3,1,3,Needs Attention
6887,233,1,329.94,3,1,3,Needs Attention
3676,233,4,364.76,3,4,4,Loyal Customers
7387,233,3,401.86,3,3,4,Loyal Customers
10786,233,1,423.78,3,1,4,Needs Attention
11250,233,5,488.73,3,4,4,Loyal Customers
506,233,3,546.1,3,3,4,Loyal Customers
7700,233,3,654.93,3,3,5,Loyal Customers
871,233,1,689.58,3,1,5,Needs Attention
2398,233,4,875.78,3,4,5,Loyal Customers
7116,233,5,1269.85,3,4,5,Loyal Customers
848,232,1,23.68,3,1,1,Needs Attention
5469,232,2,61.35,3,2,1,Needs Attention
1940,232,1,67.45,3,1,1,Needs Attention
6544,232,1,118.31,3,1,2,Needs Attention
4874,232,1,186.28,3,1,3,Needs Attention
11738,232,1,207.96,3,1,3,Needs Attention
5337,232,1,221.44,3,1,3,Needs Attention
1242,232,3,223.48,3,3,3,Loyal Customers
11042,232,1,299.25,3,1,3,Needs Attention
11134,232,1,332.12,3,1,3,Needs Attention
4143,232,1,338.94,3,1,3,Needs Attention
8102,232,1,381.57,3,1,4,Needs Attention
5846,232,6,437.28,3,5,4,Loyal Customers
8697,232,3,442.98,3,3,4,Loyal Customers
4156,232,2,621.54,3,2,4,Needs Attention
4363,232,3,664.14,3,3,5,Loyal Customers
3469,232,3,674.87,3,3,5,Loyal Customers
8577,232,5,681.45,3,4,5,Loyal Customers
4170,232,2,925.19,3,2,5,Needs Attention
5930,231,1,9.42,3,1,1,Needs Attention
4556,231,1,31.16,3,1,1,Needs Attention
168,231,1,43.96,3,1,1,Needs Attention
4413,231,2,138.85,3,2,2,Needs Attention
10282,231,2,181.55,3,2,2,Needs Attention
8578,231,2,340.76,3,2,3,Needs Attention
10467,231,3,500.11,3,3,4,Loyal Customers
4810,231,1,520.24,3,1,4,Needs Attention
9937,231,2,606.65,3,2,4,Needs Attention
6359,231,2,692.82,3,2,5,Needs Attention
2526,231,2,723.47,3,2,5,Needs Attention
10096,231,2,795.28,3,2,5,Needs Attention
1486,231,2,1572.1,3,2,5,Needs Attention
9769,230,1,50.54,3,1,1,Needs Attention
1214,230,1,73.34,3,1,1,Needs Attention
9631,230,1,114.23,3,1,2,Needs Attention
888,230,1,177.95,3,1,2,Needs Attention
8998,230,2,195.21,3,2,3,Needs Attention
6052,230,2,197.99,3,2,3,Needs Attention
7842,230,1,222.75,3,1,3,Needs Attention
5299,230,3,334.35,3,3,3,Loyal Customers
2168,230,1,433.83,3,1,4,Needs Attention
7310,230,1,465.18,3,1,4,Needs Attention
11467,230,2,603.28,3,2,4,Needs Attention
8121,230,3,672.84,3,3,5,Loyal Customers
332,230,2,968.2,3,2,5,Needs Attention
4493,230,5,1573.47,3,4,5,Loyal Customers
954,229,1,36.51,3,1,1,Needs Attention
3210,229,1,89.85,3,1,2,Needs Attention
11711,229,1,99.98,3,1,2,Needs Attention
2750,229,1,100.32,3,1,2,Needs Attention
1374,229,1,101.14,3,1,2,Needs Attention
4594,229,1,104.2,3,1,2,Needs Attention
6209,229,1,119.1,3,1,2,Needs Attention
10983,229,2,144.82,3,2,2,Needs Attention
8395,229,1,155.02,3,1,2,Needs Attention
3646,229,2,161.51,3,2,2,Needs Attention
2871,229,2,208.98,3,2,3,Needs Attention
52,229,1,270.09,3,1,3,Needs Attention
143,229,1,282.9,3,1,3,Needs Attention
8231,229,3,326.69,3,3,3,Loyal Customers
10967,229,2,353.27,3,2,4,Needs Attention
4176,229,3,912.37,3,3,5,Loyal Customers
2355,229,6,1014.5,3,5,5,Loyal Customers
11453,228,1,24.6,3,1,1,Needs Attention
4588,228,1,55.58,3,1,1,Needs Attention
8488,228,2,103.14,3,2,2,Needs Attention
6923,228,2,113.37,3,2,2,Needs Attention
603,228,1,130.47,3,1,2,Needs Attention
10616,228,1,152.01,3,1,2,Needs Attention
8472,228,2,262.09,3,2,3,Needs Attention
2061,228,3,286.19,3,3,3,Loyal Customers
10047,228,2,352.97,3,2,4,Needs Attention
4804,228,1,397.53,3,1,4,Needs Attention
9808,228,1,456.08,3,1,4,Needs Attention
7051,228,4,1911.62,3,4,5,Loyal Customers
5203,227,1,59.07,3,1,1,Needs Attention
9182,227,1,75.9,3,1,1,Needs Attention
925,227,1,97.52,3,1,2,Needs Attention
7553,227,2,153.89,3,2,2,Needs Attention
984,227,1,159.8,3,1,2,Needs Attention
3489,227,2,174.06,3,2,2,Needs Attention
7888,227,3,194.26,3,3,3,Loyal Customers
1693,227,1,267.54,3,1,3,Needs Attention
442,227,4,367.78,3,4,4,Loyal Customers
5604,227,2,398.67,3,2,4,Needs Attention
1775,227,2,502.39,3,2,4,Needs Attention
10074,227,2,745.28,3,2,5,Needs Attention
2433,227,1,927.3,3,1,5,Needs Attention
11551,227,5,1080.94,3,4,5,Loyal Customers
9780,226,1,14.96,3,1,1,Needs Attention
10092,226,1,48.31,3,1,1,Needs Attention
549,226,1,76.94,3,1,1,Needs Attention
3657,226,2,136.56,3,2,2,Needs Attention
7699,226,1,210.86,3,1,3,Needs Attention
4044,226,3,212.49,3,3,3,Loyal Customers
7753,226,2,242.77,3,2,3,Needs Attention
4856,226,2,305.55,3,2,3,Needs Attention
10916,226,3,322.44,3,3,3,Loyal Customers
8638,226,1,365.95,3,1,4,Needs Attention
3604,226,2,537.38,3,2,4,Needs Attention
6278,226,2,754.66,3,2,5,Needs Attention
8774,225,1,22.09,3,1,1,Needs Attention
2945,225,1,38.43,3,1,1,Needs Attention
5903,225,1,108.35,3,1,2,Needs Attention
8059,225,1,200.42,3,1,3,Needs Attention
10060,225,5,343.67,3,4,4,Loyal Customers
1177,225,3,370.74,3,3,4,Loyal Customers
10913,225,3,548.82,3,3,4,Loyal Customers
6628,225,4,940.01,3,4,5,Loyal Customers
10514,224,1,49.83,3,1,1,Needs Attention
1739,224,1,55.34,3,1,1,Needs Attention
2205,224,1,58.68,3,1,1,Needs Attention
7894,224,3,220.84,3,3,3,Loyal Customers
7286,224,1,252.86,3,1,3,Needs Attention
4643,224,1,271.04,3,1,3,Needs Attention
8219,224,3,284.53,3,3,3,Loyal Customers
9935,224,2,308.33,3,2,3,Needs Attention
2759,224,4,317.23,3,4,3,Loyal Customers
11375,224,1,379.6,3,1,4,Needs Attention
1521,224,3,387.03,3,3,4,Loyal Customers
10707,224,3,617.69,3,3,4,Loyal Customers
7370,224,2,719.03,3,2,5,Needs Attention
10794,224,3,773.2,3,3,5,Loyal Customers
7746,224,1,1185.09,3,1,5,Needs Attention
7832,223,1,13.15,3,1,1,Needs Attention
238,223,1,114.62,3,1,2,Needs Attention
1197,223,1,127.74,3,1,2,Needs Attention
6639,223,1,144.96,3,1,2,Needs Attention
5919,223,2,162.27,3,2,2,Needs Attention
7070,223,2,197.97,3,2,3,Needs Attention
734,223,1,206.02,3,1,3,Needs Attention
7922,223,2,371.76,3,2,4,Needs Attention
10754,223,4,537.74,3,4,4,Loyal Customers
2137,223,1,548.91,3,1,4,Needs Attention
11882,223,3,709.77,3,3,5,Loyal Customers
6397,223,2,751.18,3,2,5,Needs Attention
7833,222,1,25.19,3,1,1,Needs Attention
1778,222,1,53.39,3,1,1,Needs Attention
2972,222,1,171.79,3,1,2,Needs Attention
5099,222,2,188.81,3,2,3,Needs Attention
4022,222,2,410.62,3,2,4,Needs Attention
9870,222,4,420.56,3,4,4,Loyal Customers
2364,222,1,497.82,3,1,4,Needs Attention
11249,222,2,543.78,3,2,4,Needs Attention
4093,222,6,559.22,3,5,4,Loyal Customers
10030,222,1,695.48,3,1,5,Needs Attention
3449,222,3,893.58,3,3,5,Loyal Customers
10665,222,3,1977.63,3,3,5,Loyal Customers
11005,221,1,72.82,3,1,1,Needs Attention
38,221,1,98.26,3,1,2,Needs Attention
2126,221,1,173.76,3,1,2,Needs Attention
1288,221,3,191.02,3,3,3,Loyal Customers
7313,221,2,428.49,3,2,4,Needs Attention
9715,221,1,435.89,3,1,4,Needs Attention
1774,221,3,447.08,3,3,4,Loyal Customers
5346,221,1,465.02,3,1,4,Needs Attention
2630,221,4,544.91,3,4,4,Loyal Customers
9676,221,4,762.62,3,4,5,Loyal Customers
8652,221,3,884.91,3,3,5,Loyal Customers
3042,221,4,1194.35,3,4,5,Loyal Customers
6164,221,3,1258.0,3,3,5,Loyal Customers
4451,220,1,20.2,3,1,1,Needs Attention
4937,220,1,57.91,3,1,1,Needs Attention
5347,220,2,136.95,3,2,2,Needs Attention
4216,220,1,183.9,3,1,2,Needs Attention
10143,220,1,212.45,3,1,3,Needs Attention
11224,220,1,260.15,3,1,3,Needs Attention
1736,220,1,334.37,3,1,3,Needs Attention
5777,220,1,377.6,3,1,4,Needs Attention
1455,220,3,544.86,3,3,4,Loyal Customers
9258,220,3,1160.09,3,3,5,Loyal Customers
9067,220,6,1221.34,3,5,5,Loyal Customers
456,220,4,1257.28,3,4,5,Loyal Customers
8107,219,1,31.16,3,1,1,Needs Attention
10303,219,1,204.36,3,1,3,Needs Attention
9485,219,1,208.4,3,1,3,Needs Attention
7558,219,3,233.02,3,3,3,Loyal Customers
6538,219,1,264.23,3,1,3,Needs Attention
6353,219,1,420.66,3,1,4,Needs Attention
9794,219,1,448.73,3,1,4,Needs Attention
243,218,1,25.29,3,1,1,Needs Attention
6076,218,1,34.68,3,1,1,Needs Attention
8859,218,1,59.36,3,1,1,Needs Attention
4742,218,1,100.68,3,1,2,Needs Attention
6477,218,1,130.38,3,1,2,Needs Attention
11243,218,2,194.77,3,2,3,Needs Attention
1062,218,3,227.02,3,3,3,Loyal Customers
6810,218,2,228.36,3,2,3,Needs Attention
4817,218,1,242.33,3,1,3,Needs Attention
11386,218,2,256.28,3,2,3,Needs Attention
1540,218,1,259.25,3,1,3,Needs Attention
3095,218,4,570.44,3,4,4,Loyal Customers
5653,218,2,594.4,3,2,4,Needs Attention
10019,218,2,1000.37,3,2,5,Needs Attention
8850,217,1,20.2,3,1,1,Needs Attention
3625,217,2,42.79,3,2,1,Needs Attention
9359,217,1,55.54,3,1,1,Needs Attention
122,217,1,56.51,3,1,1,Needs Attention
482,217,1,71.88,3,1,1,Needs Attention
11679,217,1,88.73,3,1,2,Needs Attention
9490,217,1,127.31,3,1,2,Needs Attention
7234,217,2,138.48,3,2,2,Needs Attention
440,217,1,150.23,3,1,2,Needs Attention
8332,217,1,179.14,3,1,2,Needs Attention
6204,217,1,183.58,3,1,2,Needs Attention
309,217,4,823.23,3,4,5,Loyal Customers
9122,217,5,1524.78,3,4,5,Loyal Customers
11113,216,1,85.28,3,1,2,Needs Attention
7854,216,1,118.31,3,1,2,Needs Attention
8569,216,1,165.52,3,1,2,Needs Attention
6491,216,1,235.88,3,1,3,Needs Attention
6116,216,2,243.58,3,2,3,Needs Attention
3070,216,2,298.32,3,2,3,Needs Attention
5745,216,2,308.49,3,2,3,Needs Attention
2619,216,1,365.52,3,1,4,Needs Attention
10798,216,2,392.69,3,2,4,Needs Attention
2138,216,4,466.25,3,4,4,Loyal Customers
5501,216,6,469.93,3,5,4,Loyal Customers
4632,216,3,504.92,3,3,4,Loyal Customers
6862,216,4,553.47,3,4,4,Loyal Customers
1666,216,3,805.15,3,3,5,Loyal Customers
10835,216,2,850.19,3,2,5,Needs Attention
2367,216,2,948.41,3,2,5,Needs Attention
9361,215,1,13.3,3,1,1,Needs Attention
5747,215,1,38.8,3,1,1,Needs Attention
7798,215,1,80.28,3,1,1,Needs Attention
8555,215,1,83.83,3,1,2,Needs Attention
3313,215,1,89.2,3,1,2,Needs Attention
9010,215,1,98.55,3,1,2,Needs Attention
10134,215,2,103.38,3,2,2,Needs Attention
6609,215,2,166.15,3,2,2,Needs Attention
669,215,1,216.65,3,1,3,Needs Attention
10451,215,2,289.35,3,2,3,Needs Attention
8261,215,1,347.15,3,1,4,Needs Attention
5913,215,1,378.19,3,1,4,Needs Attention
11422,215,1,482.8,3,1,4,Needs Attention
5950,215,2,887.35,3,2,5,Needs Attention
6062,215,3,905.09,3,3,5,Loyal Customers
6758,215,2,915.62,3,2,5,Needs Attention
3185,215,2,1057.69,3,2,5,Needs Attention
10434,215,4,1104.54,3,4,5,Loyal Customers
5148,215,3,1272.32,3,3,5,Loyal Customers
554,215,4,1436.38,3,4,5,Loyal Customers
2857,214,1,12.81,3,1,1,Needs Attention
5496,214,1,32.81,3,1,1,Needs Attention
10217,214,1,47.18,3,1,1,Needs Attention
2419,214,1,59.29,3,1,1,Needs Attention
7764,214,1,116.91,3,1,2,Needs Attention
10191,214,3,313.5,3,3,3,Loyal Customers
4264,214,2,469.56,3,2,4,Needs Attention
9436,214,2,575.45,3,2,4,Needs Attention
1740,214,2,577.01,3,2,4,Needs Attention
7830,214,5,827.68,3,4,5,Loyal Customers
8095,214,3,1003.17,3,3,5,Loyal Customers
696,214,2,1189.64,3,2,5,Needs Attention
11643,213,1,25.06,3,1,1,Needs Attention
5631,213,1,28.97,3,1,1,Needs Attention
6858,213,1,50.51,3,1,1,Needs Attention
8274,213,1,72.12,3,1,1,Needs Attention
9576,213,1,79.15,3,1,1,Needs Attention
7583,213,2,88.74,3,2,2,Needs Attention
11822,213,2,135.5,3,2,2,Needs Attention
3784,213,3,150.1,3,3,2,Loyal Customers
7121,213,1,173.9,3,1,2,Needs Attention
11768,213,1,340.33,3,1,3,Needs Attention
6183,213,3,362.41,3,3,4,Loyal Customers
7705,213,3,648.88,3,3,5,Loyal Customers
1892,212,1,16.91,3,1,1,Needs Attention
3012,212,1,26.92,3,1,1,Needs Attention
12,212,1,48.7,3,1,1,Needs Attention
2086,212,1,79.15,3,1,1,Needs Attention
9044,212,1,125.1,3,1,2,Needs Attention
9386,212,1,196.98,3,1,3,Needs Attention
4744,212,2,204.41,3,2,3,Needs Attention
6614,212,1,286.3,3,1,3,Needs Attention
11313,212,2,351.01,3,2,4,Needs Attention
8389,212,1,436.65,3,1,4,Needs Attention
120,212,1,485.62,3,1,4,Needs Attention
5840,212,1,514.87,3,1,4,Needs Attention
2409,212,3,683.77,3,3,5,Loyal Customers
792,212,3,1128.62,3,3,5,Loyal Customers
11012,211,1,11.56,3,1,1,Needs Attention
1314,211,1,53.67,3,1,1,Needs Attention
11188,211,1,183.69,3,1,2,Needs Attention
7458,211,3,268.81,3,3,3,Loyal Customers
3480,211,2,300.95,3,2,3,Needs Attention
3293,211,4,475.9,3,4,4,Loyal Customers
2797,211,4,538.58,3,4,4,Loyal Customers
7605,211,1,559.49,3,1,4,Needs Attention
5456,211,2,568.44,3,2,4,Needs Attention
7508,211,2,596.44,3,2,4,Needs Attention
1853,211,1,804.09,3,1,5,Needs Attention
10363,211,3,977.92,3,3,5,Loyal Customers
9550,211,1,1073.67,3,1,5,Needs Attention
11901,210,1,25.41,3,1,1,Needs Attention
11373,210,1,42.72,3,1,1,Needs Attention
7872,210,1,42.94,3,1,1,Needs Attention
1101,210,1,51.0,3,1,1,Needs Attention
5109,210,1,88.36,3,1,2,Needs Attention
2839,210,1,101.26,3,1,2,Needs Attention
11683,210,1,107.4,3,1,2,Needs Attention
1662,210,1,112.05,3,1,2,Needs Attention
3702,210,1,192.24,3,1,3,Needs Attention
5113,210,1,193.62,3,1,3,Needs Attention
3558,210,2,262.49,3,2,3,Needs Attention
7221,210,3,376.8,3,3,4,Loyal Customers
9360,210,2,449.5,3,2,4,Needs Attention
6575,210,4,460.59,3,4,4,Loyal Customers
9186,210,2,504.42,3,2,4,Needs Attention
1463,210,2,510.77,3,2,4,Needs Attention
3142,210,2,544.17,3,2,4,Needs Attention
10319,210,1,675.3,3,1,5,Needs Attention
531,210,3,860.85,3,3,5,Loyal Customers
7835,210,1,908.05,3,1,5,Needs Attention
3515,210,5,2394.31,3,4,5,Loyal Customers
10001,209,1,13.02,3,1,1,Needs Attention
10227,209,1,17.21,3,1,1,Needs Attention
6193,209,1,74.94,3,1,1,Needs Attention
1050,209,1,138.75,3,1,2,Needs Attention
9229,209,1,159.5,3,1,2,Needs Attention
9479,209,1,226.83,3,1,3,Needs Attention
4391,209,1,295.92,3,1,3,Needs Attention
1202,209,2,301.13,3,2,3,Needs Attention
9847,209,1,392.53,3,1,4,Needs Attention
4042,209,1,454.72,3,1,4,Needs Attention
11497,209,2,474.38,3,2,4,Needs Attention
8166,209,6,484.38,3,5,4,Loyal Customers
6266,209,1,531.13,3,1,4,Needs Attention
3790,209,2,578.96,3,2,4,Needs Attention
4786,209,3,620.78,3,3,4,Loyal Customers
1383,209,2,808.35,3,2,5,Needs Attention
10799,209,2,982.8,3,2,5,Needs Attention
7295,209,2,1320.22,3,2,5,Needs Attention
10235,208,1,9.8,3,1,1,Needs Attention
57,208,1,53.36,3,1,1,Needs Attention
8382,208,4,73.78,3,4,1,Loyal Customers
60,208,2,77.1,3,2,1,Needs Attention
3281,208,1,113.1,3,1,2,Needs Attention
5821,208,1,256.58,3,1,3,Needs Attention
9770,208,1,284.44,3,1,3,Needs Attention
3673,208,2,313.86,3,2,3,Needs Attention
3268,208,4,374.47,3,4,4,Loyal Customers
3705,208,3,504.49,3,3,4,Loyal Customers
5387,208,1,510.45,3,1,4,Needs Attention
2794,208,1,536.16,3,1,4,Needs Attention
1846,208,3,549.71,3,3,4,Loyal Customers
6470,208,4,725.15,3,4,5,Loyal Customers
11744,208,2,770.12,3,2,5,Needs Attention
11780,207,1,8.43,3,1,1,Needs Attention
7585,207,1,12.33,3,1,1,Needs Attention
11588,207,1,66.23,3,1,1,Needs Attention
6299,207,1,96.88,3,1,2,Needs Attention
6058,207,1,100.65,3,1,2,Needs Attention
9272,207,1,113.1,3,1,2,Needs Attention
6307,207,1,164.97,3,1,2,Needs Attention
5095,207,1,205.34,3,1,3,Needs Attention
9452,207,3,245.5,3,3,3,Loyal Customers
10567,207,1,327.63,3,1,3,Needs Attention
10846,207,1,761.28,3,1,5,Needs Attention
10348,207,6,1193.91,3,5,5,Loyal Customers
8972,206,1,108.35,3,1,2,Needs Attention
7111,206,1,147.97,3,1,2,Needs Attention
7678,206,1,458.66,3,1,4,Needs Attention
796,206,2,467.94,3,2,4,Needs Attention
10417,206,1,482.22,3,1,4,Needs Attention
8851,206,1,579.84,3,1,4,Needs Attention
6063,206,2,585.25,3,2,4,Needs Attention
2469,206,2,1421.08,3,2,5,Needs Attention
3651,206,4,2388.36,3,4,5,Loyal Customers
7702,206,9,2514.95,3,5,5,Loyal Customers
4428,205,1,96.81,3,1,2,Needs Attention
83,205,2,142.12,3,2,2,Needs Attention
6197,205,3,176.76,3,3,2,Loyal Customers
10355,205,1,203.58,3,1,3,Needs Attention
9488,205,2,232.8,3,2,3,Needs Attention
4667,205,2,256.45,3,2,3,Needs Attention
8451,205,2,278.04,3,2,3,Needs Attention
702,205,1,286.16,3,1,3,Needs Attention
10497,205,1,331.1,3,1,3,Needs Attention
3079,205,2,489.47,3,2,4,Needs Attention
4634,205,1,652.32,3,1,5,Needs Attention
2741,205,6,690.8,3,5,5,Loyal Customers
9637,205,1,701.3,3,1,5,Needs Attention
8375,205,3,1167.73,3,3,5,Loyal Customers
6084,205,1,1730.08,3,1,5,Needs Attention
8407,204,1,13.15,3,1,1,Needs Attention
3462,204,1,15.22,3,1,1,Needs Attention
2887,204,1,27.59,3,1,1,Needs Attention
10752,204,1,31.76,3,1,1,Needs Attention
10645,204,1,50.16,3,1,1,Needs Attention
5603,204,1,60.77,3,1,1,Needs Attention
5812,204,1,98.61,3,1,2,Needs Attention
1535,204,1,104.2,3,1,2,Needs Attention
8563,204,3,118.77,3,3,2,Loyal Customers
961,204,3,283.88,3,3,3,Loyal Customers
4649,204,4,455.94,3,4,4,Loyal Customers
540,204,2,467.8,3,2,4,Needs Attention
9478,204,3,770.71,3,3,5,Loyal Customers
11813,204,1,1031.67,3,1,5,Needs Attention
10037,204,2,2460.42,3,2,5,Needs Attention
9167,203,2,74.55,3,2,1,Needs Attention
743,203,1,79.5,3,1,1,Needs Attention
7256,203,1,81.8,3,1,1,Needs Attention
9459,203,1,91.48,3,1,2,Needs Attention
10921,203,2,152.6,3,2,2,Needs Attention
3539,203,2,270.87,3,2,3,Needs Attention
2974,203,3,430.63,3,3,4,Loyal Customers
9733,203,1,472.79,3,1,4,Needs Attention
6529,203,4,511.76,3,4,4,Loyal Customers
8512,203,3,628.72,3,3,4,Loyal Customers
9922,203,4,651.65,3,4,5,Loyal Customers
6405,203,3,733.14,3,3,5,Loyal Customers
336,203,3,777.18,3,3,5,Loyal Customers
151,203,3,1409.3,3,3,5,Loyal Customers
2194,202,1,26.96,3,1,1,Needs Attention
847,202,1,35.58,3,1,1,Needs Attention
4318,202,2,138.24,3,2,2,Needs Attention
2842,202,1,154.0,3,1,2,Needs Attention
7836,202,1,236.82,3,1,3,Needs Attention
10240,202,1,346.08,3,1,4,Needs Attention
2318,202,1,367.86,3,1,4,Needs Attention
142,202,1,449.07,3,1,4,Needs Attention
5400,202,2,720.91,3,2,5,Needs Attention
7300,202,4,750.74,3,4,5,Loyal Customers
1152,202,2,902.79,3,2,5,Needs Attention
9140,202,2,932.35,3,2,5,Needs Attention
9477,202,3,2065.19,3,3,5,Loyal Customers
3267,201,1,32.94,3,1,1,Needs Attention
9325,201,1,70.6,3,1,1,Needs Attention
688,201,2,155.92,3,2,2,Needs Attention
1613,201,2,174.77,3,2,2,Needs Attention
4798,201,3,229.91,3,3,3,Loyal Customers
3803,201,3,244.5,3,3,3,Loyal Customers
6654,201,3,310.79,3,3,3,Loyal Customers
2251,201,3,315.74,3,3,3,Loyal Customers
8826,201,1,485.62,3,1,4,Needs Attention
3398,201,2,571.24,3,2,4,Needs Attention
9624,201,3,583.19,3,3,4,Loyal Customers
4617,201,2,610.27,3,2,4,Needs Attention
4873,200,1,11.07,3,1,1,Needs Attention
5330,200,1,22.67,3,1,1,Needs Attention
1758,200,1,30.12,3,1,1,Needs Attention
7633,200,1,50.36,3,1,1,Needs Attention
3229,200,1,63.08,3,1,1,Needs Attention
5317,200,1,112.31,3,1,2,Needs Attention
9577,200,1,114.23,3,1,2,Needs Attention
9787,200,2,160.57,3,2,2,Needs Attention
9064,200,3,163.07,3,3,2,Loyal Customers
993,200,1,212.57,3,1,3,Needs Attention
562,200,1,220.49,3,1,3,Needs Attention
3486,200,1,424.77,3,1,4,Needs Attention
9582,200,4,604.11,3,4,4,Loyal Customers
7050,200,4,630.67,3,4,4,Loyal Customers
5550,200,5,706.59,3,4,5,Loyal Customers
5376,200,1,806.52,3,1,5,Needs Attention
10394,200,4,998.42,3,4,5,Loyal Customers
11178,200,7,1329.14,3,5,5,Loyal Customers
8989,199,1,15.22,3,1,1,Needs Attention
8435,199,1,36.96,3,1,1,Needs Attention
4670,199,1,65.62,3,1,1,Needs Attention
2424,199,1,84.0,3,1,2,Needs Attention
1129,199,1,106.48,3,1,2,Needs Attention
2720,199,2,131.17,3,2,2,Needs Attention
6297,199,1,143.46,3,1,2,Needs Attention
6839,199,1,148.92,3,1,2,Needs Attention
10085,199,1,196.85,3,1,3,Needs Attention
5789,199,1,215.82,3,1,3,Needs Attention
7946,199,1,321.48,3,1,3,Needs Attention
10109,199,1,336.2,3,1,3,Needs Attention
11532,199,2,348.88,3,2,4,Needs Attention
8890,199,1,385.9,3,1,4,Needs Attention
8991,199,1,519.23,3,1,4,Needs Attention
61,199,4,774.75,3,4,5,Loyal Customers
2129,199,6,2507.73,3,5,5,Loyal Customers
11233,198,1,43.96,3,1,1,Needs Attention
6279,198,1,100.68,3,1,2,Needs Attention
10349,198,1,101.4,3,1,2,Needs Attention
6730,198,2,212.71,3,2,3,Needs Attention
9042,198,2,224.88,3,2,3,Needs Attention
3266,198,2,352.72,3,2,4,Needs Attention
1262,198,4,509.7,3,4,4,Loyal Customers
1270,198,3,628.03,3,3,4,Loyal Customers
10498,198,2,652.88,3,2,5,Needs Attention
2838,198,4,954.66,3,4,5,Loyal Customers
8907,198,4,958.81,3,4,5,Loyal Customers
6291,197,1,18.94,3,1,1,Needs Attention
5068,197,1,30.42,3,1,1,Needs Attention
3521,197,1,30.74,3,1,1,Needs Attention
7226,197,1,82.89,3,1,2,Needs Attention
10975,197,2,247.56,3,2,3,Needs Attention
11396,197,2,259.15,3,2,3,Needs Attention
3796,197,4,389.24,3,4,4,Loyal Customers
2763,197,3,530.98,3,3,4,Loyal Customers
1420,197,4,579.79,3,4,4,Loyal Customers
8055,197,2,905.5,3,2,5,Needs Attention
4008,197,5,1217.63,3,4,5,Loyal Customers
11247,196,1,45.34,3,1,1,Needs Attention
3741,196,1,57.45,3,1,1,Needs Attention
7944,196,1,68.58,3,1,1,Needs Attention
9903,196,1,119.22,3,1,2,Needs Attention
6333,196,2,217.44,3,2,3,Needs Attention
76,196,1,270.16,3,1,3,Needs Attention
4716,196,2,351.33,3,2,4,Needs Attention
11147,196,2,440.63,3,2,4,Needs Attention
4866,196,2,488.81,3,2,4,Needs Attention
178,196,3,499.27,3,3,4,Loyal Customers
11963,196,2,551.17,3,2,4,Needs Attention
5273,196,2,611.4,3,2,4,Needs Attention
11402,196,2,646.21,3,2,5,Needs Attention
1488,196,4,1817.31,3,4,5,Loyal Customers
10010,196,6,1949.61,3,5,5,Loyal Customers
3389,195,1,64.94,3,1,1,Needs Attention
2791,195,1,68.14,3,1,1,Needs Attention
6610,195,1,78.92,3,1,1,Needs Attention
6760,195,1,100.21,3,1,2,Needs Attention
7075,195,1,138.74,3,1,2,Needs Attention
8849,195,2,156.76,3,2,2,Needs Attention
2386,195,1,172.8,3,1,2,Needs Attention
7945,195,1,216.58,3,1,3,Needs Attention
6794,195,2,242.33,3,2,3,Needs Attention
9103,195,1,465.69,3,1,4,Needs Attention
3552,195,2,507.05,3,2,4,Needs Attention
7435,195,1,508.21,3,1,4,Needs Attention
7732,195,3,510.46,3,3,4,Loyal Customers
3404,195,4,957.24,3,4,5,Loyal Customers
618,195,3,1494.86,3,3,5,Loyal Customers
1014,195,5,1965.25,3,4,5,Loyal Customers
2141,194,1,18.05,3,1,1,Needs Attention
1652,194,1,23.71,3,1,1,Needs Attention
5284,194,1,30.21,3,1,1,Needs Attention
5070,194,1,57.03,3,1,1,Needs Attention
916,194,2,121.6,3,2,2,Needs Attention
6579,194,1,140.3,3,1,2,Needs Attention
9189,194,1,155.61,3,1,2,Needs Attention
2329,194,2,179.39,3,2,2,Needs Attention
7804,194,1,193.21,3,1,3,Needs Attention
6211,194,2,199.14,3,2,3,Needs Attention
11062,194,1,373.37,3,1,4,Needs Attention
175,194,1,428.25,3,1,4,Needs Attention
7039,194,1,452.72,3,1,4,Needs Attention
559,194,3,592.46,3,3,4,Loyal Customers
4678,194,6,770.67,3,5,5,Loyal Customers
2180,194,2,796.85,3,2,5,Needs Attention
9396,194,1,868.71,3,1,5,Needs Attention
6692,194,2,915.05,3,2,5,Needs Attention
1717,193,2,37.93,3,2,1,Needs Attention
6276,193,1,43.1,3,1,1,Needs Attention
8865,193,1,75.3,3,1,1,Needs Attention
19,193,1,85.86,3,1,2,Needs Attention
6154,193,1,150.85,3,1,2,Needs Attention
6982,193,2,153.51,3,2,2,Needs Attention
10393,193,2,186.51,3,2,3,Needs Attention
2054,193,1,242.95,3,1,3,Needs Attention
6377,193,2,283.03,3,2,3,Needs Attention
5598,193,1,524.42,3,1,4,Needs Attention
6861,193,1,549.12,3,1,4,Needs Attention
2039,193,2,713.4,3,2,5,Needs Attention
10058,193,1,881.43,3,1,5,Needs Attention
1620,193,3,1115.35,3,3,5,Loyal Customers
6786,193,2,1405.14,3,2,5,Needs Attention
10712,192,1,9.42,3,1,1,Needs Attention
7852,192,1,20.92,3,1,1,Needs Attention
9907,192,2,67.75,3,2,1,Needs Attention
9614,192,1,110.01,3,1,2,Needs Attention
4453,192,1,162.15,3,1,2,Needs Attention
10073,192,2,178.99,3,2,2,Needs Attention
10374,192,2,196.94,3,2,3,Needs Attention
5211,192,2,324.01,3,2,3,Needs Attention
6755,192,2,376.65,3,2,4,Needs Attention
3013,192,1,383.18,3,1,4,Needs Attention
10072,192,3,522.72,3,3,4,Loyal Customers
3846,192,3,585.05,3,3,4,Loyal Customers
1549,192,5,634.24,3,4,4,Loyal Customers
2868,192,3,911.73,3,3,5,Loyal Customers
7806,192,3,1160.37,3,3,5,Loyal Customers
8284,191,1,38.97,3,1,1,Needs Attention
9537,191,1,130.38,3,1,2,Needs Attention
11655,191,2,156.81,3,2,2,Needs Attention
6356,191,1,208.4,3,1,3,Needs Attention
11174,191,1,232.35,3,1,3,Needs Attention
3051,191,2,255.46,3,2,3,Needs Attention
11733,191,1,301.95,3,1,3,Needs Attention
4756,191,1,348.7,3,1,4,Needs Attention
2473,191,2,502.91,3,2,4,Needs Attention
7049,191,4,807.53,3,4,5,Loyal Customers
2007,191,3,1422.62,3,3,5,Loyal Customers
3911,190,1,29.68,3,1,1,Needs Attention
9649,190,1,56.07,3,1,1,Needs Attention
10066,190,2,118.07,3,2,2,Needs Attention
994,190,1,158.08,3,1,2,Needs Attention
582,190,2,164.66,3,2,2,Needs Attention
4918,190,1,164.98,3,1,2,Needs Attention
2650,190,1,340.74,3,1,3,Needs Attention
9710,190,4,410.42,3,4,4,Loyal Customers
5545,190,1,523.16,3,1,4,Needs Attention
9999,190,2,676.58,3,2,5,Needs Attention
1119,190,4,802.93,3,4,5,Loyal Customers
3053,190,5,812.73,3,4,5,Loyal Customers
8608,190,4,1094.5,3,4,5,Loyal Customers
10659,190,1,1289.41,3,1,5,Needs Attention
1560,190,4,1364.96,3,4,5,Loyal Customers
8649,189,1,23.68,3,1,1,Needs Attention
7968,189,1,27.59,3,1,1,Needs Attention
3216,189,1,46.68,3,1,1,Needs Attention
2524,189,1,53.26,3,1,1,Needs Attention
5443,189,1,94.76,3,1,2,Needs Attention
4564,189,1,103.5,3,1,2,Needs Attention
6635,189,1,114.77,3,1,2,Needs Attention
1283,189,1,127.07,3,1,2,Needs Attention
10879,189,2,138.12,3,2,2,Needs Attention
5648,189,2,225.41,3,2,3,Needs Attention
5733,189,1,227.87,3,1,3,Needs Attention
8202,189,1,330.84,3,1,3,Needs Attention
11129,189,2,480.72,3,2,4,Needs Attention
3199,189,3,485.69,3,3,4,Loyal Customers
7477,189,3,512.38,3,3,4,Loyal Customers
3864,189,4,564.9,3,4,4,Loyal Customers
4712,189,5,804.65,3,4,5,Loyal Customers
2830,189,4,1080.54,3,4,5,Loyal Customers
8664,189,2,1187.25,3,2,5,Needs Attention
11345,188,1,45.08,3,1,1,Needs Attention
8807,188,1,49.33,3,1,1,Needs Attention
10855,188,1,51.51,3,1,1,Needs Attention
10575,188,1,61.33,3,1,1,Needs Attention
7671,188,3,92.76,3,3,2,Loyal Customers
2836,188,1,117.78,3,1,2,Needs Attention
10554,188,2,274.46,3,2,3,Needs Attention
1078,188,1,336.02,3,1,3,Needs Attention
9423,188,2,575.33,3,2,4,Needs Attention
11875,188,2,774.23,3,2,5,Needs Attention
11955,188,4,775.89,3,4,5,Loyal Customers
6754,188,4,1300.49,3,4,5,Loyal Customers
6144,187,1,42.94,3,1,1,Needs Attention
54,187,1,45.4,3,1,1,Needs Attention
11089,187,1,60.42,3,1,1,Needs Attention
1645,187,2,70.14,3,2,1,Needs Attention
63,187,2,163.95,3,2,2,Needs Attention
8974,187,1,254.97,3,1,3,Needs Attention
77,187,1,312.75,3,1,3,Needs Attention
1183,187,1,363.6,3,1,4,Needs Attention
8560,187,2,924.48,3,2,5,Needs Attention
11638,187,4,1057.33,3,4,5,Loyal Customers
4201,187,4,2802.36,3,4,5,Loyal Customers
652,186,2,34.07,3,2,1,Needs Attention
9367,186,1,79.15,3,1,1,Needs Attention
7010,186,1,81.71,3,1,1,Needs Attention
400,186,1,158.6,3,1,2,Needs Attention
7908,186,2,245.21,3,2,3,Needs Attention
5041,186,1,263.28,3,1,3,Needs Attention
7923,186,1,475.56,3,1,4,Needs Attention
6284,186,5,661.96,3,4,5,Loyal Customers
3630,186,5,1154.1,3,4,5,Loyal Customers
7595,186,4,1158.25,3,4,5,Loyal Customers
10930,186,4,1735.23,3,4,5,Loyal Customers
6268,185,1,18.89,3,1,1,Needs Attention
10279,185,2,47.33,3,2,1,Needs Attention
11898,185,1,55.58,3,1,1,Needs Attention
6943,185,1,56.91,3,1,1,Needs Attention
4406,185,1,61.92,3,1,1,Needs Attention
51,185,3,95.23,3,3,2,Loyal Customers
3566,185,2,184.92,3,2,2,Needs Attention
10602,185,1,197.99,3,1,3,Needs Attention
2503,185,1,201.55,3,1,3,Needs Attention
212,185,1,387.4,3,1,4,Needs Attention
11212,185,2,398.93,3,2,4,Needs Attention
9583,185,5,452.17,3,4,4,Loyal Customers
11806,185,4,567.44,3,4,4,Loyal Customers
4686,185,2,696.98,3,2,5,Needs Attention
4685,185,2,734.82,3,2,5,Needs Attention
5106,185,3,915.66,3,3,5,Loyal Customers
6963,184,1,34.1,3,1,1,Needs Attention
9775,184,1,50.36,3,1,1,Needs Attention
9654,184,1,52.42,3,1,1,Needs Attention
1895,184,1,76.29,3,1,1,Needs Attention
3132,184,1,99.89,3,1,2,Needs Attention
692,184,3,115.87,3,3,2,Loyal Customers
1016,184,3,183.71,3,3,2,Loyal Customers
6607,184,1,192.38,3,1,3,Needs Attention
6835,184,1,282.9,3,1,3,Needs Attention
10192,184,3,323.27,3,3,3,Loyal Customers
9244,184,1,348.12,3,1,4,Needs Attention
10474,184,2,365.66,3,2,4,Needs Attention
3386,184,1,379.27,3,1,4,Needs Attention
2375,184,3,547.11,3,3,4,Loyal Customers
7240,184,2,714.42,3,2,5,Needs Attention
5339,184,5,1208.89,3,4,5,Loyal Customers
11068,183,1,16.13,3,1,1,Needs Attention
11041,183,1,38.52,3,1,1,Needs Attention
3747,183,1,68.18,3,1,1,Needs Attention
7483,183,1,96.33,3,1,2,Needs Attention
10899,183,2,124.41,3,2,2,Needs Attention
6016,183,1,260.92,3,1,3,Needs Attention
7591,183,3,383.86,3,3,4,Loyal Customers
10593,183,1,395.03,3,1,4,Needs Attention
1109,183,1,476.29,3,1,4,Needs Attention
5066,183,2,564.27,3,2,4,Needs Attention
6140,183,3,643.51,3,3,5,Loyal Customers
1142,183,5,762.41,3,4,5,Loyal Customers
8874,183,4,1142.39,3,4,5,Loyal Customers
1981,183,1,1583.91,3,1,5,Needs Attention
7410,183,4,1739.49,3,4,5,Loyal Customers
831,183,3,1865.71,3,3,5,Loyal Customers
4892,182,2,57.04,3,2,1,Needs Attention
4206,182,1,61.76,3,1,1,Needs Attention
2532,182,3,108.71,3,3,2,Loyal Customers
1841,182,2,164.2,3,2,2,Needs Attention
4006,182,1,238.0,3,1,3,Needs Attention
1326,182,2,239.0,3,2,3,Needs Attention
2737,182,2,266.93,3,2,3,Needs Attention
2681,182,4,277.88,3,4,3,Loyal Customers
8302,182,1,280.62,3,1,3,Needs Attention
5741,182,4,370.51,3,4,4,Loyal Customers
7741,182,3,1532.64,3,3,5,Loyal Customers
1413,181,2,26.82,3,2,1,Needs Attention
8203,181,1,56.12,3,1,1,Needs Attention
10123,181,2,227.97,3,2,3,Needs Attention
7560,181,1,261.53,3,1,3,Needs Attention
9824,181,2,287.59,3,2,3,Needs Attention
3799,181,1,297.42,3,1,3,Needs Attention
10919,181,1,455.74,3,1,4,Needs Attention
2710,181,1,486.93,3,1,4,Needs Attention
7694,181,1,552.14,3,1,4,Needs Attention
10759,181,6,850.19,3,5,5,Loyal Customers
9761,181,5,1270.57,3,4,5,Loyal Customers
3680,181,3,1752.34,3,3,5,Loyal Customers
11734,181,4,2637.56,3,4,5,Loyal Customers
8617,180,1,38.52,3,1,1,Needs Attention
1133,180,1,55.18,3,1,1,Needs Attention
2916,180,1,56.12,3,1,1,Needs Attention
9920,180,1,66.8,3,1,1,Needs Attention
5872,180,1,73.99,3,1,1,Needs Attention
6201,180,2,93.7,3,2,2,Needs Attention
9253,180,1,197.4,3,1,3,Needs Attention
1869,180,1,307.86,3,1,3,Needs Attention
10171,180,1,326.94,3,1,3,Needs Attention
3227,180,3,412.93,3,3,4,Loyal Customers
2555,180,1,472.96,3,1,4,Needs Attention
4760,180,2,508.3,3,2,4,Needs Attention
7254,180,1,693.73,3,1,5,Needs Attention
9054,180,3,849.69,3,3,5,Loyal Customers
5569,180,6,850.76,3,5,5,Loyal Customers
7510,180,3,887.83,3,3,5,Loyal Customers
2847,180,4,956.03,3,4,5,Loyal Customers
8475,180,5,1603.6,3,4,5,Loyal Customers
8510,179,1,8.43,3,1,1,Needs Attention
3177,179,1,77.22,3,1,1,Needs Attention
4883,179,2,90.97,3,2,2,Needs Attention
9027,179,2,91.13,3,2,2,Needs Attention
6413,179,2,96.76,3,2,2,Needs Attention
9784,179,1,159.0,3,1,2,Needs Attention
3036,179,1,183.56,3,1,2,Needs Attention
7812,179,1,240.36,3,1,3,Needs Attention
9652,179,1,260.98,3,1,3,Needs Attention
499,179,2,353.37,3,2,4,Needs Attention
5696,179,2,405.31,3,2,4,Needs Attention
75,179,3,443.59,3,3,4,Loyal Customers
8833,179,3,960.82,3,3,5,Loyal Customers
6015,179,2,1139.53,3,2,5,Needs Attention
10315,179,5,1783.05,3,4,5,Loyal Customers
2233,179,4,1885.47,3,4,5,Loyal Customers
4774,178,1,15.58,3,1,1,Needs Attention
6952,178,1,20.1,3,1,1,Needs Attention
8701,178,1,32.43,3,1,1,Needs Attention
6706,178,1,100.34,3,1,2,Needs Attention
3748,178,1,223.9,3,1,3,Needs Attention
11350,178,1,268.65,3,1,3,Needs Attention
1218,178,3,372.15,3,3,4,Loyal Customers
396,178,2,675.01,3,2,5,Needs Attention
10461,178,5,765.72,3,4,5,Loyal Customers
3678,178,3,1014.91,3,3,5,Loyal Customers
4052,177,1,35.68,3,1,1,Needs Attention
6873,177,1,39.56,3,1,1,Needs Attention
2669,177,1,57.91,3,1,1,Needs Attention
6537,177,1,79.5,3,1,1,Needs Attention
9663,177,1,103.94,3,1,2,Needs Attention
4665,177,1,266.32,3,1,3,Needs Attention
5470,177,3,417.92,3,3,4,Loyal Customers
8537,177,4,435.52,3,4,4,Loyal Customers
8491,177,4,443.38,3,4,4,Loyal Customers
1446,177,4,654.92,3,4,5,Loyal Customers
7352,177,5,825.19,3,4,5,Loyal Customers
6731,177,2,875.93,3,2,5,Needs Attention
91,177,4,1011.51,3,4,5,Loyal Customers
2658,177,3,1194.46,3,3,5,Loyal Customers
9573,176,1,25.41,3,1,1,Needs Attention
10636,176,2,31.42,3,2,1,Needs Attention
7765,176,1,37.22,3,1,1,Needs Attention
1412,176,1,59.07,3,1,1,Needs Attention
4128,176,1,64.94,3,1,1,Needs Attention
7897,176,3,132.65,3,3,2,Loyal Customers
2321,176,1,183.92,3,1,2,Needs Attention
11564,176,1,206.94,3,1,3,Needs Attention
7710,176,1,312.6,3,1,3,Needs Attention
645,176,3,313.32,3,3,3,Loyal Customers
9705,176,2,495.29,3,2,4,Needs Attention
6903,176,1,504.15,3,1,4,Needs Attention
9157,176,2,739.96,3,2,5,Needs Attention
1472,175,1,21.98,3,1,1,Needs Attention
11306,175,2,63.08,3,2,1,Needs Attention
6435,175,1,85.86,3,1,2,Needs Attention
3037,175,1,90.61,3,1,2,Needs Attention
9578,175,1,126.09,3,1,2,Needs Attention
936,175,1,154.9,3,1,2,Needs Attention
3935,175,2,213.83,3,2,3,Needs Attention
3337,175,1,226.31,3,1,3,Needs Attention
11426,175,2,248.15,3,2,3,Needs Attention
10205,175,1,294.03,3,1,3,Needs Attention
4982,175,4,305.41,3,4,3,Loyal Customers
9644,175,5,529.43,3,4,4,Loyal Customers
6866,175,3,841.88,3,3,5,Loyal Customers
10306,174,1,31.82,3,1,1,Needs Attention
10146,174,1,37.88,3,1,1,Needs Attention
678,174,1,59.51,3,1,1,Needs Attention
10856,174,1,75.44,3,1,1,Needs Attention
1999,174,1,107.62,3,1,2,Needs Attention
7347,174,1,158.95,3,1,2,Needs Attention
5963,174,1,198.86,3,1,3,Needs Attention
8660,174,1,207.96,3,1,3,Needs Attention
1880,174,3,432.07,3,3,4,Loyal Customers
4991,174,2,505.73,3,2,4,Needs Attention
5556,174,3,510.17,3,3,4,Loyal Customers
3739,174,1,708.79,3,1,5,Needs Attention
10912,174,5,1044.09,3,4,5,Loyal Customers
4080,174,2,1069.48,3,2,5,Needs Attention
8205,174,8,1311.75,3,5,5,Loyal Customers
3893,173,1,20.2,3,1,1,Needs Attention
6769,173,1,38.39,3,1,1,Needs Attention
3178,173,1,40.4,3,1,1,Needs Attention
1945,173,1,93.58,3,1,2,Needs Attention
9197,173,1,110.72,3,1,2,Needs Attention
653,173,3,127.28,3,3,2,Loyal Customers
7529,173,1,214.88,3,1,3,Needs Attention
9565,173,1,277.5,3,1,3,Needs Attention
10373,173,3,278.3,3,3,3,Loyal Customers
4262,173,1,329.62,3,1,3,Needs Attention
6658,173,4,333.8,3,4,3,Loyal Customers
6696,173,2,460.28,3,2,4,Needs Attention
9036,173,1,554.85,3,1,4,Needs Attention
7811,173,1,574.45,3,1,4,Needs Attention
4898,173,1,607.77,3,1,4,Needs Attention
1829,173,1,794.58,3,1,5,Needs Attention
4315,173,3,802.52,3,3,5,Loyal Customers
6473,173,1,861.44,3,1,5,Needs Attention
8959,172,1,43.86,3,1,1,Needs Attention
3347,172,1,63.25,3,1,1,Needs Attention
1671,172,1,132.08,3,1,2,Needs Attention
3035,172,1,158.15,3,1,2,Needs Attention
10779,172,2,197.56,3,2,3,Needs Attention
555,172,1,222.77,3,1,3,Needs Attention
9521,172,1,224.79,3,1,3,Needs Attention
10624,172,3,669.63,3,3,5,Loyal Customers
3983,172,2,773.99,3,2,5,Needs Attention
7681,172,5,1141.34,3,4,5,Loyal Customers
5500,171,1,26.96,3,1,1,Needs Attention
2580,171,2,37.6,3,2,1,Needs Attention
5562,171,1,113.79,3,1,2,Needs Attention
7392,171,1,150.82,3,1,2,Needs Attention
3314,171,2,158.64,3,2,2,Needs Attention
2102,171,1,454.71,3,1,4,Needs Attention
6149,171,2,584.87,3,2,4,Needs Attention
1667,171,2,1148.22,3,2,5,Needs Attention
9822,171,2,1151.31,3,2,5,Needs Attention
9116,171,8,1168.54,3,5,5,Loyal Customers
11181,171,6,1298.36,3,5,5,Loyal Customers
10483,171,4,2703.59,3,4,5,Loyal Customers
9984,170,1,68.68,3,1,1,Needs Attention
11818,170,2,132.08,3,2,2,Needs Attention
7202,170,3,166.84,3,3,2,Loyal Customers
9458,170,3,328.12,3,3,3,Loyal Customers
4231,170,2,357.04,3,2,4,Needs Attention
8819,170,3,464.17,3,3,4,Loyal Customers
1584,170,4,544.66,3,4,4,Loyal Customers
7593,170,4,611.54,3,4,4,Loyal Customers
6513,170,5,802.02,3,4,5,Loyal Customers
1199,170,5,2972.82,3,4,5,Loyal Customers
2632,169,1,51.16,3,1,1,Needs Attention
8846,169,1,70.28,3,1,1,Needs Attention
813,169,1,103.38,3,1,2,Needs Attention
6302,169,3,154.66,3,3,2,Loyal Customers
5020,169,1,180.11,3,1,2,Needs Attention
163,169,3,231.95,3,3,3,Loyal Customers
3422,169,1,247.73,3,1,3,Needs Attention
7490,169,2,290.28,3,2,3,Needs Attention
7738,169,1,381.95,3,1,4,Needs Attention
787,169,4,386.81,3,4,4,Loyal Customers
8557,169,1,474.12,3,1,4,Needs Attention
11008,169,4,502.77,3,4,4,Loyal Customers
7785,169,1,645.36,3,1,5,Needs Attention
3859,169,5,1141.71,3,4,5,Loyal Customers
11853,169,4,1879.21,3,4,5,Loyal Customers
3737,168,1,13.1,3,1,1,Needs Attention
1594,168,1,42.68,3,1,1,Needs Attention
4990,168,1,66.39,3,1,1,Needs Attention
6902,168,1,68.14,3,1,1,Needs Attention
4495,168,1,114.12,3,1,2,Needs Attention
2323,168,2,158.1,3,2,2,Needs Attention
3692,168,2,167.61,3,2,2,Needs Attention
6872,168,1,289.86,3,1,3,Needs Attention
9893,168,1,307.08,3,1,3,Needs Attention
8345,168,2,336.26,3,2,3,Needs Attention
10843,168,3,344.21,3,3,4,Loyal Customers
8699,168,1,563.6,3,1,4,Needs Attention
8114,168,4,638.96,3,4,5,Loyal Customers
7203,168,5,746.96,3,4,5,Loyal Customers
7964,168,5,767.41,3,4,5,Loyal Customers
1918,168,1,859.31,3,1,5,Needs Attention
11902,168,6,1024.11,3,5,5,Loyal Customers
3905,168,3,1097.91,3,3,5,Loyal Customers
904,168,3,1282.36,3,3,5,Loyal Customers
10366,168,4,1569.24,3,4,5,Loyal Customers
11457,167,2,171.03,3,2,2,Needs Attention
974,167,2,210.8,3,2,3,Needs Attention
2581,167,2,239.55,3,2,3,Needs Attention
1015,167,2,314.22,3,2,3,Needs Attention
7879,167,1,336.59,3,1,3,Needs Attention
7802,167,3,438.7,3,3,4,Loyal Customers
9267,167,3,781.29,3,3,5,Loyal Customers
10736,167,6,1314.95,3,5,5,Loyal Customers
5518,166,1,33.24,3,1,1,Needs Attention
5523,166,1,57.4,3,1,1,Needs Attention
1972,166,1,81.71,3,1,1,Needs Attention
7620,166,1,113.1,3,1,2,Needs Attention
3006,166,1,125.49,3,1,2,Needs Attention
2707,166,1,133.8,3,1,2,Needs Attention
11690,166,1,158.83,3,1,2,Needs Attention
4907,166,2,166.38,3,2,2,Needs Attention
6831,166,1,335.77,3,1,3,Needs Attention
1755,166,3,355.31,3,3,4,Loyal Customers
2926,166,6,424.93,3,5,4,Loyal Customers
7021,166,1,554.39,3,1,4,Needs Attention
1298,166,2,566.33,3,2,4,Needs Attention
10812,166,3,921.01,3,3,5,Loyal Customers
6640,166,5,3245.39,3,4,5,Loyal Customers
11983,165,1,61.76,3,1,1,Needs Attention
9385,165,1,74.7,3,1,1,Needs Attention
4179,165,1,103.73,3,1,2,Needs Attention
1490,165,3,109.11,3,3,2,Loyal Customers
5946,165,1,155.06,3,1,2,Needs Attention
6993,165,1,186.17,3,1,2,Needs Attention
8802,165,3,256.86,3,3,3,Loyal Customers
6360,165,1,258.12,3,1,3,Needs Attention
11784,165,1,311.67,3,1,3,Needs Attention
2841,165,2,495.78,3,2,4,Needs Attention
4219,165,1,658.13,3,1,5,Needs Attention
10993,165,3,790.32,3,3,5,Loyal Customers
9273,165,2,1096.82,3,2,5,Needs Attention
1530,165,6,1102.32,3,5,5,Loyal Customers
2985,165,4,1164.32,3,4,5,Loyal Customers
2044,165,4,1727.56,3,4,5,Loyal Customers
5132,165,7,2621.41,3,5,5,Loyal Customers
5870,164,1,17.17,3,1,1,Needs Attention
3279,164,1,38.97,3,1,1,Needs Attention
9679,164,1,45.57,3,1,1,Needs Attention
11563,164,1,56.48,3,1,1,Needs Attention
4605,164,2,56.78,3,2,1,Needs Attention
2442,164,1,108.47,3,1,2,Needs Attention
9929,164,3,112.13,3,3,2,Loyal Customers
1341,164,2,133.01,3,2,2,Needs Attention
9982,164,3,137.34,3,3,2,Loyal Customers
7737,164,2,164.01,3,2,2,Needs Attention
4385,164,2,230.17,3,2,3,Needs Attention
5775,164,1,230.36,3,1,3,Needs Attention
724,164,2,323.26,3,2,3,Needs Attention
11152,164,3,324.38,3,3,3,Loyal Customers
6097,164,1,341.03,3,1,3,Needs Attention
10805,164,2,342.32,3,2,3,Needs Attention
5155,164,2,364.36,3,2,4,Needs Attention
11693,164,1,450.2,3,1,4,Needs Attention
4905,164,5,480.55,3,4,4,Loyal Customers
4664,164,4,504.83,3,4,4,Loyal Customers
2646,164,6,515.93,3,5,4,Loyal Customers
4701,164,2,539.63,3,2,4,Needs Attention
2512,164,5,816.39,3,4,5,Loyal Customers
10253,163,1,39.53,3,1,1,Needs Attention
10789,163,1,81.99,3,1,1,Needs Attention
6130,163,1,220.16,3,1,3,Needs Attention
11953,163,1,275.34,3,1,3,Needs Attention
2122,163,1,283.05,3,1,3,Needs Attention
3914,163,3,354.85,3,3,4,Loyal Customers
9685,163,2,376.92,3,2,4,Needs Attention
3474,163,1,396.46,3,1,4,Needs Attention
6223,163,2,535.69,3,2,4,Needs Attention
4869,163,1,757.01,3,1,5,Needs Attention
2470,163,7,1044.31,3,5,5,Loyal Customers
5505,163,1,1161.85,3,1,5,Needs Attention
5557,163,4,1442.87,3,4,5,Loyal Customers
912,163,2,1622.9,3,2,5,Needs Attention
1364,163,5,1721.42,3,4,5,Loyal Customers
9350,162,1,34.26,3,1,1,Needs Attention
527,162,1,117.05,3,1,2,Needs Attention
7920,162,3,217.82,3,3,3,Loyal Customers
7527,162,3,247.14,3,3,3,Loyal Customers
2668,162,1,268.77,3,1,3,Needs Attention
6483,162,5,501.45,3,4,4,Loyal Customers
6175,162,2,628.89,3,2,4,Needs Attention
5390,162,1,675.3,3,1,5,Needs Attention
11508,162,7,1017.78,3,5,5,Loyal Customers
4696,162,2,1200.14,3,2,5,Needs Attention
8612,162,8,1223.27,3,5,5,Loyal Customers
4137,161,1,13.48,3,1,1,Needs Attention
7395,161,1,14.02,3,1,1,Needs Attention
11944,161,1,14.93,3,1,1,Needs Attention
963,161,1,57.91,3,1,1,Needs Attention
6238,161,1,62.08,3,1,1,Needs Attention
251,161,1,153.18,3,1,2,Needs Attention
2472,161,3,175.6,3,3,2,Loyal Customers
70,161,1,247.28,3,1,3,Needs Attention
6800,161,4,273.28,3,4,3,Loyal Customers
9969,161,2,409.28,3,2,4,Needs Attention
11443,161,3,568.57,3,3,4,Loyal Customers
1467,161,1,733.47,3,1,5,Needs Attention
1674,161,4,1122.92,3,4,5,Loyal Customers
3456,161,3,1149.05,3,3,5,Loyal Customers
6944,161,5,1326.31,3,4,5,Loyal Customers
8385,160,1,90.8,3,1,2,Needs Attention
2333,160,1,154.0,3,1,2,Needs Attention
2567,160,1,163.89,3,1,2,Needs Attention
11117,160,3,288.9,3,3,3,Loyal Customers
6334,160,1,294.42,3,1,3,Needs Attention
5852,160,2,344.02,3,2,4,Needs Attention
2120,160,1,373.11,3,1,4,Needs Attention
11161,160,3,378.39,3,3,4,Loyal Customers
4,160,3,479.03,3,3,4,Loyal Customers
4676,160,4,619.98,3,4,4,Loyal Customers
11057,160,4,796.16,3,4,5,Loyal Customers
7866,160,4,854.29,3,4,5,Loyal Customers
8366,160,7,936.93,3,5,5,Loyal Customers
6129,160,1,1232.41,3,1,5,Needs Attention
3187,160,5,1449.61,3,4,5,Loyal Customers
2380,160,2,1640.25,3,2,5,Needs Attention
7251,159,1,22.94,3,1,1,Needs Attention
7656,159,1,28.37,3,1,1,Needs Attention
11406,159,1,170.68,3,1,2,Needs Attention
9837,159,1,171.72,3,1,2,Needs Attention
6321,159,1,211.05,3,1,3,Needs Attention
1729,159,1,247.73,3,1,3,Needs Attention
8479,159,1,329.59,3,1,3,Needs Attention
5612,159,1,332.2,3,1,3,Needs Attention
10311,159,3,369.25,3,3,4,Loyal Customers
9070,159,1,381.75,3,1,4,Needs Attention
2988,159,2,561.57,3,2,4,Needs Attention
10700,159,2,909.26,3,2,5,Needs Attention
3865,159,2,1338.47,3,2,5,Needs Attention
9316,159,3,1716.23,3,3,5,Loyal Customers
1138,158,1,14.82,3,1,1,Needs Attention
10999,158,2,40.49,3,2,1,Needs Attention
6025,158,1,87.58,3,1,2,Needs Attention
10598,158,1,94.33,3,1,2,Needs Attention
11632,158,3,190.96,3,3,3,Loyal Customers
6969,158,2,269.09,3,2,3,Needs Attention
11922,158,1,280.91,3,1,3,Needs Attention
8734,158,2,343.7,3,2,4,Needs Attention
10236,158,1,349.14,3,1,4,Needs Attention
3804,158,3,359.92,3,3,4,Loyal Customers
6954,158,2,436.16,3,2,4,Needs Attention
7991,158,2,570.02,3,2,4,Needs Attention
5868,158,3,581.11,3,3,4,Loyal Customers
4344,158,7,1018.64,3,5,5,Loyal Customers
3608,158,3,1665.56,3,3,5,Loyal Customers
5671,157,1,22.09,3,1,1,Needs Attention
6070,157,1,52.42,3,1,1,Needs Attention
8948,157,1,153.79,3,1,2,Needs Attention
627,157,1,170.9,3,1,2,Needs Attention
5449,157,1,212.36,3,1,3,Needs Attention
8627,157,2,280.83,3,2,3,Needs Attention
8413,157,4,283.92,3,4,3,Loyal Customers
1849,157,3,368.88,3,3,4,Loyal Customers
7718,157,1,398.6,3,1,4,Needs Attention
6017,157,5,640.19,3,4,5,Loyal Customers
859,157,1,696.29,3,1,5,Needs Attention
9219,157,3,761.04,3,3,5,Loyal Customers
6037,157,4,886.29,3,4,5,Loyal Customers
2603,157,1,891.46,3,1,5,Needs Attention
1231,157,2,959.09,3,2,5,Needs Attention
4837,157,2,1091.13,3,2,5,Needs Attention
8267,157,3,1393.19,3,3,5,Loyal Customers
684,157,3,1444.03,3,3,5,Loyal Customers
9939,157,5,1779.75,3,4,5,Loyal Customers
8207,156,1,26.71,3,1,1,Needs Attention
1974,156,1,44.62,3,1,1,Needs Attention
4845,156,1,51.16,3,1,1,Needs Attention
2302,156,1,132.46,3,1,2,Needs Attention
1656,156,2,143.52,3,2,2,Needs Attention
6747,156,1,173.15,3,1,2,Needs Attention
4580,156,1,191.62,3,1,3,Needs Attention
580,156,1,191.8,3,1,3,Needs Attention
11179,156,2,298.2,3,2,3,Needs Attention
1225,156,1,345.94,3,1,4,Needs Attention
367,156,4,464.78,3,4,4,Loyal Customers
7268,156,3,652.31,3,3,5,Loyal Customers
8017,156,1,744.68,3,1,5,Needs Attention
2105,156,4,870.03,3,4,5,Loyal Customers
7685,156,4,908.11,3,4,5,Loyal Customers
11851,155,1,9.41,3,1,1,Needs Attention
1873,155,2,58.44,3,2,1,Needs Attention
9785,155,2,90.44,3,2,2,Needs Attention
10527,155,1,117.25,3,1,2,Needs Attention
8378,155,2,226.92,3,2,3,Needs Attention
893,155,2,281.5,3,2,3,Needs Attention
5370,155,1,296.72,3,1,3,Needs Attention
10576,155,1,384.11,3,1,4,Needs Attention
2476,155,3,468.89,3,3,4,Loyal Customers
2056,155,5,752.98,3,4,5,Loyal Customers
11890,155,4,861.39,3,4,5,Loyal Customers
8686,155,5,865.98,3,4,5,Loyal Customers
3202,155,7,1170.3,3,5,5,Loyal Customers
2217,155,4,1239.86,3,4,5,Loyal Customers
9115,154,1,27.82,3,1,1,Needs Attention
3419,154,2,136.6,3,2,2,Needs Attention
5816,154,3,187.56,3,3,3,Loyal Customers
11221,154,3,216.37,3,3,3,Loyal Customers
2045,154,2,249.11,3,2,3,Needs Attention
9799,154,1,254.14,3,1,3,Needs Attention
1192,154,1,298.66,3,1,3,Needs Attention
1625,154,3,359.95,3,3,4,Loyal Customers
9453,154,1,435.66,3,1,4,Needs Attention
6619,154,3,444.06,3,3,4,Loyal Customers
990,154,2,459.79,3,2,4,Needs Attention
8392,154,1,529.59,3,1,4,Needs Attention
3712,153,1,97.52,3,1,2,Needs Attention
4355,153,1,118.93,3,1,2,Needs Attention
2118,153,2,122.61,3,2,2,Needs Attention
7947,153,1,199.27,3,1,3,Needs Attention
126,153,3,209.14,3,3,3,Loyal Customers
9084,153,1,230.7,3,1,3,Needs Attention
8690,153,1,260.06,3,1,3,Needs Attention
9094,153,2,483.76,3,2,4,Needs Attention
3298,153,5,720.35,3,4,5,Loyal Customers
3091,153,5,1091.35,3,4,5,Loyal Customers
10247,152,1,17.78,3,1,1,Needs Attention
1248,152,2,73.88,3,2,1,Needs Attention
3769,152,2,121.8,3,2,2,Needs Attention
5689,152,2,212.44,3,2,3,Needs Attention
8489,152,4,289.83,3,4,3,Loyal Customers
3096,152,3,321.24,3,3,3,Loyal Customers
377,152,3,351.2,3,3,4,Loyal Customers
3545,152,1,363.84,3,1,4,Needs Attention
6103,152,3,684.9,3,3,5,Loyal Customers
3110,152,6,749.94,3,5,5,Loyal Customers
1007,152,2,1219.74,3,2,5,Needs Attention
821,151,1,13.16,3,1,1,Needs Attention
6110,151,1,22.14,3,1,1,Needs Attention
8320,151,1,43.56,3,1,1,Needs Attention
5353,151,1,51.12,3,1,1,Needs Attention
3561,151,1,53.67,3,1,1,Needs Attention
3578,151,1,57.91,3,1,1,Needs Attention
11757,151,1,65.74,3,1,1,Needs Attention
7354,151,1,77.16,3,1,1,Needs Attention
6608,151,2,95.1,3,2,2,Needs Attention
6592,151,2,331.11,3,2,3,Needs Attention
4922,151,2,348.52,3,2,4,Needs Attention
9371,151,2,350.91,3,2,4,Needs Attention
3831,151,2,438.08,3,2,4,Needs Attention
11650,151,2,505.94,3,2,4,Needs Attention
6569,151,2,627.52,3,2,4,Needs Attention
10091,151,2,642.51,3,2,5,Needs Attention
3845,151,6,1385.54,3,5,5,Loyal Customers
2931,150,1,12.81,3,1,1,Needs Attention
10250,150,1,13.02,3,1,1,Needs Attention
9683,150,1,67.52,3,1,1,Needs Attention
1870,150,1,96.67,3,1,2,Needs Attention
9249,150,2,212.15,3,2,3,Needs Attention
4881,150,1,251.46,3,1,3,Needs Attention
10980,150,1,294.83,3,1,3,Needs Attention
2922,150,1,341.24,3,1,3,Needs Attention
3763,150,3,455.21,3,3,4,Loyal Customers
4571,150,3,520.79,3,3,4,Loyal Customers
2248,150,2,637.73,3,2,5,Needs Attention
10203,150,1,808.08,3,1,5,Needs Attention
7030,150,5,811.17,3,4,5,Loyal Customers
910,150,2,929.97,3,2,5,Needs Attention
3188,150,5,1430.01,3,4,5,Loyal Customers
11378,150,2,1590.62,3,2,5,Needs Attention
7555,150,5,1610.81,3,4,5,Loyal Customers
8937,149,1,11.07,3,1,1,Needs Attention
9266,149,1,81.71,3,1,1,Needs Attention
6611,149,1,96.7,3,1,2,Needs Attention
550,149,1,114.23,3,1,2,Needs Attention
2736,149,1,144.9,3,1,2,Needs Attention
253,149,1,165.33,3,1,2,Needs Attention
5416,149,1,235.75,3,1,3,Needs Attention
9543,149,1,257.58,3,1,3,Needs Attention
9988,149,4,312.29,3,4,3,Loyal Customers
7528,149,2,322.14,3,2,3,Needs Attention
3326,149,2,364.84,3,2,4,Needs Attention
9862,149,2,369.49,3,2,4,Needs Attention
6675,149,3,395.69,3,3,4,Loyal Customers
1688,149,4,467.88,3,4,4,Loyal Customers
2754,149,3,568.52,3,3,4,Loyal Customers
2709,148,1,15.58,3,1,1,Needs Attention
5153,148,1,39.11,3,1,1,Needs Attention
4499,148,1,59.3,3,1,1,Needs Attention
3836,148,1,126.28,3,1,2,Needs Attention
7781,148,1,141.3,3,1,2,Needs Attention
10538,148,1,228.95,3,1,3,Needs Attention
3576,148,3,257.27,3,3,3,Loyal Customers
5933,148,4,513.85,3,4,4,Loyal Customers
11903,148,2,516.31,3,2,4,Needs Attention
10120,148,4,525.34,3,4,4,Loyal Customers
661,148,1,652.51,3,1,5,Needs Attention
8621,148,3,749.77,3,3,5,Loyal Customers
3259,148,3,821.49,3,3,5,Loyal Customers
1246,148,2,1506.08,3,2,5,Needs Attention
11617,147,1,10.46,3,1,1,Needs Attention
9262,147,1,36.1,3,1,1,Needs Attention
2986,147,1,83.58,3,1,2,Needs Attention
2314,147,3,125.64,3,3,2,Loyal Customers
9095,147,2,228.44,3,2,3,Needs Attention
7859,147,3,241.33,3,3,3,Loyal Customers
7459,147,2,304.65,3,2,3,Needs Attention
10404,147,2,335.27,3,2,3,Needs Attention
1286,147,3,350.11,3,3,4,Loyal Customers
10619,147,4,359.44,3,4,4,Loyal Customers
5856,147,3,439.93,3,3,4,Loyal Customers
4263,147,4,612.29,3,4,4,Loyal Customers
3813,147,1,621.82,3,1,4,Needs Attention
10113,146,1,41.33,3,1,1,Needs Attention
10362,146,1,55.54,3,1,1,Needs Attention
3693,146,1,89.85,3,1,2,Needs Attention
7079,146,2,96.49,3,2,2,Needs Attention
4970,146,1,105.28,3,1,2,Needs Attention
2174,146,1,123.68,3,1,2,Needs Attention
10533,146,1,149.78,3,1,2,Needs Attention
8048,146,2,187.21,3,2,3,Needs Attention
1302,146,2,194.56,3,2,3,Needs Attention
1845,146,1,240.05,3,1,3,Needs Attention
1668,146,1,245.25,3,1,3,Needs Attention
2254,146,1,328.39,3,1,3,Needs Attention
11631,146,1,339.1,3,1,3,Needs Attention
319,146,1,379.98,3,1,4,Needs Attention
6074,146,1,580.28,3,1,4,Needs Attention
6778,146,3,1308.24,3,3,5,Loyal Customers
9302,145,1,16.73,3,1,1,Needs Attention
7927,145,1,28.97,3,1,1,Needs Attention
1442,145,1,39.78,3,1,1,Needs Attention
9099,145,1,44.88,3,1,1,Needs Attention
1570,145,2,85.5,3,2,2,Needs Attention
1752,145,1,252.76,3,1,3,Needs Attention
10185,145,1,265.27,3,1,3,Needs Attention
9921,145,3,298.42,3,3,3,Loyal Customers
5158,145,2,331.97,3,2,3,Needs Attention
9292,145,1,402.72,3,1,4,Needs Attention
9208,145,2,408.93,3,2,4,Needs Attention
9997,145,1,438.88,3,1,4,Needs Attention
11982,145,3,449.85,3,3,4,Loyal Customers
10558,145,2,472.58,3,2,4,Needs Attention
1438,145,4,474.87,3,4,4,Loyal Customers
8287,145,3,559.03,3,3,4,Loyal Customers
5992,145,2,588.63,3,2,4,Needs Attention
4218,145,3,597.39,3,3,4,Loyal Customers
10839,145,6,630.04,3,5,4,Loyal Customers
2782,145,1,927.68,3,1,5,Needs Attention
10477,145,6,1166.19,3,5,5,Loyal Customers
5319,144,1,11.72,3,1,1,Needs Attention
9884,144,1,52.14,3,1,1,Needs Attention
11618,144,1,102.62,3,1,2,Needs Attention
399,144,1,160.19,3,1,2,Needs Attention
6501,144,1,173.71,3,1,2,Needs Attention
7707,144,2,174.11,3,2,2,Needs Attention
7215,144,3,220.57,3,3,3,Loyal Customers
2706,144,2,294.61,3,2,3,Needs Attention
4614,144,1,312.33,3,1,3,Needs Attention
6792,144,3,388.92,3,3,4,Loyal Customers
9231,144,2,496.05,3,2,4,Needs Attention
6023,144,3,734.08,3,3,5,Loyal Customers
7862,144,5,1705.67,3,4,5,Loyal Customers
10609,143,1,54.12,3,1,1,Needs Attention
6879,143,2,98.2,3,2,2,Needs Attention
9392,143,2,187.68,3,2,3,Needs Attention
10776,143,2,198.68,3,2,3,Needs Attention
7185,143,2,199.06,3,2,3,Needs Attention
1844,143,2,263.44,3,2,3,Needs Attention
385,143,2,359.77,3,2,4,Needs Attention
9983,143,1,765.18,3,1,5,Needs Attention
10964,143,3,2212.51,3,3,5,Loyal Customers
8643,142,1,12.84,3,1,1,Needs Attention
6934,142,1,26.2,3,1,1,Needs Attention
11659,142,1,31.08,3,1,1,Needs Attention
7708,142,1,91.95,3,1,2,Needs Attention
111,142,2,210.11,3,2,3,Needs Attention
11163,142,1,355.77,3,1,4,Needs Attention
10507,142,4,612.89,3,4,4,Loyal Customers
8912,142,3,999.8,3,3,5,Loyal Customers
11110,142,3,1069.86,3,3,5,Loyal Customers
1622,142,4,2342.49,3,4,5,Loyal Customers
5474,141,1,77.27,3,1,1,Needs Attention
8863,141,2,82.28,3,2,1,Needs Attention
3382,141,2,117.27,3,2,2,Needs Attention
8603,141,2,124.15,3,2,2,Needs Attention
9960,141,1,148.75,3,1,2,Needs Attention
2308,141,1,168.08,3,1,2,Needs Attention
2929,141,1,186.28,3,1,3,Needs Attention
3729,141,3,198.11,3,3,3,Loyal Customers
2139,141,2,233.22,3,2,3,Needs Attention
7019,141,3,274.81,3,3,3,Loyal Customers
2005,141,1,286.46,3,1,3,Needs Attention
11472,141,2,312.77,3,2,3,Needs Attention
6677,141,2,344.6,3,2,4,Needs Attention
3650,141,2,395.17,3,2,4,Needs Attention
2161,141,3,597.27,3,3,4,Loyal Customers
2305,141,1,657.14,3,1,5,Needs Attention
11079,141,3,660.17,3,3,5,Loyal Customers
11610,141,4,674.64,3,4,5,Loyal Customers
2715,141,4,935.95,3,4,5,Loyal Customers
10704,141,8,1180.1,3,5,5,Loyal Customers
5281,141,2,1276.68,3,2,5,Needs Attention
8927,141,4,1328.72,3,4,5,Loyal Customers
7539,141,4,1393.36,3,4,5,Loyal Customers
3726,141,3,2109.16,3,3,5,Loyal Customers
1714,140,1,70.28,3,1,1,Needs Attention
7469,140,1,100.32,3,1,2,Needs Attention
9882,140,2,105.01,3,2,2,Needs Attention
6824,140,5,200.88,3,4,3,Loyal Customers
2035,140,1,373.5,3,1,4,Needs Attention
5934,140,1,381.48,3,1,4,Needs Attention
6549,140,1,395.8,3,1,4,Needs Attention
489,140,3,408.76,3,3,4,Loyal Customers
10662,140,2,476.8,3,2,4,Needs Attention
3736,140,4,1014.26,3,4,5,Loyal Customers
4029,140,2,1405.63,3,2,5,Needs Attention
2300,139,1,15.49,3,1,1,Needs Attention
9819,139,1,77.24,3,1,1,Needs Attention
1735,139,2,140.58,3,2,2,Needs Attention
11234,139,2,222.09,3,2,3,Needs Attention
8680,139,2,222.76,3,2,3,Needs Attention
5670,139,2,237.15,3,2,3,Needs Attention
3289,139,2,248.43,3,2,3,Needs Attention
2066,139,1,271.04,3,1,3,Needs Attention
5104,139,2,307.08,3,2,3,Needs Attention
11019,139,2,343.76,3,2,4,Needs Attention
1702,139,2,361.44,3,2,4,Needs Attention
59,139,1,445.3,3,1,4,Needs Attention
7304,139,4,460.29,3,4,4,Loyal Customers
2130,139,2,513.92,3,2,4,Needs Attention
6710,139,4,536.58,3,4,4,Loyal Customers
8288,139,1,547.51,3,1,4,Needs Attention
8703,139,2,763.84,3,2,5,Needs Attention
2758,139,1,766.06,3,1,5,Needs Attention
10260,139,1,1099.56,3,1,5,Needs Attention
2862,139,5,1106.27,3,4,5,Loyal Customers
2132,139,4,1761.47,3,4,5,Loyal Customers
9913,139,10,1983.71,3,5,5,Loyal Customers
9168,138,1,22.86,3,1,1,Needs Attention
9953,138,1,35.07,3,1,1,Needs Attention
8691,138,1,56.12,3,1,1,Needs Attention
4361,138,1,78.69,3,1,1,Needs Attention
4220,138,1,95.46,4,1,2,New & Promising
5803,138,1,105.33,4,1,2,New & Promising
7059,138,1,199.63,4,1,3,New & Promising
1510,138,3,216.56,4,3,3,Loyal Customers
2048,138,2,287.23,4,2,3,New & Promising
5179,138,1,299.77,4,1,3,New & Promising
10320,138,2,314.41,4,2,3,New & Promising
1453,138,3,354.35,4,3,4,Loyal Customers
1539,138,1,381.21,4,1,4,New & Promising
10370,138,4,477.13,4,4,4,Champions
10367,138,4,541.92,4,4,4,Champions
4887,138,5,725.27,4,4,5,Champions
11101,138,3,955.52,4,3,5,Loyal Customers
8310,138,5,1012.56,4,4,5,Champions
7349,138,2,1230.13,4,2,5,New & Promising
10172,138,3,1489.72,4,3,5,Loyal Customers
7837,137,1,14.62,4,1,1,New & Promising
10241,137,1,21.48,4,1,1,New & Promising
6014,137,1,25.19,4,1,1,New & Promising
4899,137,1,79.5,4,1,1,New & Promising
6665,137,1,101.26,4,1,2,New & Promising
11651,137,2,101.71,4,2,2,New & Promising
2970,137,1,158.58,4,1,2,New & Promising
5424,137,2,174.56,4,2,2,New & Promising
9742,137,1,186.08,4,1,2,New & Promising
9897,137,1,193.27,4,1,3,New & Promising
6935,137,1,201.48,4,1,3,New & Promising
11605,137,1,221.96,4,1,3,New & Promising
7102,137,2,272.86,4,2,3,New & Promising
10587,137,1,288.37,4,1,3,New & Promising
8408,137,1,321.48,4,1,3,New & Promising
9443,137,1,363.1,4,1,4,New & Promising
6385,137,1,410.8,4,1,4,New & Promising
4535,137,3,502.78,4,3,4,Loyal Customers
4814,137,2,594.29,4,2,4,New & Promising
755,137,4,1015.38,4,4,5,Champions
6100,137,4,1097.19,4,4,5,Champions
10981,137,5,1611.62,4,4,5,Champions
10090,136,1,13.3,4,1,1,New & Promising
7017,136,1,25.29,4,1,1,New & Promising
1885,136,1,30.38,4,1,1,New & Promising
3565,136,1,32.94,4,1,1,New & Promising
2080,136,2,59.05,4,2,1,New & Promising
4584,136,2,59.86,4,2,1,New & Promising
4939,136,1,66.82,4,1,1,New & Promising
11367,136,1,80.14,4,1,1,New & Promising
6948,136,1,95.02,4,1,2,New & Promising
8674,136,1,142.48,4,1,2,New & Promising
3038,136,2,193.09,4,2,3,New & Promising
4848,136,1,210.39,4,1,3,New & Promising
5254,136,1,255.78,4,1,3,New & Promising
9420,136,3,380.16,4,3,4,Loyal Customers
6417,136,3,579.39,4,3,4,Loyal Customers
11675,136,4,601.95,4,4,4,Champions
10552,136,2,790.64,4,2,5,New & Promising
4963,136,2,806.18,4,2,5,New & Promising
10772,136,3,1401.97,4,3,5,Loyal Customers
5091,135,1,21.36,4,1,1,New & Promising
1730,135,1,37.94,4,1,1,New & Promising
10071,135,1,54.01,4,1,1,New & Promising
4793,135,1,175.16,4,1,2,New & Promising
6192,135,2,194.36,4,2,3,New & Promising
1402,135,4,275.09,4,4,3,Champions
7776,135,2,331.53,4,2,3,New & Promising
981,135,3,438.29,4,3,4,Loyal Customers
1716,135,2,486.34,4,2,4,New & Promising
11448,135,2,506.8,4,2,4,New & Promising
9295,135,3,624.82,4,3,4,Loyal Customers
9462,135,2,679.57,4,2,5,New & Promising
11995,135,2,988.15,4,2,5,New & Promising
8393,135,4,1007.65,4,4,5,Champions
2554,135,4,2081.61,4,4,5,Champions
5362,134,1,14.72,4,1,1,New & Promising
8583,134,1,32.0,4,1,1,New & Promising
1221,134,1,44.52,4,1,1,New & Promising
4616,134,1,101.91,4,1,2,New & Promising
8122,134,1,123.01,4,1,2,New & Promising
8422,134,1,132.46,4,1,2,New & Promising
4501,134,2,166.09,4,2,2,New & Promising
11165,134,1,204.36,4,1,3,New & Promising
11868,134,2,243.39,4,2,3,New & Promising
6554,134,3,435.52,4,3,4,Loyal Customers
5435,134,2,486.26,4,2,4,New & Promising
10290,134,1,488.83,4,1,4,New & Promising
6999,134,4,677.2,4,4,5,Champions
6207,134,6,1247.64,4,5,5,Champions
9591,134,6,2166.16,4,5,5,Champions
8770,133,1,30.38,4,1,1,New & Promising
1489,133,1,41.01,4,1,1,New & Promising
1926,133,2,90.27,4,2,2,New & Promising
5442,133,1,159.06,4,1,2,New & Promising
3192,133,2,254.19,4,2,3,New & Promising
4976,133,4,309.38,4,4,3,Champions
6646,133,2,333.64,4,2,3,New & Promising
257,133,2,392.02,4,2,4,New & Promising
7714,133,2,633.77,4,2,4,New & Promising
1092,133,4,674.51,4,4,5,Champions
7644,133,2,936.07,4,2,5,New & Promising
7797,133,1,994.42,4,1,5,New & Promising
11252,133,4,1037.0,4,4,5,Champions
825,133,3,1126.28,4,3,5,Loyal Customers
730,133,6,1292.72,4,5,5,Champions
8534,133,2,1439.93,4,2,5,New & Promising
10862,133,6,3851.35,4,5,5,Champions
2088,132,2,309.96,4,2,3,New & Promising
9581,132,2,335.26,4,2,3,New & Promising
190,132,2,446.32,4,2,4,New & Promising
7932,132,2,553.53,4,2,4,New & Promising
369,132,1,570.73,4,1,4,New & Promising
3342,132,1,704.39,4,1,5,New & Promising
2330,132,2,713.97,4,2,5,New & Promising
3034,132,2,1057.65,4,2,5,New & Promising
5412,132,2,1083.02,4,2,5,New & Promising
9323,132,9,1676.12,4,5,5,Champions
8183,132,6,1749.23,4,5,5,Champions
2944,132,6,1889.73,4,5,5,Champions
10327,132,4,2097.34,4,4,5,Champions
4879,131,1,26.04,4,1,1,New & Promising
8278,131,1,33.18,4,1,1,New & Promising
62,131,1,90.19,4,1,2,New & Promising
202,131,1,108.35,4,1,2,New & Promising
6395,131,1,113.66,4,1,2,New & Promising
353,131,3,127.95,4,3,2,Loyal Customers
8658,131,1,133.8,4,1,2,New & Promising
11237,131,1,139.66,4,1,2,New & Promising
2849,131,1,143.1,4,1,2,New & Promising
2627,131,3,199.33,4,3,3,Loyal Customers
8481,131,1,337.14,4,1,3,New & Promising
2951,131,1,348.71,4,1,4,New & Promising
2631,131,5,412.04,4,4,4,Champions
6408,131,3,422.01,4,3,4,Loyal Customers
4645,131,2,493.64,4,2,4,New & Promising
1010,131,2,550.6,4,2,4,New & Promising
6854,131,8,773.43,4,5,5,Champions
5599,131,2,979.42,4,2,5,New & Promising
1224,131,3,1022.09,4,3,5,Loyal Customers
416,130,1,47.34,4,1,1,New & Promising
7786,130,1,56.12,4,1,1,New & Promising
4924,130,1,66.23,4,1,1,New & Promising
5713,130,1,67.54,4,1,1,New & Promising
1456,130,2,90.5,4,2,2,New & Promising
5650,130,2,109.11,4,2,2,New & Promising
2127,130,1,115.82,4,1,2,New & Promising
2690,130,1,126.93,4,1,2,New & Promising
11085,130,1,140.47,4,1,2,New & Promising
6392,130,1,280.42,4,1,3,New & Promising
2385,130,1,317.91,4,1,3,New & Promising
5382,130,2,369.12,4,2,4,New & Promising
969,130,5,390.96,4,4,4,Champions
10750,130,1,422.35,4,1,4,New & Promising
1033,130,1,453.55,4,1,4,New & Promising
9638,130,3,883.5,4,3,5,Loyal Customers
6173,130,3,915.4,4,3,5,Loyal Customers
5527,130,6,1240.76,4,5,5,Champions
2716,130,5,1265.91,4,4,5,Champions
8427,130,1,1611.54,4,1,5,New & Promising
8822,130,3,2158.52,4,3,5,Loyal Customers
10501,130,7,2751.5,4,5,5,Champions
9852,129,2,63.62,4,2,1,New & Promising
5792,129,2,127.46,4,2,2,New & Promising
11577,129,1,295.37,4,1,3,New & Promising
8343,129,3,345.29,4,3,4,Loyal Customers
1212,129,5,437.73,4,4,4,Champions
4389,129,4,539.93,4,4,4,Champions
748,129,3,561.59,4,3,4,Loyal Customers
4928,129,6,656.94,4,5,5,Champions
7935,129,5,897.93,4,4,5,Champions
11075,129,1,1000.71,4,1,5,New & Promising
7492,129,2,1035.64,4,2,5,New & Promising
3913,129,3,1696.34,4,3,5,Loyal Customers
6520,129,7,1807.86,4,5,5,Champions
431,128,1,10.74,4,1,1,New & Promising
7506,128,1,31.38,4,1,1,New & Promising
9934,128,2,68.73,4,2,1,New & Promising
1961,128,1,89.24,4,1,2,New & Promising
742,128,1,104.48,4,1,2,New & Promising
10634,128,2,126.12,4,2,2,New & Promising
5403,128,1,168.36,4,1,2,New & Promising
9857,128,1,174.16,4,1,2,New & Promising
2568,128,4,304.59,4,4,3,Champions
10053,128,1,308.71,4,1,3,New & Promising
2063,128,1,347.49,4,1,4,New & Promising
5667,128,1,355.29,4,1,4,New & Promising
9707,128,1,407.59,4,1,4,New & Promising
505,128,2,415.31,4,2,4,New & Promising
3901,128,4,539.14,4,4,4,Champions
641,128,6,767.53,4,5,5,Champions
3151,128,6,995.59,4,5,5,Champions
8008,128,5,1034.58,4,4,5,Champions
10414,128,5,1154.88,4,4,5,Champions
5583,127,1,44.97,4,1,1,New & Promising
5666,127,1,59.61,4,1,1,New & Promising
6813,127,2,99.7,4,2,2,New & Promising
1929,127,1,145.19,4,1,2,New & Promising
10808,127,1,248.54,4,1,3,New & Promising
6560,127,1,285.53,4,1,3,New & Promising
10711,127,1,375.28,4,1,4,New & Promising
8047,127,3,376.57,4,3,4,Loyal Customers
11073,127,5,475.86,4,4,4,Champions
1201,127,1,568.89,4,1,4,New & Promising
3855,127,2,612.12,4,2,4,New & Promising
6980,127,3,703.65,4,3,5,Loyal Customers
5426,127,1,825.3,4,1,5,New & Promising
2222,127,5,1611.41,4,4,5,Champions
5965,127,5,1634.17,4,4,5,Champions
8428,126,1,44.62,4,1,1,New & Promising
11912,126,1,84.53,4,1,2,New & Promising
7124,126,1,105.53,4,1,2,New & Promising
4167,126,1,162.27,4,1,2,New & Promising
1965,126,1,233.64,4,1,3,New & Promising
3933,126,2,287.44,4,2,3,New & Promising
3242,126,2,625.1,4,2,4,New & Promising
8651,126,4,759.96,4,4,5,Champions
5049,126,4,985.63,4,4,5,Champions
752,126,3,1068.0,4,3,5,Loyal Customers
1691,125,2,53.92,4,2,1,New & Promising
7634,125,1,77.44,4,1,1,New & Promising
1709,125,2,220.06,4,2,3,New & Promising
2592,125,2,236.73,4,2,3,New & Promising
1548,125,1,386.43,4,1,4,New & Promising
4360,125,2,416.8,4,2,4,New & Promising
4764,125,4,437.25,4,4,4,Champions
811,125,1,486.09,4,1,4,New & Promising
6105,125,2,554.44,4,2,4,New & Promising
11510,125,1,569.09,4,1,4,New & Promising
8567,125,3,648.81,4,3,5,Loyal Customers
6039,125,6,1503.94,4,5,5,Champions
9090,124,1,16.66,4,1,1,New & Promising
7104,124,1,26.6,4,1,1,New & Promising
10004,124,1,28.64,4,1,1,New & Promising
10468,124,1,91.78,4,1,2,New & Promising
5287,124,1,113.1,4,1,2,New & Promising
9429,124,2,123.0,4,2,2,New & Promising
8406,124,1,228.46,4,1,3,New & Promising
11371,124,2,336.54,4,2,3,New & Promising
4568,124,1,397.7,4,1,4,New & Promising
2648,124,1,424.59,4,1,4,New & Promising
6603,124,3,435.44,4,3,4,Loyal Customers
11206,124,1,438.6,4,1,4,New & Promising
10563,124,2,450.61,4,2,4,New & Promising
2299,124,2,576.04,4,2,4,New & Promising
3575,124,1,624.94,4,1,4,New & Promising
11185,124,5,735.28,4,4,5,Champions
11151,124,4,909.19,4,4,5,Champions
4150,124,3,934.73,4,3,5,Loyal Customers
8740,124,5,1215.98,4,4,5,Champions
11809,124,6,1226.17,4,5,5,Champions
8361,123,1,20.1,4,1,1,New & Promising
6564,123,1,25.19,4,1,1,New & Promising
11154,123,1,28.7,4,1,1,New & Promising
660,123,1,89.25,4,1,2,New & Promising
3294,123,1,106.3,4,1,2,New & Promising
8519,123,2,119.83,4,2,2,New & Promising
10226,123,1,127.0,4,1,2,New & Promising
11288,123,1,127.38,4,1,2,New & Promising
6323,123,2,159.09,4,2,2,New & Promising
6459,123,2,182.32,4,2,2,New & Promising
9895,123,2,202.48,4,2,3,New & Promising
6007,123,1,324.56,4,1,3,New & Promising
7371,123,6,382.9,4,5,4,Champions
9980,123,2,388.54,4,2,4,New & Promising
7616,123,2,542.74,4,2,4,New & Promising
2902,123,3,620.45,4,3,4,Loyal Customers
3882,123,2,670.02,4,2,5,New & Promising
3173,123,2,909.37,4,2,5,New & Promising
10526,123,2,912.96,4,2,5,New & Promising
9305,123,3,969.96,4,3,5,Loyal Customers
7824,123,3,2792.55,4,3,5,Loyal Customers
4199,123,4,3542.7,4,4,5,Champions
2441,122,1,25.89,4,1,1,New & Promising
7976,122,1,41.14,4,1,1,New & Promising
7590,122,1,45.6,4,1,1,New & Promising
105,122,1,53.16,4,1,1,New & Promising
1171,122,4,86.18,4,4,2,Champions
8946,122,1,130.38,4,1,2,New & Promising
4118,122,3,142.06,4,3,2,Loyal Customers
6522,122,3,196.92,4,3,3,Loyal Customers
11625,122,3,213.81,4,3,3,Loyal Customers
6890,122,2,220.44,4,2,3,New & Promising
468,122,3,278.19,4,3,3,Loyal Customers
6605,122,2,313.41,4,2,3,New & Promising
9131,122,2,355.82,4,2,4,New & Promising
11310,122,1,395.03,4,1,4,New & Promising
5944,122,1,1172.01,4,1,5,New & Promising
7148,122,4,1188.11,4,4,5,Champions
2712,122,4,1207.29,4,4,5,Champions
9213,122,1,1259.25,4,1,5,New & Promising
4677,122,4,1305.19,4,4,5,Champions
11021,122,3,1373.94,4,3,5,Loyal Customers
9185,121,1,14.72,4,1,1,New & Promising
4286,121,1,35.58,4,1,1,New & Promising
6556,121,1,66.62,4,1,1,New & Promising
10826,121,1,70.14,4,1,1,New & Promising
9399,121,1,129.78,4,1,2,New & Promising
9132,121,1,143.44,4,1,2,New & Promising
10559,121,1,155.06,4,1,2,New & Promising
2376,121,2,164.96,4,2,2,New & Promising
1682,121,3,224.42,4,3,3,Loyal Customers
511,121,2,240.42,4,2,3,New & Promising
2553,121,2,327.59,4,2,3,New & Promising
8845,121,3,353.85,4,3,4,Loyal Customers
8767,121,1,384.7,4,1,4,New & Promising
721,121,1,469.18,4,1,4,New & Promising
11435,121,4,749.99,4,4,5,Champions
1219,121,4,784.09,4,4,5,Champions
11363,121,1,936.39,4,1,5,New & Promising
3424,121,2,1245.51,4,2,5,New & Promising
5306,121,2,1497.74,4,2,5,New & Promising
5941,120,1,10.74,4,1,1,New & Promising
4325,120,2,56.66,4,2,1,New & Promising
8614,120,1,86.06,4,1,2,New & Promising
5684,120,1,92.79,4,1,2,New & Promising
729,120,2,120.17,4,2,2,New & Promising
6900,120,1,123.52,4,1,2,New & Promising
5375,120,2,158.22,4,2,2,New & Promising
11750,120,2,210.49,4,2,3,New & Promising
7747,120,3,324.71,4,3,3,Loyal Customers
134,120,1,325.13,4,1,3,New & Promising
6960,120,5,329.55,4,4,3,Champions
4408,120,3,371.73,4,3,4,Loyal Customers
11860,120,2,410.34,4,2,4,New & Promising
1608,120,3,562.18,4,3,4,Loyal Customers
2892,120,1,1051.18,4,1,5,New & Promising
7512,120,3,1055.69,4,3,5,Loyal Customers
453,120,5,1190.26,4,4,5,Champions
3478,120,5,1798.46,4,4,5,Champions
4558,120,6,3219.29,4,5,5,Champions
4002,119,1,19.88,4,1,1,New & Promising
9894,119,1,28.7,4,1,1,New & Promising
8109,119,1,35.8,4,1,1,New & Promising
3175,119,1,38.88,4,1,1,New & Promising
1797,119,1,66.39,4,1,1,New & Promising
1879,119,1,94.58,4,1,2,New & Promising
5464,119,1,131.58,4,1,2,New & Promising
2869,119,1,187.85,4,1,3,New & Promising
1779,119,1,255.63,4,1,3,New & Promising
4673,119,2,358.24,4,2,4,New & Promising
5760,119,2,367.53,4,2,4,New & Promising
3581,119,4,388.13,4,4,4,Champions
10611,119,3,393.83,4,3,4,Loyal Customers
320,119,3,400.5,4,3,4,Loyal Customers
10851,119,4,528.99,4,4,4,Champions
4425,118,1,30.38,4,1,1,New & Promising
10298,118,1,47.02,4,1,1,New & Promising
8005,118,1,77.27,4,1,1,New & Promising
8797,118,1,79.5,4,1,1,New & Promising
4092,118,1,136.86,4,1,2,New & Promising
7003,118,1,137.52,4,1,2,New & Promising
2188,118,1,140.26,4,1,2,New & Promising
3727,118,1,230.26,4,1,3,New & Promising
6849,118,2,289.11,4,2,3,New & Promising
4362,118,1,300.63,4,1,3,New & Promising
4521,118,1,311.54,4,1,3,New & Promising
10583,118,1,356.38,4,1,4,New & Promising
5228,118,2,365.1,4,2,4,New & Promising
2688,118,2,412.36,4,2,4,New & Promising
9447,118,4,442.91,4,4,4,Champions
449,118,2,489.56,4,2,4,New & Promising
5906,118,3,659.03,4,3,5,Loyal Customers
4460,118,3,822.51,4,3,5,Loyal Customers
9127,118,5,831.27,4,4,5,Champions
6431,118,2,943.95,4,2,5,New & Promising
4452,118,3,1388.66,4,3,5,Loyal Customers
970,118,9,1894.05,4,5,5,Champions
11526,118,6,2000.33,4,5,5,Champions
299,117,1,29.92,4,1,1,New & Promising
6719,117,2,35.02,4,2,1,New & Promising
9888,117,1,66.1,4,1,1,New & Promising
1542,117,1,93.01,4,1,2,New & Promising
7309,117,1,95.32,4,1,2,New & Promising
4228,117,1,112.24,4,1,2,New & Promising
10753,117,1,137.29,4,1,2,New & Promising
671,117,4,149.68,4,4,2,Champions
10334,117,2,152.01,4,2,2,New & Promising
10040,117,1,180.3,4,1,2,New & Promising
3546,117,2,213.31,4,2,3,New & Promising
4736,117,3,253.56,4,3,3,Loyal Customers
7208,117,2,264.12,4,2,3,New & Promising
7224,117,1,322.94,4,1,3,New & Promising
8542,117,1,380.03,4,1,4,New & Promising
788,117,3,589.58,4,3,4,Loyal Customers
11318,117,1,635.82,4,1,5,New & Promising
9369,117,1,697.96,4,1,5,New & Promising
8355,117,1,837.52,4,1,5,New & Promising
11802,117,3,1260.11,4,3,5,Loyal Customers
11114,117,2,1377.15,4,2,5,New & Promising
4805,117,7,1471.24,4,5,5,Champions
7929,116,1,44.17,4,1,1,New & Promising
5098,116,1,50.51,4,1,1,New & Promising
11483,116,1,56.37,4,1,1,New & Promising
6380,116,1,65.62,4,1,1,New & Promising
2827,116,2,140.68,4,2,2,New & Promising
5355,116,1,144.37,4,1,2,New & Promising
3611,116,2,154.23,4,2,2,New & Promising
11444,116,1,228.72,4,1,3,New & Promising
5465,116,3,284.36,4,3,3,Loyal Customers
11246,116,2,583.58,4,2,4,New & Promising
10684,116,1,1320.15,4,1,5,New & Promising
7288,116,3,1564.1,4,3,5,Loyal Customers
2275,116,5,1718.3,4,4,5,Champions
9434,115,1,9.42,4,1,1,New & Promising
6659,115,1,22.95,4,1,1,New & Promising
2325,115,1,31.76,4,1,1,New & Promising
1761,115,2,32.63,4,2,1,New & Promising
1435,115,1,70.09,4,1,1,New & Promising
10564,115,1,172.08,4,1,2,New & Promising
7665,115,2,219.96,4,2,3,New & Promising
4529,115,1,227.87,4,1,3,New & Promising
11492,115,1,254.92,4,1,3,New & Promising
876,115,3,435.67,4,3,4,Loyal Customers
704,115,1,505.32,4,1,4,New & Promising
9743,115,3,555.71,4,3,4,Loyal Customers
6968,115,8,598.62,4,5,4,Champions
9020,115,3,731.22,4,3,5,Loyal Customers
7274,115,4,841.46,4,4,5,Champions
4023,115,7,1142.4,4,5,5,Champions
11928,115,3,1364.29,4,3,5,Loyal Customers
2829,115,3,1425.42,4,3,5,Loyal Customers
6454,114,1,34.16,4,1,1,New & Promising
10729,114,1,39.51,4,1,1,New & Promising
1074,114,1,39.65,4,1,1,New & Promising
6432,114,2,52.6,4,2,1,New & Promising
8198,114,1,85.28,4,1,2,New & Promising
8852,114,1,86.06,4,1,2,New & Promising
7336,114,1,96.15,4,1,2,New & Promising
9173,114,1,140.89,4,1,2,New & Promising
10061,114,3,213.51,4,3,3,Loyal Customers
11032,114,1,229.84,4,1,3,New & Promising
1090,114,2,236.58,4,2,3,New & Promising
9199,114,1,297.34,4,1,3,New & Promising
1596,114,2,306.64,4,2,3,New & Promising
1946,114,1,508.55,4,1,4,New & Promising
667,114,1,565.04,4,1,4,New & Promising
8644,114,1,1127.28,4,1,5,New & Promising
5814,114,3,1137.25,4,3,5,Loyal Customers
1313,113,1,50.54,4,1,1,New & Promising
6337,113,1,59.07,4,1,1,New & Promising
2453,113,1,71.55,4,1,1,New & Promising
9714,113,1,84.94,4,1,2,New & Promising
11488,113,1,111.08,4,1,2,New & Promising
11708,113,1,139.71,4,1,2,New & Promising
6305,113,1,164.22,4,1,2,New & Promising
6422,113,1,168.36,4,1,2,New & Promising
5307,113,2,170.6,4,2,2,New & Promising
9974,113,1,183.48,4,1,2,New & Promising
347,113,1,189.6,4,1,3,New & Promising
4440,113,1,196.47,4,1,3,New & Promising
1574,113,2,213.87,4,2,3,New & Promising
497,113,2,237.73,4,2,3,New & Promising
2232,113,1,247.26,4,1,3,New & Promising
1281,113,1,281.7,4,1,3,New & Promising
1448,113,1,314.46,4,1,3,New & Promising
7413,113,1,339.39,4,1,3,New & Promising
607,113,5,427.85,4,4,4,Champions
10755,113,1,450.65,4,1,4,New & Promising
8068,113,1,508.38,4,1,4,New & Promising
3788,113,3,638.38,4,3,5,Loyal Customers
10435,113,6,1033.09,4,5,5,Champions
1567,113,7,1091.31,4,5,5,Champions
4287,113,4,1777.03,4,4,5,Champions
3250,112,1,25.19,4,1,1,New & Promising
9600,112,1,53.21,4,1,1,New & Promising
10618,112,3,91.84,4,3,2,Loyal Customers
9850,112,2,118.66,4,2,2,New & Promising
9717,112,2,129.6,4,2,2,New & Promising
1323,112,1,140.31,4,1,2,New & Promising
7367,112,1,155.18,4,1,2,New & Promising
6308,112,1,185.72,4,1,2,New & Promising
9740,112,1,306.54,4,1,3,New & Promising
152,112,3,332.38,4,3,3,Loyal Customers
10968,112,1,409.83,4,1,4,New & Promising
840,112,2,441.59,4,2,4,New & Promising
7090,112,2,463.8,4,2,4,New & Promising
7780,112,3,542.46,4,3,4,Loyal Customers
1403,112,2,630.27,4,2,4,New & Promising
569,112,3,646.82,4,3,5,Loyal Customers
1747,112,2,675.05,4,2,5,New & Promising
3981,112,3,801.51,4,3,5,Loyal Customers
534,112,5,1148.15,4,4,5,Champions
11428,112,8,1321.05,4,5,5,Champions
10954,112,5,2124.54,4,4,5,Champions
10322,111,1,12.13,4,1,1,New & Promising
11491,111,1,41.96,4,1,1,New & Promising
7910,111,1,43.46,4,1,1,New & Promising
11669,111,1,83.83,4,1,2,New & Promising
8459,111,1,94.76,4,1,2,New & Promising
9499,111,1,104.2,4,1,2,New & Promising
4018,111,5,105.66,4,4,2,Champions
10487,111,2,107.08,4,2,2,New & Promising
7271,111,3,114.66,4,3,2,Loyal Customers
3992,111,1,150.15,4,1,2,New & Promising
2639,111,1,160.45,4,1,2,New & Promising
7988,111,1,163.42,4,1,2,New & Promising
10820,111,1,184.46,4,1,2,New & Promising
7519,111,1,270.72,4,1,3,New & Promising
7405,111,4,311.95,4,4,3,Champions
9915,111,1,346.37,4,1,4,New & Promising
5313,111,1,360.95,4,1,4,New & Promising
2397,111,2,482.45,4,2,4,New & Promising
5825,111,6,593.84,4,5,4,Champions
4802,111,3,702.6,4,3,5,Loyal Customers
1381,111,3,734.35,4,3,5,Loyal Customers
3139,111,6,1195.42,4,5,5,Champions
10744,110,1,28.37,4,1,1,New & Promising
10510,110,1,36.29,4,1,1,New & Promising
3959,110,1,60.16,4,1,1,New & Promising
8705,110,1,83.63,4,1,2,New & Promising
8086,110,1,99.58,4,1,2,New & Promising
5052,110,1,114.23,4,1,2,New & Promising
11039,110,1,184.17,4,1,2,New & Promising
7348,110,2,188.51,4,2,3,New & Promising
6331,110,1,206.71,4,1,3,New & Promising
10418,110,1,218.56,4,1,3,New & Promising
10610,110,4,265.82,4,4,3,Champions
6949,110,1,317.1,4,1,3,New & Promising
4115,110,5,318.01,4,4,3,Champions
4233,110,1,359.54,4,1,4,New & Promising
9342,110,3,418.83,4,3,4,Loyal Customers
68,110,1,425.34,4,1,4,New & Promising
4171,110,2,493.29,4,2,4,New & Promising
10933,110,3,656.12,4,3,5,Loyal Customers
1401,110,3,993.43,4,3,5,Loyal Customers
1257,110,2,1026.86,4,2,5,New & Promising
2146,110,6,1078.69,4,5,5,Champions
5778,110,4,1105.96,4,4,5,Champions
8848,110,3,1373.81,4,3,5,Loyal Customers
726,109,1,14.62,4,1,1,New & Promising
3232,109,1,21.36,4,1,1,New & Promising
7570,109,1,59.7,4,1,1,New & Promising
513,109,1,73.02,4,1,1,New & Promising
5641,109,1,92.84,4,1,2,New & Promising
1583,109,1,104.2,4,1,2,New & Promising
5767,109,1,106.48,4,1,2,New & Promising
31,109,2,128.94,4,2,2,New & Promising
11135,109,2,137.77,4,2,2,New & Promising
2169,109,4,179.46,4,4,2,Champions
5578,109,1,203.95,4,1,3,New & Promising
4034,109,2,248.12,4,2,3,New & Promising
5126,109,2,269.63,4,2,3,New & Promising
5261,109,2,277.73,4,2,3,New & Promising
2992,109,1,284.44,4,1,3,New & Promising
1910,109,2,380.8,4,2,4,New & Promising
216,109,1,395.03,4,1,4,New & Promising
6467,109,2,410.07,4,2,4,New & Promising
2484,109,3,427.55,4,3,4,Loyal Customers
6326,109,5,560.24,4,4,4,Champions
7219,109,1,609.27,4,1,4,New & Promising
11099,109,2,609.85,4,2,4,New & Promising
11803,109,2,695.33,4,2,5,New & Promising
352,109,2,701.32,4,2,5,New & Promising
6059,109,4,729.28,4,4,5,Champions
1843,109,2,806.99,4,2,5,New & Promising
542,109,3,903.48,4,3,5,Loyal Customers
8222,109,3,1250.69,4,3,5,Loyal Customers
1789,109,2,1317.84,4,2,5,New & Promising
1155,109,2,1578.62,4,2,5,New & Promising
4960,109,3,1742.81,4,3,5,Loyal Customers
1601,109,5,1881.74,4,4,5,Champions
4718,108,1,12.84,4,1,1,New & Promising
3165,108,1,31.76,4,1,1,New & Promising
7989,108,1,48.19,4,1,1,New & Promising
11917,108,1,50.82,4,1,1,New & Promising
11725,108,1,91.48,4,1,2,New & Promising
5473,108,1,93.28,4,1,2,New & Promising
8292,108,1,94.36,4,1,2,New & Promising
2492,108,1,129.74,4,1,2,New & Promising
7564,108,1,182.65,4,1,2,New & Promising
3237,108,1,344.46,4,1,4,New & Promising
6443,108,4,360.39,4,4,4,Champions
2332,108,1,462.58,4,1,4,New & Promising
4140,108,4,846.67,4,4,5,Champions
7526,108,2,850.5,4,2,5,New & Promising
6068,108,2,1264.81,4,2,5,New & Promising
8213,108,4,2156.18,4,4,5,Champions
1737,108,9,3769.48,4,5,5,Champions
11889,107,1,10.74,4,1,1,New & Promising
1640,107,1,36.41,4,1,1,New & Promising
10070,107,1,56.46,4,1,1,New & Promising
3513,107,1,66.83,4,1,1,New & Promising
4698,107,1,79.06,4,1,1,New & Promising
7318,107,3,302.6,4,3,3,Loyal Customers
465,107,5,365.78,4,4,4,Champions
919,107,2,389.56,4,2,4,New & Promising
6531,107,3,540.27,4,3,4,Loyal Customers
9635,107,3,803.97,4,3,5,Loyal Customers
5970,107,3,1345.65,4,3,5,Loyal Customers
908,106,1,79.5,4,1,1,New & Promising
8867,106,1,94.44,4,1,2,New & Promising
11775,106,1,100.68,4,1,2,New & Promising
7815,106,1,140.07,4,1,2,New & Promising
6055,106,2,193.17,4,2,3,New & Promising
8898,106,2,208.26,4,2,3,New & Promising
10937,106,4,233.21,4,4,3,Champions
1970,106,1,253.53,4,1,3,New & Promising
7960,106,1,265.32,4,1,3,New & Promising
2948,106,1,337.6,4,1,3,New & Promising
5033,106,8,456.86,4,5,4,Champions
2201,106,3,610.53,4,3,4,Loyal Customers
700,106,3,678.89,4,3,5,Loyal Customers
6855,106,2,714.96,4,2,5,New & Promising
8957,106,6,854.08,4,5,5,Champions
11593,106,2,878.07,4,2,5,New & Promising
8147,106,2,950.07,4,2,5,New & Promising
5215,106,2,1191.45,4,2,5,New & Promising
9966,106,3,1557.97,4,3,5,Loyal Customers
5984,106,6,2277.86,4,5,5,Champions
9904,105,1,38.97,4,1,1,New & Promising
3805,105,1,59.07,4,1,1,New & Promising
3193,105,1,60.76,4,1,1,New & Promising
7717,105,1,154.95,4,1,2,New & Promising
166,105,1,162.94,4,1,2,New & Promising
5668,105,2,196.16,4,2,3,New & Promising
11404,105,1,321.67,4,1,3,New & Promising
10515,105,2,393.12,4,2,4,New & Promising
881,105,4,463.45,4,4,4,Champions
7166,105,3,550.54,4,3,4,Loyal Customers
2980,105,1,718.46,4,1,5,New & Promising
1751,105,3,726.42,4,3,5,Loyal Customers
7272,105,5,817.64,4,4,5,Champions
11835,105,4,1224.12,4,4,5,Champions
11162,105,6,1257.24,4,5,5,Champions
6776,105,1,1290.79,4,1,5,New & Promising
2488,105,3,1377.85,4,3,5,Loyal Customers
6732,104,1,55.18,4,1,1,New & Promising
10630,104,1,67.89,4,1,1,New & Promising
6941,104,1,105.99,4,1,2,New & Promising
5404,104,1,108.43,4,1,2,New & Promising
10277,104,1,112.24,4,1,2,New & Promising
3054,104,3,150.55,4,3,2,Loyal Customers
2793,104,1,183.12,4,1,2,New & Promising
4432,104,2,261.6,4,2,3,New & Promising
9749,104,1,322.17,4,1,3,New & Promising
3934,104,4,348.96,4,4,4,Champions
11266,104,2,350.34,4,2,4,New & Promising
9112,104,1,357.17,4,1,4,New & Promising
1039,104,4,437.09,4,4,4,Champions
614,104,7,504.57,4,5,4,Champions
6908,104,3,514.17,4,3,4,Loyal Customers
8269,104,2,600.13,4,2,4,New & Promising
9077,104,3,620.73,4,3,4,Loyal Customers
5350,104,3,650.36,4,3,5,Loyal Customers
7276,104,3,659.39,4,3,5,Loyal Customers
6347,104,1,845.1,4,1,5,New & Promising
2116,104,4,883.88,4,4,5,Champions
3126,104,2,901.04,4,2,5,New & Promising
6906,104,5,958.21,4,4,5,Champions
6160,104,7,1345.52,4,5,5,Champions
8983,104,5,1546.4,4,4,5,Champions
7115,103,1,80.32,4,1,1,New & Promising
7792,103,1,111.92,4,1,2,New & Promising
1889,103,3,112.67,4,3,2,Loyal Customers
2956,103,1,127.39,4,1,2,New & Promising
496,103,1,284.71,4,1,3,New & Promising
3703,103,3,301.47,4,3,3,Loyal Customers
10990,103,3,303.78,4,3,3,Loyal Customers
10442,103,4,331.55,4,4,3,Champions
10264,103,1,332.25,4,1,3,New & Promising
10449,103,2,343.19,4,2,4,New & Promising
7557,103,1,396.72,4,1,4,New & Promising
3045,103,2,400.4,4,2,4,New & Promising
3925,103,1,510.2,4,1,4,New & Promising
10256,103,6,634.65,4,5,4,Champions
4862,103,4,820.55,4,4,5,Champions
3090,103,4,872.11,4,4,5,Champions
1229,103,8,1563.06,4,5,5,Champions
2673,102,1,14.96,4,1,1,New & Promising
1036,102,1,17.78,4,1,1,New & Promising
7861,102,1,92.49,4,1,2,New & Promising
9788,102,1,113.43,4,1,2,New & Promising
1287,102,2,128.58,4,2,2,New & Promising
9782,102,1,138.75,4,1,2,New & Promising
11772,102,2,185.26,4,2,2,New & Promising
9965,102,1,192.55,4,1,3,New & Promising
108,102,3,211.76,4,3,3,Loyal Customers
1370,102,1,224.65,4,1,3,New & Promising
7601,102,2,256.66,4,2,3,New & Promising
4468,102,1,289.64,4,1,3,New & Promising
2049,102,1,360.37,4,1,4,New & Promising
4484,102,4,409.58,4,4,4,Champions
931,102,2,441.47,4,2,4,New & Promising
9344,102,3,540.1,4,3,4,Loyal Customers
4349,102,3,798.69,4,3,5,Loyal Customers
5105,102,6,1188.64,4,5,5,Champions
10511,102,4,1370.53,4,4,5,Champions
4916,102,4,1405.76,4,4,5,Champions
7913,102,4,1586.61,4,4,5,Champions
5297,101,1,11.09,4,1,1,New & Promising
1577,101,1,25.68,4,1,1,New & Promising
7077,101,1,26.2,4,1,1,New & Promising
11078,101,1,31.82,4,1,1,New & Promising
1165,101,1,36.41,4,1,1,New & Promising
6056,101,1,43.56,4,1,1,New & Promising
6625,101,2,44.76,4,2,1,New & Promising
8330,101,2,68.48,4,2,1,New & Promising
1484,101,2,110.91,4,2,2,New & Promising
9251,101,1,111.08,4,1,2,New & Promising
9609,101,1,129.42,4,1,2,New & Promising
3040,101,1,281.7,4,1,3,New & Promising
11336,101,2,303.94,4,2,3,New & Promising
5127,101,2,313.69,4,2,3,New & Promising
3065,101,2,372.81,4,2,4,New & Promising
7640,101,4,388.58,4,4,4,Champions
7520,101,1,417.8,4,1,4,New & Promising
6072,101,3,526.0,4,3,4,Loyal Customers
709,101,2,538.49,4,2,4,New & Promising
2714,101,3,671.09,4,3,5,Loyal Customers
4180,101,4,863.73,4,4,5,Champions
836,101,8,867.75,4,5,5,Champions
2296,101,2,1091.1,4,2,5,New & Promising
4350,101,4,1251.33,4,4,5,Champions
2593,101,2,1441.07,4,2,5,New & Promising
9653,101,3,1530.85,4,3,5,Loyal Customers
10917,101,3,2138.85,4,3,5,Loyal Customers
11845,100,1,11.07,4,1,1,New & Promising
2808,100,1,90.63,4,1,2,New & Promising
11539,100,1,104.2,4,1,2,New & Promising
6158,100,2,126.96,4,2,2,New & Promising
2979,100,1,177.43,4,1,2,New & Promising
284,100,2,225.51,4,2,3,New & Promising
10124,100,1,260.22,4,1,3,New & Promising
7420,100,1,334.84,4,1,3,New & Promising
8497,100,2,356.61,4,2,4,New & Promising
5544,100,2,362.56,4,2,4,New & Promising
6830,100,4,406.39,4,4,4,Champions
4753,100,2,430.17,4,2,4,New & Promising
1767,100,3,459.19,4,3,4,Loyal Customers
10986,100,1,471.86,4,1,4,New & Promising
9005,100,3,496.11,4,3,4,Loyal Customers
7839,100,2,687.94,4,2,5,New & Promising
5265,100,3,794.49,4,3,5,Loyal Customers
11081,100,1,879.7,4,1,5,New & Promising
3235,100,5,987.3,4,4,5,Champions
7176,100,3,1114.15,4,3,5,Loyal Customers
135,100,2,1175.03,4,2,5,New & Promising
219,100,1,1381.83,4,1,5,New & Promising
6428,99,1,46.67,4,1,1,New & Promising
8154,99,2,93.2,4,2,2,New & Promising
302,99,2,101.08,4,2,2,New & Promising
1743,99,1,136.36,4,1,2,New & Promising
2465,99,1,149.88,4,1,2,New & Promising
8249,99,1,186.58,4,1,3,New & Promising
4372,99,2,212.09,4,2,3,New & Promising
6798,99,2,242.04,4,2,3,New & Promising
11259,99,2,304.12,4,2,3,New & Promising
9240,99,2,307.87,4,2,3,New & Promising
6573,99,2,398.68,4,2,4,New & Promising
9905,99,3,491.3,4,3,4,Loyal Customers
591,99,5,534.43,4,4,4,Champions
11787,99,1,584.45,4,1,4,New & Promising
4459,99,1,644.25,4,1,5,New & Promising
1060,99,2,777.21,4,2,5,New & Promising
3487,99,3,788.29,4,3,5,Loyal Customers
9562,99,1,900.96,4,1,5,New & Promising
6229,99,2,910.92,4,2,5,New & Promising
10,99,1,1119.79,4,1,5,New & Promising
874,99,4,1148.79,4,4,5,Champions
7029,99,9,1851.02,4,5,5,Champions
119,99,6,1893.02,4,5,5,Champions
9677,98,1,10.74,4,1,1,New & Promising
10588,98,1,13.48,4,1,1,New & Promising
7554,98,2,28.99,4,2,1,New & Promising
4032,98,1,51.18,4,1,1,New & Promising
11838,98,1,70.72,4,1,1,New & Promising
8538,98,1,81.6,4,1,1,New & Promising
11156,98,1,98.0,4,1,2,New & Promising
41,98,2,141.5,4,2,2,New & Promising
1112,98,1,239.55,4,1,3,New & Promising
5800,98,1,249.76,4,1,3,New & Promising
4548,98,2,290.94,4,2,3,New & Promising
9755,98,2,295.39,4,2,3,New & Promising
6352,98,2,414.78,4,2,4,New & Promising
8659,98,1,492.1,4,1,4,New & Promising
8214,98,5,581.6,4,4,4,Champions
2304,98,4,1050.29,4,4,5,Champions
2101,98,5,1099.68,4,4,5,Champions
3781,98,2,1135.59,4,2,5,New & Promising
1768,98,2,1240.91,4,2,5,New & Promising
5584,98,4,1275.52,4,4,5,Champions
3409,98,5,1444.6,4,4,5,Champions
11280,97,1,25.41,4,1,1,New & Promising
276,97,1,31.07,4,1,1,New & Promising
11790,97,1,40.2,4,1,1,New & Promising
5450,97,2,86.06,4,2,2,New & Promising
4497,97,1,101.26,4,1,2,New & Promising
9809,97,1,104.2,4,1,2,New & Promising
11913,97,1,127.98,4,1,2,New & Promising
4485,97,2,131.96,4,2,2,New & Promising
1788,97,2,197.89,4,2,3,New & Promising
22,97,2,201.32,4,2,3,New & Promising
6915,97,2,245.63,4,2,3,New & Promising
4281,97,3,255.66,4,3,3,Loyal Customers
3498,97,1,258.08,4,1,3,New & Promising
7625,97,1,272.0,4,1,3,New & Promising
9658,97,1,305.37,4,1,3,New & Promising
3509,97,4,329.73,4,4,3,Champions
7107,97,1,331.04,4,1,3,New & Promising
2123,97,1,371.9,4,1,4,New & Promising
4961,97,2,436.11,4,2,4,New & Promising
10751,97,1,444.21,4,1,4,New & Promising
33,97,3,588.26,4,3,4,Loyal Customers
1,97,4,714.16,4,4,5,Champions
7592,97,2,855.14,4,2,5,New & Promising
4327,97,5,1029.26,4,4,5,Champions
10065,97,8,1353.21,4,5,5,Champions
2357,97,2,1410.44,4,2,5,New & Promising
2269,97,3,2310.22,4,3,5,Loyal Customers
922,97,6,3356.6,4,5,5,Champions
11208,96,1,13.16,4,1,1,New & Promising
10410,96,1,74.51,4,1,1,New & Promising
8935,96,1,74.94,4,1,1,New & Promising
10894,96,2,120.78,4,2,2,New & Promising
1604,96,2,168.08,4,2,2,New & Promising
11264,96,1,178.38,4,1,2,New & Promising
11814,96,3,234.24,4,3,3,Loyal Customers
4103,96,2,241.8,4,2,3,New & Promising
1434,96,2,327.07,4,2,3,New & Promising
8182,96,3,343.55,4,3,4,Loyal Customers
2798,96,1,344.84,4,1,4,New & Promising
10026,96,1,349.14,4,1,4,New & Promising
6176,96,2,363.29,4,2,4,New & Promising
5606,96,5,378.08,4,4,4,Champions
10119,96,1,467.12,4,1,4,New & Promising
5454,96,4,505.28,4,4,4,Champions
9048,96,3,1313.83,4,3,5,Loyal Customers
5985,96,4,1329.83,4,4,5,Champions
7212,96,9,1369.13,4,5,5,Champions
862,96,6,1440.34,4,5,5,Champions
10476,96,6,1444.11,4,5,5,Champions
10117,96,3,1505.21,4,3,5,Loyal Customers
1423,95,2,94.0,4,2,2,New & Promising
597,95,1,100.21,4,1,2,New & Promising
242,95,2,191.06,4,2,3,New & Promising
3056,95,1,245.43,4,1,3,New & Promising
10657,95,3,255.0,4,3,3,Loyal Customers
5489,95,5,275.41,4,4,3,Champions
6750,95,1,337.0,4,1,3,New & Promising
10489,95,1,350.19,4,1,4,New & Promising
8585,95,2,384.18,4,2,4,New & Promising
10426,95,5,443.91,4,4,4,Champions
4359,95,2,446.53,4,2,4,New & Promising
8373,95,3,462.72,4,3,4,Loyal Customers
7361,95,1,473.86,4,1,4,New & Promising
6079,95,3,500.44,4,3,4,Loyal Customers
3231,95,4,802.3,4,4,5,Champions
8544,95,4,909.17,4,4,5,Champions
4229,95,3,953.28,4,3,5,Loyal Customers
9149,95,3,1057.23,4,3,5,Loyal Customers
6439,95,2,1348.48,4,2,5,New & Promising
10934,95,3,2224.34,4,3,5,Loyal Customers
3885,94,1,25.27,4,1,1,New & Promising
3502,94,1,25.36,4,1,1,New & Promising
6826,94,1,42.06,4,1,1,New & Promising
6196,94,2,84.31,4,2,2,New & Promising
345,94,1,105.87,4,1,2,New & Promising
909,94,1,143.52,4,1,2,New & Promising
1421,94,1,153.45,4,1,2,New & Promising
10357,94,1,178.38,4,1,2,New & Promising
11427,94,2,178.79,4,2,2,New & Promising
1581,94,4,182.04,4,4,2,Champions
3637,94,2,234.68,4,2,3,New & Promising
8742,94,1,236.62,4,1,3,New & Promising
7509,94,1,257.08,4,1,3,New & Promising
6165,94,3,367.85,4,3,4,Loyal Customers
5737,94,2,370.96,4,2,4,New & Promising
11270,94,2,513.11,4,2,4,New & Promising
5037,94,2,520.79,4,2,4,New & Promising
3896,94,3,523.39,4,3,4,Loyal Customers
4563,94,1,567.75,4,1,4,New & Promising
10951,94,3,623.43,4,3,4,Loyal Customers
2576,94,3,702.31,4,3,5,Loyal Customers
9722,94,2,706.87,4,2,5,New & Promising
5720,94,3,932.27,4,3,5,Loyal Customers
4239,94,2,969.54,4,2,5,New & Promising
6779,94,6,1566.02,4,5,5,Champions
5002,93,1,13.3,4,1,1,New & Promising
7844,93,1,22.95,4,1,1,New & Promising
6881,93,1,35.07,4,1,1,New & Promising
2206,93,1,65.62,4,1,1,New & Promising
8911,93,1,118.31,4,1,2,New & Promising
4297,93,1,174.77,4,1,2,New & Promising
8966,93,2,181.1,4,2,2,New & Promising
9603,93,1,187.56,4,1,3,New & Promising
8350,93,3,194.46,4,3,3,Loyal Customers
10667,93,1,210.1,4,1,3,New & Promising
8921,93,1,211.27,4,1,3,New & Promising
2960,93,3,260.23,4,3,3,Loyal Customers
4895,93,1,343.59,4,1,4,New & Promising
5027,93,2,349.41,4,2,4,New & Promising
8495,93,1,364.94,4,1,4,New & Promising
6819,93,3,375.55,4,3,4,Loyal Customers
6370,93,1,401.54,4,1,4,New & Promising
1833,93,7,472.12,4,5,4,Champions
4904,93,2,602.0,4,2,4,New & Promising
8098,93,9,684.36,4,5,5,Champions
11248,93,3,716.18,4,3,5,Loyal Customers
873,93,3,744.1,4,3,5,Loyal Customers
4795,93,2,1056.13,4,2,5,New & Promising
1280,93,3,1100.69,4,3,5,Loyal Customers
11753,93,4,1412.67,4,4,5,Champions
1524,93,5,1940.11,4,4,5,Champions
2263,93,6,2376.22,4,5,5,Champions
11721,92,1,10.46,4,1,1,New & Promising
4896,92,1,17.78,4,1,1,New & Promising
11420,92,1,41.26,4,1,1,New & Promising
5819,92,1,48.3,4,1,1,New & Promising
7843,92,1,75.86,4,1,1,New & Promising
2872,92,1,79.06,4,1,1,New & Promising
648,92,1,81.4,4,1,1,New & Promising
11126,92,3,160.46,4,3,2,Loyal Customers
7750,92,3,204.96,4,3,3,Loyal Customers
7963,92,3,227.74,4,3,3,Loyal Customers
11010,92,1,247.3,4,1,3,New & Promising
8179,92,3,392.36,4,3,4,Loyal Customers
512,92,1,397.15,4,1,4,New & Promising
10292,92,5,421.86,4,4,4,Champions
10335,92,3,461.27,4,3,4,Loyal Customers
5884,92,5,513.27,4,4,4,Champions
6202,92,4,520.63,4,4,4,Champions
2609,92,4,581.15,4,4,4,Champions
2152,92,4,592.16,4,4,4,Champions
4369,92,2,675.29,4,2,5,New & Promising
11124,92,3,676.26,4,3,5,Loyal Customers
7232,92,3,992.58,4,3,5,Loyal Customers
7507,92,1,1081.68,4,1,5,New & Promising
4731,92,8,1151.57,4,5,5,Champions
809,92,5,1277.65,4,4,5,Champions
11323,92,7,1672.87,4,5,5,Champions
11656,91,1,27.98,4,1,1,New & Promising
11437,91,1,62.26,4,1,1,New & Promising
3812,91,2,101.18,4,2,2,New & Promising
9096,91,1,122.72,4,1,2,New & Promising
769,91,3,131.36,4,3,2,Loyal Customers
3218,91,1,149.98,4,1,2,New & Promising
11793,91,1,220.35,4,1,3,New & Promising
11938,91,2,267.82,4,2,3,New & Promising
8915,91,3,275.44,4,3,3,Loyal Customers
8771,91,1,323.23,4,1,3,New & Promising
11905,91,2,344.12,4,2,4,New & Promising
118,91,2,386.86,4,2,4,New & Promising
9025,91,2,468.89,4,2,4,New & Promising
8618,91,1,538.74,4,1,4,New & Promising
1173,91,2,564.92,4,2,4,New & Promising
11261,91,7,2071.36,4,5,5,Champions
3621,91,7,2904.73,4,5,5,Champions
2602,90,1,20.66,4,1,1,New & Promising
6091,90,2,75.24,4,2,1,New & Promising
405,90,2,82.86,4,2,2,New & Promising
5928,90,1,93.58,4,1,2,New & Promising
6041,90,2,100.88,4,2,2,New & Promising
3076,90,2,102.92,4,2,2,New & Promising
9783,90,1,149.49,4,1,2,New & Promising
9629,90,1,196.73,4,1,3,New & Promising
6121,90,2,250.72,4,2,3,New & Promising
6693,90,3,351.89,4,3,4,Loyal Customers
5673,90,3,367.85,4,3,4,Loyal Customers
9866,90,3,391.69,4,3,4,Loyal Customers
5134,90,1,420.93,4,1,4,New & Promising
8763,90,2,469.75,4,2,4,New & Promising
6271,90,6,693.03,4,5,5,Champions
2536,90,1,797.41,4,1,5,New & Promising
3906,90,3,814.15,4,3,5,Loyal Customers
838,90,4,868.23,4,4,5,Champions
9364,90,3,893.03,4,3,5,Loyal Customers
670,90,2,906.13,4,2,5,New & Promising
5478,90,4,1093.5,4,4,5,Champions
6667,90,3,1297.38,4,3,5,Loyal Customers
4320,90,8,1620.98,4,5,5,Champions
4222,90,9,2197.58,4,5,5,Champions
11597,89,1,31.16,4,1,1,New & Promising
11579,89,1,33.32,4,1,1,New & Promising
11681,89,1,149.48,4,1,2,New & Promising
5494,89,1,180.06,4,1,2,New & Promising
2073,89,2,278.41,4,2,3,New & Promising
10904,89,2,309.4,4,2,3,New & Promising
2645,89,2,319.96,4,2,3,New & Promising
8736,89,1,371.58,4,1,4,New & Promising
11446,89,4,397.62,4,4,4,Champions
6378,89,1,466.53,4,1,4,New & Promising
5480,89,3,475.34,4,3,4,Loyal Customers
5763,89,1,520.95,4,1,4,New & Promising
2279,89,1,724.5,4,1,5,New & Promising
1503,89,1,729.45,4,1,5,New & Promising
4693,89,5,772.54,4,4,5,Champions
11867,89,4,866.53,4,4,5,Champions
5292,89,3,944.22,4,3,5,Loyal Customers
10007,89,5,1060.7,4,4,5,Champions
3278,89,4,1258.49,4,4,5,Champions
11240,89,5,1461.57,4,4,5,Champions
322,88,1,17.13,4,1,1,New & Promising
2163,88,1,18.97,4,1,1,New & Promising
7925,88,1,28.7,4,1,1,New & Promising
2508,88,1,63.08,4,1,1,New & Promising
9525,88,1,118.35,4,1,2,New & Promising
739,88,1,134.48,4,1,2,New & Promising
504,88,1,186.28,4,1,3,New & Promising
7099,88,3,203.23,4,3,3,Loyal Customers
10994,88,3,318.62,4,3,3,Loyal Customers
311,88,1,434.28,4,1,4,New & Promising
11923,88,4,452.09,4,4,4,Champions
2186,88,1,505.88,4,1,4,New & Promising
2752,88,2,560.32,4,2,4,New & Promising
5169,88,4,593.83,4,4,4,Champions
3756,88,3,770.84,4,3,5,Loyal Customers
5434,88,4,787.8,4,4,5,Champions
11688,88,4,1693.19,4,4,5,Champions
7921,88,6,1962.54,4,5,5,Champions
7325,87,1,12.13,4,1,1,New & Promising
9674,87,1,12.32,4,1,1,New & Promising
10046,87,1,45.4,4,1,1,New & Promising
5110,87,1,113.22,4,1,2,New & Promising
10571,87,2,164.2,4,2,2,New & Promising
7822,87,1,197.16,4,1,3,New & Promising
6885,87,1,209.86,4,1,3,New & Promising
6102,87,4,233.01,4,4,3,Champions
438,87,1,323.58,4,1,3,New & Promising
9896,87,2,384.03,4,2,4,New & Promising
10112,87,1,405.05,4,1,4,New & Promising
5221,87,1,496.44,4,1,4,New & Promising
8039,87,1,580.74,4,1,4,New & Promising
3679,87,1,605.7,4,1,4,New & Promising
10863,87,5,824.05,4,4,5,Champions
6447,87,4,921.82,4,4,5,Champions
6689,87,3,1639.19,4,3,5,Loyal Customers
7720,87,7,1792.46,4,5,5,Champions
9092,87,6,2526.59,4,5,5,Champions
2898,86,1,19.6,4,1,1,New & Promising
8484,86,1,25.68,4,1,1,New & Promising
8076,86,1,30.21,4,1,1,New & Promising
6292,86,1,41.32,4,1,1,New & Promising
6312,86,1,85.86,4,1,2,New & Promising
10681,86,1,121.87,4,1,2,New & Promising
6379,86,1,130.09,4,1,2,New & Promising
11415,86,1,201.82,4,1,3,New & Promising
6721,86,1,267.07,4,1,3,New & Promising
9540,86,1,287.82,4,1,3,New & Promising
10992,86,1,301.0,4,1,3,New & Promising
2234,86,2,318.7,4,2,3,New & Promising
3757,86,6,458.25,4,5,4,Champions
4070,86,1,460.29,4,1,4,New & Promising
5830,86,1,464.26,4,1,4,New & Promising
10317,86,3,466.59,4,3,4,Loyal Customers
1465,86,1,547.24,4,1,4,New & Promising
2991,86,1,564.44,4,1,4,New & Promising
4812,86,1,671.56,4,1,5,New & Promising
2400,86,1,820.3,4,1,5,New & Promising
6342,86,3,886.23,4,3,5,Loyal Customers
4504,86,9,1013.36,4,5,5,Champions
4506,86,3,1322.51,4,3,5,Loyal Customers
7008,86,5,1430.77,4,4,5,Champions
5415,85,1,38.45,4,1,1,New & Promising
7623,85,1,51.65,4,1,1,New & Promising
1919,85,1,60.42,4,1,1,New & Promising
10390,85,1,79.56,4,1,1,New & Promising
10051,85,1,89.24,4,1,2,New & Promising
2770,85,1,101.79,4,1,2,New & Promising
11214,85,1,119.86,4,1,2,New & Promising
6797,85,2,119.98,4,2,2,New & Promising
2444,85,3,129.3,4,3,2,Loyal Customers
3751,85,4,178.04,4,4,2,Champions
6666,85,2,269.71,4,2,3,New & Promising
3984,85,1,286.1,4,1,3,New & Promising
9395,85,3,342.85,4,3,4,Loyal Customers
971,85,1,387.93,4,1,4,New & Promising
11447,85,1,483.87,4,1,4,New & Promising
6001,85,3,496.75,4,3,4,Loyal Customers
9081,85,2,580.4,4,2,4,New & Promising
7127,85,2,642.26,4,2,5,New & Promising
7622,85,5,730.22,4,4,5,Champions
8494,85,5,817.27,4,4,5,Champions
1916,85,4,873.56,4,4,5,Champions
8994,85,2,987.06,4,2,5,New & Promising
1076,85,5,1098.99,4,4,5,Champions
10105,85,8,1126.6,4,5,5,Champions
414,85,3,1133.41,4,3,5,Loyal Customers
9544,85,5,1478.36,4,4,5,Champions
10237,85,7,1497.47,4,5,5,Champions
6742,84,1,21.36,4,1,1,New & Promising
7465,84,1,23.71,4,1,1,New & Promising
5937,84,1,72.86,4,1,1,New & Promising
8208,84,1,79.06,4,1,1,New & Promising
6003,84,1,136.33,4,1,2,New & Promising
9730,84,1,142.22,4,1,2,New & Promising
10314,84,1,202.35,4,1,3,New & Promising
1128,84,2,233.05,4,2,3,New & Promising
9390,84,2,256.97,4,2,3,New & Promising
7546,84,1,266.12,4,1,3,New & Promising
9823,84,4,277.35,4,4,3,Champions
1009,84,1,295.59,4,1,3,New & Promising
7056,84,2,298.04,4,2,3,New & Promising
11308,84,3,373.04,4,3,4,Loyal Customers
4569,84,5,460.51,4,4,4,Champions
5389,84,1,466.28,4,1,4,New & Promising
3535,84,2,596.62,4,2,4,New & Promising
1520,84,2,648.84,4,2,5,New & Promising
6362,84,3,665.44,4,3,5,Loyal Customers
9734,84,5,841.89,4,4,5,Champions
2446,84,1,1088.13,4,1,5,New & Promising
10842,84,5,2413.48,4,4,5,Champions
10649,83,1,12.84,4,1,1,New & Promising
11202,83,1,51.15,4,1,1,New & Promising
6841,83,1,91.82,4,1,2,New & Promising
7301,83,1,91.95,4,1,2,New & Promising
6829,83,2,146.13,4,2,2,New & Promising
1690,83,1,173.88,4,1,2,New & Promising
8640,83,2,188.62,4,2,3,New & Promising
1593,83,2,238.29,4,2,3,New & Promising
8226,83,1,317.13,4,1,3,New & Promising
11417,83,2,338.91,4,2,3,New & Promising
4424,83,1,379.29,4,1,4,New & Promising
8523,83,3,444.46,4,3,4,Loyal Customers
11388,83,1,459.04,4,1,4,New & Promising
10502,83,4,594.33,4,4,4,Champions
8338,83,5,662.84,4,4,5,Champions
9684,83,2,670.83,4,2,5,New & Promising
220,83,4,725.62,4,4,5,Champions
9687,83,4,840.09,4,4,5,Champions
8942,83,3,850.46,4,3,5,Loyal Customers
5492,83,2,890.16,4,2,5,New & Promising
6325,83,6,1983.71,4,5,5,Champions
4622,82,1,18.04,4,1,1,New & Promising
65,82,1,56.12,4,1,1,New & Promising
4182,82,1,56.12,4,1,1,New & Promising
10182,82,1,91.95,4,1,2,New & Promising
5506,82,3,246.56,4,3,3,Loyal Customers
6123,82,3,296.1,4,3,3,Loyal Customers
5628,82,4,357.08,4,4,4,Champions
1475,82,2,373.57,4,2,4,New & Promising
2811,82,2,464.89,4,2,4,New & Promising
394,82,3,491.32,4,3,4,Loyal Customers
2317,82,2,504.67,4,2,4,New & Promising
2556,82,2,545.91,4,2,4,New & Promising
8125,82,3,757.67,4,3,5,Loyal Customers
5191,82,2,981.41,4,2,5,New & Promising
5278,82,5,1049.05,4,4,5,Champions
2522,81,1,35.56,4,1,1,New & Promising
9987,81,1,35.8,4,1,1,New & Promising
3243,81,1,44.6,4,1,1,New & Promising
7645,81,2,65.69,4,2,1,New & Promising
6557,81,1,114.02,4,1,2,New & Promising
7235,81,3,116.75,4,3,2,Loyal Customers
5311,81,1,168.57,4,1,2,New & Promising
5978,81,3,189.53,4,3,3,Loyal Customers
103,81,1,238.56,4,1,3,New & Promising
3834,81,1,335.8,4,1,3,New & Promising
314,81,3,351.11,4,3,4,Loyal Customers
5014,81,1,372.33,4,1,4,New & Promising
6132,81,2,376.86,4,2,4,New & Promising
11722,81,4,429.01,4,4,4,Champions
5643,81,2,463.95,4,2,4,New & Promising
2911,81,1,511.88,4,1,4,New & Promising
4421,81,3,774.86,4,3,5,Loyal Customers
14,81,3,1081.58,4,3,5,Loyal Customers
7231,81,7,1742.4,4,5,5,Champions
7607,81,7,4424.48,4,5,5,Champions
4505,81,6,4674.1,4,5,5,Champions
3623,80,1,25.19,4,1,1,New & Promising
6295,80,1,79.5,4,1,1,New & Promising
5277,80,2,141.45,4,2,2,New & Promising
7383,80,4,355.34,4,4,4,Champions
4790,80,1,395.51,4,1,4,New & Promising
4794,80,2,430.41,4,2,4,New & Promising
258,80,5,498.77,4,4,4,Champions
8369,80,3,572.64,4,3,4,Loyal Customers
2067,80,2,586.81,4,2,4,New & Promising
11594,80,3,672.95,4,3,5,Loyal Customers
8769,80,2,781.63,4,2,5,New & Promising
3494,80,2,880.33,4,2,5,New & Promising
3734,80,6,950.87,4,5,5,Champions
3159,79,1,19.56,4,1,1,New & Promising
10151,79,1,28.23,4,1,1,New & Promising
9711,79,1,32.48,4,1,1,New & Promising
11740,79,1,35.91,4,1,1,New & Promising
1013,79,1,39.11,4,1,1,New & Promising
11762,79,1,50.73,4,1,1,New & Promising
8831,79,1,56.99,4,1,1,New & Promising
11335,79,2,68.64,4,2,1,New & Promising
10384,79,1,74.77,4,1,1,New & Promising
1585,79,1,79.56,4,1,1,New & Promising
9590,79,2,136.36,4,2,2,New & Promising
2873,79,1,179.88,4,1,2,New & Promising
186,79,1,186.95,4,1,3,New & Promising
5291,79,1,219.1,4,1,3,New & Promising
9076,79,2,253.81,4,2,3,New & Promising
3411,79,3,273.03,4,3,3,Loyal Customers
766,79,1,275.85,4,1,3,New & Promising
4738,79,1,308.78,4,1,3,New & Promising
1096,79,2,473.97,4,2,4,New & Promising
3084,79,3,498.66,4,3,4,Loyal Customers
4946,79,2,733.3,4,2,5,New & Promising
5004,79,2,809.3,4,2,5,New & Promising
11713,79,6,812.56,4,5,5,Champions
10486,79,1,907.7,4,1,5,New & Promising
7144,79,2,910.46,4,2,5,New & Promising
355,79,6,944.73,4,5,5,Champions
5597,79,4,1102.1,4,4,5,Champions
2957,79,7,1246.58,4,5,5,Champions
3147,79,6,1451.23,4,5,5,Champions
4302,79,10,1870.08,4,5,5,Champions
1174,78,1,13.3,4,1,1,New & Promising
3072,78,1,22.66,4,1,1,New & Promising
3654,78,1,23.84,4,1,1,New & Promising
1440,78,1,39.31,4,1,1,New & Promising
2052,78,1,51.15,4,1,1,New & Promising
9536,78,1,98.95,4,1,2,New & Promising
10663,78,1,119.34,4,1,2,New & Promising
9466,78,2,153.09,4,2,2,New & Promising
10399,78,2,156.3,4,2,2,New & Promising
10179,78,1,161.01,4,1,2,New & Promising
1723,78,2,185.16,4,2,2,New & Promising
8970,78,1,211.49,4,1,3,New & Promising
4503,78,3,211.7,4,3,3,Loyal Customers
7447,78,1,228.94,4,1,3,New & Promising
6958,78,2,258.28,4,2,3,New & Promising
231,78,3,265.09,4,3,3,Loyal Customers
3080,78,1,339.11,4,1,3,New & Promising
4948,78,1,360.94,4,1,4,New & Promising
7194,78,2,436.27,4,2,4,New & Promising
3786,78,3,525.29,4,3,4,Loyal Customers
9449,78,4,689.37,4,4,5,Champions
4347,78,1,1018.09,4,1,5,New & Promising
1553,78,3,1120.06,4,3,5,Loyal Customers
3689,78,3,1270.91,4,3,5,Loyal Customers
3870,78,6,1646.56,4,5,5,Champions
7604,77,1,21.47,4,1,1,New & Promising
8572,77,1,47.07,4,1,1,New & Promising
3435,77,2,66.88,4,2,1,New & Promising
7196,77,1,67.45,4,1,1,New & Promising
8615,77,1,74.55,4,1,1,New & Promising
4861,77,1,81.24,4,1,1,New & Promising
1187,77,1,81.89,4,1,1,New & Promising
4750,77,1,86.04,4,1,2,New & Promising
8772,77,2,113.26,4,2,2,New & Promising
2803,77,2,151.69,4,2,2,New & Promising
6814,77,3,177.66,4,3,2,Loyal Customers
4152,77,1,208.4,4,1,3,New & Promising
8022,77,1,256.03,4,1,3,New & Promising
5728,77,1,300.8,4,1,3,New & Promising
3304,77,1,310.02,4,1,3,New & Promising
6410,77,1,343.17,4,1,4,New & Promising
1874,77,2,373.75,4,2,4,New & Promising
548,77,1,394.11,4,1,4,New & Promising
4915,77,3,423.48,4,3,4,Loyal Customers
2313,77,1,462.8,4,1,4,New & Promising
5644,77,1,488.38,4,1,4,New & Promising
9135,77,1,575.58,4,1,4,New & Promising
4771,77,1,576.34,4,1,4,New & Promising
9378,77,4,582.82,4,4,4,Champions
7808,77,4,636.82,4,4,5,Champions
2981,77,1,688.8,4,1,5,New & Promising
1024,77,4,939.88,4,4,5,Champions
9910,77,5,1027.94,4,4,5,Champions
11484,77,5,1054.92,4,4,5,Champions
4483,77,3,1124.06,4,3,5,Loyal Customers
5640,77,6,1193.6,4,5,5,Champions
6759,77,7,1535.98,4,5,5,Champions
4271,77,5,1542.15,4,4,5,Champions
422,77,4,1982.5,4,4,5,Champions
940,77,4,2321.33,4,4,5,Champions
1947,76,1,15.46,4,1,1,New & Promising
11739,76,1,35.3,4,1,1,New & Promising
4957,76,1,50.16,4,1,1,New & Promising
9767,76,1,52.64,4,1,1,New & Promising
1399,76,1,59.61,4,1,1,New & Promising
3626,76,1,91.95,4,1,2,New & Promising
5061,76,2,175.83,4,2,2,New & Promising
7139,76,2,199.47,4,2,3,New & Promising
938,76,3,226.85,4,3,3,Loyal Customers
2598,76,2,229.64,4,2,3,New & Promising
1107,76,2,273.36,4,2,3,New & Promising
11525,76,6,316.81,4,5,3,Champions
5755,76,3,426.53,4,3,4,Loyal Customers
3947,76,4,684.8,4,4,5,Champions
10139,76,1,853.5,4,1,5,New & Promising
4683,76,3,1141.3,4,3,5,Loyal Customers
898,75,1,107.74,4,1,2,New & Promising
715,75,1,130.94,4,1,2,New & Promising
7889,75,2,133.37,4,2,2,New & Promising
3571,75,2,137.35,4,2,2,New & Promising
4656,75,2,174.33,4,2,2,New & Promising
4534,75,1,220.59,4,1,3,New & Promising
11380,75,1,321.48,4,1,3,New & Promising
786,75,2,398.34,4,2,4,New & Promising
2679,75,1,439.32,4,1,4,New & Promising
2497,75,1,505.88,4,1,4,New & Promising
1554,75,2,583.76,4,2,4,New & Promising
11543,75,2,606.87,4,2,4,New & Promising
5883,75,1,612.02,4,1,4,New & Promising
1114,75,3,612.29,4,3,4,Loyal Customers
4339,75,1,848.31,4,1,5,New & Promising
8749,75,4,1255.38,4,4,5,Champions
5729,75,4,1743.2,4,4,5,Champions
5408,74,1,25.19,4,1,1,New & Promising
3801,74,1,26.53,4,1,1,New & Promising
8888,74,1,43.86,4,1,1,New & Promising
1425,74,1,51.65,4,1,1,New & Promising
1238,74,1,79.54,4,1,1,New & Promising
6285,74,1,120.15,4,1,2,New & Promising
1642,74,1,135.88,4,1,2,New & Promising
5908,74,1,140.56,4,1,2,New & Promising
5931,74,2,203.2,4,2,3,New & Promising
11213,74,1,278.05,4,1,3,New & Promising
5325,74,1,315.04,4,1,3,New & Promising
11094,74,2,353.15,4,2,4,New & Promising
5564,74,2,362.26,4,2,4,New & Promising
4230,74,1,366.19,4,1,4,New & Promising
11481,74,2,379.08,4,2,4,New & Promising
2517,74,2,472.24,4,2,4,New & Promising
9234,74,2,484.75,4,2,4,New & Promising
9768,74,1,499.23,4,1,4,New & Promising
2886,74,4,526.87,4,4,4,Champions
11737,74,4,567.24,4,4,4,Champions
7693,74,3,703.38,4,3,5,Loyal Customers
3666,74,2,793.13,4,2,5,New & Promising
8751,74,3,900.12,4,3,5,Loyal Customers
24,74,4,1307.45,4,4,5,Champions
3632,74,5,1350.83,4,4,5,Champions
9554,73,1,43.66,4,1,1,New & Promising
7819,73,1,44.06,4,1,1,New & Promising
2768,73,2,130.76,4,2,2,New & Promising
9879,73,1,149.58,4,1,2,New & Promising
11303,73,1,155.23,4,1,2,New & Promising
2950,73,3,180.73,4,3,2,Loyal Customers
374,73,1,209.18,4,1,3,New & Promising
4136,73,1,245.03,4,1,3,New & Promising
1300,73,1,254.14,4,1,3,New & Promising
6541,73,1,257.35,4,1,3,New & Promising
11088,73,1,396.41,4,1,4,New & Promising
8902,73,3,546.3,4,3,4,Loyal Customers
7320,73,3,693.86,4,3,5,Loyal Customers
11810,73,3,698.73,4,3,5,Loyal Customers
9790,73,5,1030.23,4,4,5,Champions
1235,73,2,1203.6,4,2,5,New & Promising
1893,73,7,1236.69,4,5,5,Champions
11445,73,4,1451.42,4,4,5,Champions
4076,73,5,1520.35,4,4,5,Champions
7188,73,13,2191.27,4,5,5,Champions
3827,72,1,11.07,4,1,1,New & Promising
4959,72,1,55.05,4,1,1,New & Promising
6737,72,2,64.63,4,2,1,New & Promising
1369,72,1,66.62,4,1,1,New & Promising
3349,72,3,163.78,4,3,2,Loyal Customers
9548,72,1,164.97,4,1,2,New & Promising
11696,72,1,188.63,4,1,3,New & Promising
11680,72,1,193.1,4,1,3,New & Promising
10642,72,1,237.58,4,1,3,New & Promising
1502,72,2,272.92,4,2,3,New & Promising
1290,72,1,286.16,4,1,3,New & Promising
3628,72,2,289.3,4,2,3,New & Promising
4496,72,2,306.97,4,2,3,New & Promising
3967,72,2,325.0,4,2,3,New & Promising
7847,72,2,439.57,4,2,4,New & Promising
3387,72,4,610.16,4,4,4,Champions
10950,72,2,682.76,4,2,5,New & Promising
8719,72,3,706.68,4,3,5,Loyal Customers
10818,72,3,1030.39,4,3,5,Loyal Customers
2743,72,4,1108.06,4,4,5,Champions
10841,72,3,1338.99,4,3,5,Loyal Customers
8290,72,1,1408.35,4,1,5,New & Promising
2430,72,7,1732.78,4,5,5,Champions
7281,71,1,17.78,4,1,1,New & Promising
1168,71,1,49.83,4,1,1,New & Promising
3204,71,1,62.32,4,1,1,New & Promising
192,71,2,105.0,4,2,2,New & Promising
5724,71,1,115.18,4,1,2,New & Promising
8151,71,2,195.97,4,2,3,New & Promising
7850,71,2,197.78,4,2,3,New & Promising
16,71,3,199.81,4,3,3,Loyal Customers
1815,71,2,233.96,4,2,3,New & Promising
4875,71,1,310.12,4,1,3,New & Promising
2327,71,1,310.66,4,1,3,New & Promising
8,71,2,312.12,4,2,3,New & Promising
11354,71,2,457.4,4,2,4,New & Promising
9695,71,3,605.4,4,3,4,Loyal Customers
10114,71,2,768.51,4,2,5,New & Promising
8178,71,4,795.53,4,4,5,Champions
3720,71,2,833.91,4,2,5,New & Promising
4164,71,1,953.56,4,1,5,New & Promising
10550,71,4,1095.73,4,4,5,Champions
7252,71,6,1166.44,4,5,5,Champions
11786,71,5,1333.2,4,4,5,Champions
8914,71,7,2024.48,4,5,5,Champions
4160,70,1,13.16,4,1,1,New & Promising
6957,70,1,42.0,4,1,1,New & Promising
10625,70,1,59.07,4,1,1,New & Promising
5446,70,1,91.82,4,1,2,New & Promising
9394,70,1,93.58,4,1,2,New & Promising
7973,70,1,110.74,4,1,2,New & Promising
3863,70,1,141.89,4,1,2,New & Promising
2927,70,1,148.92,4,1,2,New & Promising
2381,70,1,159.43,4,1,2,New & Promising
11701,70,4,185.65,4,4,2,Champions
9101,70,1,206.61,4,1,3,New & Promising
6225,70,2,427.03,4,2,4,New & Promising
1132,70,3,432.5,4,3,4,Loyal Customers
11131,70,3,757.64,4,3,5,Loyal Customers
2106,70,1,790.09,4,1,5,New & Promising
6303,70,6,867.11,4,5,5,Champions
10491,70,1,881.28,4,1,5,New & Promising
7340,70,6,1485.07,4,5,5,Champions
8975,70,7,1833.75,4,5,5,Champions
2268,69,1,13.15,4,1,1,New & Promising
11203,69,1,52.3,4,1,1,New & Promising
9209,69,1,57.4,4,1,1,New & Promising
8554,69,3,80.92,4,3,1,Loyal Customers
5702,69,1,115.98,4,1,2,New & Promising
6598,69,1,136.28,4,1,2,New & Promising
8042,69,3,148.03,4,3,2,Loyal Customers
10725,69,2,158.4,4,2,2,New & Promising
2968,69,2,223.06,4,2,3,New & Promising
10466,69,1,277.94,4,1,3,New & Promising
7766,69,3,321.43,4,3,3,Loyal Customers
5979,69,3,332.88,4,3,3,Loyal Customers
10537,69,2,349.6,4,2,4,New & Promising
3986,69,1,365.61,4,1,4,New & Promising
502,69,5,587.51,4,4,4,Champions
7089,69,2,702.67,4,2,5,New & Promising
1124,69,2,766.46,4,2,5,New & Promising
4906,69,1,807.98,4,1,5,New & Promising
47,69,2,837.47,4,2,5,New & Promising
5048,69,4,1453.6,4,4,5,Champions
7290,69,6,1626.66,4,5,5,Champions
11374,69,5,1663.08,4,4,5,Champions
3768,68,1,24.35,4,1,1,New & Promising
768,68,1,27.2,4,1,1,New & Promising
8997,68,1,30.07,4,1,1,New & Promising
3044,68,1,49.24,4,1,1,New & Promising
2771,68,1,51.08,4,1,1,New & Promising
4084,68,1,88.26,4,1,2,New & Promising
8750,68,1,88.91,4,1,2,New & Promising
9766,68,1,130.08,4,1,2,New & Promising
5093,68,2,140.38,4,2,2,New & Promising
10116,68,2,193.38,4,2,3,New & Promising
1949,68,1,204.56,4,1,3,New & Promising
1424,68,2,223.56,4,2,3,New & Promising
53,68,2,329.42,4,2,3,New & Promising
7820,68,2,394.06,4,2,4,New & Promising
633,68,3,411.63,4,3,4,Loyal Customers
6137,68,2,495.56,4,2,4,New & Promising
2654,68,1,498.82,4,1,4,New & Promising
9585,68,3,514.57,4,3,4,Loyal Customers
10440,68,4,566.07,4,4,4,Champions
8322,68,2,626.71,4,2,4,New & Promising
4709,68,4,647.63,4,4,5,Champions
10432,68,5,725.28,4,4,5,Champions
11567,68,5,766.09,4,4,5,Champions
10140,68,2,1250.51,4,2,5,New & Promising
11158,68,4,1486.16,4,4,5,Champions
11975,68,4,1521.81,4,4,5,Champions
5661,67,1,8.43,4,1,1,New & Promising
4257,67,1,29.24,4,1,1,New & Promising
3226,67,1,36.51,4,1,1,New & Promising
9688,67,1,55.17,4,1,1,New & Promising
7122,67,1,114.23,4,1,2,New & Promising
11155,67,2,136.34,4,2,2,New & Promising
10710,67,2,168.68,4,2,2,New & Promising
5054,67,1,172.08,4,1,2,New & Promising
4844,67,2,177.83,4,2,2,New & Promising
6469,67,1,225.25,4,1,3,New & Promising
7544,67,1,296.94,4,1,3,New & Promising
7924,67,1,298.97,4,1,3,New & Promising
6860,67,1,300.63,4,1,3,New & Promising
3107,67,1,325.67,4,1,3,New & Promising
6762,67,4,331.46,4,4,3,Champions
3428,67,3,331.9,4,3,3,Loyal Customers
11698,67,1,366.68,4,1,4,New & Promising
5889,67,5,381.48,4,4,4,Champions
10871,67,1,388.25,4,1,4,New & Promising
3929,67,1,418.48,4,1,4,New & Promising
4863,67,2,426.42,4,2,4,New & Promising
4465,67,2,473.01,4,2,4,New & Promising
106,67,4,642.71,4,4,5,Champions
6918,67,3,707.46,4,3,5,Loyal Customers
8647,67,3,716.51,4,3,5,Loyal Customers
3638,67,4,792.62,4,4,5,Champions
177,67,2,873.1,4,2,5,New & Promising
1217,67,2,1010.93,4,2,5,New & Promising
7813,67,5,1021.79,4,4,5,Champions
7873,67,1,1087.92,4,1,5,New & Promising
11477,67,4,1100.64,4,4,5,Champions
2378,67,7,1190.17,4,5,5,Champions
2024,67,5,1191.59,4,4,5,Champions
9311,67,4,1290.95,4,4,5,Champions
7165,67,5,1409.64,4,4,5,Champions
3373,67,8,1542.91,4,5,5,Champions
10202,67,4,1546.99,4,4,5,Champions
9520,66,1,44.62,4,1,1,New & Promising
1222,66,1,135.74,4,1,2,New & Promising
10726,66,2,241.38,4,2,3,New & Promising
8746,66,1,311.85,4,1,3,New & Promising
610,66,2,314.14,4,2,3,New & Promising
5409,66,2,352.7,4,2,4,New & Promising
2374,66,4,353.71,4,4,4,Champions
4813,66,2,422.04,4,2,4,New & Promising
5063,66,2,471.83,4,2,4,New & Promising
3609,66,4,485.59,4,4,4,Champions
4404,66,2,618.91,4,2,4,New & Promising
4583,66,2,681.62,4,2,5,New & Promising
1429,66,4,718.93,4,4,5,Champions
404,66,4,808.26,4,4,5,Champions
1531,66,2,809.4,4,2,5,New & Promising
11676,66,3,847.75,4,3,5,Loyal Customers
6281,66,6,940.71,4,5,5,Champions
11168,66,4,1053.62,4,4,5,Champions
6319,66,3,1414.54,4,3,5,Loyal Customers
4356,66,6,1541.35,4,5,5,Champions
3416,66,7,1572.08,4,5,5,Champions
5993,66,2,1847.16,4,2,5,New & Promising
1713,65,1,25.41,4,1,1,New & Promising
6330,65,1,27.96,4,1,1,New & Promising
517,65,1,33.82,4,1,1,New & Promising
1123,65,1,42.79,4,1,1,New & Promising
7680,65,1,52.64,4,1,1,New & Promising
10914,65,1,62.62,4,1,1,New & Promising
6166,65,1,67.25,4,1,1,New & Promising
1023,65,1,67.52,4,1,1,New & Promising
1529,65,1,82.97,4,1,2,New & Promising
3942,65,1,115.82,4,1,2,New & Promising
4396,65,2,129.94,4,2,2,New & Promising
2015,65,1,144.12,4,1,2,New & Promising
5270,65,1,165.54,4,1,2,New & Promising
6143,65,1,179.6,4,1,2,New & Promising
10962,65,3,204.54,4,3,3,Loyal Customers
11182,65,1,280.04,4,1,3,New & Promising
8854,65,1,433.6,4,1,4,New & Promising
139,65,2,687.04,4,2,5,New & Promising
5647,65,2,733.12,4,2,5,New & Promising
10865,65,3,736.85,4,3,5,Loyal Customers
3504,65,5,745.35,4,4,5,Champions
201,65,1,746.05,4,1,5,New & Promising
6235,65,3,1134.77,4,3,5,Loyal Customers
9625,65,4,1220.76,4,4,5,Champions
3287,65,7,1278.97,4,5,5,Champions
10145,65,6,1300.36,4,5,5,Champions
1867,65,7,1322.73,4,5,5,Champions
1623,65,4,1370.84,4,4,5,Champions
9746,65,11,2127.84,4,5,5,Champions
693,64,1,11.1,4,1,1,New & Promising
7257,64,1,15.54,4,1,1,New & Promising
1049,64,1,30.9,4,1,1,New & Promising
10987,64,1,58.1,4,1,1,New & Promising
3969,64,1,112.24,4,1,2,New & Promising
247,64,1,112.38,4,1,2,New & Promising
9844,64,1,117.25,4,1,2,New & Promising
1089,64,1,257.54,4,1,3,New & Promising
10126,64,3,280.25,4,3,3,Loyal Customers
1861,64,2,308.72,4,2,3,New & Promising
585,64,2,337.81,4,2,3,New & Promising
3458,64,2,372.14,4,2,4,New & Promising
4629,64,2,449.85,4,2,4,New & Promising
9032,64,3,600.89,4,3,4,Loyal Customers
4824,64,4,649.35,4,4,5,Champions
6504,64,6,806.43,4,5,5,Champions
10727,64,5,873.89,4,4,5,Champions
10196,64,1,890.76,4,1,5,New & Promising
2606,64,5,1135.42,4,4,5,Champions
8949,64,2,1177.16,4,2,5,New & Promising
2050,64,2,1396.91,4,2,5,New & Promising
7433,64,5,2767.4,4,4,5,Champions
11083,63,1,13.02,4,1,1,New & Promising
4811,63,1,31.76,4,1,1,New & Promising
7279,63,2,113.12,4,2,2,New & Promising
3758,63,1,149.73,4,1,2,New & Promising
2551,63,3,204.71,4,3,3,Loyal Customers
3475,63,1,206.39,4,1,3,New & Promising
9290,63,3,216.77,4,3,3,Loyal Customers
11847,63,1,273.53,4,1,3,New & Promising
213,63,1,299.3,4,1,3,New & Promising
4376,63,4,304.86,4,4,3,Champions
403,63,2,324.23,4,2,3,New & Promising
5192,63,1,325.19,4,1,3,New & Promising
11590,63,4,351.72,4,4,4,Champions
11107,63,5,448.88,4,4,4,Champions
5590,63,2,509.86,4,2,4,New & Promising
5488,63,4,543.74,4,4,4,Champions
5575,63,2,848.47,4,2,5,New & Promising
2885,63,5,897.86,4,4,5,Champions
784,63,3,945.1,4,3,5,Loyal Customers
7067,63,2,1044.9,4,2,5,New & Promising
8404,63,3,1122.68,4,3,5,Loyal Customers
7668,63,3,1135.55,4,3,5,Loyal Customers
9176,63,4,1254.84,4,4,5,Champions
8416,63,4,1336.82,4,4,5,Champions
34,63,3,1799.23,4,3,5,Loyal Customers
8108,62,1,17.78,4,1,1,New & Promising
9493,62,1,59.16,4,1,1,New & Promising
2799,62,1,60.49,4,1,1,New & Promising
9195,62,1,74.94,4,1,1,New & Promising
5138,62,2,98.52,4,2,2,New & Promising
1868,62,1,100.32,4,1,2,New & Promising
8244,62,1,115.98,4,1,2,New & Promising
225,62,3,148.83,4,3,2,Loyal Customers
8124,62,1,161.21,4,1,2,New & Promising
8584,62,1,170.49,4,1,2,New & Promising
6348,62,4,174.02,4,4,2,Champions
5003,62,2,193.15,4,2,3,New & Promising
2958,62,2,204.68,4,2,3,New & Promising
3484,62,1,218.96,4,1,3,New & Promising
7082,62,1,235.98,4,1,3,New & Promising
10302,62,3,425.24,4,3,4,Loyal Customers
8134,62,2,430.67,4,2,4,New & Promising
11718,62,5,450.81,4,4,4,Champions
9778,62,1,465.18,4,1,4,New & Promising
1233,62,3,527.9,4,3,4,Loyal Customers
9037,62,3,613.43,4,3,4,Loyal Customers
5504,62,3,687.58,4,3,5,Loyal Customers
5001,62,4,1023.32,4,4,5,Champions
6585,62,2,1341.81,4,2,5,New & Promising
5693,62,5,2360.95,4,4,5,Champions
9438,62,5,2631.29,4,4,5,Champions
4068,61,1,12.32,4,1,1,New & Promising
10289,61,1,15.18,4,1,1,New & Promising
9954,61,1,17.78,4,1,1,New & Promising
11961,61,1,32.48,4,1,1,New & Promising
1157,61,1,33.21,4,1,1,New & Promising
10187,61,1,49.16,4,1,1,New & Promising
6274,61,1,89.8,4,1,2,New & Promising
3907,61,1,107.64,4,1,2,New & Promising
6357,61,1,140.83,4,1,2,New & Promising
5824,61,1,145.68,4,1,2,New & Promising
6241,61,1,167.79,4,1,2,New & Promising
7112,61,1,198.69,4,1,3,New & Promising
7461,61,1,199.58,4,1,3,New & Promising
1164,61,1,204.9,4,1,3,New & Promising
8873,61,4,222.78,4,4,3,Champions
8725,61,1,239.53,4,1,3,New & Promising
4444,61,1,254.33,4,1,3,New & Promising
3616,61,1,256.6,4,1,3,New & Promising
5279,61,1,266.7,4,1,3,New & Promising
7504,61,1,268.4,4,1,3,New & Promising
4186,61,1,278.4,4,1,3,New & Promising
9498,61,3,293.98,4,3,3,Loyal Customers
5910,61,1,337.12,4,1,3,New & Promising
10251,61,1,383.68,4,1,4,New & Promising
10293,61,4,383.77,4,4,4,Champions
11299,61,2,384.66,4,2,4,New & Promising
10044,61,3,403.3,4,3,4,Loyal Customers
1619,61,4,430.53,4,4,4,Champions
1728,61,1,439.98,4,1,4,New & Promising
4653,61,3,445.97,4,3,4,Loyal Customers
3826,61,1,464.62,4,1,4,New & Promising
5663,61,5,513.96,4,4,4,Champions
1992,61,3,586.89,4,3,4,Loyal Customers
6313,61,2,588.02,4,2,4,New & Promising
767,61,5,620.04,4,4,4,Champions
7713,61,3,651.05,4,3,5,Loyal Customers
6727,61,4,666.37,4,4,5,Champions
4553,61,2,676.94,4,2,5,New & Promising
11500,61,3,690.2,4,3,5,Loyal Customers
6591,61,2,694.4,4,2,5,New & Promising
5721,61,2,705.63,4,2,5,New & Promising
425,61,4,1276.87,4,4,5,Champions
3816,61,5,1359.5,4,4,5,Champions
6975,61,5,1734.72,4,4,5,Champions
131,61,8,2029.02,4,5,5,Champions
1979,60,1,12.33,4,1,1,New & Promising
5302,60,1,13.1,4,1,1,New & Promising
4181,60,1,15.45,4,1,1,New & Promising
2941,60,2,28.34,4,2,1,New & Promising
10421,60,1,30.07,4,1,1,New & Promising
9549,60,1,30.68,4,1,1,New & Promising
2867,60,1,33.46,4,1,1,New & Promising
10831,60,1,51.3,4,1,1,New & Promising
2450,60,1,59.9,4,1,1,New & Promising
10639,60,1,73.99,4,1,1,New & Promising
1787,60,1,79.06,4,1,1,New & Promising
11649,60,1,83.21,4,1,2,New & Promising
9941,60,1,84.27,4,1,2,New & Promising
73,60,1,92.78,4,1,2,New & Promising
256,60,1,97.0,4,1,2,New & Promising
4651,60,1,124.98,4,1,2,New & Promising
2111,60,1,129.49,4,1,2,New & Promising
9725,60,1,141.96,4,1,2,New & Promising
2187,60,1,164.97,4,1,2,New & Promising
5704,60,1,176.11,4,1,2,New & Promising
11159,60,1,214.75,4,1,3,New & Promising
4654,60,1,215.13,4,1,3,New & Promising
10943,60,2,223.71,4,2,3,New & Promising
3106,60,2,227.28,4,2,3,New & Promising
4648,60,2,229.99,4,2,3,New & Promising
4000,60,1,231.46,4,1,3,New & Promising
5926,60,2,252.37,4,2,3,New & Promising
6264,60,1,275.88,4,1,3,New & Promising
4200,60,2,371.97,4,2,4,New & Promising
10365,60,4,429.21,4,4,4,Champions
9539,60,1,468.91,4,1,4,New & Promising
1234,60,2,553.51,4,2,4,New & Promising
7258,60,2,664.38,4,2,5,New & Promising
1427,60,4,671.92,4,4,5,Champions
9880,60,4,702.66,4,4,5,Champions
1271,60,3,827.03,4,3,5,Loyal Customers
3627,60,2,889.24,4,2,5,New & Promising
6545,60,4,1106.25,4,4,5,Champions
7105,60,2,1139.53,4,2,5,New & Promising
2383,60,5,1346.74,4,4,5,Champions
933,60,8,2358.5,4,5,5,Champions
817,59,1,13.3,4,1,1,New & Promising
2487,59,1,19.88,4,1,1,New & Promising
10009,59,1,20.06,4,1,1,New & Promising
10153,59,1,26.96,4,1,1,New & Promising
3619,59,1,44.52,4,1,1,New & Promising
6781,59,1,54.82,4,1,1,New & Promising
8790,59,2,55.2,4,2,1,New & Promising
3123,59,1,66.62,4,1,1,New & Promising
1658,59,1,67.98,4,1,1,New & Promising
1734,59,1,72.51,4,1,1,New & Promising
144,59,2,82.25,4,2,1,New & Promising
3400,59,2,111.78,4,2,2,New & Promising
4197,59,1,115.82,4,1,2,New & Promising
5338,59,1,121.98,4,1,2,New & Promising
2462,59,1,137.96,4,1,2,New & Promising
11054,59,1,168.36,4,1,2,New & Promising
3354,59,1,203.61,4,1,3,New & Promising
11918,59,1,221.25,4,1,3,New & Promising
11626,59,1,251.52,4,1,3,New & Promising
4371,59,1,279.42,4,1,3,New & Promising
8825,59,1,291.69,4,1,3,New & Promising
9274,59,3,291.86,4,3,3,Loyal Customers
7485,59,1,311.19,4,1,3,New & Promising
4586,59,3,356.82,4,3,4,Loyal Customers
240,59,1,369.22,4,1,4,New & Promising
11885,59,1,396.67,4,1,4,New & Promising
6162,59,5,431.76,4,4,4,Champions
11343,59,3,487.46,4,3,4,Loyal Customers
7494,59,4,639.3,4,4,5,Champions
7670,59,2,727.33,4,2,5,New & Promising
7617,59,7,898.9,4,5,5,Champions
816,59,3,1125.2,4,3,5,Loyal Customers
5711,59,1,1142.67,4,1,5,New & Promising
4633,59,5,1433.61,4,4,5,Champions
49,59,7,1576.29,4,5,5,Champions
6067,58,1,10.27,4,1,1,New & Promising
9938,58,1,13.53,4,1,1,New & Promising
9516,58,1,17.13,4,1,1,New & Promising
2571,58,1,22.94,4,1,1,New & Promising
8592,58,1,24.9,4,1,1,New & Promising
7467,58,1,31.08,4,1,1,New & Promising
5103,58,1,33.24,4,1,1,New & Promising
9227,58,1,41.66,4,1,1,New & Promising
8733,58,1,50.51,4,1,1,New & Promising
11770,58,1,81.72,4,1,1,New & Promising
9379,58,1,100.68,4,1,2,New & Promising
10104,58,3,130.67,4,3,2,Loyal Customers
5554,58,1,157.93,4,1,2,New & Promising
7719,58,2,179.71,4,2,2,New & Promising
5723,58,1,186.94,4,1,3,New & Promising
7499,58,2,209.26,4,2,3,New & Promising
11994,58,1,273.97,4,1,3,New & Promising
759,58,2,294.95,4,2,3,New & Promising
279,58,1,311.27,4,1,3,New & Promising
2147,58,1,333.2,4,1,3,New & Promising
1034,58,1,429.5,4,1,4,New & Promising
570,58,2,431.36,4,2,4,New & Promising
423,58,3,436.02,4,3,4,Loyal Customers
7962,58,3,438.87,4,3,4,Loyal Customers
6527,58,1,443.13,4,1,4,New & Promising
4519,58,2,667.03,4,2,5,New & Promising
1655,58,2,704.74,4,2,5,New & Promising
2359,58,1,788.24,4,1,5,New & Promising
10326,58,3,929.62,4,3,5,Loyal Customers
1906,58,4,1142.6,4,4,5,Champions
7424,58,2,1416.98,4,2,5,New & Promising
10272,57,1,32.81,4,1,1,New & Promising
5321,57,1,42.72,4,1,1,New & Promising
5189,57,1,44.82,4,1,1,New & Promising
3791,57,1,53.89,4,1,1,New & Promising
280,57,1,65.89,4,1,1,New & Promising
10906,57,1,68.01,4,1,1,New & Promising
10455,57,1,73.12,4,1,1,New & Promising
97,57,1,83.48,4,1,2,New & Promising
9141,57,1,92.96,4,1,2,New & Promising
520,57,1,99.11,4,1,2,New & Promising
10516,57,1,131.52,4,1,2,New & Promising
1950,57,2,145.81,4,2,2,New & Promising
6257,57,2,148.04,4,2,2,New & Promising
3538,57,1,153.66,4,1,2,New & Promising
6978,57,1,171.72,4,1,2,New & Promising
9309,57,1,177.21,4,1,2,New & Promising
5964,57,3,193.11,4,3,3,Loyal Customers
9348,57,1,212.59,4,1,3,New & Promising
2425,57,2,228.77,4,2,3,New & Promising
10387,57,1,289.69,4,1,3,New & Promising
551,57,2,345.04,4,2,4,New & Promising
5073,57,1,377.3,4,1,4,New & Promising
3099,57,1,452.09,4,1,4,New & Promising
3340,57,7,454.15,4,5,4,Champions
7158,57,2,474.42,4,2,4,New & Promising
1380,57,1,483.97,4,1,4,New & Promising
6599,57,3,537.52,4,3,4,Loyal Customers
980,57,2,542.04,4,2,4,New & Promising
198,57,2,765.78,4,2,5,New & Promising
8704,57,4,794.67,4,4,5,Champions
6372,57,7,832.47,4,5,5,Champions
10177,57,2,850.56,4,2,5,New & Promising
9355,57,7,1006.19,4,5,5,Champions
1561,57,7,1496.27,4,5,5,Champions
8092,57,6,1609.42,4,5,5,Champions
5542,57,3,1880.42,4,3,5,Loyal Customers
5719,57,5,1959.32,4,4,5,Champions
3138,57,9,2466.65,4,5,5,Champions
529,56,1,15.42,4,1,1,New & Promising
900,56,1,24.66,4,1,1,New & Promising
8876,56,1,24.9,4,1,1,New & Promising
11505,56,1,54.54,4,1,1,New & Promising
701,56,1,56.19,4,1,1,New & Promising
2346,56,2,63.24,4,2,1,New & Promising
1754,56,2,65.28,4,2,1,New & Promising
11745,56,1,68.98,4,1,1,New & Promising
5742,56,2,92.37,4,2,2,New & Promising
10674,56,1,118.31,4,1,2,New & Promising
1678,56,1,119.22,4,1,2,New & Promising
727,56,1,127.65,4,1,2,New & Promising
9193,56,1,133.89,4,1,2,New & Promising
8947,56,2,149.98,4,2,2,New & Promising
2081,56,3,193.62,4,3,3,Loyal Customers
9202,56,1,213.43,4,1,3,New & Promising
3523,56,1,223.26,4,1,3,New & Promising
8728,56,2,247.22,4,2,3,New & Promising
4237,56,3,271.33,4,3,3,Loyal Customers
9552,56,4,280.05,4,4,3,Champions
10405,56,2,282.71,4,2,3,New & Promising
5834,56,4,294.59,4,4,3,Champions
11393,56,2,316.79,4,2,3,New & Promising
8058,56,1,320.9,4,1,3,New & Promising
3211,56,2,331.26,4,2,3,New & Promising
5828,56,3,364.28,4,3,4,Loyal Customers
3941,56,1,382.15,4,1,4,New & Promising
8881,56,2,392.02,4,2,4,New & Promising
9817,56,2,395.16,4,2,4,New & Promising
10984,56,2,418.17,4,2,4,New & Promising
6346,56,3,509.1,4,3,4,Loyal Customers
11059,56,3,529.02,4,3,4,Loyal Customers
4243,56,2,561.72,4,2,4,New & Promising
9382,56,1,562.43,4,1,4,New & Promising
8396,56,4,656.51,4,4,5,Champions
3097,56,5,879.44,4,4,5,Champions
3305,56,5,974.26,4,4,5,Champions
11519,56,7,1055.85,4,5,5,Champions
8513,56,6,1161.38,4,5,5,Champions
5867,56,8,1407.36,4,5,5,Champions
3793,56,5,3501.07,4,4,5,Champions
9270,55,1,11.78,4,1,1,New & Promising
2013,55,1,32.74,4,1,1,New & Promising
8074,55,1,55.12,4,1,1,New & Promising
2019,55,1,61.66,4,1,1,New & Promising
6407,55,2,144.93,4,2,2,New & Promising
10828,55,1,171.72,4,1,2,New & Promising
11227,55,2,176.41,4,2,2,New & Promising
3943,55,1,225.95,4,1,3,New & Promising
11320,55,1,529.7,4,1,4,New & Promising
5056,55,1,544.85,4,1,4,New & Promising
8220,55,1,571.75,4,1,4,New & Promising
11936,55,2,572.32,4,2,4,New & Promising
7378,55,1,692.15,4,1,5,New & Promising
4183,55,4,705.31,4,4,5,Champions
4258,55,1,840.27,4,1,5,New & Promising
4177,55,2,971.08,4,2,5,New & Promising
307,55,6,1051.49,4,5,5,Champions
8077,55,5,1162.92,4,4,5,Champions
8291,55,3,2016.01,4,3,5,Loyal Customers
3839,54,1,20.66,4,1,1,New & Promising
9702,54,1,31.43,4,1,1,New & Promising
10199,54,1,70.56,4,1,1,New & Promising
4914,54,1,101.58,4,1,2,New & Promising
2022,54,1,113.12,4,1,2,New & Promising
10170,54,1,130.63,4,1,2,New & Promising
6606,54,1,136.09,4,1,2,New & Promising
6429,54,1,155.32,4,1,2,New & Promising
7133,54,1,173.46,4,1,2,New & Promising
864,54,3,176.01,4,3,2,Loyal Customers
5368,54,1,182.05,4,1,2,New & Promising
5274,54,3,202.68,4,3,3,Loyal Customers
4707,54,2,226.57,4,2,3,New & Promising
1476,54,1,230.22,4,1,3,New & Promising
1471,54,2,231.0,4,2,3,New & Promising
2379,54,1,281.7,4,1,3,New & Promising
6339,54,4,298.17,4,4,3,Champions
6409,54,2,362.75,4,2,4,New & Promising
723,54,1,446.53,4,1,4,New & Promising
5657,54,1,604.2,4,1,4,New & Promising
2937,54,5,692.1,4,4,5,Champions
5486,54,3,754.91,4,3,5,Loyal Customers
9406,54,6,849.41,4,5,5,Champions
7524,54,2,892.25,4,2,5,New & Promising
4108,54,9,1039.51,4,5,5,Champions
7571,54,5,1886.73,4,4,5,Champions
8458,53,1,14.62,4,1,1,New & Promising
4125,53,1,15.58,4,1,1,New & Promising
10189,53,1,23.84,4,1,1,New & Promising
2153,53,1,44.17,4,1,1,New & Promising
5918,53,1,47.26,4,1,1,New & Promising
3631,53,1,54.27,4,1,1,New & Promising
11245,53,1,69.14,4,1,1,New & Promising
7293,53,1,96.72,4,1,2,New & Promising
9571,53,2,98.09,4,2,2,New & Promising
6951,53,1,104.38,4,1,2,New & Promising
10897,53,1,108.39,4,1,2,New & Promising
3205,53,1,111.4,4,1,2,New & Promising
5315,53,3,120.56,4,3,2,Loyal Customers
6897,53,1,120.7,4,1,2,New & Promising
4494,53,1,148.36,4,1,2,New & Promising
6344,53,1,151.81,4,1,2,New & Promising
2136,53,1,157.49,4,1,2,New & Promising
7005,53,1,179.85,4,1,2,New & Promising
3700,53,1,267.06,4,1,3,New & Promising
7267,53,1,302.98,4,1,3,New & Promising
9990,53,2,317.96,4,2,3,New & Promising
8631,53,3,407.5,4,3,4,Loyal Customers
11828,53,4,911.34,4,4,5,Champions
9792,53,3,945.01,4,3,5,Loyal Customers
4272,53,6,1078.92,4,5,5,Champions
2946,53,7,1081.93,4,5,5,Champions
10000,53,1,1095.61,4,1,5,New & Promising
968,53,3,1153.8,4,3,5,Loyal Customers
1003,53,3,1504.52,4,3,5,Loyal Customers
3770,53,3,1545.03,4,3,5,Loyal Customers
664,53,3,3788.98,4,3,5,Loyal Customers
3640,52,1,24.86,4,1,1,New & Promising
4057,52,1,29.58,4,1,1,New & Promising
17,52,2,37.6,4,2,1,New & Promising
4867,52,1,38.28,4,1,1,New & Promising
6214,52,1,42.92,4,1,1,New & Promising
6145,52,2,57.2,4,2,1,New & Promising
3291,52,1,57.45,4,1,1,New & Promising
6604,52,2,66.85,4,2,1,New & Promising
5772,52,1,72.18,4,1,1,New & Promising
4737,52,1,72.4,4,1,1,New & Promising
6425,52,1,73.46,4,1,1,New & Promising
4754,52,1,91.05,4,1,2,New & Promising
2717,52,1,91.48,4,1,2,New & Promising
11307,52,1,91.78,4,1,2,New & Promising
7472,52,1,98.61,4,1,2,New & Promising
6634,52,2,114.86,4,2,2,New & Promising
10845,52,1,126.43,4,1,2,New & Promising
3027,52,1,136.86,4,1,2,New & Promising
7841,52,1,177.42,4,1,2,New & Promising
9737,52,1,203.95,4,1,3,New & Promising
4290,52,1,216.69,4,1,3,New & Promising
6534,52,3,234.97,4,3,3,Loyal Customers
11760,52,3,416.09,4,3,4,Loyal Customers
1537,52,1,417.46,4,1,4,New & Promising
5682,52,3,429.07,4,3,4,Loyal Customers
3402,52,1,458.28,4,1,4,New & Promising
9950,52,2,527.69,4,2,4,New & Promising
6182,52,4,561.96,4,4,4,Champions
11798,52,2,608.27,4,2,4,New & Promising
3499,52,3,613.39,4,3,4,Loyal Customers
3601,52,2,657.27,4,2,5,New & Promising
10874,52,2,747.02,4,2,5,New & Promising
2108,52,8,771.03,4,5,5,Champions
8026,52,3,808.66,4,3,5,Loyal Customers
5461,52,3,932.47,4,3,5,Loyal Customers
11811,52,3,934.37,4,3,5,Loyal Customers
2899,52,4,945.71,4,4,5,Champions
88,52,6,1042.32,4,5,5,Champions
9148,52,5,1112.56,4,4,5,Champions
10547,52,4,1249.21,4,4,5,Champions
2058,51,1,22.07,4,1,1,New & Promising
7462,51,1,23.68,4,1,1,New & Promising
6582,51,1,29.44,4,1,1,New & Promising
747,51,1,61.28,4,1,1,New & Promising
8433,51,1,90.8,4,1,2,New & Promising
8559,51,1,100.81,4,1,2,New & Promising
9696,51,2,104.79,4,2,2,New & Promising
5298,51,1,113.3,4,1,2,New & Promising
3233,51,1,128.72,4,1,2,New & Promising
3858,51,1,136.61,4,1,2,New & Promising
6024,51,2,153.26,4,2,2,New & Promising
5012,51,1,238.69,4,1,3,New & Promising
4234,51,1,292.46,4,1,3,New & Promising
6124,51,3,307.93,4,3,3,Loyal Customers
2084,51,1,310.82,4,1,3,New & Promising
9856,51,4,358.39,4,4,4,Champions
6823,51,2,415.38,4,2,4,New & Promising
3014,51,1,515.86,4,1,4,New & Promising
4457,51,3,593.95,4,3,4,Loyal Customers
2264,51,1,594.58,4,1,4,New & Promising
10324,51,5,624.1,4,4,4,Champions
875,51,3,637.12,4,3,5,Loyal Customers
3197,51,4,711.59,4,4,5,Champions
6691,51,6,785.93,4,5,5,Champions
6651,51,2,826.79,4,2,5,New & Promising
5141,51,5,865.74,4,4,5,Champions
3433,51,5,889.36,4,4,5,Champions
9427,51,6,1158.78,4,5,5,Champions
3270,51,4,1217.55,4,4,5,Champions
3031,51,8,1362.55,4,5,5,Champions
5372,51,5,1386.26,4,4,5,Champions
5593,51,4,1574.16,4,4,5,Champions
2156,50,1,30.33,4,1,1,New & Promising
5662,50,1,35.92,4,1,1,New & Promising
1850,50,2,46.43,4,2,1,New & Promising
9487,50,1,50.11,4,1,1,New & Promising
7981,50,1,56.83,4,1,1,New & Promising
4472,50,2,73.4,4,2,1,New & Promising
10127,50,1,93.46,4,1,2,New & Promising
8804,50,2,113.45,4,2,2,New & Promising
4130,50,1,115.18,4,1,2,New & Promising
3542,50,1,124.05,4,1,2,New & Promising
2915,50,1,131.66,4,1,2,New & Promising
7403,50,1,145.05,4,1,2,New & Promising
6453,50,2,146.62,4,2,2,New & Promising
1250,50,2,191.35,4,2,3,New & Promising
10806,50,2,225.04,4,2,3,New & Promising
2422,50,1,238.87,4,1,3,New & Promising
1022,50,3,299.06,4,3,3,Loyal Customers
3684,50,1,403.82,4,1,4,New & Promising
10174,50,3,429.09,4,3,4,Loyal Customers
3919,50,1,430.24,4,1,4,New & Promising
6898,50,2,450.47,4,2,4,New & Promising
6756,50,2,468.76,4,2,4,New & Promising
3900,50,5,482.84,4,4,4,Champions
10600,50,1,501.58,4,1,4,New & Promising
9916,50,1,504.1,4,1,4,New & Promising
10063,50,4,576.43,4,4,4,Champions
9851,50,5,686.89,4,4,5,Champions
4560,50,7,762.11,4,5,5,Champions
10214,50,7,845.41,4,5,5,Champions
4393,50,4,1136.91,4,4,5,Champions
412,50,6,1577.4,4,5,5,Champions
6367,50,3,2045.59,4,3,5,Loyal Customers
9310,49,1,40.12,4,1,1,New & Promising
7498,49,1,55.02,4,1,1,New & Promising
8430,49,1,57.91,4,1,1,New & Promising
4211,49,1,61.72,4,1,1,New & Promising
4031,49,1,106.29,4,1,2,New & Promising
182,49,1,112.01,4,1,2,New & Promising
2277,49,1,124.18,4,1,2,New & Promising
3866,49,1,131.56,4,1,2,New & Promising
8174,49,1,140.18,4,1,2,New & Promising
8729,49,1,142.29,4,1,2,New & Promising
4625,49,1,197.01,4,1,3,New & Promising
9211,49,1,211.82,4,1,3,New & Promising
11285,49,1,254.82,4,1,3,New & Promising
778,49,1,268.57,4,1,3,New & Promising
1351,49,1,281.7,4,1,3,New & Promising
4105,49,1,290.73,4,1,3,New & Promising
10903,49,2,301.17,4,2,3,New & Promising
274,49,1,321.73,4,1,3,New & Promising
1612,49,3,357.03,4,3,4,Loyal Customers
9425,49,1,391.39,4,1,4,New & Promising
6818,49,4,396.08,4,4,4,Champions
1220,49,2,498.13,4,2,4,New & Promising
8358,49,4,561.98,4,4,4,Champions
6373,49,1,565.85,4,1,4,New & Promising
6936,49,4,674.81,4,4,5,Champions
2976,49,2,713.17,4,2,5,New & Promising
10159,49,5,716.69,4,4,5,Champions
11464,49,3,723.72,4,3,5,Loyal Customers
2457,49,3,762.37,4,3,5,Loyal Customers
9610,49,2,774.56,4,2,5,New & Promising
1410,48,1,24.9,4,1,1,New & Promising
9628,48,1,60.14,4,1,1,New & Promising
596,48,1,83.06,4,1,2,New & Promising
11379,48,1,90.75,4,1,2,New & Promising
3510,48,1,93.93,4,1,2,New & Promising
6972,48,1,97.15,4,1,2,New & Promising
371,48,1,105.43,4,1,2,New & Promising
1710,48,2,105.96,4,2,2,New & Promising
10869,48,1,108.92,4,1,2,New & Promising
725,48,1,110.08,4,1,2,New & Promising
927,48,1,132.51,4,1,2,New & Promising
4640,48,1,136.28,4,1,2,New & Promising
4437,48,2,175.91,4,2,2,New & Promising
9911,48,3,212.33,4,3,3,Loyal Customers
11843,48,1,228.04,4,1,3,New & Promising
7006,48,3,285.79,4,3,3,Loyal Customers
9751,48,3,292.06,4,3,3,Loyal Customers
254,48,6,301.3,4,5,3,Champions
6450,48,1,304.7,4,1,3,New & Promising
9680,48,3,313.02,4,3,3,Loyal Customers
8936,48,3,319.55,4,3,3,Loyal Customers
2993,48,1,349.02,4,1,4,New & Promising
9863,48,1,354.74,4,1,4,New & Promising
6828,48,1,453.8,4,1,4,New & Promising
8605,48,2,482.31,4,2,4,New & Promising
5245,48,2,498.24,4,2,4,New & Promising
10540,48,2,519.86,4,2,4,New & Promising
199,48,3,649.88,4,3,5,Loyal Customers
8142,48,2,724.31,4,2,5,New & Promising
1372,48,2,1001.87,4,2,5,New & Promising
8384,48,2,1068.37,4,2,5,New & Promising
5498,48,5,1446.06,4,4,5,Champions
6586,48,5,1724.48,4,4,5,Champions
9383,48,6,2549.01,4,5,5,Champions
2135,47,1,19.32,4,1,1,New & Promising
6502,47,1,20.1,4,1,1,New & Promising
5363,47,1,25.19,4,1,1,New & Promising
3771,47,1,27.06,4,1,1,New & Promising
2000,47,1,37.49,4,1,1,New & Promising
1631,47,1,45.57,4,1,1,New & Promising
4382,47,1,54.51,4,1,1,New & Promising
10299,47,2,67.63,4,2,1,New & Promising
5475,47,1,77.68,4,1,1,New & Promising
5534,47,1,83.67,4,1,2,New & Promising
11548,47,1,94.1,4,1,2,New & Promising
10785,47,1,138.79,4,1,2,New & Promising
10591,47,2,145.29,4,2,2,New & Promising
1348,47,1,150.67,4,1,2,New & Promising
837,47,1,196.44,4,1,3,New & Promising
10173,47,1,200.78,4,1,3,New & Promising
1887,47,2,245.0,4,2,3,New & Promising
8667,47,1,258.19,4,1,3,New & Promising
11076,47,1,263.32,4,1,3,New & Promising
10266,47,2,266.4,4,2,3,New & Promising
10413,47,1,273.15,4,1,3,New & Promising
8180,47,4,295.98,4,4,3,Champions
10254,47,2,310.81,4,2,3,New & Promising
1980,47,1,332.72,4,1,3,New & Promising
10717,47,2,355.74,4,2,4,New & Promising
11187,47,3,542.47,4,3,4,Loyal Customers
9154,47,2,591.54,4,2,4,New & Promising
11823,47,2,604.07,4,2,4,New & Promising
937,47,5,623.35,4,4,4,Champions
8506,47,1,698.28,4,1,5,New & Promising
1493,47,2,776.24,4,2,5,New & Promising
9606,47,4,833.93,4,4,5,Champions
5513,47,3,977.43,4,3,5,Loyal Customers
3802,47,7,1016.45,4,5,5,Champions
8115,47,1,1074.88,4,1,5,New & Promising
3889,46,1,24.9,4,1,1,New & Promising
6255,46,2,28.45,4,2,1,New & Promising
8919,46,1,35.8,4,1,1,New & Promising
10472,46,1,56.46,4,1,1,New & Promising
11145,46,1,57.62,4,1,1,New & Promising
3979,46,1,71.12,4,1,1,New & Promising
406,46,1,81.18,4,1,1,New & Promising
11050,46,2,81.68,4,2,1,New & Promising
10742,46,1,98.43,4,1,2,New & Promising
10142,46,1,104.59,4,1,2,New & Promising
8136,46,1,130.66,4,1,2,New & Promising
7350,46,1,159.71,4,1,2,New & Promising
11591,46,1,170.2,4,1,2,New & Promising
174,46,1,170.53,4,1,2,New & Promising
10708,46,1,182.1,4,1,2,New & Promising
9389,46,1,304.25,4,1,3,New & Promising
11716,46,1,324.57,4,1,3,New & Promising
6265,46,4,360.9,4,4,4,Champions
5379,46,1,372.87,4,1,4,New & Promising
7762,46,3,376.66,4,3,4,Loyal Customers
8305,46,4,392.72,4,4,4,Champions
7327,46,1,417.35,4,1,4,New & Promising
6911,46,2,466.61,4,2,4,New & Promising
7636,46,1,506.83,4,1,4,New & Promising
2040,46,1,586.29,4,1,4,New & Promising
3440,46,1,612.76,4,1,4,New & Promising
3085,46,3,868.3,4,3,5,Loyal Customers
6809,46,2,1048.3,4,2,5,New & Promising
1012,46,4,1170.02,4,4,5,Champions
8351,46,2,1270.59,4,2,5,New & Promising
9354,46,8,3294.09,4,5,5,Champions
8306,45,1,8.82,4,1,1,New & Promising
1757,45,1,50.36,4,1,1,New & Promising
2564,45,1,55.83,4,1,1,New & Promising
6294,45,1,57.91,4,1,1,New & Promising
8693,45,1,87.12,4,1,2,New & Promising
6161,45,1,87.42,4,1,2,New & Promising
11461,45,1,91.48,4,1,2,New & Promising
1441,45,1,93.58,4,1,2,New & Promising
1195,45,1,113.19,4,1,2,New & Promising
3064,45,1,132.2,4,1,2,New & Promising
3591,45,1,182.11,4,1,2,New & Promising
1715,45,2,207.51,4,2,3,New & Promising
7915,45,1,208.76,4,1,3,New & Promising
3570,45,1,210.38,4,1,3,New & Promising
1100,45,3,211.64,4,3,3,Loyal Customers
1854,45,1,235.92,4,1,3,New & Promising
3547,45,1,263.1,4,1,3,New & Promising
7883,45,1,284.32,4,1,3,New & Promising
10557,45,1,288.5,4,1,3,New & Promising
9184,45,3,330.26,4,3,3,Loyal Customers
8232,45,2,352.6,4,2,4,New & Promising
6886,45,1,360.54,4,1,4,New & Promising
4552,45,1,364.18,4,1,4,New & Promising
10878,45,1,387.61,4,1,4,New & Promising
343,45,2,451.49,4,2,4,New & Promising
8801,45,2,504.55,4,2,4,New & Promising
9175,45,4,605.94,4,4,4,Champions
8152,45,6,834.33,4,5,5,Champions
4695,45,2,837.74,4,2,5,New & Promising
8110,45,5,848.32,4,4,5,Champions
48,45,3,867.19,4,3,5,Loyal Customers
10823,45,4,960.81,4,4,5,Champions
9928,45,3,1138.97,4,3,5,Loyal Customers
8469,45,7,1373.54,4,5,5,Champions
4796,45,5,1844.27,4,4,5,Champions
8379,45,5,2755.13,4,4,5,Champions
5100,44,1,8.86,4,1,1,New & Promising
1699,44,1,18.97,4,1,1,New & Promising
4525,44,1,27.32,4,1,1,New & Promising
8133,44,1,34.34,4,1,1,New & Promising
4803,44,1,48.1,4,1,1,New & Promising
10194,44,1,60.7,4,1,1,New & Promising
10595,44,1,65.16,4,1,1,New & Promising
851,44,1,81.16,4,1,1,New & Promising
11641,44,1,86.54,4,1,2,New & Promising
1494,44,1,121.99,4,1,2,New & Promising
5233,44,2,133.7,4,2,2,New & Promising
3957,44,1,155.23,4,1,2,New & Promising
9338,44,1,169.1,4,1,2,New & Promising
10479,44,2,169.47,4,2,2,New & Promising
9686,44,1,182.96,4,1,2,New & Promising
530,44,1,186.23,4,1,3,New & Promising
8520,44,1,204.36,4,1,3,New & Promising
3738,44,1,206.34,4,1,3,New & Promising
481,44,1,214.75,4,1,3,New & Promising
7199,44,2,251.99,4,2,3,New & Promising
5381,44,3,255.9,4,3,3,Loyal Customers
8139,44,1,267.06,4,1,3,New & Promising
1450,44,1,335.39,4,1,3,New & Promising
10274,44,2,347.42,4,2,4,New & Promising
2724,44,3,386.34,4,3,4,Loyal Customers
8887,44,1,427.41,4,1,4,New & Promising
3730,44,2,501.96,4,2,4,New & Promising
8112,44,4,509.78,4,4,4,Champions
1651,44,2,532.08,5,2,4,New & Promising
7534,44,1,569.64,5,1,4,New & Promising
6050,44,3,585.33,5,3,4,Loyal Customers
11138,44,2,648.56,5,2,5,New & Promising
9418,44,4,838.58,5,4,5,Champions
8926,44,3,878.48,5,3,5,Loyal Customers
10658,44,3,923.07,5,3,5,Loyal Customers
6834,44,6,1695.6,5,5,5,Champions
5541,44,4,2018.14,5,4,5,Champions
398,44,5,2405.88,5,4,5,Champions
7098,43,1,9.8,5,1,1,New & Promising
2809,43,1,11.1,5,1,1,New & Promising
1824,43,1,13.02,5,1,1,New & Promising
2604,43,1,26.59,5,1,1,New & Promising
3562,43,1,29.64,5,1,1,New & Promising
8229,43,1,30.62,5,1,1,New & Promising
1274,43,1,44.43,5,1,1,New & Promising
10495,43,1,51.27,5,1,1,New & Promising
6929,43,1,52.98,5,1,1,New & Promising
11355,43,1,64.65,5,1,1,New & Promising
5876,43,1,66.48,5,1,1,New & Promising
1376,43,1,90.41,5,1,2,New & Promising
8238,43,1,106.74,5,1,2,New & Promising
5060,43,1,115.88,5,1,2,New & Promising
6088,43,2,132.8,5,2,2,New & Promising
4628,43,1,151.51,5,1,2,New & Promising
5184,43,2,163.45,5,2,2,New & Promising
2032,43,2,168.2,5,2,2,New & Promising
2324,43,1,200.14,5,1,3,New & Promising
7779,43,4,245.23,5,4,3,Champions
3832,43,1,277.29,5,1,3,New & Promising
9375,43,2,282.4,5,2,3,New & Promising
4196,43,1,288.22,5,1,3,New & Promising
1795,43,1,316.94,5,1,3,New & Promising
8960,43,2,325.78,5,2,3,New & Promising
10529,43,4,326.77,5,4,3,Champions
867,43,3,327.81,5,3,3,Loyal Customers
8760,43,2,329.1,5,2,3,New & Promising
11365,43,2,388.01,5,2,4,New & Promising
7259,43,2,413.65,5,2,4,New & Promising
804,43,1,453.52,5,1,4,New & Promising
3975,43,2,563.27,5,2,4,New & Promising
1366,43,1,578.96,5,1,4,New & Promising
10601,43,2,619.32,5,2,4,New & Promising
11930,43,4,676.75,5,4,5,Champions
5411,43,3,936.38,5,3,5,Loyal Customers
6909,43,8,1626.61,5,5,5,Champions
341,43,9,2170.98,5,5,5,Champions
9001,43,6,2734.79,5,5,5,Champions
8892,42,1,13.91,5,1,1,New & Promising
5686,42,1,17.08,5,1,1,New & Promising
10033,42,1,20.2,5,1,1,New & Promising
2683,42,1,29.22,5,1,1,New & Promising
7058,42,1,44.46,5,1,1,New & Promising
8417,42,1,63.22,5,1,1,New & Promising
5028,42,1,125.4,5,1,2,New & Promising
6547,42,1,184.04,5,1,2,New & Promising
2825,42,3,192.61,5,3,3,Loyal Customers
7684,42,1,211.86,5,1,3,New & Promising
9814,42,2,238.03,5,2,3,New & Promising
2727,42,2,248.57,5,2,3,New & Promising
889,42,1,261.55,5,1,3,New & Promising
7408,42,1,270.72,5,1,3,New & Promising
8285,42,1,302.59,5,1,3,New & Promising
11082,42,1,308.3,5,1,3,New & Promising
227,42,2,311.36,5,2,3,New & Promising
6364,42,3,327.77,5,3,3,Loyal Customers
4882,42,1,341.58,5,1,3,New & Promising
338,42,4,348.77,5,4,4,Champions
492,42,1,362.88,5,1,4,New & Promising
966,42,2,398.4,5,2,4,New & Promising
6415,42,4,399.25,5,4,4,Champions
11894,42,3,400.35,5,3,4,Loyal Customers
10703,42,1,416.12,5,1,4,New & Promising
2509,42,5,576.41,5,4,4,Champions
11756,42,3,583.07,5,3,4,Loyal Customers
5026,42,2,638.62,5,2,5,New & Promising
7047,42,1,665.31,5,1,5,New & Promising
8161,42,1,706.08,5,1,5,New & Promising
6086,42,5,1095.43,5,4,5,Champions
11533,42,4,1289.55,5,4,5,Champions
2037,42,8,1360.14,5,5,5,Champions
9022,42,5,1606.69,5,4,5,Champions
5617,41,1,17.21,5,1,1,New & Promising
1353,41,1,23.4,5,1,1,New & Promising
387,41,1,25.36,5,1,1,New & Promising
7603,41,1,32.87,5,1,1,New & Promising
11053,41,1,45.03,5,1,1,New & Promising
4930,41,1,47.83,5,1,1,New & Promising
4769,41,1,54.02,5,1,1,New & Promising
1409,41,1,55.37,5,1,1,New & Promising
9689,41,1,61.76,5,1,1,New & Promising
5888,41,1,70.68,5,1,1,New & Promising
3709,41,1,101.26,5,1,2,New & Promising
10156,41,1,118.14,5,1,2,New & Promising
2115,41,1,120.07,5,1,2,New & Promising
267,41,1,154.9,5,1,2,New & Promising
7937,41,1,168.54,5,1,2,New & Promising
3797,41,2,239.51,5,2,3,New & Promising
437,41,4,246.62,5,4,3,Champions
4016,41,3,278.75,5,3,3,Loyal Customers
11969,41,1,329.21,5,1,3,New & Promising
625,41,1,329.93,5,1,3,New & Promising
7760,41,1,335.0,5,1,3,New & Promising
287,41,3,357.39,5,3,4,Loyal Customers
8367,41,1,389.86,5,1,4,New & Promising
10204,41,5,474.46,5,4,4,Champions
10580,41,5,481.38,5,4,4,Champions
11018,41,3,506.37,5,3,4,Loyal Customers
2562,41,4,520.74,5,4,4,Champions
9806,41,2,529.12,5,2,4,New & Promising
1936,41,5,553.74,5,4,4,Champions
4952,41,3,721.38,5,3,5,Loyal Customers
1515,41,1,775.86,5,1,5,New & Promising
11044,41,3,908.58,5,3,5,Loyal Customers
3074,41,4,953.25,5,4,5,Champions
528,41,4,1164.4,5,4,5,Champions
11463,41,2,1306.36,5,2,5,New & Promising
3460,41,4,1375.14,5,4,5,Champions
4377,41,3,1512.71,5,3,5,Loyal Customers
5129,41,7,2208.33,5,5,5,Champions
1812,40,1,14.72,5,1,1,New & Promising
11253,40,1,22.2,5,1,1,New & Promising
4679,40,1,36.51,5,1,1,New & Promising
8070,40,1,40.54,5,1,1,New & Promising
9615,40,1,47.68,5,1,1,New & Promising
10183,40,1,49.22,5,1,1,New & Promising
2883,40,1,54.12,5,1,1,New & Promising
5485,40,2,63.73,5,2,1,New & Promising
1196,40,1,68.18,5,1,1,New & Promising
7874,40,1,71.84,5,1,1,New & Promising
3671,40,1,88.58,5,1,2,New & Promising
2932,40,2,98.46,5,2,2,New & Promising
5198,40,1,98.59,5,1,2,New & Promising
5160,40,2,112.31,5,2,2,New & Promising
5216,40,1,132.58,5,1,2,New & Promising
8687,40,1,137.96,5,1,2,New & Promising
11522,40,1,151.43,5,1,2,New & Promising
3388,40,1,188.48,5,1,3,New & Promising
10853,40,1,198.2,5,1,3,New & Promising
8835,40,1,201.3,5,1,3,New & Promising
10680,40,1,205.42,5,1,3,New & Promising
572,40,1,228.02,5,1,3,New & Promising
4434,40,1,280.74,5,1,3,New & Promising
4353,40,1,281.7,5,1,3,New & Promising
7641,40,2,295.15,5,2,3,New & Promising
2969,40,1,303.71,5,1,3,New & Promising
5615,40,2,341.47,5,2,3,New & Promising
4730,40,3,408.44,5,3,4,Loyal Customers
10562,40,3,557.61,5,3,4,Loyal Customers
3838,40,1,592.55,5,1,4,New & Promising
9958,40,4,621.31,5,4,4,Champions
6411,40,2,636.21,5,2,5,New & Promising
4745,40,5,638.67,5,4,5,Champions
1151,40,3,796.98,5,3,5,Loyal Customers
6273,40,3,885.72,5,3,5,Loyal Customers
11978,40,5,953.64,5,4,5,Champions
11349,40,1,1208.06,5,1,5,New & Promising
10690,40,4,1267.62,5,4,5,Champions
7723,40,2,1597.7,5,2,5,New & Promising
4101,40,4,1918.53,5,4,5,Champions
6096,40,7,2347.6,5,5,5,Champions
9130,39,1,14.89,5,1,1,New & Promising
2696,39,1,22.62,5,1,1,New & Promising
11788,39,1,23.84,5,1,1,New & Promising
1686,39,1,29.68,5,1,1,New & Promising
11619,39,1,33.13,5,1,1,New & Promising
8985,39,1,34.26,5,1,1,New & Promising
7064,39,1,51.44,5,1,1,New & Promising
11945,39,1,52.63,5,1,1,New & Promising
7562,39,1,65.74,5,1,1,New & Promising
11746,39,1,69.81,5,1,1,New & Promising
2962,39,1,112.24,5,1,2,New & Promising
2260,39,1,112.38,5,1,2,New & Promising
5854,39,1,123.18,5,1,2,New & Promising
9718,39,1,125.36,5,1,2,New & Promising
2761,39,1,127.74,5,1,2,New & Promising
3203,39,2,133.86,5,2,2,New & Promising
8386,39,1,141.54,5,1,2,New & Promising
3966,39,1,172.74,5,1,2,New & Promising
7706,39,1,194.93,5,1,3,New & Promising
2286,39,1,199.17,5,1,3,New & Promising
8953,39,1,199.3,5,1,3,New & Promising
2672,39,1,218.58,5,1,3,New & Promising
1669,39,2,222.34,5,2,3,New & Promising
5341,39,1,237.06,5,1,3,New & Promising
4602,39,1,247.73,5,1,3,New & Promising
9640,39,2,271.09,5,2,3,New & Promising
1473,39,1,281.7,5,1,3,New & Promising
8899,39,1,283.16,5,1,3,New & Promising
3043,39,1,297.78,5,1,3,New & Promising
3377,39,1,314.09,5,1,3,New & Promising
3995,39,2,315.24,5,2,3,New & Promising
9662,39,2,340.56,5,2,3,New & Promising
5651,39,3,345.18,5,3,4,Loyal Customers
10457,39,1,353.19,5,1,4,New & Promising
10023,39,2,388.42,5,2,4,New & Promising
11990,39,2,402.42,5,2,4,New & Promising
10129,39,2,405.1,5,2,4,New & Promising
10121,39,1,417.64,5,1,4,New & Promising
1504,39,2,448.24,5,2,4,New & Promising
2695,39,2,453.22,5,2,4,New & Promising
5326,39,1,537.2,5,1,4,New & Promising
10309,39,6,542.0,5,5,4,Champions
5699,39,1,563.4,5,1,4,New & Promising
1317,39,6,594.23,5,5,4,Champions
6109,39,4,632.53,5,4,4,Champions
2455,39,5,731.49,5,4,5,Champions
5947,39,3,763.3,5,3,5,Loyal Customers
4058,39,4,1052.39,5,4,5,Champions
4595,39,4,1131.07,5,4,5,Champions
4312,39,3,1176.96,5,3,5,Loyal Customers
9505,39,2,1193.85,5,2,5,New & Promising
217,39,7,1621.29,5,5,5,Champions
7169,39,6,1883.84,5,5,5,Champions
3117,38,1,14.82,5,1,1,New & Promising
6170,38,1,26.3,5,1,1,New & Promising
2133,38,1,31.07,5,1,1,New & Promising
11896,38,1,50.51,5,1,1,New & Promising
3032,38,1,55.11,5,1,1,New & Promising
3334,38,1,57.45,5,1,1,New & Promising
7632,38,1,57.45,5,1,1,New & Promising
5613,38,1,59.9,5,1,1,New & Promising
2337,38,1,79.06,5,1,1,New & Promising
2807,38,1,82.29,5,1,1,New & Promising
2154,38,2,109.39,5,2,2,New & Promising
7505,38,1,121.62,5,1,2,New & Promising
9868,38,1,135.94,5,1,2,New & Promising
9616,38,2,140.17,5,2,2,New & Promising
3874,38,2,170.82,5,2,2,New & Promising
4303,38,1,176.61,5,1,2,New & Promising
4551,38,2,295.48,5,2,3,New & Promising
9142,38,1,303.78,5,1,3,New & Promising
10542,38,1,309.19,5,1,3,New & Promising
8629,38,1,318.15,5,1,3,New & Promising
553,38,3,321.1,5,3,3,Loyal Customers
5282,38,2,366.49,5,2,4,New & Promising
10219,38,3,385.3,5,3,4,Loyal Customers
1252,38,3,438.18,5,3,4,Loyal Customers
3582,38,1,468.95,5,1,4,New & Promising
3429,38,3,510.06,5,3,4,Loyal Customers
11741,38,3,531.68,5,3,4,Loyal Customers
10991,38,2,603.38,5,2,4,New & Promising
7250,38,4,640.05,5,4,5,Champions
10895,38,6,697.64,5,5,5,Champions
8905,38,1,730.3,5,1,5,New & Promising
10100,38,3,864.97,5,3,5,Loyal Customers
8246,38,4,920.91,5,4,5,Champions
10353,38,2,983.55,5,2,5,New & Promising
11692,38,2,1012.98,5,2,5,New & Promising
1272,38,5,1130.81,5,4,5,Champions
1987,38,5,1479.75,5,4,5,Champions
9568,37,1,24.9,5,1,1,New & Promising
5842,37,1,29.16,5,1,1,New & Promising
11334,37,1,33.82,5,1,1,New & Promising
187,37,1,35.3,5,1,1,New & Promising
10714,37,1,43.86,5,1,1,New & Promising
2584,37,1,56.22,5,1,1,New & Promising
10956,37,1,57.68,5,1,1,New & Promising
1541,37,2,79.98,5,2,1,New & Promising
11300,37,1,82.33,5,1,2,New & Promising
8800,37,1,86.06,5,1,2,New & Promising
11111,37,1,90.92,5,1,2,New & Promising
2729,37,1,97.57,5,1,2,New & Promising
11037,37,2,105.46,5,2,2,New & Promising
2009,37,2,114.14,5,2,2,New & Promising
9053,37,1,132.03,5,1,2,New & Promising
9358,37,1,163.88,5,1,2,New & Promising
3921,37,1,175.05,5,1,2,New & Promising
381,37,2,190.96,5,2,3,New & Promising
8049,37,2,218.38,5,2,3,New & Promising
5983,37,1,222.49,5,1,3,New & Promising
9858,37,1,229.7,5,1,3,New & Promising
4410,37,1,237.61,5,1,3,New & Promising
7576,37,1,270.88,5,1,3,New & Promising
4184,37,1,282.9,5,1,3,New & Promising
116,37,3,294.68,5,3,3,Loyal Customers
4542,37,1,353.82,5,1,4,New & Promising
5879,37,2,393.49,5,2,4,New & Promising
9810,37,1,523.9,5,1,4,New & Promising
793,37,1,536.14,5,1,4,New & Promising
5384,37,1,597.9,5,1,4,New & Promising
6277,37,7,637.71,5,5,5,Champions
461,37,4,640.18,5,4,5,Champions
7386,37,2,643.87,5,2,5,New & Promising
7650,37,3,844.98,5,3,5,Loyal Customers
1077,37,5,1335.26,5,4,5,Champions
9952,37,7,3792.97,5,5,5,Champions
814,36,1,16.46,5,1,1,New & Promising
8137,36,1,17.67,5,1,1,New & Promising
6155,36,1,19.6,5,1,1,New & Promising
2949,36,1,25.36,5,1,1,New & Promising
5342,36,1,26.3,5,1,1,New & Promising
11950,36,1,42.64,5,1,1,New & Promising
1935,36,2,63.38,5,2,1,New & Promising
4370,36,1,70.34,5,1,1,New & Promising
2370,36,2,85.68,5,2,2,New & Promising
7228,36,1,88.34,5,1,2,New & Promising
1545,36,1,93.46,5,1,2,New & Promising
11830,36,1,98.9,5,1,2,New & Promising
7809,36,1,101.11,5,1,2,New & Promising
8364,36,1,112.24,5,1,2,New & Promising
1505,36,1,136.43,5,1,2,New & Promising
5240,36,1,147.76,5,1,2,New & Promising
5753,36,1,168.16,5,1,2,New & Promising
1088,36,2,205.71,5,2,3,New & Promising
3645,36,1,205.9,5,1,3,New & Promising
2069,36,1,244.39,5,1,3,New & Promising
9105,36,1,247.51,5,1,3,New & Promising
6112,36,2,249.19,5,2,3,New & Promising
4540,36,2,257.57,5,2,3,New & Promising
1509,36,1,300.24,5,1,3,New & Promising
5436,36,2,318.22,5,2,3,New & Promising
7597,36,1,321.65,5,1,3,New & Promising
4557,36,1,333.01,5,1,3,New & Promising
846,36,2,360.24,5,2,4,New & Promising
3595,36,3,388.31,5,3,4,Loyal Customers
2353,36,5,400.35,5,4,4,Champions
772,36,2,439.88,5,2,4,New & Promising
4973,36,2,477.57,5,2,4,New & Promising
6418,36,3,497.53,5,3,4,Loyal Customers
1571,36,4,628.66,5,4,4,Champions
8783,36,1,635.82,5,1,5,New & Promising
7140,36,3,648.86,5,3,5,Loyal Customers
3899,36,2,671.73,5,2,5,New & Promising
11276,36,3,763.19,5,3,5,Loyal Customers
9368,36,3,776.25,5,3,5,Loyal Customers
1182,36,2,783.94,5,2,5,New & Promising
11852,36,4,945.0,5,4,5,Champions
11954,36,3,997.24,5,3,5,Loyal Customers
5114,36,3,1073.26,5,3,5,Loyal Customers
3024,36,2,1084.02,5,2,5,New & Promising
313,36,6,1146.36,5,5,5,Champions
8362,36,8,1169.6,5,5,5,Champions
6597,36,6,1292.22,5,5,5,Champions
538,36,3,1348.25,5,3,5,Loyal Customers
6741,36,6,1520.99,5,5,5,Champions
3564,35,1,15.65,5,1,1,New & Promising
1385,35,1,17.05,5,1,1,New & Promising
6870,35,1,43.4,5,1,1,New & Promising
10396,35,1,44.45,5,1,1,New & Promising
11682,35,1,50.57,5,1,1,New & Promising
10705,35,1,51.06,5,1,1,New & Promising
1785,35,1,53.67,5,1,1,New & Promising
372,35,1,59.72,5,1,1,New & Promising
5324,35,1,70.53,5,1,1,New & Promising
10325,35,1,78.53,5,1,1,New & Promising
7377,35,2,85.71,5,2,2,New & Promising
9063,35,1,91.05,5,1,2,New & Promising
9998,35,1,113.66,5,1,2,New & Promising
8679,35,1,135.06,5,1,2,New & Promising
2100,35,2,142.68,5,2,2,New & Promising
2057,35,1,145.05,5,1,2,New & Promising
6203,35,1,146.5,5,1,2,New & Promising
310,35,3,148.92,5,3,2,Loyal Customers
5528,35,2,169.72,5,2,2,New & Promising
3753,35,1,198.18,5,1,3,New & Promising
8673,35,1,198.47,5,1,3,New & Promising
5243,35,1,205.24,5,1,3,New & Promising
3336,35,2,206.12,5,2,3,New & Promising
9380,35,1,230.31,5,1,3,New & Promising
10815,35,1,256.55,5,1,3,New & Promising
8442,35,1,271.68,5,1,3,New & Promising
10788,35,3,315.64,5,3,3,Loyal Customers
11531,35,3,337.97,5,3,3,Loyal Customers
2401,35,1,340.08,5,1,3,New & Promising
2059,35,2,354.14,5,2,4,New & Promising
5144,35,6,398.33,5,5,4,Champions
2660,35,3,433.46,5,3,4,Loyal Customers
393,35,1,468.92,5,1,4,New & Promising
4828,35,4,563.42,5,4,4,Champions
8653,35,1,584.83,5,1,4,New & Promising
5810,35,4,667.46,5,4,5,Champions
3530,35,6,685.46,5,5,5,Champions
2870,35,3,885.34,5,3,5,Loyal Customers
6729,35,1,1033.5,5,1,5,New & Promising
7855,35,1,1062.48,5,1,5,New & Promising
10103,35,1,1249.46,5,1,5,New & Promising
5899,35,9,1657.13,5,5,5,Champions
5508,35,4,1669.83,5,4,5,Champions
8582,35,3,2178.09,5,3,5,Loyal Customers
611,34,1,8.86,5,1,1,New & Promising
8454,34,1,28.37,5,1,1,New & Promising
6148,34,1,29.58,5,1,1,New & Promising
9992,34,2,30.51,5,2,1,New & Promising
3048,34,1,48.85,5,1,1,New & Promising
8090,34,1,49.72,5,1,1,New & Promising
333,34,1,50.73,5,1,1,New & Promising
7979,34,1,57.66,5,1,1,New & Promising
7173,34,1,61.06,5,1,1,New & Promising
10344,34,1,65.0,5,1,1,New & Promising
10718,34,1,73.99,5,1,1,New & Promising
8135,34,2,87.02,5,2,2,New & Promising
114,34,2,109.11,5,2,2,New & Promising
5837,34,1,128.26,5,1,2,New & Promising
5567,34,1,132.74,5,1,2,New & Promising
8001,34,2,137.31,5,2,2,New & Promising
2183,34,1,144.02,5,1,2,New & Promising
5349,34,1,147.25,5,1,2,New & Promising
268,34,1,147.99,5,1,2,New & Promising
9803,34,2,173.99,5,2,2,New & Promising
4807,34,1,195.57,5,1,3,New & Promising
304,34,2,206.4,5,2,3,New & Promising
2607,34,1,207.4,5,1,3,New & Promising
8939,34,1,228.04,5,1,3,New & Promising
4929,34,1,267.98,5,1,3,New & Promising
10273,34,1,293.77,5,1,3,New & Promising
9777,34,2,299.53,5,2,3,New & Promising
2784,34,5,476.37,5,4,4,Champions
8886,34,4,481.06,5,4,4,Champions
6111,34,1,485.22,5,1,4,New & Promising
1208,34,4,572.49,5,4,4,Champions
5975,34,3,592.57,5,3,4,Loyal Customers
926,34,1,631.59,5,1,4,New & Promising
11231,34,3,678.82,5,3,5,Loyal Customers
4089,34,2,705.58,5,2,5,New & Promising
7599,34,3,957.15,5,3,5,Loyal Customers
9626,34,1,959.74,5,1,5,New & Promising
1705,34,3,1169.73,5,3,5,Loyal Customers
477,34,4,1186.84,5,4,5,Champions
8448,34,4,1326.85,5,4,5,Champions
9697,34,10,1837.5,5,5,5,Champions
9180,34,5,2325.81,5,4,5,Champions
3215,34,3,2775.39,5,3,5,Loyal Customers
4069,34,6,4015.98,5,5,5,Champions
9143,33,1,12.32,5,1,1,New & Promising
10889,33,1,19.92,5,1,1,New & Promising
6820,33,1,43.27,5,1,1,New & Promising
4129,33,1,49.24,5,1,1,New & Promising
8006,33,1,50.48,5,1,1,New & Promising
6901,33,1,51.06,5,1,1,New & Promising
6472,33,1,54.74,5,1,1,New & Promising
141,33,1,55.18,5,1,1,New & Promising
9252,33,1,56.12,5,1,1,New & Promising
4213,33,1,67.23,5,1,1,New & Promising
9524,33,1,72.88,5,1,1,New & Promising
10492,33,1,76.39,5,1,1,New & Promising
6907,33,1,77.0,5,1,1,New & Promising
9898,33,1,82.02,5,1,1,New & Promising
9441,33,1,83.36,5,1,2,New & Promising
1057,33,1,85.02,5,1,2,New & Promising
173,33,1,88.46,5,1,2,New & Promising
8877,33,1,106.82,5,1,2,New & Promising
7572,33,1,136.36,5,1,2,New & Promising
3330,33,1,145.26,5,1,2,New & Promising
2692,33,2,153.76,5,2,2,New & Promising
8590,33,2,164.21,5,2,2,New & Promising
1790,33,2,174.88,5,2,2,New & Promising
1113,33,1,176.91,5,1,2,New & Promising
4688,33,1,195.69,5,1,3,New & Promising
11715,33,1,196.4,5,1,3,New & Promising
8402,33,1,199.3,5,1,3,New & Promising
6641,33,2,210.58,5,2,3,New & Promising
10910,33,1,219.72,5,1,3,New & Promising
1573,33,2,287.79,5,2,3,New & Promising
6588,33,2,306.65,5,2,3,New & Promising
1943,33,1,316.39,5,1,3,New & Promising
7727,33,3,326.14,5,3,3,Loyal Customers
631,33,4,346.49,5,4,4,Champions
7178,33,1,349.22,5,1,4,New & Promising
11271,33,1,355.99,5,1,4,New & Promising
11571,33,1,412.32,5,1,4,New & Promising
11357,33,1,442.9,5,1,4,New & Promising
578,33,2,443.68,5,2,4,New & Promising
11309,33,2,452.58,5,2,4,New & Promising
5499,33,2,475.73,5,2,4,New & Promising
1559,33,2,517.83,5,2,4,New & Promising
4113,33,1,698.28,5,1,5,New & Promising
5588,33,1,699.04,5,1,5,New & Promising
5561,33,4,725.24,5,4,5,Champions
5125,33,3,749.47,5,3,5,Loyal Customers
5428,33,6,791.86,5,5,5,Champions
1518,33,1,825.81,5,1,5,New & Promising
897,33,2,931.55,5,2,5,New & Promising
6131,33,5,963.12,5,4,5,Champions
11964,33,3,1076.98,5,3,5,Loyal Customers
4618,33,3,1152.41,5,3,5,Loyal Customers
1595,33,3,1247.39,5,3,5,Loyal Customers
452,33,6,1306.13,5,5,5,Champions
4559,33,7,1345.38,5,5,5,Champions
11060,33,5,1383.62,5,4,5,Champions
1934,32,1,10.25,5,1,1,New & Promising
798,32,1,11.96,5,1,1,New & Promising
1951,32,1,32.75,5,1,1,New & Promising
1821,32,1,45.54,5,1,1,New & Promising
6617,32,1,60.14,5,1,1,New & Promising
11634,32,2,60.58,5,2,1,New & Promising
4767,32,1,84.69,5,1,2,New & Promising
6684,32,1,103.3,5,1,2,New & Promising
6404,32,1,109.66,5,1,2,New & Promising
9661,32,1,134.36,5,1,2,New & Promising
11236,32,1,145.01,5,1,2,New & Promising
1764,32,2,147.56,5,2,2,New & Promising
10351,32,1,182.71,5,1,2,New & Promising
2801,32,2,197.5,5,2,3,New & Promising
474,32,1,217.08,5,1,3,New & Promising
6700,32,1,298.99,5,1,3,New & Promising
649,32,2,315.9,5,2,3,New & Promising
2207,32,2,336.18,5,2,3,New & Promising
11096,32,1,363.53,5,1,4,New & Promising
5637,32,1,399.03,5,1,4,New & Promising
9756,32,1,415.65,5,1,4,New & Promising
5716,32,1,425.31,5,1,4,New & Promising
1522,32,3,431.78,5,3,4,Loyal Customers
972,32,2,460.11,5,2,4,New & Promising
10877,32,2,481.53,5,2,4,New & Promising
10966,32,1,505.57,5,1,4,New & Promising
6817,32,1,545.97,5,1,4,New & Promising
2890,32,5,604.11,5,4,4,Champions
1848,32,2,646.38,5,2,5,New & Promising
8781,32,4,679.36,5,4,5,Champions
5022,32,2,682.37,5,2,5,New & Promising
10086,32,2,730.15,5,2,5,New & Promising
9902,32,2,928.08,5,2,5,New & Promising
2341,32,7,958.14,5,5,5,Champions
10036,32,5,992.32,5,4,5,Champions
10989,32,6,1168.59,5,5,5,Champions
2775,32,2,1235.06,5,2,5,New & Promising
2846,32,6,1237.57,5,5,5,Champions
8118,32,10,1243.49,5,5,5,Champions
9366,32,4,1335.58,5,4,5,Champions
5529,32,4,2462.86,5,4,5,Champions
8260,32,10,2698.37,5,5,5,Champions
9454,31,1,13.1,5,1,1,New & Promising
5510,31,1,30.81,5,1,1,New & Promising
8882,31,1,30.9,5,1,1,New & Promising
1373,31,1,33.18,5,1,1,New & Promising
8452,31,1,34.85,5,1,1,New & Promising
1398,31,1,37.11,5,1,1,New & Promising
2447,31,1,44.52,5,1,1,New & Promising
8712,31,1,79.15,5,1,1,New & Promising
1080,31,1,84.0,5,1,2,New & Promising
7460,31,1,92.76,5,1,2,New & Promising
8363,31,1,123.52,5,1,2,New & Promising
1508,31,3,127.07,5,3,2,Loyal Customers
4872,31,1,127.07,5,1,2,New & Promising
9205,31,4,155.15,5,4,2,Champions
6850,31,1,162.02,5,1,2,New & Promising
6559,31,1,165.66,5,1,2,New & Promising
4422,31,1,191.16,5,1,3,New & Promising
601,31,2,207.42,5,2,3,New & Promising
4384,31,2,244.01,5,2,3,New & Promising
5007,31,4,246.22,5,4,3,Champions
3606,31,1,268.05,5,1,3,New & Promising
6290,31,1,274.03,5,1,3,New & Promising
2172,31,2,288.78,5,2,3,New & Promising
4461,31,1,289.79,5,1,3,New & Promising
4161,31,1,304.3,5,1,3,New & Promising
5652,31,1,343.67,5,1,4,New & Promising
2642,31,2,365.68,5,2,4,New & Promising
7418,31,1,382.44,5,1,4,New & Promising
6389,31,2,384.27,5,2,4,New & Promising
8259,31,2,415.56,5,2,4,New & Promising
4923,31,2,419.42,5,2,4,New & Promising
1750,31,1,488.07,5,1,4,New & Promising
3954,31,2,519.92,5,2,4,New & Promising
9642,31,1,533.7,5,1,4,New & Promising
7518,31,3,550.03,5,3,4,Loyal Customers
3603,31,3,579.87,5,3,4,Loyal Customers
1665,31,3,599.24,5,3,4,Loyal Customers
802,31,2,613.59,5,2,4,New & Promising
4265,31,3,844.22,5,3,5,Loyal Customers
72,31,5,855.61,5,4,5,Champions
8234,31,1,916.25,5,1,5,New & Promising
8562,31,4,936.91,5,4,5,Champions
8619,31,3,1066.31,5,3,5,Loyal Customers
6350,31,3,1095.27,5,3,5,Loyal Customers
7828,31,3,1108.54,5,3,5,Loyal Customers
4570,31,6,1132.89,5,5,5,Champions
5280,31,5,1140.08,5,4,5,Champions
7501,31,7,1999.29,5,5,5,Champions
7893,31,8,2413.98,5,5,5,Champions
6252,31,8,2829.06,5,5,5,Champions
7132,30,1,11.79,5,1,1,New & Promising
4777,30,1,46.67,5,1,1,New & Promising
8145,30,1,50.51,5,1,1,New & Promising
6043,30,1,58.55,5,1,1,New & Promising
8599,30,1,63.25,5,1,1,New & Promising
6318,30,1,68.52,5,1,1,New & Promising
735,30,1,84.27,5,1,2,New & Promising
4144,30,1,132.87,5,1,2,New & Promising
7990,30,1,138.86,5,1,2,New & Promising
8606,30,1,161.01,5,1,2,New & Promising
5230,30,2,169.55,5,2,2,New & Promising
2538,30,1,181.65,5,1,2,New & Promising
4352,30,1,205.14,5,1,3,New & Promising
35,30,1,265.47,5,1,3,New & Promising
8999,30,1,266.19,5,1,3,New & Promising
7980,30,2,291.59,5,2,3,New & Promising
10568,30,1,295.19,5,1,3,New & Promising
11372,30,3,300.22,5,3,3,Loyal Customers
4829,30,2,309.46,5,2,3,New & Promising
10790,30,2,353.32,5,2,4,New & Promising
5046,30,3,361.56,5,3,4,Loyal Customers
5980,30,2,410.82,5,2,4,New & Promising
4943,30,4,429.3,5,4,4,Champions
5990,30,3,461.37,5,3,4,Loyal Customers
8723,30,3,462.08,5,3,4,Loyal Customers
7803,30,2,476.08,5,2,4,New & Promising
10224,30,1,497.15,5,1,4,New & Promising
2167,30,2,513.79,5,2,4,New & Promising
6493,30,2,514.2,5,2,4,New & Promising
1011,30,2,579.58,5,2,4,New & Promising
46,30,5,615.01,5,4,4,Champions
602,30,2,658.45,5,2,5,New & Promising
7602,30,2,666.26,5,2,5,New & Promising
736,30,6,680.97,5,5,5,Champions
4308,30,4,682.53,5,4,5,Champions
11653,30,3,712.07,5,3,5,Loyal Customers
6552,30,4,858.47,5,4,5,Champions
9623,30,3,893.1,5,3,5,Loyal Customers
8913,30,1,931.02,5,1,5,New & Promising
11241,30,4,1056.49,5,4,5,Champions
4641,30,3,1083.38,5,3,5,Loyal Customers
7161,30,3,1217.56,5,3,5,Loyal Customers
11586,30,5,1253.88,5,4,5,Champions
3039,30,5,1304.41,5,4,5,Champions
2527,30,5,1538.52,5,4,5,Champions
5414,30,7,2157.91,5,5,5,Champions
2574,30,8,2636.5,5,5,5,Champions
6338,30,13,7561.82,5,5,5,Champions
3183,29,1,17.09,5,1,1,New & Promising
3828,29,1,18.61,5,1,1,New & Promising
8242,29,1,39.9,5,1,1,New & Promising
3026,29,1,47.59,5,1,1,New & Promising
6139,29,1,47.73,5,1,1,New & Promising
6660,29,1,49.83,5,1,1,New & Promising
9587,29,1,70.58,5,1,1,New & Promising
3672,29,1,78.51,5,1,1,New & Promising
4941,29,2,83.48,5,2,2,New & Promising
3028,29,1,100.32,5,1,2,New & Promising
8532,29,1,103.71,5,1,2,New & Promising
2700,29,1,126.43,5,1,2,New & Promising
978,29,2,152.19,5,2,2,New & Promising
10870,29,2,157.48,5,2,2,New & Promising
1684,29,1,187.96,5,1,3,New & Promising
508,29,2,196.15,5,2,3,New & Promising
1025,29,3,222.38,5,3,3,Loyal Customers
4857,29,2,224.7,5,2,3,New & Promising
4048,29,1,224.82,5,1,3,New & Promising
8610,29,1,253.8,5,1,3,New & Promising
11844,29,4,292.53,5,4,3,Champions
2853,29,2,304.43,5,2,3,New & Promising
2055,29,2,304.77,5,2,3,New & Promising
7255,29,2,308.04,5,2,3,New & Promising
2506,29,3,327.96,5,3,3,Loyal Customers
9611,29,2,329.89,5,2,3,New & Promising
3225,29,3,334.14,5,3,3,Loyal Customers
11167,29,3,337.96,5,3,3,Loyal Customers
3717,29,2,356.03,5,2,4,New & Promising
9468,29,1,357.24,5,1,4,New & Promising
6561,29,1,387.93,5,1,4,New & Promising
975,29,2,393.17,5,2,4,New & Promising
11291,29,4,425.11,5,4,4,Champions
6553,29,3,455.14,5,3,4,Loyal Customers
2388,29,2,485.83,5,2,4,New & Promising
4636,29,2,503.39,5,2,4,New & Promising
5706,29,4,574.18,5,4,4,Champions
523,29,5,576.33,5,4,4,Champions
4791,29,4,609.15,5,4,4,Champions
1771,29,8,715.1,5,5,5,Champions
124,29,3,737.73,5,3,5,Loyal Customers
8044,29,6,809.62,5,5,5,Champions
10067,29,5,1089.88,5,4,5,Champions
8743,29,2,1216.89,5,2,5,New & Promising
7931,29,2,1309.45,5,2,5,New & Promising
3338,29,5,1342.48,5,4,5,Champions
9039,29,4,1432.87,5,4,5,Champions
9151,29,7,1489.4,5,5,5,Champions
5646,28,1,6.74,5,1,1,New & Promising
3283,28,1,11.09,5,1,1,New & Promising
2,28,1,12.32,5,1,1,New & Promising
6198,28,1,13.16,5,1,1,New & Promising
694,28,1,17.13,5,1,1,New & Promising
1344,28,1,18.82,5,1,1,New & Promising
8480,28,1,23.84,5,1,1,New & Promising
7740,28,1,31.08,5,1,1,New & Promising
379,28,1,56.51,5,1,1,New & Promising
4446,28,1,60.76,5,1,1,New & Promising
2219,28,1,63.08,5,1,1,New & Promising
1275,28,1,68.18,5,1,1,New & Promising
8403,28,1,90.04,5,1,2,New & Promising
1649,28,2,112.78,5,2,2,New & Promising
2788,28,1,127.98,5,1,2,New & Promising
8096,28,1,167.39,5,1,2,New & Promising
2216,28,2,181.4,5,2,2,New & Promising
806,28,1,220.89,5,1,3,New & Promising
3614,28,2,260.53,5,2,3,New & Promising
3017,28,2,263.82,5,2,3,New & Promising
1915,28,1,270.57,5,1,3,New & Promising
4903,28,1,276.29,5,1,3,New & Promising
10783,28,2,280.87,5,2,3,New & Promising
5078,28,1,317.91,5,1,3,New & Promising
9927,28,1,323.88,5,1,3,New & Promising
4699,28,1,369.24,5,1,4,New & Promising
7882,28,5,381.96,5,4,4,Champions
6863,28,1,391.24,5,1,4,New & Promising
283,28,4,412.08,5,4,4,Champions
7289,28,4,423.72,5,4,4,Champions
426,28,2,429.55,5,2,4,New & Promising
5954,28,1,436.19,5,1,4,New & Promising
11498,28,2,438.83,5,2,4,New & Promising
3261,28,4,459.12,5,4,4,Champions
6678,28,3,461.66,5,3,4,Loyal Customers
1497,28,3,494.79,5,3,4,Loyal Customers
349,28,2,545.27,5,2,4,New & Promising
11673,28,7,675.07,5,5,5,Champions
2004,28,1,675.3,5,1,5,New & Promising
6685,28,2,706.85,5,2,5,New & Promising
5866,28,7,737.82,5,5,5,Champions
9759,28,3,753.88,5,3,5,Loyal Customers
2520,28,5,801.56,5,4,5,Champions
5080,28,3,802.86,5,3,5,Loyal Customers
8498,28,2,885.64,5,2,5,New & Promising
6876,28,1,913.28,5,1,5,New & Promising
8841,28,3,927.59,5,3,5,Loyal Customers
1178,28,4,945.52,5,4,5,Champions
6499,28,1,1121.4,5,1,5,New & Promising
9013,28,4,1255.02,5,4,5,Champions
2363,28,3,1259.41,5,3,5,Loyal Customers
2204,28,1,1405.06,5,1,5,New & Promising
10245,28,2,1522.68,5,2,5,New & Promising
9760,28,6,1849.96,5,5,5,Champions
5636,28,1,2103.24,5,1,5,New & Promising
6842,28,8,2639.38,5,5,5,Champions
2840,28,5,3159.08,5,4,5,Champions
11456,27,1,16.05,5,1,1,New & Promising
11672,27,1,19.72,5,1,1,New & Promising
3136,27,1,20.2,5,1,1,New & Promising
5511,27,1,27.34,5,1,1,New & Promising
11470,27,1,29.58,5,1,1,New & Promising
8987,27,1,32.47,5,1,1,New & Promising
4507,27,1,33.43,5,1,1,New & Promising
576,27,2,38.05,5,2,1,New & Promising
223,27,1,50.36,5,1,1,New & Promising
7857,27,1,63.32,5,1,1,New & Promising
855,27,1,72.88,5,1,1,New & Promising
8641,27,1,82.6,5,1,2,New & Promising
7088,27,1,96.38,5,1,2,New & Promising
7429,27,1,105.19,5,1,2,New & Promising
2382,27,1,108.35,5,1,2,New & Promising
533,27,1,141.86,5,1,2,New & Promising
9515,27,2,157.93,5,2,2,New & Promising
8812,27,1,198.62,5,1,3,New & Promising
10918,27,1,206.98,5,1,3,New & Promising
8830,27,1,211.5,5,1,3,New & Promising
7860,27,1,215.36,5,1,3,New & Promising
10896,27,3,239.55,5,3,3,Loyal Customers
991,27,3,275.45,5,3,3,Loyal Customers
10944,27,1,301.45,5,1,3,New & Promising
9472,27,1,322.12,5,1,3,New & Promising
391,27,1,324.18,5,1,3,New & Promising
6851,27,1,327.59,5,1,3,New & Promising
1782,27,1,422.7,5,1,4,New & Promising
1306,27,2,436.17,5,2,4,New & Promising
11546,27,2,470.34,5,2,4,New & Promising
4531,27,3,627.86,5,3,4,Loyal Customers
9594,27,1,704.59,5,1,5,New & Promising
7247,27,4,728.89,5,4,5,Champions
2965,27,2,826.55,5,2,5,New & Promising
914,27,4,828.28,5,4,5,Champions
6006,27,1,932.38,5,1,5,New & Promising
9152,27,6,995.36,5,5,5,Champions
2403,27,3,1024.39,5,3,5,Loyal Customers
10817,27,6,1086.93,5,5,5,Champions
1891,27,3,1219.34,5,3,5,Loyal Customers
1996,27,6,1334.26,5,5,5,Champions
9407,27,7,1515.95,5,5,5,Champions
5654,27,3,2225.98,5,3,5,Loyal Customers
983,27,12,2325.84,5,5,5,Champions
8549,26,1,14.96,5,1,1,New & Promising
8671,26,1,32.14,5,1,1,New & Promising
3378,26,1,34.26,5,1,1,New & Promising
6222,26,1,46.08,5,1,1,New & Promising
5250,26,1,50.92,5,1,1,New & Promising
10401,26,1,57.4,5,1,1,New & Promising
6236,26,1,60.3,5,1,1,New & Promising
1180,26,1,83.98,5,1,2,New & Promising
9370,26,2,84.23,5,2,2,New & Promising
9085,26,2,84.35,5,2,2,New & Promising
5082,26,1,92.83,5,1,2,New & Promising
1784,26,1,102.18,5,1,2,New & Promising
1046,26,1,111.16,5,1,2,New & Promising
4379,26,1,119.9,5,1,2,New & Promising
9867,26,1,121.92,5,1,2,New & Promising
5620,26,1,125.17,5,1,2,New & Promising
9134,26,1,128.0,5,1,2,New & Promising
6670,26,1,128.49,5,1,2,New & Promising
4172,26,2,131.54,5,2,2,New & Promising
4740,26,1,172.12,5,1,2,New & Promising
5018,26,1,186.24,5,1,3,New & Promising
8920,26,3,202.45,5,3,3,Loyal Customers
4466,26,1,218.08,5,1,3,New & Promising
7311,26,3,220.59,5,3,3,Loyal Customers
2043,26,2,269.56,5,2,3,New & Promising
11121,26,3,271.91,5,3,3,Loyal Customers
3772,26,2,281.94,5,2,3,New & Promising
9357,26,1,288.98,5,1,3,New & Promising
11668,26,4,291.37,5,4,3,Champions
8545,26,2,305.0,5,2,3,New & Promising
8387,26,1,338.71,5,1,3,New & Promising
886,26,2,343.87,5,2,4,New & Promising
11795,26,2,344.48,5,2,4,New & Promising
4157,26,4,369.32,5,4,4,Champions
9660,26,4,369.73,5,4,4,Champions
10891,26,4,381.3,5,4,4,Champions
8418,26,2,398.07,5,2,4,New & Promising
11910,26,1,400.77,5,1,4,New & Promising
9678,26,3,401.09,5,3,4,Loyal Customers
8595,26,2,429.33,5,2,4,New & Promising
11377,26,4,570.01,5,4,4,Champions
10017,26,3,641.85,5,3,5,Loyal Customers
4921,26,3,921.87,5,3,5,Loyal Customers
2815,26,3,938.31,5,3,5,Loyal Customers
3775,26,8,993.98,5,5,5,Champions
3503,26,5,1021.92,5,4,5,Champions
10005,26,6,1055.96,5,5,5,Champions
11628,26,5,1074.0,5,4,5,Champions
8003,26,2,1090.65,5,2,5,New & Promising
8036,26,3,1121.51,5,3,5,Loyal Customers
4195,26,4,1308.15,5,4,5,Champions
2074,26,7,1477.43,5,5,5,Champions
2165,26,6,1517.1,5,5,5,Champions
7637,26,4,1543.03,5,4,5,Champions
100,26,7,2016.58,5,5,5,Champions
9955,25,1,13.16,5,1,1,New & Promising
11831,25,1,13.64,5,1,1,New & Promising
1899,25,1,21.46,5,1,1,New & Promising
6320,25,1,26.04,5,1,1,New & Promising
9497,25,1,30.36,5,1,1,New & Promising
1852,25,1,32.47,5,1,1,New & Promising
10702,25,1,38.14,5,1,1,New & Promising
10627,25,1,46.38,5,1,1,New & Promising
5031,25,1,50.67,5,1,1,New & Promising
6563,25,1,74.32,5,1,1,New & Promising
11399,25,1,75.86,5,1,1,New & Promising
9083,25,2,86.44,5,2,2,New & Promising
2774,25,2,88.78,5,2,2,New & Promising
758,25,2,93.65,5,2,2,New & Promising
1304,25,2,94.45,5,2,2,New & Promising
1603,25,1,109.35,5,1,2,New & Promising
6565,25,1,127.59,5,1,2,New & Promising
8004,25,1,147.08,5,1,2,New & Promising
8616,25,1,148.07,5,1,2,New & Promising
1065,25,1,158.58,5,1,2,New & Promising
4020,25,1,165.37,5,1,2,New & Promising
6990,25,1,174.64,5,1,2,New & Promising
4426,25,2,196.7,5,2,3,New & Promising
6518,25,4,198.99,5,4,3,Champions
10097,25,1,199.3,5,1,3,New & Promising
3553,25,1,201.86,5,1,3,New & Promising
3454,25,1,217.05,5,1,3,New & Promising
4134,25,5,219.74,5,4,3,Champions
10438,25,2,219.91,5,2,3,New & Promising
9050,25,1,226.95,5,1,3,New & Promising
9430,25,3,229.22,5,3,3,Loyal Customers
4345,25,1,237.79,5,1,3,New & Promising
10885,25,1,239.74,5,1,3,New & Promising
956,25,2,243.42,5,2,3,New & Promising
1816,25,1,274.01,5,1,3,New & Promising
2249,25,4,381.71,5,4,4,Champions
5081,25,1,397.69,5,1,4,New & Promising
7358,25,1,409.7,5,1,4,New & Promising
3115,25,1,413.7,5,1,4,New & Promising
3514,25,1,415.24,5,1,4,New & Promising
7249,25,3,457.4,5,3,4,Loyal Customers
8836,25,1,467.02,5,1,4,New & Promising
3155,25,2,535.24,5,2,4,New & Promising
8620,25,2,585.35,5,2,4,New & Promising
10840,25,3,607.16,5,3,4,Loyal Customers
3049,25,1,675.95,5,1,5,New & Promising
1557,25,4,691.92,5,4,5,Champions
10836,25,6,795.81,5,5,5,Champions
6033,25,2,830.0,5,2,5,New & Promising
11070,25,2,863.16,5,2,5,New & Promising
672,25,2,945.73,5,2,5,New & Promising
4681,25,2,1079.75,5,2,5,New & Promising
1806,25,3,1176.95,5,3,5,Loyal Customers
2813,25,4,1192.94,5,4,5,Champions
6019,25,6,1862.09,5,5,5,Champions
574,25,6,2170.15,5,5,5,Champions
8368,25,11,3296.92,5,5,5,Champions
5921,24,1,8.48,5,1,1,New & Promising
11171,24,1,11.56,5,1,1,New & Promising
6572,24,1,13.91,5,1,1,New & Promising
7464,24,1,20.65,5,1,1,New & Promising
8561,24,1,22.95,5,1,1,New & Promising
2448,24,1,36.51,5,1,1,New & Promising
6217,24,1,36.99,5,1,1,New & Promising
8199,24,1,38.68,5,1,1,New & Promising
5618,24,1,39.45,5,1,1,New & Promising
10395,24,1,40.2,5,1,1,New & Promising
4304,24,1,40.44,5,1,1,New & Promising
5660,24,2,48.06,5,2,1,New & Promising
2851,24,1,51.32,5,1,1,New & Promising
7220,24,1,67.4,5,1,1,New & Promising
586,24,3,69.44,5,3,1,Loyal Customers
4279,24,1,93.25,5,1,2,New & Promising
8803,24,1,97.52,5,1,2,New & Promising
11385,24,1,101.98,5,1,2,New & Promising
1158,24,2,108.17,5,2,2,New & Promising
11710,24,2,119.0,5,2,2,New & Promising
2240,24,1,123.03,5,1,2,New & Promising
2704,24,2,175.65,5,2,2,New & Promising
2906,24,1,177.5,5,1,2,New & Promising
1590,24,1,184.08,5,1,2,New & Promising
1254,24,1,187.29,5,1,3,New & Promising
3577,24,1,198.18,5,1,3,New & Promising
8405,24,1,206.57,5,1,3,New & Promising
5619,24,4,208.78,5,4,3,Champions
5885,24,1,225.1,5,1,3,New & Promising
9764,24,1,236.65,5,1,3,New & Promising
8206,24,1,244.92,5,1,3,New & Promising
10233,24,3,256.97,5,3,3,Loyal Customers
4547,24,1,277.58,5,1,3,New & Promising
4146,24,1,279.52,5,1,3,New & Promising
9078,24,1,290.63,5,1,3,New & Promising
8622,24,1,293.37,5,1,3,New & Promising
6705,24,1,309.84,5,1,3,New & Promising
10586,24,2,317.45,5,2,3,New & Promising
11332,24,5,330.5,5,4,3,Champions
411,24,1,331.94,5,1,3,New & Promising
9874,24,1,381.15,5,1,4,New & Promising
9281,24,1,382.98,5,1,4,New & Promising
2935,24,1,383.93,5,1,4,New & Promising
11773,24,2,457.19,5,2,4,New & Promising
8294,24,2,468.36,5,2,4,New & Promising
11441,24,1,496.77,5,1,4,New & Promising
115,24,3,530.17,5,3,4,Loyal Customers
3908,24,2,573.64,5,2,4,New & Promising
3008,24,1,577.68,5,1,4,New & Promising
10965,24,5,591.51,5,4,4,Champions
2802,24,5,635.41,5,4,4,Champions
11891,24,1,679.54,5,1,5,New & Promising
104,24,4,711.06,5,4,5,Champions
2107,24,1,717.12,5,1,5,New & Promising
6199,24,4,725.11,5,4,5,Champions
2691,24,2,737.56,5,2,5,New & Promising
11489,24,4,792.94,5,4,5,Champions
3819,24,1,812.16,5,1,5,New & Promising
8398,24,2,889.46,5,2,5,New & Promising
4296,24,6,1217.02,5,5,5,Champions
7752,24,1,1251.69,5,1,5,New & Promising
245,24,6,1271.14,5,5,5,Champions
1722,24,8,1491.37,5,5,5,Champions
3962,24,7,2173.55,5,5,5,Champions
10880,24,8,4768.53,5,5,5,Champions
10087,23,1,14.43,5,1,1,New & Promising
7725,23,1,17.21,5,1,1,New & Promising
2659,23,1,22.94,5,1,1,New & Promising
7996,23,2,36.6,5,2,1,New & Promising
681,23,1,39.53,5,1,1,New & Promising
2213,23,1,40.44,5,1,1,New & Promising
7150,23,1,40.44,5,1,1,New & Promising
5853,23,1,58.68,5,1,1,New & Promising
2755,23,1,63.32,5,1,1,New & Promising
7849,23,1,64.55,5,1,1,New & Promising
6690,23,1,81.99,5,1,1,New & Promising
5829,23,1,82.02,5,1,1,New & Promising
6947,23,1,113.81,5,1,2,New & Promising
89,23,1,128.29,5,1,2,New & Promising
9655,23,1,131.29,5,1,2,New & Promising
10740,23,1,137.23,5,1,2,New & Promising
8777,23,1,143.42,5,1,2,New & Promising
756,23,4,144.07,5,4,2,Champions
3379,23,1,149.56,5,1,2,New & Promising
8879,23,1,155.23,5,1,2,New & Promising
2518,23,2,180.08,5,2,2,New & Promising
11911,23,1,188.56,5,1,3,New & Promising
11895,23,1,194.93,5,1,3,New & Promising
9187,23,2,201.97,5,2,3,New & Promising
827,23,1,208.47,5,1,3,New & Promising
7906,23,1,223.82,5,1,3,New & Promising
6836,23,1,225.36,5,1,3,New & Promising
5133,23,1,233.72,5,1,3,New & Promising
3311,23,1,256.43,5,1,3,New & Promising
4721,23,2,258.29,5,2,3,New & Promising
2569,23,2,301.13,5,2,3,New & Promising
1922,23,5,303.22,5,4,3,Champions
10069,23,4,308.69,5,4,3,Champions
4094,23,1,321.48,5,1,3,New & Promising
5659,23,1,338.82,5,1,3,New & Promising
3162,23,1,357.38,5,1,4,New & Promising
2818,23,2,373.16,5,2,4,New & Promising
3200,23,2,383.61,5,2,4,New & Promising
4174,23,1,389.63,5,1,4,New & Promising
2406,23,5,439.91,5,4,4,Champions
4207,23,1,449.72,5,1,4,New & Promising
7091,23,4,469.08,5,4,4,Champions
770,23,4,475.62,5,4,4,Champions
1396,23,3,484.16,5,3,4,Loyal Customers
3821,23,1,580.96,5,1,4,New & Promising
544,23,1,622.31,5,1,4,New & Promising
2623,23,2,626.94,5,2,4,New & Promising
8857,23,5,640.18,5,4,5,Champions
7078,23,4,854.07,5,4,5,Champions
4878,23,3,864.49,5,3,5,Loyal Customers
11967,23,6,931.91,5,5,5,Champions
3288,23,2,968.49,5,2,5,New & Promising
5453,23,2,1055.71,5,2,5,New & Promising
4835,23,8,1074.46,5,5,5,Champions
3985,23,3,1120.29,5,3,5,Loyal Customers
11450,23,5,1249.95,5,4,5,Champions
7114,23,6,1894.8,5,5,5,Champions
7284,23,4,2133.54,5,4,5,Champions
3374,23,5,2161.49,5,4,5,Champions
13,22,1,16.46,5,1,1,New & Promising
1933,22,1,20.1,5,1,1,New & Promising
6027,22,1,28.02,5,1,1,New & Promising
5847,22,1,28.26,5,1,1,New & Promising
8518,22,1,35.34,5,1,1,New & Promising
10415,22,1,35.58,5,1,1,New & Promising
3369,22,1,35.8,5,1,1,New & Promising
3309,22,1,48.27,5,1,1,New & Promising
2211,22,1,49.66,5,1,1,New & Promising
7749,22,1,50.36,5,1,1,New & Promising
11765,22,1,64.89,5,1,1,New & Promising
10034,22,1,74.53,5,1,1,New & Promising
10746,22,1,80.88,5,1,1,New & Promising
543,22,1,89.83,5,1,2,New & Promising
6789,22,1,90.21,5,1,2,New & Promising
10329,22,1,94.36,5,1,2,New & Promising
2952,22,1,102.27,5,1,2,New & Promising
6136,22,1,132.2,5,1,2,New & Promising
754,22,1,134.36,5,1,2,New & Promising
11031,22,1,137.96,5,1,2,New & Promising
6034,22,1,162.63,5,1,2,New & Promising
3234,22,2,164.1,5,2,2,New & Promising
10761,22,2,239.64,5,2,3,New & Promising
9120,22,3,246.44,5,3,3,Loyal Customers
11908,22,1,259.47,5,1,3,New & Promising
9012,22,1,260.72,5,1,3,New & Promising
5977,22,2,286.16,5,2,3,New & Promising
11287,22,1,317.97,5,1,3,New & Promising
8483,22,2,336.24,5,2,3,New & Promising
8761,22,1,337.08,5,1,3,New & Promising
7493,22,1,345.7,5,1,4,New & Promising
9650,22,1,349.61,5,1,4,New & Promising
1031,22,1,352.98,5,1,4,New & Promising
4819,22,3,365.49,5,3,4,Loyal Customers
459,22,1,401.6,5,1,4,New & Promising
11576,22,2,403.25,5,2,4,New & Promising
5011,22,1,416.25,5,1,4,New & Promising
3179,22,1,443.75,5,1,4,New & Promising
1958,22,2,464.17,5,2,4,New & Promising
8177,22,3,466.18,5,3,4,Loyal Customers
4400,22,7,479.68,5,5,4,Champions
826,22,7,502.13,5,5,4,Champions
4474,22,1,527.56,5,1,4,New & Promising
5405,22,2,541.76,5,2,4,New & Promising
6402,22,2,545.46,5,2,4,New & Promising
6637,22,2,556.7,5,2,4,New & Promising
7375,22,3,567.6,5,3,4,Loyal Customers
6752,22,1,584.35,5,1,4,New & Promising
3722,22,1,605.58,5,1,4,New & Promising
90,22,2,614.99,5,2,4,New & Promising
11801,22,4,661.5,5,4,5,Champions
366,22,3,715.95,5,3,5,Loyal Customers
632,22,1,732.07,5,1,5,New & Promising
4098,22,4,741.69,5,4,5,Champions
2339,22,2,809.06,5,2,5,New & Promising
8040,22,2,811.68,5,2,5,New & Promising
7549,22,3,1033.07,5,3,5,Loyal Customers
4995,22,3,1174.53,5,3,5,Loyal Customers
11391,22,5,1197.67,5,4,5,Champions
10976,22,6,1256.96,5,5,5,Champions
9786,22,5,1354.83,5,4,5,Champions
5697,22,5,1412.83,5,4,5,Champions
10521,22,7,1936.83,5,5,5,Champions
10285,21,1,18.61,5,1,1,New & Promising
1836,21,1,28.24,5,1,1,New & Promising
5973,21,1,30.21,5,1,1,New & Promising
4919,21,1,34.1,5,1,1,New & Promising
2208,21,1,38.68,5,1,1,New & Promising
10218,21,1,40.62,5,1,1,New & Promising
3286,21,1,46.48,5,1,1,New & Promising
9465,21,1,55.18,5,1,1,New & Promising
1607,21,1,55.37,5,1,1,New & Promising
2420,21,1,60.8,5,1,1,New & Promising
11862,21,1,68.98,5,1,1,New & Promising
4035,21,1,77.77,5,1,1,New & Promising
3384,21,1,78.64,5,1,1,New & Promising
11423,21,1,123.45,5,1,2,New & Promising
503,21,1,130.01,5,1,2,New & Promising
1338,21,1,148.07,5,1,2,New & Promising
4741,21,4,156.23,5,4,2,Champions
4073,21,1,203.58,5,1,3,New & Promising
8493,21,1,243.96,5,1,3,New & Promising
6082,21,2,264.02,5,2,3,New & Promising
7690,21,2,298.89,5,2,3,New & Promising
3125,21,1,302.66,5,1,3,New & Promising
9009,21,2,329.77,5,2,3,New & Promising
193,21,1,381.88,5,1,4,New & Promising
1227,21,2,457.35,5,2,4,New & Promising
5900,21,1,462.37,5,1,4,New & Promising
9237,21,2,470.43,5,2,4,New & Promising
7666,21,2,481.53,5,2,4,New & Promising
11850,21,3,494.02,5,3,4,Loyal Customers
3659,21,2,533.06,5,2,4,New & Promising
11190,21,3,536.1,5,3,4,Loyal Customers
2610,21,1,554.05,5,1,4,New & Promising
8314,21,2,579.67,5,2,4,New & Promising
6049,21,1,596.04,5,1,4,New & Promising
7533,21,1,601.6,5,1,4,New & Promising
9546,21,2,606.02,5,2,4,New & Promising
2212,21,4,639.16,5,4,5,Champions
181,21,1,711.06,5,1,5,New & Promising
4122,21,6,711.07,5,5,5,Champions
6031,21,3,727.06,5,3,5,Loyal Customers
4842,21,1,769.87,5,1,5,New & Promising
297,21,1,818.44,5,1,5,New & Promising
7895,21,2,868.64,5,2,5,New & Promising
8884,21,5,907.92,5,4,5,Champions
2578,21,2,1619.61,5,2,5,New & Promising
5395,21,8,2523.91,5,5,5,Champions
11429,20,1,10.78,5,1,1,New & Promising
11648,20,1,28.23,5,1,1,New & Promising
3176,20,1,32.47,5,1,1,New & Promising
9232,20,1,47.68,5,1,1,New & Promising
11927,20,1,51.01,5,1,1,New & Promising
805,20,2,60.59,5,2,1,New & Promising
3592,20,1,76.17,5,1,1,New & Promising
10446,20,1,76.27,5,1,1,New & Promising
8084,20,1,76.38,5,1,1,New & Promising
7657,20,2,81.55,5,2,1,New & Promising
6455,20,1,81.71,5,1,1,New & Promising
6624,20,1,85.16,5,1,2,New & Promising
2407,20,1,104.55,5,1,2,New & Promising
11296,20,1,112.14,5,1,2,New & Promising
1179,20,1,115.06,5,1,2,New & Promising
4516,20,1,127.98,5,1,2,New & Promising
5811,20,1,136.86,5,1,2,New & Promising
6694,20,1,139.07,5,1,2,New & Promising
5725,20,1,139.36,5,1,2,New & Promising
655,20,2,144.2,5,2,2,New & Promising
7688,20,1,164.97,5,1,2,New & Promising
5316,20,1,179.04,5,1,2,New & Promising
4310,20,1,213.28,5,1,3,New & Promising
3161,20,2,215.13,5,2,3,New & Promising
4687,20,2,235.49,5,2,3,New & Promising
9439,20,1,238.03,5,1,3,New & Promising
7589,20,1,246.0,5,1,3,New & Promising
2159,20,1,256.64,5,1,3,New & Promising
3891,20,3,262.46,5,3,3,Loyal Customers
8711,20,1,278.28,5,1,3,New & Promising
10068,20,1,288.54,5,1,3,New & Promising
2901,20,1,332.77,5,1,3,New & Promising
1719,20,3,457.42,5,3,4,Loyal Customers
7756,20,1,532.72,5,1,4,New & Promising
1817,20,4,546.57,5,4,4,Champions
8449,20,3,628.13,5,3,4,Loyal Customers
2103,20,4,673.66,5,4,5,Champions
5806,20,2,818.81,5,2,5,New & Promising
10024,20,3,850.5,5,3,5,Loyal Customers
5924,20,2,1048.09,5,2,5,New & Promising
11687,20,5,1097.6,5,4,5,Champions
7470,20,5,1106.68,5,4,5,Champions
8155,20,1,1121.96,5,1,5,New & Promising
5718,20,5,1236.65,5,4,5,Champions
5043,20,3,1264.71,5,3,5,Loyal Customers
7241,20,5,1288.93,5,4,5,Champions
3276,20,5,1666.64,5,4,5,Champions
3713,20,7,2537.22,5,5,5,Champions
9727,19,1,14.43,5,1,1,New & Promising
5271,19,1,29.64,5,1,1,New & Promising
11857,19,1,35.52,5,1,1,New & Promising
8979,19,1,39.81,5,1,1,New & Promising
7016,19,2,48.12,5,2,1,New & Promising
11364,19,2,81.8,5,2,1,New & Promising
6261,19,1,91.14,5,1,2,New & Promising
10378,19,1,110.42,5,1,2,New & Promising
10671,19,1,122.72,5,1,2,New & Promising
4940,19,2,130.96,5,2,2,New & Promising
2008,19,1,136.28,5,1,2,New & Promising
5064,19,1,139.48,5,1,2,New & Promising
9855,19,3,141.7,5,3,2,Loyal Customers
6757,19,1,148.07,5,1,2,New & Promising
11324,19,1,195.08,5,1,3,New & Promising
26,19,1,204.36,5,1,3,New & Promising
11100,19,1,240.52,5,1,3,New & Promising
11646,19,1,249.8,5,1,3,New & Promising
1897,19,2,254.63,5,2,3,New & Promising
5555,19,1,260.21,5,1,3,New & Promising
8426,19,1,303.36,5,1,3,New & Promising
9259,19,3,331.01,5,3,3,Loyal Customers
5768,19,4,349.5,5,4,4,Champions
5904,19,2,364.93,5,2,4,New & Promising
11761,19,1,382.96,5,1,4,New & Promising
11045,19,2,389.72,5,2,4,New & Promising
3443,19,2,390.17,5,2,4,New & Promising
7502,19,3,402.09,5,3,4,Loyal Customers
5968,19,3,447.49,5,3,4,Loyal Customers
10973,19,1,447.76,5,1,4,New & Promising
1794,19,2,473.39,5,2,4,New & Promising
1069,19,3,474.16,5,3,4,Loyal Customers
8446,19,1,476.29,5,1,4,New & Promising
2092,19,5,483.27,5,4,4,Champions
7083,19,2,509.34,5,2,4,New & Promising
9088,19,3,525.27,5,3,4,Loyal Customers
6626,19,4,555.39,5,4,4,Champions
8776,19,2,576.75,5,2,4,New & Promising
78,19,4,584.71,5,4,4,Champions
8689,19,1,588.1,5,1,4,New & Promising
2940,19,2,632.26,5,2,4,New & Promising
4059,19,1,715.45,5,1,5,New & Promising
2653,19,3,749.15,5,3,5,Loyal Customers
8300,19,6,834.56,5,5,5,Champions
2113,19,3,858.55,5,3,5,Loyal Customers
5032,19,3,900.65,5,3,5,Loyal Customers
7439,19,2,943.88,5,2,5,New & Promising
7827,19,5,954.87,5,4,5,Champions
2676,19,5,1021.68,5,4,5,Champions
10164,19,5,1028.25,5,4,5,Champions
6516,19,1,1032.18,5,1,5,New & Promising
5915,19,3,1037.87,5,3,5,Loyal Customers
5053,19,2,1099.46,5,2,5,New & Promising
3009,19,1,1109.29,5,1,5,New & Promising
3265,19,5,1136.7,5,4,5,Champions
2860,19,4,1153.82,5,4,5,Champions
5406,19,4,1194.4,5,4,5,Champions
9107,19,8,1386.26,5,5,5,Champions
11684,19,3,1389.69,5,3,5,Loyal Customers
10006,19,3,1505.05,5,3,5,Loyal Customers
3059,19,5,1773.78,5,4,5,Champions
7987,19,4,2240.98,5,4,5,Champions
621,19,5,2340.57,5,4,5,Champions
5290,18,1,14.22,5,1,1,New & Promising
7333,18,1,21.46,5,1,1,New & Promising
9918,18,1,22.74,5,1,1,New & Promising
7269,18,1,34.89,5,1,1,New & Promising
5168,18,1,35.8,5,1,1,New & Promising
8197,18,1,40.14,5,1,1,New & Promising
480,18,1,46.74,5,1,1,New & Promising
573,18,1,70.1,5,1,1,New & Promising
7543,18,1,77.55,5,1,1,New & Promising
5863,18,2,83.24,5,2,2,New & Promising
4859,18,1,112.24,5,1,2,New & Promising
894,18,1,137.38,5,1,2,New & Promising
1359,18,1,181.04,5,1,2,New & Promising
11025,18,1,183.12,5,1,2,New & Promising
2227,18,2,211.89,5,2,3,New & Promising
8029,18,2,214.82,5,2,3,New & Promising
2600,18,1,220.62,5,1,3,New & Promising
8784,18,2,232.59,5,2,3,New & Promising
11515,18,2,234.83,5,2,3,New & Promising
10582,18,1,253.99,5,1,3,New & Promising
7412,18,1,255.31,5,1,3,New & Promising
6309,18,2,272.19,5,2,3,New & Promising
11132,18,1,273.39,5,1,3,New & Promising
4748,18,2,279.9,5,2,3,New & Promising
6699,18,1,287.19,5,1,3,New & Promising
7942,18,1,317.6,5,1,3,New & Promising
5102,18,2,331.57,5,2,3,New & Promising
10364,18,2,338.6,5,2,3,New & Promising
9813,18,4,344.63,5,4,4,Champions
699,18,1,354.03,5,1,4,New & Promising
3912,18,2,372.31,5,2,4,New & Promising
1118,18,1,372.75,5,1,4,New & Promising
4189,18,2,388.16,5,2,4,New & Promising
11424,18,3,430.53,5,3,4,Loyal Customers
3263,18,1,447.67,5,1,4,New & Promising
1357,18,2,484.68,5,2,4,New & Promising
1006,18,3,530.22,5,3,4,Loyal Customers
11540,18,2,535.11,5,2,4,New & Promising
1770,18,1,550.89,5,1,4,New & Promising
1087,18,1,585.52,5,1,4,New & Promising
639,18,1,593.07,5,1,4,New & Promising
1004,18,3,643.57,5,3,5,Loyal Customers
4935,18,5,652.71,5,4,5,Champions
5626,18,3,664.18,5,3,5,Loyal Customers
9214,18,5,693.48,5,4,5,Champions
189,18,5,791.43,5,4,5,Champions
8925,18,2,805.3,5,2,5,New & Promising
11991,18,4,822.36,5,4,5,Champions
4954,18,1,910.84,5,1,5,New & Promising
6073,18,4,967.23,5,4,5,Champions
2418,18,5,976.17,5,4,5,Champions
3437,18,5,1069.81,5,4,5,Champions
7692,18,2,1078.02,5,2,5,New & Promising
10377,18,6,1149.08,5,5,5,Champions
10824,18,8,1729.64,5,5,5,Champions
7563,18,5,1889.23,5,4,5,Champions
1117,18,5,1890.03,5,4,5,Champions
4849,17,1,16.46,5,1,1,New & Promising
11622,17,1,18.61,5,1,1,New & Promising
10656,17,1,51.51,5,1,1,New & Promising
7821,17,2,61.0,5,2,1,New & Promising
10848,17,2,76.11,5,2,1,New & Promising
5752,17,1,85.48,5,1,2,New & Promising
9057,17,2,101.11,5,2,2,New & Promising
5826,17,1,102.98,5,1,2,New & Promising
810,17,1,112.24,5,1,2,New & Promising
1499,17,1,115.23,5,1,2,New & Promising
10222,17,1,118.31,5,1,2,New & Promising
3450,17,1,128.83,5,1,2,New & Promising
11014,17,1,135.73,5,1,2,New & Promising
128,17,1,150.75,5,1,2,New & Promising
10881,17,1,154.18,5,1,2,New & Promising
3381,17,2,158.85,5,2,2,New & Promising
2837,17,1,172.12,5,1,2,New & Promising
3239,17,1,175.27,5,1,2,New & Promising
594,17,1,178.49,5,1,2,New & Promising
7715,17,1,186.18,5,1,2,New & Promising
2490,17,2,204.21,5,2,3,New & Promising
11462,17,2,235.34,5,2,3,New & Promising
4868,17,2,247.25,5,2,3,New & Promising
5897,17,1,254.32,5,1,3,New & Promising
157,17,1,255.52,5,1,3,New & Promising
5582,17,3,302.06,5,3,3,Loyal Customers
2252,17,1,314.48,5,1,3,New & Promising
10827,17,1,317.91,5,1,3,New & Promising
4972,17,1,320.81,5,1,3,New & Promising
10213,17,2,324.28,5,2,3,New & Promising
2110,17,1,350.25,5,1,4,New & Promising
763,17,1,366.59,5,1,4,New & Promising
4221,17,2,369.79,5,2,4,New & Promising
8642,17,2,377.23,5,2,4,New & Promising
50,17,3,435.98,5,3,4,Loyal Customers
11841,17,3,451.7,5,3,4,Loyal Customers
4079,17,3,452.92,5,3,4,Loyal Customers
8432,17,2,464.47,5,2,4,New & Promising
10747,17,1,534.06,5,1,4,New & Promising
11840,17,3,586.38,5,3,4,Loyal Customers
7365,17,1,629.38,5,1,4,New & Promising
9233,17,5,630.14,5,4,4,Champions
9579,17,5,645.99,5,4,5,Champions
1516,17,3,683.17,5,3,5,Loyal Customers
250,17,1,687.52,5,1,5,New & Promising
11200,17,5,699.44,5,4,5,Champions
9773,17,3,731.48,5,3,5,Loyal Customers
5858,17,2,736.74,5,2,5,New & Promising
3766,17,5,747.88,5,4,5,Champions
1948,17,6,780.71,5,5,5,Champions
6576,17,4,784.23,5,4,5,Champions
5439,17,5,797.27,5,4,5,Champions
424,17,4,829.04,5,4,5,Champions
4789,17,1,972.82,5,1,5,New & Promising
7149,17,4,1116.52,5,4,5,Champions
3887,17,6,1154.87,5,5,5,Champions
3767,17,9,1157.47,5,5,5,Champions
3886,17,7,1352.76,5,5,5,Champions
6748,17,9,1995.48,5,5,5,Champions
9072,17,2,2123.25,5,2,5,New & Promising
2077,17,5,2786.35,5,4,5,Champions
2947,16,1,35.29,5,1,1,New & Promising
774,16,1,54.0,5,1,1,New & Promising
44,16,2,55.58,5,2,1,New & Promising
7686,16,1,63.73,5,1,1,New & Promising
4203,16,1,71.11,5,1,1,New & Promising
10949,16,1,76.43,5,1,1,New & Promising
10231,16,2,83.8,5,2,2,New & Promising
1048,16,1,85.86,5,1,2,New & Promising
6768,16,1,106.56,5,1,2,New & Promising
94,16,2,118.94,5,2,2,New & Promising
9263,16,1,120.44,5,1,2,New & Promising
6,16,1,127.98,5,1,2,New & Promising
1136,16,1,129.35,5,1,2,New & Promising
6867,16,1,145.22,5,1,2,New & Promising
1447,16,2,150.3,5,2,2,New & Promising
2274,16,1,156.3,5,1,2,New & Promising
5779,16,2,160.91,5,2,2,New & Promising
9308,16,1,193.09,5,1,3,New & Promising
7456,16,1,198.8,5,1,3,New & Promising
5813,16,3,206.79,5,3,3,Loyal Customers
896,16,1,216.57,5,1,3,New & Promising
8144,16,1,217.62,5,1,3,New & Promising
8485,16,2,224.96,5,2,3,New & Promising
6444,16,1,231.86,5,1,3,New & Promising
2817,16,1,277.87,5,1,3,New & Promising
7172,16,2,306.08,5,2,3,New & Promising
8941,16,2,311.5,5,2,3,New & Promising
1416,16,1,319.44,5,1,3,New & Promising
4920,16,3,329.35,5,3,3,Loyal Customers
11611,16,2,336.82,5,2,3,New & Promising
5433,16,1,373.94,5,1,4,New & Promising
2821,16,2,425.45,5,2,4,New & Promising
4185,16,2,447.65,5,2,4,New & Promising
7919,16,2,463.9,5,2,4,New & Promising
3583,16,4,472.25,5,4,4,Champions
8041,16,1,473.97,5,1,4,New & Promising
6568,16,2,511.35,5,2,4,New & Promising
11328,16,4,650.02,5,4,5,Champions
2428,16,3,734.09,5,3,5,Loyal Customers
5262,16,6,756.79,5,5,5,Champions
5380,16,4,919.53,5,4,5,Champions
2748,16,2,976.1,5,2,5,New & Promising
5690,16,2,1129.85,5,2,5,New & Promising
2934,16,4,1259.49,5,4,5,Champions
8399,16,8,1344.14,5,5,5,Champions
7162,16,6,1425.07,5,5,5,Champions
8794,16,6,1634.24,5,5,5,Champions
8173,16,7,2196.08,5,5,5,Champions
11837,16,6,2543.99,5,5,5,Champions
5193,15,1,26.96,5,1,1,New & Promising
2221,15,1,32.47,5,1,1,New & Promising
9052,15,1,43.46,5,1,1,New & Promising
1181,15,1,68.48,5,1,1,New & Promising
9235,15,2,89.56,5,2,2,New & Promising
1367,15,2,89.78,5,2,2,New & Promising
8097,15,1,93.14,5,1,2,New & Promising
9353,15,1,99.41,5,1,2,New & Promising
4415,15,1,102.99,5,1,2,New & Promising
1925,15,2,106.67,5,2,2,New & Promising
2987,15,1,109.25,5,1,2,New & Promising
2402,15,1,112.84,5,1,2,New & Promising
1460,15,1,113.41,5,1,2,New & Promising
2764,15,2,134.45,5,2,2,New & Promising
3209,15,1,135.98,5,1,2,New & Promising
4090,15,1,167.69,5,1,2,New & Promising
7061,15,1,203.82,5,1,3,New & Promising
6345,15,2,228.64,5,2,3,New & Promising
10459,15,2,271.92,5,2,3,New & Promising
6775,15,1,280.07,5,1,3,New & Promising
9602,15,1,280.68,5,1,3,New & Promising
4768,15,1,283.69,5,1,3,New & Promising
11381,15,2,306.42,5,2,3,New & Promising
2285,15,1,326.74,5,1,3,New & Promising
191,15,3,348.36,5,3,4,Loyal Customers
11293,15,1,372.72,5,1,4,New & Promising
9204,15,2,394.92,5,2,4,New & Promising
5971,15,2,404.33,5,2,4,New & Promising
9967,15,2,440.61,5,2,4,New & Promising
7452,15,3,446.55,5,3,4,Loyal Customers
2542,15,3,460.72,5,3,4,Loyal Customers
8530,15,2,462.06,5,2,4,New & Promising
375,15,5,643.37,5,4,5,Champions
2301,15,3,671.57,5,3,5,Loyal Customers
7455,15,5,698.66,5,4,5,Champions
2064,15,2,856.17,5,2,5,New & Promising
11717,15,2,909.36,5,2,5,New & Promising
9762,15,2,939.83,5,2,5,New & Promising
6905,15,5,954.52,5,4,5,Champions
4587,15,2,1146.87,5,2,5,New & Promising
8571,15,4,1184.72,5,4,5,Champions
5210,15,8,1540.45,5,5,5,Champions
4891,15,3,1657.16,5,3,5,Loyal Customers
3351,15,8,2134.33,5,5,5,Champions
5251,15,6,2222.51,5,5,5,Champions
11929,15,6,3130.35,5,5,5,Champions
3854,14,1,17.21,5,1,1,New & Promising
11523,14,1,25.18,5,1,1,New & Promising
5427,14,1,25.53,5,1,1,New & Promising
4666,14,1,36.72,5,1,1,New & Promising
8675,14,1,65.23,5,1,1,New & Promising
11086,14,2,71.44,5,2,1,New & Promising
6884,14,1,90.54,5,1,2,New & Promising
8192,14,1,91.82,5,1,2,New & Promising
7642,14,1,101.26,5,1,2,New & Promising
11047,14,1,101.37,5,1,2,New & Promising
1847,14,1,104.3,5,1,2,New & Promising
6147,14,1,105.14,5,1,2,New & Promising
6399,14,1,113.8,5,1,2,New & Promising
4381,14,3,121.19,5,3,2,Loyal Customers
6135,14,1,122.84,5,1,2,New & Promising
1028,14,3,125.22,5,3,2,Loyal Customers
8656,14,1,125.84,5,1,2,New & Promising
9288,14,1,129.06,5,1,2,New & Promising
11166,14,1,136.0,5,1,2,New & Promising
599,14,1,154.01,5,1,2,New & Promising
2155,14,1,156.9,5,1,2,New & Promising
10532,14,1,161.1,5,1,2,New & Promising
4166,14,1,165.7,5,1,2,New & Promising
462,14,2,167.52,5,2,2,New & Promising
11743,14,2,175.89,5,2,2,New & Promising
10220,14,2,214.65,5,2,3,New & Promising
3103,14,1,263.96,5,1,3,New & Promising
1307,14,3,266.34,5,3,3,Loyal Customers
10504,14,1,267.05,5,1,3,New & Promising
3010,14,1,312.4,5,1,3,New & Promising
8611,14,5,318.14,5,4,3,Champions
6674,14,2,337.34,5,2,3,New & Promising
5075,14,1,346.54,5,1,4,New & Promising
362,14,5,375.77,5,4,4,Champions
3927,14,2,376.52,5,2,4,New & Promising
2539,14,4,390.89,5,4,4,Champions
2496,14,2,394.02,5,2,4,New & Promising
451,14,1,408.92,5,1,4,New & Promising
10131,14,2,416.41,5,2,4,New & Promising
989,14,3,454.82,5,3,4,Loyal Customers
8251,14,1,461.07,5,1,4,New & Promising
11949,14,2,464.29,5,2,4,New & Promising
290,14,1,468.9,5,1,4,New & Promising
7579,14,5,482.39,5,4,4,Champions
7385,14,1,482.52,5,1,4,New & Promising
9178,14,2,492.42,5,2,4,New & Promising
7040,14,2,617.56,5,2,4,New & Promising
4321,14,1,660.08,5,1,5,New & Promising
7182,14,3,703.58,5,3,5,Loyal Customers
11573,14,4,715.09,5,4,5,Champions
2291,14,7,716.98,5,5,5,Champions
10149,14,2,737.5,5,2,5,New & Promising
4314,14,3,820.51,5,3,5,Loyal Customers
7042,14,2,838.52,5,2,5,New & Promising
6134,14,4,876.77,5,4,5,Champions
10406,14,4,878.37,5,4,5,Champions
5895,14,5,1028.9,5,4,5,Champions
5902,14,5,1138.19,5,4,5,Champions
6046,14,2,1143.17,5,2,5,New & Promising
4624,14,7,1248.66,5,5,5,Champions
10988,14,4,1336.71,5,4,5,Champions
7372,14,8,1412.4,5,5,5,Champions
9604,14,6,1496.75,5,5,5,Champions
330,14,8,1796.23,5,5,5,Champions
7175,14,5,2229.06,5,4,5,Champions
9113,13,1,16.91,5,1,1,New & Promising
4986,13,1,16.96,5,1,1,New & Promising
4578,13,1,21.47,5,1,1,New & Promising
6300,13,1,48.85,5,1,1,New & Promising
7735,13,1,60.54,5,1,1,New & Promising
6426,13,1,66.62,5,1,1,New & Promising
10701,13,2,79.18,5,2,1,New & Promising
1616,13,2,85.71,5,2,2,New & Promising
9861,13,1,90.83,5,1,2,New & Promising
8646,13,1,113.1,5,1,2,New & Promising
4597,13,1,114.16,5,1,2,New & Promising
2792,13,1,116.46,5,1,2,New & Promising
10190,13,1,127.98,5,1,2,New & Promising
1332,13,1,131.81,5,1,2,New & Promising
905,13,2,134.54,5,2,2,New & Promising
10748,13,3,139.37,5,3,2,Loyal Customers
6785,13,3,143.82,5,3,2,Loyal Customers
865,13,1,144.64,5,1,2,New & Promising
1393,13,1,145.68,5,1,2,New & Promising
5734,13,2,176.46,5,2,2,New & Promising
10832,13,2,177.76,5,2,2,New & Promising
6095,13,1,193.28,5,1,3,New & Promising
4463,13,2,208.15,5,2,3,New & Promising
6009,13,1,213.11,5,1,3,New & Promising
7037,13,5,225.32,5,4,3,Champions
11534,13,1,242.5,5,1,3,New & Promising
11552,13,4,287.44,5,4,3,Champions
8909,13,2,296.05,5,2,3,New & Promising
6412,13,1,296.34,5,1,3,New & Promising
5951,13,1,310.46,5,1,3,New & Promising
6910,13,2,314.6,5,2,3,New & Promising
7316,13,2,322.39,5,2,3,New & Promising
4123,13,2,340.18,5,2,3,New & Promising
11410,13,1,342.69,5,1,4,New & Promising
7419,13,2,366.39,5,2,4,New & Promising
7784,13,2,367.39,5,2,4,New & Promising
9776,13,3,370.95,5,3,4,Loyal Customers
2434,13,1,405.98,5,1,4,New & Promising
6476,13,1,416.27,5,1,4,New & Promising
5030,13,3,473.66,5,3,4,Loyal Customers
6172,13,1,510.51,5,1,4,New & Promising
7807,13,1,530.6,5,1,4,New & Promising
4747,13,2,546.86,5,2,4,New & Promising
7324,13,1,724.18,5,1,5,New & Promising
593,13,3,740.29,5,3,5,Loyal Customers
7055,13,2,777.84,5,2,5,New & Promising
6509,13,1,790.06,5,1,5,New & Promising
7896,13,2,801.17,5,2,5,New & Promising
8148,13,2,1012.51,5,2,5,New & Promising
10228,13,5,1116.25,5,4,5,Champions
2117,13,4,1255.18,5,4,5,Champions
5616,13,6,1442.01,5,5,5,Champions
4778,13,6,1602.14,5,5,5,Champions
9457,13,2,1659.19,5,2,5,New & Promising
9433,13,5,1668.87,5,4,5,Champions
2618,12,1,26.04,5,1,1,New & Promising
4442,12,1,27.32,5,1,1,New & Promising
4401,12,1,33.21,5,1,1,New & Promising
7048,12,1,34.26,5,1,1,New & Promising
5658,12,1,42.0,5,1,1,New & Promising
11080,12,1,42.11,5,1,1,New & Promising
9424,12,1,56.12,5,1,1,New & Promising
8210,12,1,59.07,5,1,1,New & Promising
4999,12,2,59.63,5,2,1,New & Promising
8424,12,1,61.8,5,1,1,New & Promising
9455,12,1,62.89,5,1,1,New & Promising
1426,12,1,63.88,5,1,1,New & Promising
7594,12,1,71.36,5,1,1,New & Promising
10403,12,1,74.52,5,1,1,New & Promising
11987,12,2,93.5,5,2,2,New & Promising
4934,12,1,95.46,5,1,2,New & Promising
6414,12,1,95.82,5,1,2,New & Promising
5784,12,1,110.01,5,1,2,New & Promising
10698,12,1,113.1,5,1,2,New & Promising
9138,12,3,119.09,5,3,2,Loyal Customers
7909,12,1,120.02,5,1,2,New & Promising
6093,12,1,129.98,5,1,2,New & Promising
6150,12,2,135.76,5,2,2,New & Promising
6633,12,1,155.06,5,1,2,New & Promising
7028,12,1,158.0,5,1,2,New & Promising
1572,12,1,163.81,5,1,2,New & Promising
7335,12,2,175.12,5,2,2,New & Promising
4397,12,1,189.91,5,1,3,New & Promising
8409,12,2,206.26,5,2,3,New & Promising
2347,12,1,214.88,5,1,3,New & Promising
7431,12,1,236.33,5,1,3,New & Promising
558,12,1,247.73,5,1,3,New & Promising
8816,12,1,274.37,5,1,3,New & Promising
3290,12,1,289.14,5,1,3,New & Promising
1621,12,2,296.22,5,2,3,New & Promising
6387,12,2,296.52,5,2,3,New & Promising
10163,12,1,320.64,5,1,3,New & Promising
7521,12,2,347.88,5,2,4,New & Promising
7110,12,1,367.79,5,1,4,New & Promising
2184,12,4,383.04,5,4,4,Champions
3997,12,1,388.43,5,1,4,New & Promising
5225,12,5,464.74,5,4,4,Champions
11667,12,1,501.78,5,1,4,New & Promising
9843,12,2,535.37,5,2,4,New & Promising
4762,12,2,542.67,5,2,4,New & Promising
356,12,5,544.65,5,4,4,Champions
7865,12,4,558.1,5,4,4,Champions
11108,12,2,605.47,5,2,4,New & Promising
93,12,2,621.92,5,2,4,New & Promising
10148,12,4,653.92,5,4,5,Champions
2010,12,2,695.11,5,2,5,New & Promising
3023,12,3,704.38,5,3,5,Loyal Customers
8815,12,1,724.17,5,1,5,New & Promising
4120,12,1,800.54,5,1,5,New & Promising
179,12,3,874.39,5,3,5,Loyal Customers
6567,12,3,923.87,5,3,5,Loyal Customers
67,12,2,1015.22,5,2,5,New & Promising
11474,12,5,1156.05,5,4,5,Champions
1562,12,6,1192.1,5,5,5,Champions
9161,12,7,1214.63,5,5,5,Champions
6152,12,8,1239.0,5,5,5,Champions
7663,12,4,1265.74,5,4,5,Champions
9247,12,9,1399.75,5,5,5,Champions
6125,12,5,1601.1,5,4,5,Champions
716,12,3,1648.51,5,3,5,Loyal Customers
1340,12,4,1802.6,5,4,5,Champions
907,12,8,2627.25,5,5,5,Champions
4577,11,1,13.1,5,1,1,New & Promising
10343,11,1,21.47,5,1,1,New & Promising
7659,11,1,29.78,5,1,1,New & Promising
518,11,1,31.76,5,1,1,New & Promising
7630,11,1,37.22,5,1,1,New & Promising
9736,11,1,39.12,5,1,1,New & Promising
1903,11,1,77.36,5,1,1,New & Promising
5258,11,1,77.74,5,1,1,New & Promising
11106,11,1,112.18,5,1,2,New & Promising
2686,11,1,119.25,5,1,2,New & Promising
11370,11,2,126.2,5,2,2,New & Promising
1708,11,1,127.67,5,1,2,New & Promising
10316,11,1,136.8,5,1,2,New & Promising
6403,11,2,138.72,5,2,2,New & Promising
7283,11,1,165.26,5,1,2,New & Promising
5574,11,3,175.29,5,3,2,Loyal Customers
6655,11,1,175.4,5,1,2,New & Promising
4623,11,1,177.33,5,1,2,New & Promising
6114,11,1,183.56,5,1,2,New & Promising
1428,11,1,186.08,5,1,2,New & Promising
4975,11,2,189.89,5,2,3,New & Promising
6801,11,1,198.38,5,1,3,New & Promising
6612,11,1,202.17,5,1,3,New & Promising
3629,11,1,207.59,5,1,3,New & Promising
6807,11,2,223.31,5,2,3,New & Promising
11731,11,1,238.74,5,1,3,New & Promising
9282,11,2,273.18,5,2,3,New & Promising
6709,11,2,288.11,5,2,3,New & Promising
2909,11,1,288.26,5,1,3,New & Promising
2749,11,3,366.33,5,3,4,Loyal Customers
10551,11,2,428.89,5,2,4,New & Promising
9432,11,2,445.31,5,2,4,New & Promising
10052,11,1,465.18,5,1,4,New & Promising
6822,11,3,478.64,5,3,4,Loyal Customers
9414,11,1,489.2,5,1,4,New & Promising
3174,11,1,550.49,5,1,4,New & Promising
7664,11,4,583.08,5,4,4,Champions
92,11,5,677.04,5,4,5,Champions
5289,11,1,697.21,5,1,5,New & Promising
4454,11,3,773.41,5,3,5,Loyal Customers
4193,11,2,794.84,5,2,5,New & Promising
2099,11,6,796.35,5,5,5,Champions
10345,11,4,910.62,5,4,5,Champions
7565,11,6,982.1,5,5,5,Champions
11968,11,2,1003.01,5,2,5,New & Promising
3506,11,4,1115.61,5,4,5,Champions
4821,11,9,1128.37,5,5,5,Champions
10620,11,4,1204.03,5,4,5,Champions
8564,11,3,1211.93,5,3,5,Loyal Customers
11620,11,5,1302.79,5,4,5,Champions
4841,10,1,10.46,5,1,1,New & Promising
11869,10,1,14.62,5,1,1,New & Promising
2449,10,1,23.18,5,1,1,New & Promising
5420,10,1,23.34,5,1,1,New & Promising
7282,10,1,34.69,5,1,1,New & Promising
7218,10,1,40.62,5,1,1,New & Promising
7401,10,1,46.22,5,1,1,New & Promising
8245,10,1,60.15,5,1,1,New & Promising
3230,10,1,62.14,5,1,1,New & Promising
6946,10,1,62.14,5,1,1,New & Promising
9991,10,1,80.54,5,1,1,New & Promising
1580,10,1,105.2,5,1,2,New & Promising
11858,10,2,117.24,5,2,2,New & Promising
9086,10,2,119.92,5,2,2,New & Promising
7581,10,1,127.07,5,1,2,New & Promising
7436,10,1,127.98,5,1,2,New & Promising
4650,10,1,132.18,5,1,2,New & Promising
9665,10,1,138.97,5,1,2,New & Promising
5786,10,1,151.68,5,1,2,New & Promising
7783,10,1,152.06,5,1,2,New & Promising
10797,10,1,160.74,5,1,2,New & Promising
2521,10,1,163.42,5,1,2,New & Promising
4702,10,2,214.43,5,2,3,New & Promising
4596,10,2,227.03,5,2,3,New & Promising
6394,10,1,227.87,5,1,3,New & Promising
10385,10,1,231.7,5,1,3,New & Promising
232,10,2,252.16,5,2,3,New & Promising
998,10,2,260.07,5,2,3,New & Promising
4533,10,1,263.8,5,1,3,New & Promising
7074,10,1,265.74,5,1,3,New & Promising
4100,10,1,279.32,5,1,3,New & Promising
171,10,3,308.27,5,3,3,Loyal Customers
6745,10,1,314.75,5,1,3,New & Promising
8283,10,2,316.45,5,2,3,New & Promising
2605,10,2,325.24,5,2,3,New & Promising
11468,10,3,338.06,5,3,3,Loyal Customers
3221,10,1,394.47,5,1,4,New & Promising
5147,10,2,404.61,5,2,4,New & Promising
4885,10,2,404.69,5,2,4,New & Promising
9437,10,2,413.06,5,2,4,New & Promising
6883,10,1,441.84,5,1,4,New & Promising
9150,10,1,451.09,5,1,4,New & Promising
9268,10,4,461.13,5,4,4,Champions
6108,10,2,474.62,5,2,4,New & Promising
4836,10,2,491.67,5,2,4,New & Promising
10617,10,2,497.96,5,2,4,New & Promising
11665,10,2,507.85,5,2,4,New & Promising
617,10,3,513.16,5,3,4,Loyal Customers
629,10,2,538.81,5,2,4,New & Promising
7152,10,2,563.52,5,2,4,New & Promising
3439,10,5,590.04,5,4,4,Champions
7863,10,1,605.36,5,1,4,New & Promising
8580,10,5,736.67,5,4,5,Champions
8240,10,2,842.34,5,2,5,New & Promising
8805,10,6,867.66,5,5,5,Champions
3148,10,6,1066.61,5,5,5,Champions
7941,10,1,1216.25,5,1,5,New & Promising
6551,10,4,1225.42,5,4,5,Champions
5762,10,4,1254.54,5,4,5,Champions
5788,10,3,1377.62,5,3,5,Loyal Customers
4611,10,3,1584.32,5,3,5,Loyal Customers
9989,10,6,1650.92,5,5,5,Champions
6375,10,7,2102.9,5,5,5,Champions
2826,10,2,2152.16,5,2,5,New & Promising
4526,10,2,2371.26,5,2,5,New & Promising
5551,10,6,2693.13,5,5,5,Champions
11607,10,11,3184.93,5,5,5,Champions
1753,10,7,3435.09,5,5,5,Champions
4418,9,1,13.02,5,1,1,New & Promising
11948,9,1,25.36,5,1,1,New & Promising
4826,9,1,34.1,5,1,1,New & Promising
5563,9,1,53.34,5,1,1,New & Promising
10570,9,1,68.98,5,1,1,New & Promising
9901,9,1,73.45,5,1,1,New & Promising
10692,9,1,78.16,5,1,1,New & Promising
595,9,1,103.98,5,1,2,New & Promising
2085,9,2,119.12,5,2,2,New & Promising
4214,9,1,127.07,5,1,2,New & Promising
9517,9,2,141.1,5,2,2,New & Promising
342,9,1,143.08,5,1,2,New & Promising
9572,9,1,151.86,5,1,2,New & Promising
4266,9,3,159.89,5,3,2,Loyal Customers
1969,9,1,162.87,5,1,2,New & Promising
2322,9,1,164.76,5,1,2,New & Promising
7582,9,1,175.98,5,1,2,New & Promising
9832,9,2,176.79,5,2,2,New & Promising
1856,9,1,180.96,5,1,2,New & Promising
1932,9,1,200.36,5,1,3,New & Promising
7248,9,2,212.35,5,2,3,New & Promising
235,9,3,271.02,5,3,3,Loyal Customers
8031,9,2,285.41,5,2,3,New & Promising
9347,9,1,351.73,5,1,4,New & Promising
3029,9,3,382.4,5,3,4,Loyal Customers
6500,9,1,406.16,5,1,4,New & Promising
6995,9,2,435.32,5,2,4,New & Promising
5241,9,2,447.22,5,2,4,New & Promising
1982,9,3,545.34,5,3,4,Loyal Customers
2284,9,2,574.84,5,2,4,New & Promising
6250,9,2,593.21,5,2,4,New & Promising
9159,9,2,652.21,5,2,5,New & Promising
4106,9,4,652.58,5,4,5,Champions
9748,9,3,658.04,5,3,5,Loyal Customers
8411,9,4,759.54,5,4,5,Champions
6953,9,4,919.91,5,4,5,Champions
10737,9,4,1034.63,5,4,5,Champions
9976,9,3,1108.76,5,3,5,Loyal Customers
11870,9,6,1182.03,5,5,5,Champions
5108,9,3,1326.91,5,3,5,Loyal Customers
5413,9,6,1380.76,5,5,5,Champions
3725,9,5,2313.91,5,4,5,Champions
4326,8,1,8.82,5,1,1,New & Promising
6251,8,1,17.17,5,1,1,New & Promising
7782,8,1,21.47,5,1,1,New & Promising
979,8,1,23.52,5,1,1,New & Promising
2550,8,1,23.71,5,1,1,New & Promising
8676,8,1,25.27,5,1,1,New & Promising
6004,8,1,29.58,5,1,1,New & Promising
11172,8,1,29.92,5,1,1,New & Promising
5783,8,1,32.11,5,1,1,New & Promising
2278,8,1,39.48,5,1,1,New & Promising
1901,8,1,48.66,5,1,1,New & Promising
8623,8,2,54.96,5,2,1,New & Promising
6989,8,1,60.18,5,1,1,New & Promising
6702,8,1,65.92,5,1,1,New & Promising
11517,8,2,66.1,5,2,1,New & Promising
3559,8,1,76.64,5,1,1,New & Promising
4334,8,1,89.2,5,1,2,New & Promising
8958,8,1,91.05,5,1,2,New & Promising
2875,8,2,102.66,5,2,2,New & Promising
10454,8,3,112.27,5,3,2,Loyal Customers
6298,8,1,127.48,5,1,2,New & Promising
7113,8,2,129.42,5,2,2,New & Promising
6186,8,2,135.6,5,2,2,New & Promising
7440,8,1,141.57,5,1,2,New & Promising
10972,8,1,147.16,5,1,2,New & Promising
3536,8,1,148.07,5,1,2,New & Promising
10025,8,1,156.42,5,1,2,New & Promising
5157,8,1,193.92,5,1,3,New & Promising
4850,8,1,228.14,5,1,3,New & Promising
5709,8,1,244.88,5,1,3,New & Promising
719,8,1,257.44,5,1,3,New & Promising
1462,8,2,271.95,5,2,3,New & Promising
1223,8,3,303.28,5,3,3,Loyal Customers
8033,8,1,326.42,5,1,3,New & Promising
11702,8,1,326.94,5,1,3,New & Promising
1026,8,1,356.18,5,1,4,New & Promising
7877,8,1,371.1,5,1,4,New & Promising
8370,8,7,372.02,5,5,4,Champions
7069,8,1,383.94,5,1,4,New & Promising
8271,8,1,390.89,5,1,4,New & Promising
2041,8,3,417.0,5,3,4,Loyal Customers
8486,8,2,450.77,5,2,4,New & Promising
1263,8,4,467.41,5,4,4,Champions
9720,8,2,495.51,5,2,4,New & Promising
6047,8,1,510.9,5,1,4,New & Promising
10653,8,3,545.7,5,3,4,Loyal Customers
5058,8,1,548.4,5,1,4,New & Promising
2079,8,2,550.46,5,2,4,New & Promising
3390,8,1,583.4,5,1,4,New & Promising
6216,8,3,626.57,5,3,4,Loyal Customers
10911,8,4,713.13,5,4,5,Champions
6119,8,5,744.5,5,4,5,Champions
3622,8,6,816.87,5,5,5,Champions
9739,8,3,837.95,5,3,5,Loyal Customers
5781,8,2,884.95,5,2,5,New & Promising
1694,8,2,898.38,5,2,5,New & Promising
6815,8,5,926.27,5,4,5,Champions
1677,8,3,1156.42,5,3,5,Loyal Customers
1072,8,4,1187.99,5,4,5,Champions
5422,8,4,1245.28,5,4,5,Champions
3118,8,8,1563.05,5,5,5,Champions
2523,8,2,1950.51,5,2,5,New & Promising
9008,8,8,1961.17,5,5,5,Champions
2850,8,12,3672.79,5,5,5,Champions
7146,7,1,9.8,5,1,1,New & Promising
1986,7,1,14.62,5,1,1,New & Promising
3958,7,1,23.58,5,1,1,New & Promising
2982,7,1,53.54,5,1,1,New & Promising
5701,7,1,56.91,5,1,1,New & Promising
2726,7,1,60.14,5,1,1,New & Promising
10528,7,1,81.74,5,1,1,New & Promising
6494,7,1,87.72,5,1,2,New & Promising
11782,7,1,109.35,5,1,2,New & Promising
964,7,1,116.84,5,1,2,New & Promising
7536,7,2,126.97,5,2,2,New & Promising
8516,7,1,149.88,5,1,2,New & Promising
4855,7,1,160.26,5,1,2,New & Promising
5769,7,4,162.42,5,4,2,Champions
3956,7,1,163.93,5,1,2,New & Promising
785,7,2,168.34,5,2,2,New & Promising
9000,7,2,187.04,5,2,3,New & Promising
839,7,2,191.61,5,2,3,New & Promising
4668,7,2,192.59,5,2,3,New & Promising
3413,7,2,211.98,5,2,3,New & Promising
11677,7,1,221.44,5,1,3,New & Promising
10939,7,2,231.41,5,2,3,New & Promising
9936,7,2,256.17,5,2,3,New & Promising
4289,7,1,270.61,5,1,3,New & Promising
9592,7,1,306.78,5,1,3,New & Promising
5514,7,2,321.8,5,2,3,New & Promising
9865,7,1,342.34,5,1,3,New & Promising
3093,7,1,359.09,5,1,4,New & Promising
1200,7,2,376.86,5,2,4,New & Promising
10313,7,1,397.41,5,1,4,New & Promising
4637,7,3,426.2,5,3,4,Loyal Customers
8668,7,2,469.91,5,2,4,New & Promising
706,7,2,515.17,5,2,4,New & Promising
1825,7,1,540.77,5,1,4,New & Promising
5649,7,3,567.93,5,3,4,Loyal Customers
583,7,2,606.9,5,2,4,New & Promising
11528,7,1,610.77,5,1,4,New & Promising
6156,7,1,658.97,5,1,5,New & Promising
3375,7,5,671.45,5,4,5,Champions
3280,7,2,716.57,5,2,5,New & Promising
7346,7,3,741.12,5,3,5,Loyal Customers
10543,7,6,783.81,5,5,5,Champions
6505,7,2,854.02,5,2,5,New & Promising
11709,7,5,895.56,5,4,5,Champions
10150,7,2,917.16,5,2,5,New & Promising
4877,7,4,963.0,5,4,5,Champions
2142,7,5,999.61,5,4,5,Champions
9529,7,5,1400.16,5,4,5,Champions
8788,7,3,1427.3,5,3,5,Loyal Customers
2438,7,7,2245.7,5,5,5,Champions
2511,7,4,2331.94,5,4,5,Champions
1345,7,4,2788.87,5,4,5,Champions
6042,6,1,20.92,5,1,1,New & Promising
1643,6,1,24.17,5,1,1,New & Promising
10321,6,1,24.66,5,1,1,New & Promising
1756,6,1,25.68,5,1,1,New & Promising
2983,6,1,29.92,5,1,1,New & Promising
1043,6,1,38.8,5,1,1,New & Promising
10062,6,2,42.13,5,2,1,New & Promising
7007,6,1,54.42,5,1,1,New & Promising
323,6,1,73.84,5,1,1,New & Promising
3121,6,1,85.86,5,1,2,New & Promising
11763,6,3,89.36,5,3,2,Loyal Customers
872,6,1,109.08,5,1,2,New & Promising
11527,6,1,132.2,5,1,2,New & Promising
11796,6,1,132.46,5,1,2,New & Promising
10031,6,1,136.36,5,1,2,New & Promising
188,6,1,138.75,5,1,2,New & Promising
3403,6,2,143.72,5,2,2,New & Promising
11914,6,2,157.68,5,2,2,New & Promising
1390,6,1,160.74,5,1,2,New & Promising
5272,6,2,164.08,5,2,2,New & Promising
10125,6,1,177.74,5,1,2,New & Promising
790,6,1,192.82,5,1,3,New & Promising
2125,6,1,194.61,5,1,3,New & Promising
4191,6,2,208.23,5,2,3,New & Promising
10176,6,3,212.73,5,3,3,Loyal Customers
10246,6,2,236.29,5,2,3,New & Promising
9634,6,3,243.05,5,3,3,Loyal Customers
1079,6,1,270.66,5,1,3,New & Promising
9191,6,1,284.14,5,1,3,New & Promising
6080,6,1,292.8,5,1,3,New & Promising
6530,6,1,320.46,5,1,3,New & Promising
4834,6,2,359.26,5,2,4,New & Promising
5797,6,1,408.65,5,1,4,New & Promising
11400,6,2,422.98,5,2,4,New & Promising
2651,6,1,430.6,5,1,4,New & Promising
3376,6,3,453.01,5,3,4,Loyal Customers
2884,6,2,456.03,5,2,4,New & Promising
1377,6,2,524.36,5,2,4,New & Promising
1978,6,3,525.06,5,3,4,Loyal Customers
6363,6,4,530.65,5,4,4,Champions
902,6,2,533.32,5,2,4,New & Promising
9324,6,4,535.65,5,4,4,Champions
7971,6,4,647.77,5,4,5,Champions
5178,6,5,711.6,5,4,5,Champions
11729,6,1,744.2,5,1,5,New & Promising
7298,6,5,774.05,5,4,5,Champions
1575,6,2,794.24,5,2,5,New & Promising
11558,6,2,890.73,5,2,5,New & Promising
3285,6,4,988.71,5,4,5,Champions
2071,6,5,1203.82,5,4,5,Champions
6676,6,4,1243.21,5,4,5,Champions
10278,6,3,1247.96,5,3,5,Loyal Customers
140,6,7,1274.06,5,5,5,Champions
8150,6,4,1377.45,5,4,5,Champions
2176,6,7,2465.24,5,5,5,Champions
407,5,1,22.62,5,1,1,New & Promising
1459,5,1,27.59,5,1,1,New & Promising
6282,5,1,27.59,5,1,1,New & Promising
2864,5,2,36.2,5,2,1,New & Promising
2557,5,1,42.64,5,1,1,New & Promising
537,5,1,49.67,5,1,1,New & Promising
5893,5,1,56.18,5,1,1,New & Promising
1059,5,1,62.04,5,1,1,New & Promising
976,5,1,63.69,5,1,1,New & Promising
7471,5,2,75.04,5,2,1,New & Promising
6437,5,1,78.0,5,1,1,New & Promising
5609,5,1,81.24,5,1,1,New & Promising
9489,5,1,99.66,5,1,2,New & Promising
10419,5,2,106.8,5,2,2,New & Promising
8052,5,1,126.55,5,1,2,New & Promising
8626,5,1,136.07,5,1,2,New & Promising
1687,5,1,140.43,5,1,2,New & Promising
1871,5,1,145.63,5,1,2,New & Promising
10133,5,1,163.7,5,1,2,New & Promising
8307,5,3,197.6,5,3,3,Loyal Customers
663,5,1,198.18,5,1,3,New & Promising
3260,5,2,211.29,5,2,3,New & Promising
7790,5,1,243.48,5,1,3,New & Promising
636,5,1,263.96,5,1,3,New & Promising
5209,5,1,276.98,5,1,3,New & Promising
413,5,2,281.65,5,2,3,New & Promising
458,5,1,318.13,5,1,3,New & Promising
6233,5,2,374.67,5,2,4,New & Promising
6771,5,1,386.58,5,1,4,New & Promising
5736,5,2,425.13,5,2,4,New & Promising
455,5,1,452.26,5,1,4,New & Promising
7332,5,4,454.82,5,4,4,Champions
8522,5,1,469.38,5,1,4,New & Promising
7180,5,2,497.29,5,2,4,New & Promising
1333,5,2,562.78,5,2,4,New & Promising
5419,5,5,626.69,5,4,4,Champions
1125,5,1,641.09,5,1,5,New & Promising
2372,5,6,678.39,5,5,5,Champions
1820,5,2,778.89,5,2,5,New & Promising
9006,5,3,899.31,5,3,5,Loyal Customers
8969,5,4,1090.97,5,4,5,Champions
7399,5,3,1230.46,5,3,5,Loyal Customers
7588,5,3,1398.5,5,3,5,Loyal Customers
1445,5,4,1549.71,5,4,5,Champions
3069,5,6,1571.92,5,5,5,Champions
5207,5,8,1843.41,5,5,5,Champions
9169,5,2,1995.52,5,2,5,New & Promising
11854,5,3,2088.18,5,3,5,Loyal Customers
10473,5,5,2538.47,5,4,5,Champions
1813,4,1,14.43,5,1,1,New & Promising
9735,4,1,22.95,5,1,1,New & Promising
1108,4,1,22.96,5,1,1,New & Promising
1294,4,1,29.68,5,1,1,New & Promising
3184,4,1,45.46,5,1,1,New & Promising
9883,4,1,51.51,5,1,1,New & Promising
8298,4,1,51.71,5,1,1,New & Promising
10982,4,1,56.12,5,1,1,New & Promising
5017,4,1,88.4,5,1,2,New & Promising
6774,4,2,104.78,5,2,2,New & Promising
7712,4,1,107.09,5,1,2,New & Promising
5451,4,1,108.18,5,1,2,New & Promising
9451,4,1,137.73,5,1,2,New & Promising
6272,4,2,149.19,5,2,2,New & Promising
8762,4,1,154.38,5,1,2,New & Promising
11700,4,1,163.53,5,1,2,New & Promising
9250,4,1,200.42,5,1,3,New & Promising
3436,4,2,210.18,5,2,3,New & Promising
10803,4,1,214.75,5,1,3,New & Promising
1282,4,3,269.81,5,3,3,Loyal Customers
5676,4,1,291.57,5,1,3,New & Promising
3297,4,1,300.61,5,1,3,New & Promising
2662,4,1,371.21,5,1,4,New & Promising
4572,4,1,381.79,5,1,4,New & Promising
10441,4,2,385.89,5,2,4,New & Promising
1564,4,8,395.61,5,5,4,Champions
10574,4,2,402.96,5,2,4,New & Promising
11666,4,1,457.59,5,1,4,New & Promising
683,4,1,460.29,5,1,4,New & Promising
9805,4,3,472.96,5,3,4,Loyal Customers
1468,4,2,493.29,5,2,4,New & Promising
5559,4,2,526.05,5,2,4,New & Promising
8132,4,4,559.71,5,4,4,Champions
5959,4,1,644.25,5,1,5,New & Promising
10957,4,3,669.11,5,3,5,Loyal Customers
6456,4,2,720.58,5,2,5,New & Promising
9463,4,2,727.35,5,2,5,New & Promising
1865,4,1,768.42,5,1,5,New & Promising
11596,4,1,790.06,5,1,5,New & Promising
5882,4,4,798.4,5,4,5,Champions
1598,4,3,803.61,5,3,5,Loyal Customers
11490,4,3,1015.58,5,3,5,Loyal Customers
112,4,5,1039.72,5,4,5,Champions
10997,4,3,1122.72,5,3,5,Loyal Customers
8434,4,4,1157.96,5,4,5,Champions
733,4,4,1232.69,5,4,5,Champions
5833,4,5,1238.01,5,4,5,Champions
6734,4,3,1405.09,5,3,5,Loyal Customers
7362,4,9,2432.24,5,5,5,Champions
7480,3,1,22.82,5,1,1,New & Promising
2559,3,1,26.6,5,1,1,New & Promising
2769,3,1,30.92,5,1,1,New & Promising
7496,3,1,31.07,5,1,1,New & Promising
8318,3,1,32.47,5,1,1,New & Promising
824,3,1,43.46,5,1,1,New & Promising
1634,3,1,52.86,5,1,1,New & Promising
4704,3,1,71.47,5,1,1,New & Promising
2502,3,1,74.7,5,1,1,New & Promising
8248,3,1,76.64,5,1,1,New & Promising
7711,3,2,77.87,5,2,1,New & Promising
10255,3,1,82.23,5,1,1,New & Promising
10038,3,1,116.97,5,1,2,New & Promising
6930,3,2,132.81,5,2,2,New & Promising
5912,3,3,138.69,5,3,2,Loyal Customers
5264,3,1,143.9,5,1,2,New & Promising
3328,3,1,147.31,5,1,2,New & Promising
9041,3,1,156.42,5,1,2,New & Promising
6227,3,1,174.58,5,1,2,New & Promising
10864,3,4,178.86,5,4,2,Champions
3102,3,2,184.16,5,2,2,New & Promising
3057,3,2,187.58,5,2,3,New & Promising
211,3,2,191.2,5,2,3,New & Promising
9816,3,1,207.96,5,1,3,New & Promising
6365,3,3,223.16,5,3,3,Loyal Customers
2320,3,2,232.61,5,2,3,New & Promising
9947,3,2,250.02,5,2,3,New & Promising
11553,3,2,277.63,5,2,3,New & Promising
2175,3,1,288.78,5,1,3,New & Promising
401,3,1,303.71,5,1,3,New & Promising
2973,3,2,333.85,5,2,3,New & Promising
9646,3,4,360.08,5,4,4,Champions
4574,3,1,388.19,5,1,4,New & Promising
11952,3,3,439.1,5,3,4,Loyal Customers
3876,3,1,464.47,5,1,4,New & Promising
1780,3,2,485.93,5,2,4,New & Promising
6218,3,2,512.61,5,2,4,New & Promising
7097,3,1,559.1,5,1,4,New & Promising
11105,3,2,576.1,5,2,4,New & Promising
5182,3,3,594.63,5,3,4,Loyal Customers
2810,3,2,631.74,5,2,4,New & Promising
1875,3,4,912.16,5,4,5,Champions
5140,3,2,917.0,5,2,5,New & Promising
7195,3,2,1027.22,5,2,5,New & Promising
6942,3,2,1063.23,5,2,5,New & Promising
2235,3,8,1323.95,5,5,5,Champions
10782,3,4,1367.28,5,4,5,Champions
2978,3,2,1568.98,5,2,5,New & Promising
7303,3,2,1650.33,5,2,5,New & Promising
9296,3,1,1675.74,5,1,5,New & Promising
10333,3,1,1985.48,5,1,5,New & Promising
10675,3,6,3075.0,5,5,5,Champions
10745,3,8,3381.4,5,5,5,Champions
3740,2,1,22.66,5,1,1,New & Promising
10392,2,1,22.95,5,1,1,New & Promising
11499,2,1,25.46,5,1,1,New & Promising
829,2,1,30.51,5,1,1,New & Promising
7917,2,2,31.57,5,2,1,New & Promising
11395,2,1,31.82,5,1,1,New & Promising
6827,2,1,36.45,5,1,1,New & Promising
6746,2,1,76.64,5,1,1,New & Promising
3247,2,1,88.23,5,1,2,New & Promising
4822,2,1,91.78,5,1,2,New & Promising
11454,2,1,126.28,5,1,2,New & Promising
8570,2,1,148.76,5,1,2,New & Promising
7978,2,1,149.91,5,1,2,New & Promising
11290,2,1,155.06,5,1,2,New & Promising
7261,2,1,203.55,5,1,3,New & Promising
7794,2,2,203.78,5,2,3,New & Promising
7829,2,1,212.06,5,1,3,New & Promising
4367,2,2,230.44,5,2,3,New & Promising
5267,2,1,238.52,5,1,3,New & Promising
10926,2,1,295.32,5,1,3,New & Promising
2435,2,1,297.15,5,1,3,New & Promising
7624,2,3,298.88,5,3,3,Loyal Customers
9842,2,1,329.71,5,1,3,New & Promising
9495,2,1,338.38,5,1,3,New & Promising
244,2,2,361.75,5,2,4,New & Promising
8889,2,1,407.22,5,1,4,New & Promising
2238,2,1,432.41,5,1,4,New & Promising
7129,2,1,498.8,5,1,4,New & Promising
10230,2,1,769.65,5,1,5,New & Promising
10774,2,6,818.36,5,5,5,Champions
659,2,4,894.94,5,4,5,Champions
6837,2,4,1081.05,5,4,5,Champions
9797,2,5,1130.01,5,4,5,Champions
10003,2,3,1359.28,5,3,5,Loyal Customers
9269,2,3,2000.06,5,3,5,Loyal Customers
7542,2,9,2654.63,5,5,5,Champions
10154,1,2,40.34,5,2,1,New & Promising
4240,1,3,97.3,5,3,2,Loyal Customers
5234,1,2,131.71,5,2,2,New & Promising
8688,1,2,133.56,5,2,2,New & Promising
7801,1,2,135.6,5,2,2,New & Promising
1543,1,2,144.51,5,2,2,New & Promising
10436,1,2,158.04,5,2,2,New & Promising
1525,1,2,160.25,5,2,2,New & Promising
11706,1,2,183.35,5,2,2,New & Promising
1698,1,3,183.83,5,3,2,Loyal Customers
4403,1,1,196.39,5,1,3,New & Promising
3357,1,2,203.1,5,2,3,New & Promising
7479,1,4,209.48,5,4,3,Champions
2087,1,2,215.74,5,2,3,New & Promising
10677,1,2,221.87,5,2,3,New & Promising
11389,1,2,227.57,5,2,3,New & Promising
8046,1,2,229.44,5,2,3,New & Promising
8581,1,3,250.88,5,3,3,Loyal Customers
9363,1,2,254.67,5,2,3,New & Promising
3970,1,3,262.22,5,3,3,Loyal Customers
2303,1,3,263.29,5,3,3,Loyal Customers
7755,1,3,269.58,5,3,3,Loyal Customers
9391,1,2,280.66,5,2,3,New & Promising
5329,1,2,283.28,5,2,3,New & Promising
2394,1,3,355.63,5,3,4,Loyal Customers
8011,1,2,358.95,5,2,4,New & Promising
2014,1,2,360.6,5,2,4,New & Promising
6187,1,3,366.4,5,3,4,Loyal Customers
8753,1,4,370.16,5,4,4,Champions
7066,1,2,388.26,5,2,4,New & Promising
3851,1,2,400.55,5,2,4,New & Promising
11084,1,1,408.37,5,1,4,New & Promising
8811,1,2,419.16,5,2,4,New & Promising
8502,1,6,447.17,5,5,4,Champions
3003,1,2,465.23,5,2,4,New & Promising
4944,1,2,471.8,5,2,4,New & Promising
9580,1,3,501.1,5,3,4,Loyal Customers
8922,1,2,501.17,5,2,4,New & Promising
3668,1,2,506.14,5,2,4,New & Promising
6474,1,2,561.85,5,2,4,New & Promising
8669,1,3,564.31,5,3,4,Loyal Customers
10544,1,4,666.31,5,4,5,Champions
9567,1,2,681.79,5,2,5,New & Promising
10765,1,8,687.4,5,5,5,Champions
7307,1,3,732.9,5,3,5,Loyal Customers
4336,1,5,760.2,5,4,5,Champions
3610,1,5,770.82,5,4,5,Champions
1773,1,4,782.91,5,4,5,Champions
6061,1,3,825.72,5,3,5,Loyal Customers
9731,1,5,837.21,5,4,5,Champions
7052,1,2,963.92,5,2,5,New & Promising
1161,1,3,1012.55,5,3,5,Loyal Customers
1968,1,7,1013.96,5,5,5,Champions
6892,1,3,1026.03,5,3,5,Loyal Customers
145,1,5,1045.93,5,4,5,Champions
11141,1,4,1069.81,5,4,5,Champions
7106,1,9,1105.26,5,5,5,Champions
3201,1,6,1105.4,5,5,5,Champions
6766,1,5,1138.19,5,4,5,Champions
1636,1,4,1150.83,5,4,5,Champions
10029,1,4,1259.42,5,4,5,Champions
11191,1,7,1365.75,5,5,5,Champions
4169,1,2,1487.76,5,2,5,New & Promising
10263,1,6,1605.77,5,5,5,Champions
7118,1,8,1793.67,5,5,5,Champions
1994,1,6,1804.93,5,5,5,Champions
8069,1,6,2063.07,5,5,5,Champions
9218,1,4,2090.3,5,4,5,Champions
1839,1,3,2388.42,5,3,5,Loyal Customers
6159,1,6,3165.39,5,5,5,Champions
